{
  "schemaVersion": 1,
  "status": "FAIL",
  "attempts": [
    {
      "schemaVersion": 1,
      "status": "FAIL",
      "attempt": 0,
      "test": "Classic 生产旅程以真实输入完成 C0-C5，并复用同一运行时性能场景",
      "project": "chromium",
      "benchmark": false,
      "stages": {
        "C0": {
          "status": "PASS",
          "observation": "Production preview loaded the fixed seed with a stamped Classic composition, Authority/logic/persistence/compute Workers, consumed Wasm bytes and an actual WebGL2 context."
        },
        "C1": {
          "status": "PASS",
          "observation": "Pointer Lock mouse movement changed the route, then held W+Space crossed from Chunk 0 to Chunk 1 and Authority acknowledged it."
        },
        "C2": {
          "status": "PASS",
          "observation": "Mouse mining produced visible drops; movement picked them up; E opened inventory and real 2x2 pointer interactions produced planks, sticks, a wood sword and a workbench."
        },
        "C3": {
          "status": "PASS",
          "observation": "Right click placed crafted planks with a consumed mesh commit; inventory food restored health; held real mouse input buffered and completed the wood-sword second combo hit before defeating the fixed creature; a crafted workbench was placed, opened through the station runtime, then dismantled and recovered through real actions."
        }
      },
      "errors": [
        "Error: Real mouse input could not reacquire 70,31,0; last targets=[\"70,32,0\",\"70,32,0\",\"70,32,0\",\"70,32,0\",\"70,32,0\",\"70,32,0\",\"70,32,0\",\"70,32,0\",\"70,32,0\",\"70,32,0\",\"70,32,0\",\"70,32,0\"]."
      ],
      "current": {
        "frameMs": 16.80000001192093,
        "player": [
          71.475830078125,
          32.60000228881836,
          0.502830982208252
        ],
        "viewAngles": [
          -270.17999999999995,
          -48.37
        ],
        "streamCenter": [
          2,
          0
        ],
        "loadedChunks": 24,
        "renderedChunks": 14,
        "generationQueue": 0,
        "meshingQueue": 0,
        "deferredRemeshes": 0,
        "onGround": true,
        "colliding": false,
        "interactionAttempts": 15,
        "mutationCount": 4260,
        "worldRevision": 144,
        "structuralEventCount": 144,
        "remeshSchedulingCount": 139,
        "lastCommitMutationCount": 2,
        "lastCommitMeshChunkCount": 4,
        "storageBytes": 36801315,
        "worldTime": 20.997999999993496,
        "timePaused": false,
        "quality": "low",
        "triangles": 90332,
        "drawCalls": 26,
        "blockLightBricks": 24,
        "blockLightAllocatedBytes": 6291456,
        "blockLightRebuildCount": 1385,
        "collisionDebug": {
          "enabled": false,
          "entityCount": 0,
          "meshCount": 0,
          "materialCount": 0,
          "visibleBatchCount": 0,
          "vertexCapacity": 0,
          "buildCount": 0,
          "authorityRequestCount": 0
        },
        "runtime": "authority-worker",
        "workers": {
          "total": 5,
          "authority": 1,
          "logic": 1,
          "persistence": 1,
          "fluid": 1,
          "general": 1
        },
        "authority": {
          "physicsHz": 60,
          "paused": false,
          "physicsTick": 13682,
          "integratedPhysicsTimeMs": 228033.33333329216,
          "acknowledgedInputSequence": 6917,
          "physicsDebtMs": 4.566666667116806,
          "activeTimeMs": 228037.89999995928,
          "commitSequence": 62113,
          "physicsCost": {
            "count": 13682,
            "capacity": 256,
            "samplesMs": [
              0.4000000059604645,
              0.30000001192092896,
              0.30000001192092896,
              0.29999998211860657,
              0.19999998807907104,
              0.20000001788139343,
              0.4000000059604645,
              0.30000001192092896,
              0.20000001788139343,
              0.29999998211860657,
              0.30000001192092896,
              0.29999998211860657,
              0.4000000059604645,
              0.30000001192092896,
              0.5,
              0.30000001192092896,
              0.20000001788139343,
              0.30000001192092896,
              0.30000001192092896,
              0.19999998807907104,
              0.29999998211860657,
              0.30000001192092896,
              0.30000001192092896,
              0.4000000059604645,
              0.3999999761581421,
              0.4000000059604645,
              0.4000000059604645,
              0.3999999761581421,
              0.19999998807907104,
              0.4000000059604645,
              0.4000000059604645,
              0.4000000059604645,
              0.4000000059604645,
              0.5,
              0.30000001192092896,
              0.29999998211860657,
              0.4000000059604645,
              0.4000000059604645,
              0.29999998211860657,
              0.19999998807907104,
              0.30000001192092896,
              0.4000000059604645,
              0.30000001192092896,
              0.29999998211860657,
              0.4000000059604645,
              0.19999998807907104,
              0.29999998211860657,
              0.29999998211860657,
              0.19999998807907104,
              0.9000000059604645,
              0.19999998807907104,
              0.30000001192092896,
              0.20000001788139343,
              0.4000000059604645,
              0.19999998807907104,
              0.29999998211860657,
              0.19999998807907104,
              0.3999999761581421,
              0.4000000059604645,
              0.29999998211860657,
              0.4000000059604645,
              0.29999998211860657,
              0.30000001192092896,
              0.19999998807907104,
              0.19999998807907104,
              0.29999998211860657,
              0.3999999761581421,
              0.19999998807907104,
              0.29999998211860657,
              0.30000001192092896,
              0.30000001192092896,
              0.20000001788139343,
              0.29999998211860657,
              0.29999998211860657,
              0.4000000059604645,
              0.19999998807907104,
              0.30000001192092896,
              0.29999998211860657,
              0.29999998211860657,
              0.19999998807907104,
              0.30000001192092896,
              0.30000001192092896,
              0.29999998211860657,
              0.3999999761581421,
              0.29999998211860657,
              0.4000000059604645,
              0.20000001788139343,
              0.4000000059604645,
              0.29999998211860657,
              0.4000000059604645,
              0.29999998211860657,
              0.19999998807907104,
              0.30000001192092896,
              0.29999998211860657,
              0.4000000059604645,
              0.4000000059604645,
              0.20000001788139343,
              0.19999998807907104,
              0.30000001192092896,
              0.19999998807907104,
              0.29999998211860657,
              0.30000001192092896,
              0.30000001192092896,
              0.4000000059604645,
              0.19999998807907104,
              0.29999998211860657,
              0.19999998807907104,
              0.30000001192092896,
              0.30000001192092896,
              0.3999999761581421,
              0.4000000059604645,
              0.30000001192092896,
              0.29999998211860657,
              0.4000000059604645,
              0.4000000059604645,
              0.30000001192092896,
              0.4000000059604645,
              0.29999998211860657,
              0.30000001192092896,
              0.30000001192092896,
              0.30000001192092896,
              0.30000001192092896,
              0.30000001192092896,
              0.29999998211860657,
              0.29999998211860657,
              0.30000001192092896,
              0.29999998211860657,
              0.29999998211860657,
              0.4000000059604645,
              0.19999998807907104,
              0.29999998211860657,
              0.20000001788139343,
              0.29999998211860657,
              0.19999998807907104,
              0.4000000059604645,
              0.29999998211860657,
              0.20000001788139343,
              0.20000001788139343,
              0.29999998211860657,
              0.19999998807907104,
              0.4000000059604645,
              0.30000001192092896,
              0.29999998211860657,
              0.30000001192092896,
              0.4000000059604645,
              0.29999998211860657,
              0.20000001788139343,
              0.20000001788139343,
              0.4000000059604645,
              0.30000001192092896,
              0.4000000059604645,
              0.4000000059604645,
              0.4000000059604645,
              0.30000001192092896,
              0.30000001192092896,
              0.3999999761581421,
              0.4000000059604645,
              0.4000000059604645,
              0.29999998211860657,
              0.3999999761581421,
              0.29999998211860657,
              0.4000000059604645,
              0.4000000059604645,
              0.29999998211860657,
              0.29999998211860657,
              0.29999998211860657,
              0.09999999403953552,
              0.19999998807907104,
              0.30000001192092896,
              0.19999998807907104,
              0.30000001192092896,
              0.4000000059604645,
              0.3999999761581421,
              0.4000000059604645,
              0.4000000059604645,
              0.30000001192092896,
              0.19999998807907104,
              0.29999998211860657,
              0.30000001192092896,
              0.29999998211860657,
              0.19999998807907104,
              0.30000001192092896,
              0.4000000059604645,
              0.30000001192092896,
              0.29999998211860657,
              0.30000001192092896,
              0.30000001192092896,
              0.29999998211860657,
              0.30000001192092896,
              0.19999998807907104,
              0.30000001192092896,
              0.30000001192092896,
              0.4000000059604645,
              0.30000001192092896,
              0.5,
              0.5999999940395355,
              0.29999998211860657,
              0.5,
              0.4000000059604645,
              0.4000000059604645,
              0.29999998211860657,
              0.30000001192092896,
              0.30000001192092896,
              0.5,
              0.4000000059604645,
              0.29999998211860657,
              0.20000001788139343,
              0.29999998211860657,
              0.19999998807907104,
              0.3999999761581421,
              0.30000001192092896,
              0.19999998807907104,
              0.19999998807907104,
              0.30000001192092896,
              0.29999998211860657,
              0.29999998211860657,
              0.29999998211860657,
              0.29999998211860657,
              0.19999998807907104,
              0.4000000059604645,
              0.30000001192092896,
              0.30000001192092896,
              0.4000000059604645,
              0.30000001192092896,
              0.29999998211860657,
              0.20000001788139343,
              0.30000001192092896,
              0.30000001192092896,
              0.4000000059604645,
              0.4000000059604645,
              0.20000001788139343,
              0.19999998807907104,
              0.29999998211860657,
              0.4000000059604645,
              0.4000000059604645,
              0.4000000059604645,
              0.4000000059604645,
              0.30000001192092896,
              0.4000000059604645,
              0.29999998211860657,
              0.30000001192092896,
              0.29999998211860657,
              0.30000001192092896,
              0.30000001192092896,
              0.4000000059604645,
              0.3999999761581421,
              0.5999999940395355,
              0.29999998211860657,
              0.30000001192092896,
              0.20000001788139343,
              0.19999998807907104,
              0.19999998807907104,
              0.30000001192092896,
              0.19999998807907104,
              0.4000000059604645,
              0.29999998211860657
            ]
          },
          "fluid": {
            "pendingCellCount": 0,
            "inFlightLeaseCount": 0,
            "acceptedCandidateCount": 128,
            "rejectedCandidateCount": 0,
            "returnedLeaseCount": 0,
            "issuedLeaseCount": 128,
            "settledLeaseCount": 128
          },
          "residency": {
            "residentCount": 59,
            "target": 256,
            "hardLimit": 2048,
            "pinnedCount": 38,
            "dirtyCount": 0,
            "evictableCleanCount": 21,
            "evictionCount": 0,
            "rejectedAdmissionCount": 0,
            "oversubscribed": false,
            "autoSaveInFlight": false,
            "autoSaveFailureCount": 0,
            "nextRetryActiveTimeMs": 0,
            "lastSaveError": null
          },
          "bodies": {
            "total": 5,
            "actors": 5,
            "worldItems": 0,
            "nearPlayer": 3
          },
          "snapshotRejections": {
            "wrong-epoch": 0,
            "duplicate": 1402,
            "physics-tick-regressed": 0,
            "commit-regressed": 0,
            "ack-regressed": 0
          }
        },
        "logic": {
          "blockStartedCount": 0,
          "blockCompletedCount": 0,
          "observationInFlight": true,
          "pendingObservationCount": 0,
          "submittedObservationCount": 3262,
          "receivedBatchCount": 3261,
          "completedBatchCount": 3261,
          "rejectedBatchCount": 0,
          "lastRoundTripMs": 0.20000001788139343
        },
        "trajectory": [
          {
            "physicsTick": 13343,
            "activeTimeMs": 222397.1999999414,
            "position": [
              71.4758302882059,
              32.600001,
              0.5028309589348273
            ]
          },
          {
            "physicsTick": 13345,
            "activeTimeMs": 222421.79999996524,
            "position": [
              71.4758302882059,
              32.600001,
              0.5028309589348273
            ]
          },
          {
            "physicsTick": 13346,
            "activeTimeMs": 222446.1999999414,
            "position": [
              71.4758302882059,
              32.600001,
              0.5028309589348273
            ]
          },
          {
            "physicsTick": 13348,
            "activeTimeMs": 222467.6999999414,
            "position": [
              71.4758302882059,
              32.600001,
              0.5028309589348273
            ]
          },
          {
            "physicsTick": 13349,
            "activeTimeMs": 222494.89999995928,
            "position": [
              71.4758302882059,
              32.600001,
              0.5028309589348273
            ]
          },
          {
            "physicsTick": 13350,
            "activeTimeMs": 222514.99999995332,
            "position": [
              71.4758302882059,
              32.600001,
              0.5028309589348273
            ]
          },
          {
            "physicsTick": 13351,
            "activeTimeMs": 222532.1999999414,
            "position": [
              71.4758302882059,
              32.600001,
              0.5028309589348273
            ]
          },
          {
            "physicsTick": 13353,
            "activeTimeMs": 222559.29999996524,
            "position": [
              71.4758302882059,
              32.600001,
              0.5028309589348273
            ]
          },
          {
            "physicsTick": 13354,
            "activeTimeMs": 222580.49999995332,
            "position": [
              71.4758302882059,
              32.600001,
              0.5028309589348273
            ]
          },
          {
            "physicsTick": 13355,
            "activeTimeMs": 222598.29999996524,
            "position": [
              71.4758302882059,
              32.600001,
              0.5028309589348273
            ]
          },
          {
            "physicsTick": 13357,
            "activeTimeMs": 222619.99999995332,
            "position": [
              71.4758302882059,
              32.600001,
              0.5028309589348273
            ]
          },
          {
            "physicsTick": 13358,
            "activeTimeMs": 222645.99999995332,
            "position": [
              71.4758302882059,
              32.600001,
              0.5028309589348273
            ]
          },
          {
            "physicsTick": 13360,
            "activeTimeMs": 222669.09999994736,
            "position": [
              71.4758302882059,
              32.600001,
              0.5028309589348273
            ]
          },
          {
            "physicsTick": 13361,
            "activeTimeMs": 222694.6999999414,
            "position": [
              71.4758302882059,
              32.600001,
              0.5028309589348273
            ]
          },
          {
            "physicsTick": 13362,
            "activeTimeMs": 222711.79999996524,
            "position": [
              71.4758302882059,
              32.600001,
              0.5028309589348273
            ]
          },
          {
            "physicsTick": 13363,
            "activeTimeMs": 222732.39999995928,
            "position": [
              71.4758302882059,
              32.600001,
              0.5028309589348273
            ]
          },
          {
            "physicsTick": 13365,
            "activeTimeMs": 222757.09999994736,
            "position": [
              71.4758302882059,
              32.600001,
              0.5028309589348273
            ]
          },
          {
            "physicsTick": 13366,
            "activeTimeMs": 222775.79999996524,
            "position": [
              71.4758302882059,
              32.600001,
              0.5028309589348273
            ]
          },
          {
            "physicsTick": 13367,
            "activeTimeMs": 222797.39999995928,
            "position": [
              71.4758302882059,
              32.600001,
              0.5028309589348273
            ]
          },
          {
            "physicsTick": 13369,
            "activeTimeMs": 222821.39999995928,
            "position": [
              71.4758302882059,
              32.600001,
              0.5028309589348273
            ]
          },
          {
            "physicsTick": 13370,
            "activeTimeMs": 222845.6999999414,
            "position": [
              71.4758302882059,
              32.600001,
              0.5028309589348273
            ]
          },
          {
            "physicsTick": 13372,
            "activeTimeMs": 222867.89999995928,
            "position": [
              71.4758302882059,
              32.600001,
              0.5028309589348273
            ]
          },
          {
            "physicsTick": 13373,
            "activeTimeMs": 222895.09999994736,
            "position": [
              71.4758302882059,
              32.600001,
              0.5028309589348273
            ]
          },
          {
            "physicsTick": 13374,
            "activeTimeMs": 222915.59999994736,
            "position": [
              71.4758302882059,
              32.600001,
              0.5028309589348273
            ]
          },
          {
            "physicsTick": 13375,
            "activeTimeMs": 222932.39999995928,
            "position": [
              71.4758302882059,
              32.600001,
              0.5028309589348273
            ]
          },
          {
            "physicsTick": 13377,
            "activeTimeMs": 222954.89999995928,
            "position": [
              71.4758302882059,
              32.600001,
              0.5028309589348273
            ]
          },
          {
            "physicsTick": 13378,
            "activeTimeMs": 222973.79999996524,
            "position": [
              71.4758302882059,
              32.600001,
              0.5028309589348273
            ]
          },
          {
            "physicsTick": 13379,
            "activeTimeMs": 222996.39999995928,
            "position": [
              71.4758302882059,
              32.600001,
              0.5028309589348273
            ]
          },
          {
            "physicsTick": 13380,
            "activeTimeMs": 223013.1999999414,
            "position": [
              71.4758302882059,
              32.600001,
              0.5028309589348273
            ]
          },
          {
            "physicsTick": 13382,
            "activeTimeMs": 223036.39999995928,
            "position": [
              71.4758302882059,
              32.600001,
              0.5028309589348273
            ]
          },
          {
            "physicsTick": 13383,
            "activeTimeMs": 223061.6999999414,
            "position": [
              71.4758302882059,
              32.600001,
              0.5028309589348273
            ]
          },
          {
            "physicsTick": 13385,
            "activeTimeMs": 223083.89999995928,
            "position": [
              71.4758302882059,
              32.600001,
              0.5028309589348273
            ]
          },
          {
            "physicsTick": 13386,
            "activeTimeMs": 223111.6999999414,
            "position": [
              71.4758302882059,
              32.600001,
              0.5028309589348273
            ]
          },
          {
            "physicsTick": 13387,
            "activeTimeMs": 223132.29999996524,
            "position": [
              71.4758302882059,
              32.600001,
              0.5028309589348273
            ]
          },
          {
            "physicsTick": 13389,
            "activeTimeMs": 223158.39999995928,
            "position": [
              71.4758302882059,
              32.600001,
              0.5028309589348273
            ]
          },
          {
            "physicsTick": 13390,
            "activeTimeMs": 223180.89999995928,
            "position": [
              71.4758302882059,
              32.600001,
              0.5028309589348273
            ]
          },
          {
            "physicsTick": 13392,
            "activeTimeMs": 223205.39999995928,
            "position": [
              71.4758302882059,
              32.600001,
              0.5028309589348273
            ]
          },
          {
            "physicsTick": 13393,
            "activeTimeMs": 223229.99999995332,
            "position": [
              71.4758302882059,
              32.600001,
              0.5028309589348273
            ]
          },
          {
            "physicsTick": 13395,
            "activeTimeMs": 223252.09999994736,
            "position": [
              71.4758302882059,
              32.600001,
              0.5028309589348273
            ]
          },
          {
            "physicsTick": 13396,
            "activeTimeMs": 223278.1999999414,
            "position": [
              71.4758302882059,
              32.600001,
              0.5028309589348273
            ]
          },
          {
            "physicsTick": 13397,
            "activeTimeMs": 223298.89999995928,
            "position": [
              71.4758302882059,
              32.600001,
              0.5028309589348273
            ]
          },
          {
            "physicsTick": 13399,
            "activeTimeMs": 223326.99999995332,
            "position": [
              71.4758302882059,
              32.600001,
              0.5028309589348273
            ]
          },
          {
            "physicsTick": 13400,
            "activeTimeMs": 223348.49999995332,
            "position": [
              71.4758302882059,
              32.600001,
              0.5028309589348273
            ]
          },
          {
            "physicsTick": 13402,
            "activeTimeMs": 223372.59999994736,
            "position": [
              71.4758302882059,
              32.600001,
              0.5028309589348273
            ]
          },
          {
            "physicsTick": 13403,
            "activeTimeMs": 223390.6999999414,
            "position": [
              71.4758302882059,
              32.600001,
              0.5028309589348273
            ]
          },
          {
            "physicsTick": 13404,
            "activeTimeMs": 223411.79999996524,
            "position": [
              71.4758302882059,
              32.600001,
              0.5028309589348273
            ]
          },
          {
            "physicsTick": 13405,
            "activeTimeMs": 223429.29999996524,
            "position": [
              71.4758302882059,
              32.600001,
              0.5028309589348273
            ]
          },
          {
            "physicsTick": 13407,
            "activeTimeMs": 223451.1999999414,
            "position": [
              71.4758302882059,
              32.600001,
              0.5028309589348273
            ]
          },
          {
            "physicsTick": 13408,
            "activeTimeMs": 223468.6999999414,
            "position": [
              71.4758302882059,
              32.600001,
              0.5028309589348273
            ]
          },
          {
            "physicsTick": 13409,
            "activeTimeMs": 223493.6999999414,
            "position": [
              71.4758302882059,
              32.600001,
              0.5028309589348273
            ]
          },
          {
            "physicsTick": 13410,
            "activeTimeMs": 223515.99999995332,
            "position": [
              71.4758302882059,
              32.600001,
              0.5028309589348273
            ]
          },
          {
            "physicsTick": 13412,
            "activeTimeMs": 223542.79999996524,
            "position": [
              71.4758302882059,
              32.600001,
              0.5028309589348273
            ]
          },
          {
            "physicsTick": 13413,
            "activeTimeMs": 223563.1999999414,
            "position": [
              71.4758302882059,
              32.600001,
              0.5028309589348273
            ]
          },
          {
            "physicsTick": 13414,
            "activeTimeMs": 223580.6999999414,
            "position": [
              71.4758302882059,
              32.600001,
              0.5028309589348273
            ]
          },
          {
            "physicsTick": 13415,
            "activeTimeMs": 223598.6999999414,
            "position": [
              71.4758302882059,
              32.600001,
              0.5028309589348273
            ]
          },
          {
            "physicsTick": 13417,
            "activeTimeMs": 223621.79999996524,
            "position": [
              71.4758302882059,
              32.600001,
              0.5028309589348273
            ]
          },
          {
            "physicsTick": 13418,
            "activeTimeMs": 223645.79999996524,
            "position": [
              71.4758302882059,
              32.600001,
              0.5028309589348273
            ]
          },
          {
            "physicsTick": 13420,
            "activeTimeMs": 223668.59999994736,
            "position": [
              71.4758302882059,
              32.600001,
              0.5028309589348273
            ]
          },
          {
            "physicsTick": 13421,
            "activeTimeMs": 223694.89999995928,
            "position": [
              71.4758302882059,
              32.600001,
              0.5028309589348273
            ]
          },
          {
            "physicsTick": 13422,
            "activeTimeMs": 223711.6999999414,
            "position": [
              71.4758302882059,
              32.600001,
              0.5028309589348273
            ]
          },
          {
            "physicsTick": 13423,
            "activeTimeMs": 223731.99999995332,
            "position": [
              71.4758302882059,
              32.600001,
              0.5028309589348273
            ]
          },
          {
            "physicsTick": 13424,
            "activeTimeMs": 223748.99999995332,
            "position": [
              71.4758302882059,
              32.600001,
              0.5028309589348273
            ]
          },
          {
            "physicsTick": 13426,
            "activeTimeMs": 223774.59999994736,
            "position": [
              71.4758302882059,
              32.600001,
              0.5028309589348273
            ]
          },
          {
            "physicsTick": 13427,
            "activeTimeMs": 223797.49999995332,
            "position": [
              71.4758302882059,
              32.600001,
              0.5028309589348273
            ]
          },
          {
            "physicsTick": 13429,
            "activeTimeMs": 223821.6999999414,
            "position": [
              71.4758302882059,
              32.600001,
              0.5028309589348273
            ]
          },
          {
            "physicsTick": 13430,
            "activeTimeMs": 223846.1999999414,
            "position": [
              71.4758302882059,
              32.600001,
              0.5028309589348273
            ]
          },
          {
            "physicsTick": 13432,
            "activeTimeMs": 223868.59999994736,
            "position": [
              71.4758302882059,
              32.600001,
              0.5028309589348273
            ]
          },
          {
            "physicsTick": 13433,
            "activeTimeMs": 223894.39999995928,
            "position": [
              71.4758302882059,
              32.600001,
              0.5028309589348273
            ]
          },
          {
            "physicsTick": 13434,
            "activeTimeMs": 223916.09999994736,
            "position": [
              71.4758302882059,
              32.600001,
              0.5028309589348273
            ]
          },
          {
            "physicsTick": 13436,
            "activeTimeMs": 223941.39999995928,
            "position": [
              71.4758302882059,
              32.600001,
              0.5028309589348273
            ]
          },
          {
            "physicsTick": 13437,
            "activeTimeMs": 223958.6999999414,
            "position": [
              71.4758302882059,
              32.600001,
              0.5028309589348273
            ]
          },
          {
            "physicsTick": 13438,
            "activeTimeMs": 223981.6999999414,
            "position": [
              71.4758302882059,
              32.600001,
              0.5028309589348273
            ]
          },
          {
            "physicsTick": 13439,
            "activeTimeMs": 223998.59999994736,
            "position": [
              71.4758302882059,
              32.600001,
              0.5028309589348273
            ]
          },
          {
            "physicsTick": 13441,
            "activeTimeMs": 224021.99999995332,
            "position": [
              71.4758302882059,
              32.600001,
              0.5028309589348273
            ]
          },
          {
            "physicsTick": 13442,
            "activeTimeMs": 224046.59999994736,
            "position": [
              71.4758302882059,
              32.600001,
              0.5028309589348273
            ]
          },
          {
            "physicsTick": 13444,
            "activeTimeMs": 224068.59999994736,
            "position": [
              71.4758302882059,
              32.600001,
              0.5028309589348273
            ]
          },
          {
            "physicsTick": 13445,
            "activeTimeMs": 224095.09999994736,
            "position": [
              71.4758302882059,
              32.600001,
              0.5028309589348273
            ]
          },
          {
            "physicsTick": 13446,
            "activeTimeMs": 224115.09999994736,
            "position": [
              71.4758302882059,
              32.600001,
              0.5028309589348273
            ]
          },
          {
            "physicsTick": 13448,
            "activeTimeMs": 224142.09999994736,
            "position": [
              71.4758302882059,
              32.600001,
              0.5028309589348273
            ]
          },
          {
            "physicsTick": 13449,
            "activeTimeMs": 224159.49999995332,
            "position": [
              71.4758302882059,
              32.600001,
              0.5028309589348273
            ]
          },
          {
            "physicsTick": 13450,
            "activeTimeMs": 224181.39999995928,
            "position": [
              71.4758302882059,
              32.600001,
              0.5028309589348273
            ]
          },
          {
            "physicsTick": 13451,
            "activeTimeMs": 224198.29999996524,
            "position": [
              71.4758302882059,
              32.600001,
              0.5028309589348273
            ]
          },
          {
            "physicsTick": 13453,
            "activeTimeMs": 224219.99999995332,
            "position": [
              71.4758302882059,
              32.600001,
              0.5028309589348273
            ]
          },
          {
            "physicsTick": 13454,
            "activeTimeMs": 224236.6999999414,
            "position": [
              71.4758302882059,
              32.600001,
              0.5028309589348273
            ]
          },
          {
            "physicsTick": 13455,
            "activeTimeMs": 224260.59999994736,
            "position": [
              71.4758302882059,
              32.600001,
              0.5028309589348273
            ]
          },
          {
            "physicsTick": 13457,
            "activeTimeMs": 224283.49999995332,
            "position": [
              71.4758302882059,
              32.600001,
              0.5028309589348273
            ]
          },
          {
            "physicsTick": 13458,
            "activeTimeMs": 224309.29999996524,
            "position": [
              71.4758302882059,
              32.600001,
              0.5028309589348273
            ]
          },
          {
            "physicsTick": 13459,
            "activeTimeMs": 224326.59999994736,
            "position": [
              71.4758302882059,
              32.600001,
              0.5028309589348273
            ]
          },
          {
            "physicsTick": 13460,
            "activeTimeMs": 224347.89999995928,
            "position": [
              71.4758302882059,
              32.600001,
              0.5028309589348273
            ]
          },
          {
            "physicsTick": 13462,
            "activeTimeMs": 224374.29999996524,
            "position": [
              71.4758302882059,
              32.600001,
              0.5028309589348273
            ]
          },
          {
            "physicsTick": 13463,
            "activeTimeMs": 224395.6999999414,
            "position": [
              71.4758302882059,
              32.600001,
              0.5028309589348273
            ]
          },
          {
            "physicsTick": 13465,
            "activeTimeMs": 224421.29999996524,
            "position": [
              71.4758302882059,
              32.600001,
              0.5028309589348273
            ]
          },
          {
            "physicsTick": 13466,
            "activeTimeMs": 224444.59999994736,
            "position": [
              71.4758302882059,
              32.600001,
              0.5028309589348273
            ]
          },
          {
            "physicsTick": 13468,
            "activeTimeMs": 224469.09999994736,
            "position": [
              71.4758302882059,
              32.600001,
              0.5028309589348273
            ]
          },
          {
            "physicsTick": 13469,
            "activeTimeMs": 224494.39999995928,
            "position": [
              71.4758302882059,
              32.600001,
              0.5028309589348273
            ]
          },
          {
            "physicsTick": 13470,
            "activeTimeMs": 224514.99999995332,
            "position": [
              71.4758302882059,
              32.600001,
              0.5028309589348273
            ]
          },
          {
            "physicsTick": 13471,
            "activeTimeMs": 224531.89999995928,
            "position": [
              71.4758302882059,
              32.600001,
              0.5028309589348273
            ]
          },
          {
            "physicsTick": 13473,
            "activeTimeMs": 224556.6999999414,
            "position": [
              71.4758302882059,
              32.600001,
              0.5028309589348273
            ]
          },
          {
            "physicsTick": 13474,
            "activeTimeMs": 224574.6999999414,
            "position": [
              71.4758302882059,
              32.600001,
              0.5028309589348273
            ]
          },
          {
            "physicsTick": 13475,
            "activeTimeMs": 224597.29999996524,
            "position": [
              71.4758302882059,
              32.600001,
              0.5028309589348273
            ]
          },
          {
            "physicsTick": 13477,
            "activeTimeMs": 224621.79999996524,
            "position": [
              71.4758302882059,
              32.600001,
              0.5028309589348273
            ]
          },
          {
            "physicsTick": 13478,
            "activeTimeMs": 224645.79999996524,
            "position": [
              71.4758302882059,
              32.600001,
              0.5028309589348273
            ]
          },
          {
            "physicsTick": 13480,
            "activeTimeMs": 224668.59999994736,
            "position": [
              71.4758302882059,
              32.600001,
              0.5028309589348273
            ]
          },
          {
            "physicsTick": 13481,
            "activeTimeMs": 224694.49999995332,
            "position": [
              71.4758302882059,
              32.600001,
              0.5028309589348273
            ]
          },
          {
            "physicsTick": 13482,
            "activeTimeMs": 224716.09999994736,
            "position": [
              71.4758302882059,
              32.600001,
              0.5028309589348273
            ]
          },
          {
            "physicsTick": 13484,
            "activeTimeMs": 224741.29999996524,
            "position": [
              71.4758302882059,
              32.600001,
              0.5028309589348273
            ]
          },
          {
            "physicsTick": 13485,
            "activeTimeMs": 224764.1999999414,
            "position": [
              71.4758302882059,
              32.600001,
              0.5028309589348273
            ]
          },
          {
            "physicsTick": 13487,
            "activeTimeMs": 224786.99999995332,
            "position": [
              71.4758302882059,
              32.600001,
              0.5028309589348273
            ]
          },
          {
            "physicsTick": 13488,
            "activeTimeMs": 224805.79999996524,
            "position": [
              71.4758302882059,
              32.600001,
              0.5028309589348273
            ]
          },
          {
            "physicsTick": 13489,
            "activeTimeMs": 224822.6999999414,
            "position": [
              71.4758302882059,
              32.600001,
              0.5028309589348273
            ]
          },
          {
            "physicsTick": 13490,
            "activeTimeMs": 224846.59999994736,
            "position": [
              71.4758302882059,
              32.600001,
              0.5028309589348273
            ]
          },
          {
            "physicsTick": 13492,
            "activeTimeMs": 224867.39999995928,
            "position": [
              71.4758302882059,
              32.600001,
              0.5028309589348273
            ]
          },
          {
            "physicsTick": 13493,
            "activeTimeMs": 224894.6999999414,
            "position": [
              71.4758302882059,
              32.600001,
              0.5028309589348273
            ]
          },
          {
            "physicsTick": 13494,
            "activeTimeMs": 224916.29999996524,
            "position": [
              71.4758302882059,
              32.600001,
              0.5028309589348273
            ]
          },
          {
            "physicsTick": 13496,
            "activeTimeMs": 224943.59999994736,
            "position": [
              71.4758302882059,
              32.600001,
              0.5028309589348273
            ]
          },
          {
            "physicsTick": 13497,
            "activeTimeMs": 224964.59999994736,
            "position": [
              71.4758302882059,
              32.600001,
              0.5028309589348273
            ]
          },
          {
            "physicsTick": 13498,
            "activeTimeMs": 224981.49999995332,
            "position": [
              71.4758302882059,
              32.600001,
              0.5028309589348273
            ]
          },
          {
            "physicsTick": 13500,
            "activeTimeMs": 225003.79999996524,
            "position": [
              71.4758302882059,
              32.600001,
              0.5028309589348273
            ]
          },
          {
            "physicsTick": 13501,
            "activeTimeMs": 225021.59999994736,
            "position": [
              71.4758302882059,
              32.600001,
              0.5028309589348273
            ]
          },
          {
            "physicsTick": 13502,
            "activeTimeMs": 225045.39999995928,
            "position": [
              71.4758302882059,
              32.600001,
              0.5028309589348273
            ]
          },
          {
            "physicsTick": 13504,
            "activeTimeMs": 225067.79999996524,
            "position": [
              71.4758302882059,
              32.600001,
              0.5028309589348273
            ]
          },
          {
            "physicsTick": 13505,
            "activeTimeMs": 225094.6999999414,
            "position": [
              71.4758302882059,
              32.600001,
              0.5028309589348273
            ]
          },
          {
            "physicsTick": 13506,
            "activeTimeMs": 225114.89999995928,
            "position": [
              71.4758302882059,
              32.600001,
              0.5028309589348273
            ]
          },
          {
            "physicsTick": 13508,
            "activeTimeMs": 225142.99999995332,
            "position": [
              71.4758302882059,
              32.600001,
              0.5028309589348273
            ]
          },
          {
            "physicsTick": 13509,
            "activeTimeMs": 225163.39999995928,
            "position": [
              71.4758302882059,
              32.600001,
              0.5028309589348273
            ]
          },
          {
            "physicsTick": 13510,
            "activeTimeMs": 225181.29999996524,
            "position": [
              71.4758302882059,
              32.600001,
              0.5028309589348273
            ]
          },
          {
            "physicsTick": 13512,
            "activeTimeMs": 225206.09999994736,
            "position": [
              71.4758302882059,
              32.600001,
              0.5028309589348273
            ]
          },
          {
            "physicsTick": 13513,
            "activeTimeMs": 225229.49999995332,
            "position": [
              71.4758302882059,
              32.600001,
              0.5028309589348273
            ]
          },
          {
            "physicsTick": 13514,
            "activeTimeMs": 225246.89999995928,
            "position": [
              71.4758302882059,
              32.600001,
              0.5028309589348273
            ]
          },
          {
            "physicsTick": 13516,
            "activeTimeMs": 225267.89999995928,
            "position": [
              71.4758302882059,
              32.600001,
              0.5028309589348273
            ]
          },
          {
            "physicsTick": 13517,
            "activeTimeMs": 225293.09999994736,
            "position": [
              71.4758302882059,
              32.600001,
              0.5028309589348273
            ]
          },
          {
            "physicsTick": 13518,
            "activeTimeMs": 225315.39999995928,
            "position": [
              71.4758302882059,
              32.600001,
              0.5028309589348273
            ]
          },
          {
            "physicsTick": 13519,
            "activeTimeMs": 225332.1999999414,
            "position": [
              71.4758302882059,
              32.600001,
              0.5028309589348273
            ]
          },
          {
            "physicsTick": 13521,
            "activeTimeMs": 225357.49999995332,
            "position": [
              71.4758302882059,
              32.600001,
              0.5028309589348273
            ]
          },
          {
            "physicsTick": 13522,
            "activeTimeMs": 225374.49999995332,
            "position": [
              71.4758302882059,
              32.600001,
              0.5028309589348273
            ]
          },
          {
            "physicsTick": 13523,
            "activeTimeMs": 225396.99999995332,
            "position": [
              71.4758302882059,
              32.600001,
              0.5028309589348273
            ]
          },
          {
            "physicsTick": 13525,
            "activeTimeMs": 225421.59999994736,
            "position": [
              71.4758302882059,
              32.600001,
              0.5028309589348273
            ]
          },
          {
            "physicsTick": 13526,
            "activeTimeMs": 225445.79999996524,
            "position": [
              71.4758302882059,
              32.600001,
              0.5028309589348273
            ]
          },
          {
            "physicsTick": 13528,
            "activeTimeMs": 225468.1999999414,
            "position": [
              71.4758302882059,
              32.600001,
              0.5028309589348273
            ]
          },
          {
            "physicsTick": 13529,
            "activeTimeMs": 225494.89999995928,
            "position": [
              71.4758302882059,
              32.600001,
              0.5028309589348273
            ]
          },
          {
            "physicsTick": 13530,
            "activeTimeMs": 225515.39999995928,
            "position": [
              71.4758302882059,
              32.600001,
              0.5028309589348273
            ]
          },
          {
            "physicsTick": 13532,
            "activeTimeMs": 225542.79999996524,
            "position": [
              71.4758302882059,
              32.600001,
              0.5028309589348273
            ]
          },
          {
            "physicsTick": 13533,
            "activeTimeMs": 225563.59999994736,
            "position": [
              71.4758302882059,
              32.600001,
              0.5028309589348273
            ]
          },
          {
            "physicsTick": 13534,
            "activeTimeMs": 225580.49999995332,
            "position": [
              71.4758302882059,
              32.600001,
              0.5028309589348273
            ]
          },
          {
            "physicsTick": 13535,
            "activeTimeMs": 225598.29999996524,
            "position": [
              71.4758302882059,
              32.600001,
              0.5028309589348273
            ]
          },
          {
            "physicsTick": 13537,
            "activeTimeMs": 225621.6999999414,
            "position": [
              71.4758302882059,
              32.600001,
              0.5028309589348273
            ]
          },
          {
            "physicsTick": 13538,
            "activeTimeMs": 225646.09999994736,
            "position": [
              71.4758302882059,
              32.600001,
              0.5028309589348273
            ]
          },
          {
            "physicsTick": 13540,
            "activeTimeMs": 225667.59999994736,
            "position": [
              71.4758302882059,
              32.600001,
              0.5028309589348273
            ]
          },
          {
            "physicsTick": 13541,
            "activeTimeMs": 225692.99999995332,
            "position": [
              71.4758302882059,
              32.600001,
              0.5028309589348273
            ]
          },
          {
            "physicsTick": 13542,
            "activeTimeMs": 225710.89999995928,
            "position": [
              71.4758302882059,
              32.600001,
              0.5028309589348273
            ]
          },
          {
            "physicsTick": 13543,
            "activeTimeMs": 225732.1999999414,
            "position": [
              71.4758302882059,
              32.600001,
              0.5028309589348273
            ]
          },
          {
            "physicsTick": 13545,
            "activeTimeMs": 225759.29999996524,
            "position": [
              71.4758302882059,
              32.600001,
              0.5028309589348273
            ]
          },
          {
            "physicsTick": 13546,
            "activeTimeMs": 225780.79999996524,
            "position": [
              71.4758302882059,
              32.600001,
              0.5028309589348273
            ]
          },
          {
            "physicsTick": 13548,
            "activeTimeMs": 225804.1999999414,
            "position": [
              71.4758302882059,
              32.600001,
              0.5028309589348273
            ]
          },
          {
            "physicsTick": 13549,
            "activeTimeMs": 225830.89999995928,
            "position": [
              71.4758302882059,
              32.600001,
              0.5028309589348273
            ]
          },
          {
            "physicsTick": 13551,
            "activeTimeMs": 225851.79999996524,
            "position": [
              71.4758302882059,
              32.600001,
              0.5028309589348273
            ]
          },
          {
            "physicsTick": 13552,
            "activeTimeMs": 225868.59999994736,
            "position": [
              71.4758302882059,
              32.600001,
              0.5028309589348273
            ]
          },
          {
            "physicsTick": 13553,
            "activeTimeMs": 225893.39999995928,
            "position": [
              71.4758302882059,
              32.600001,
              0.5028309589348273
            ]
          },
          {
            "physicsTick": 13554,
            "activeTimeMs": 225915.49999995332,
            "position": [
              71.4758302882059,
              32.600001,
              0.5028309589348273
            ]
          },
          {
            "physicsTick": 13555,
            "activeTimeMs": 225932.1999999414,
            "position": [
              71.4758302882059,
              32.600001,
              0.5028309589348273
            ]
          },
          {
            "physicsTick": 13557,
            "activeTimeMs": 225958.89999995928,
            "position": [
              71.4758302882059,
              32.600001,
              0.5028309589348273
            ]
          },
          {
            "physicsTick": 13558,
            "activeTimeMs": 225980.79999996524,
            "position": [
              71.4758302882059,
              32.600001,
              0.5028309589348273
            ]
          },
          {
            "physicsTick": 13560,
            "activeTimeMs": 226006.29999996524,
            "position": [
              71.4758302882059,
              32.600001,
              0.5028309589348273
            ]
          },
          {
            "physicsTick": 13561,
            "activeTimeMs": 226030.29999996524,
            "position": [
              71.4758302882059,
              32.600001,
              0.5028309589348273
            ]
          },
          {
            "physicsTick": 13562,
            "activeTimeMs": 226047.1999999414,
            "position": [
              71.4758302882059,
              32.600001,
              0.5028309589348273
            ]
          },
          {
            "physicsTick": 13564,
            "activeTimeMs": 226068.99999995332,
            "position": [
              71.4758302882059,
              32.600001,
              0.5028309589348273
            ]
          },
          {
            "physicsTick": 13565,
            "activeTimeMs": 226094.6999999414,
            "position": [
              71.4758302882059,
              32.600001,
              0.5028309589348273
            ]
          },
          {
            "physicsTick": 13566,
            "activeTimeMs": 226114.79999996524,
            "position": [
              71.4758302882059,
              32.600001,
              0.5028309589348273
            ]
          },
          {
            "physicsTick": 13567,
            "activeTimeMs": 226132.29999996524,
            "position": [
              71.4758302882059,
              32.600001,
              0.5028309589348273
            ]
          },
          {
            "physicsTick": 13569,
            "activeTimeMs": 226157.29999996524,
            "position": [
              71.4758302882059,
              32.600001,
              0.5028309589348273
            ]
          },
          {
            "physicsTick": 13570,
            "activeTimeMs": 226180.79999996524,
            "position": [
              71.4758302882059,
              32.600001,
              0.5028309589348273
            ]
          },
          {
            "physicsTick": 13572,
            "activeTimeMs": 226203.29999996524,
            "position": [
              71.4758302882059,
              32.600001,
              0.5028309589348273
            ]
          },
          {
            "physicsTick": 13573,
            "activeTimeMs": 226222.59999994736,
            "position": [
              71.4758302882059,
              32.600001,
              0.5028309589348273
            ]
          },
          {
            "physicsTick": 13574,
            "activeTimeMs": 226245.99999995332,
            "position": [
              71.4758302882059,
              32.600001,
              0.5028309589348273
            ]
          },
          {
            "physicsTick": 13576,
            "activeTimeMs": 226268.59999994736,
            "position": [
              71.4758302882059,
              32.600001,
              0.5028309589348273
            ]
          },
          {
            "physicsTick": 13577,
            "activeTimeMs": 226291.6999999414,
            "position": [
              71.4758302882059,
              32.600001,
              0.5028309589348273
            ]
          },
          {
            "physicsTick": 13578,
            "activeTimeMs": 226309.39999995928,
            "position": [
              71.4758302882059,
              32.600001,
              0.5028309589348273
            ]
          },
          {
            "physicsTick": 13579,
            "activeTimeMs": 226326.09999994736,
            "position": [
              71.4758302882059,
              32.600001,
              0.5028309589348273
            ]
          },
          {
            "physicsTick": 13580,
            "activeTimeMs": 226343.09999994736,
            "position": [
              71.4758302882059,
              32.600001,
              0.5028309589348273
            ]
          },
          {
            "physicsTick": 13581,
            "activeTimeMs": 226363.1999999414,
            "position": [
              71.4758302882059,
              32.600001,
              0.5028309589348273
            ]
          },
          {
            "physicsTick": 13582,
            "activeTimeMs": 226380.99999995332,
            "position": [
              71.4758302882059,
              32.600001,
              0.5028309589348273
            ]
          },
          {
            "physicsTick": 13584,
            "activeTimeMs": 226405.29999996524,
            "position": [
              71.4758302882059,
              32.600001,
              0.5028309589348273
            ]
          },
          {
            "physicsTick": 13585,
            "activeTimeMs": 226428.6999999414,
            "position": [
              71.4758302882059,
              32.600001,
              0.5028309589348273
            ]
          },
          {
            "physicsTick": 13587,
            "activeTimeMs": 226451.29999996524,
            "position": [
              71.4758302882059,
              32.600001,
              0.5028309589348273
            ]
          },
          {
            "physicsTick": 13588,
            "activeTimeMs": 226467.99999995332,
            "position": [
              71.4758302882059,
              32.600001,
              0.5028309589348273
            ]
          },
          {
            "physicsTick": 13589,
            "activeTimeMs": 226485.1999999414,
            "position": [
              71.4758302882059,
              32.600001,
              0.5028309589348273
            ]
          },
          {
            "physicsTick": 13590,
            "activeTimeMs": 226508.89999995928,
            "position": [
              71.4758302882059,
              32.600001,
              0.5028309589348273
            ]
          },
          {
            "physicsTick": 13591,
            "activeTimeMs": 226526.39999995928,
            "position": [
              71.4758302882059,
              32.600001,
              0.5028309589348273
            ]
          },
          {
            "physicsTick": 13592,
            "activeTimeMs": 226543.1999999414,
            "position": [
              71.4758302882059,
              32.600001,
              0.5028309589348273
            ]
          },
          {
            "physicsTick": 13593,
            "activeTimeMs": 226563.29999996524,
            "position": [
              71.4758302882059,
              32.600001,
              0.5028309589348273
            ]
          },
          {
            "physicsTick": 13594,
            "activeTimeMs": 226581.29999996524,
            "position": [
              71.4758302882059,
              32.600001,
              0.5028309589348273
            ]
          },
          {
            "physicsTick": 13596,
            "activeTimeMs": 226604.89999995928,
            "position": [
              71.4758302882059,
              32.600001,
              0.5028309589348273
            ]
          },
          {
            "physicsTick": 13597,
            "activeTimeMs": 226629.29999996524,
            "position": [
              71.4758302882059,
              32.600001,
              0.5028309589348273
            ]
          },
          {
            "physicsTick": 13599,
            "activeTimeMs": 226652.79999996524,
            "position": [
              71.4758302882059,
              32.600001,
              0.5028309589348273
            ]
          },
          {
            "physicsTick": 13600,
            "activeTimeMs": 226678.59999994736,
            "position": [
              71.4758302882059,
              32.600001,
              0.5028309589348273
            ]
          },
          {
            "physicsTick": 13601,
            "activeTimeMs": 226699.79999996524,
            "position": [
              71.4758302882059,
              32.600001,
              0.5028309589348273
            ]
          },
          {
            "physicsTick": 13603,
            "activeTimeMs": 226725.39999995928,
            "position": [
              71.4758302882059,
              32.600001,
              0.5028309589348273
            ]
          },
          {
            "physicsTick": 13604,
            "activeTimeMs": 226748.1999999414,
            "position": [
              71.4758302882059,
              32.600001,
              0.5028309589348273
            ]
          },
          {
            "physicsTick": 13606,
            "activeTimeMs": 226773.39999995928,
            "position": [
              71.4758302882059,
              32.600001,
              0.5028309589348273
            ]
          },
          {
            "physicsTick": 13607,
            "activeTimeMs": 226796.39999995928,
            "position": [
              71.4758302882059,
              32.600001,
              0.5028309589348273
            ]
          },
          {
            "physicsTick": 13609,
            "activeTimeMs": 226821.39999995928,
            "position": [
              71.4758302882059,
              32.600001,
              0.5028309589348273
            ]
          },
          {
            "physicsTick": 13610,
            "activeTimeMs": 226845.89999995928,
            "position": [
              71.4758302882059,
              32.600001,
              0.5028309589348273
            ]
          },
          {
            "physicsTick": 13612,
            "activeTimeMs": 226867.99999995332,
            "position": [
              71.4758302882059,
              32.600001,
              0.5028309589348273
            ]
          },
          {
            "physicsTick": 13613,
            "activeTimeMs": 226894.59999994736,
            "position": [
              71.4758302882059,
              32.600001,
              0.5028309589348273
            ]
          },
          {
            "physicsTick": 13614,
            "activeTimeMs": 226915.39999995928,
            "position": [
              71.4758302882059,
              32.600001,
              0.5028309589348273
            ]
          },
          {
            "physicsTick": 13616,
            "activeTimeMs": 226942.79999996524,
            "position": [
              71.4758302882059,
              32.600001,
              0.5028309589348273
            ]
          },
          {
            "physicsTick": 13617,
            "activeTimeMs": 226964.09999994736,
            "position": [
              71.4758302882059,
              32.600001,
              0.5028309589348273
            ]
          },
          {
            "physicsTick": 13618,
            "activeTimeMs": 226980.99999995332,
            "position": [
              71.4758302882059,
              32.600001,
              0.5028309589348273
            ]
          },
          {
            "physicsTick": 13620,
            "activeTimeMs": 227004.89999995928,
            "position": [
              71.4758302882059,
              32.600001,
              0.5028309589348273
            ]
          },
          {
            "physicsTick": 13621,
            "activeTimeMs": 227031.39999995928,
            "position": [
              71.4758302882059,
              32.600001,
              0.5028309589348273
            ]
          },
          {
            "physicsTick": 13623,
            "activeTimeMs": 227051.79999996524,
            "position": [
              71.4758302882059,
              32.600001,
              0.5028309589348273
            ]
          },
          {
            "physicsTick": 13624,
            "activeTimeMs": 227078.89999995928,
            "position": [
              71.4758302882059,
              32.600001,
              0.5028309589348273
            ]
          },
          {
            "physicsTick": 13625,
            "activeTimeMs": 227099.79999996524,
            "position": [
              71.4758302882059,
              32.600001,
              0.5028309589348273
            ]
          },
          {
            "physicsTick": 13627,
            "activeTimeMs": 227126.79999996524,
            "position": [
              71.4758302882059,
              32.600001,
              0.5028309589348273
            ]
          },
          {
            "physicsTick": 13628,
            "activeTimeMs": 227148.89999995928,
            "position": [
              71.4758302882059,
              32.600001,
              0.5028309589348273
            ]
          },
          {
            "physicsTick": 13630,
            "activeTimeMs": 227171.59999994736,
            "position": [
              71.4758302882059,
              32.600001,
              0.5028309589348273
            ]
          },
          {
            "physicsTick": 13631,
            "activeTimeMs": 227198.39999995928,
            "position": [
              71.4758302882059,
              32.600001,
              0.5028309589348273
            ]
          },
          {
            "physicsTick": 13633,
            "activeTimeMs": 227222.09999994736,
            "position": [
              71.4758302882059,
              32.600001,
              0.5028309589348273
            ]
          },
          {
            "physicsTick": 13634,
            "activeTimeMs": 227247.09999994736,
            "position": [
              71.4758302882059,
              32.600001,
              0.5028309589348273
            ]
          },
          {
            "physicsTick": 13636,
            "activeTimeMs": 227267.29999996524,
            "position": [
              71.4758302882059,
              32.600001,
              0.5028309589348273
            ]
          },
          {
            "physicsTick": 13637,
            "activeTimeMs": 227294.59999994736,
            "position": [
              71.4758302882059,
              32.600001,
              0.5028309589348273
            ]
          },
          {
            "physicsTick": 13638,
            "activeTimeMs": 227314.6999999414,
            "position": [
              71.4758302882059,
              32.600001,
              0.5028309589348273
            ]
          },
          {
            "physicsTick": 13639,
            "activeTimeMs": 227331.79999996524,
            "position": [
              71.4758302882059,
              32.600001,
              0.5028309589348273
            ]
          },
          {
            "physicsTick": 13640,
            "activeTimeMs": 227348.89999995928,
            "position": [
              71.4758302882059,
              32.600001,
              0.5028309589348273
            ]
          },
          {
            "physicsTick": 13642,
            "activeTimeMs": 227372.89999995928,
            "position": [
              71.4758302882059,
              32.600001,
              0.5028309589348273
            ]
          },
          {
            "physicsTick": 13643,
            "activeTimeMs": 227389.89999995928,
            "position": [
              71.4758302882059,
              32.600001,
              0.5028309589348273
            ]
          },
          {
            "physicsTick": 13644,
            "activeTimeMs": 227412.49999995332,
            "position": [
              71.4758302882059,
              32.600001,
              0.5028309589348273
            ]
          },
          {
            "physicsTick": 13645,
            "activeTimeMs": 227430.1999999414,
            "position": [
              71.4758302882059,
              32.600001,
              0.5028309589348273
            ]
          },
          {
            "physicsTick": 13647,
            "activeTimeMs": 227451.59999994736,
            "position": [
              71.4758302882059,
              32.600001,
              0.5028309589348273
            ]
          },
          {
            "physicsTick": 13648,
            "activeTimeMs": 227479.49999995332,
            "position": [
              71.4758302882059,
              32.600001,
              0.5028309589348273
            ]
          },
          {
            "physicsTick": 13649,
            "activeTimeMs": 227499.39999995928,
            "position": [
              71.4758302882059,
              32.600001,
              0.5028309589348273
            ]
          },
          {
            "physicsTick": 13651,
            "activeTimeMs": 227526.79999996524,
            "position": [
              71.4758302882059,
              32.600001,
              0.5028309589348273
            ]
          },
          {
            "physicsTick": 13652,
            "activeTimeMs": 227548.89999995928,
            "position": [
              71.4758302882059,
              32.600001,
              0.5028309589348273
            ]
          },
          {
            "physicsTick": 13654,
            "activeTimeMs": 227572.39999995928,
            "position": [
              71.4758302882059,
              32.600001,
              0.5028309589348273
            ]
          },
          {
            "physicsTick": 13655,
            "activeTimeMs": 227589.49999995332,
            "position": [
              71.4758302882059,
              32.600001,
              0.5028309589348273
            ]
          },
          {
            "physicsTick": 13656,
            "activeTimeMs": 227612.89999995928,
            "position": [
              71.4758302882059,
              32.600001,
              0.5028309589348273
            ]
          },
          {
            "physicsTick": 13658,
            "activeTimeMs": 227638.29999996524,
            "position": [
              71.4758302882059,
              32.600001,
              0.5028309589348273
            ]
          },
          {
            "physicsTick": 13659,
            "activeTimeMs": 227661.1999999414,
            "position": [
              71.4758302882059,
              32.600001,
              0.5028309589348273
            ]
          },
          {
            "physicsTick": 13660,
            "activeTimeMs": 227678.6999999414,
            "position": [
              71.4758302882059,
              32.600001,
              0.5028309589348273
            ]
          },
          {
            "physicsTick": 13661,
            "activeTimeMs": 227699.29999996524,
            "position": [
              71.4758302882059,
              32.600001,
              0.5028309589348273
            ]
          },
          {
            "physicsTick": 13663,
            "activeTimeMs": 227726.49999995332,
            "position": [
              71.4758302882059,
              32.600001,
              0.5028309589348273
            ]
          },
          {
            "physicsTick": 13664,
            "activeTimeMs": 227743.49999995332,
            "position": [
              71.4758302882059,
              32.600001,
              0.5028309589348273
            ]
          },
          {
            "physicsTick": 13665,
            "activeTimeMs": 227764.59999994736,
            "position": [
              71.4758302882059,
              32.600001,
              0.5028309589348273
            ]
          },
          {
            "physicsTick": 13666,
            "activeTimeMs": 227781.89999995928,
            "position": [
              71.4758302882059,
              32.600001,
              0.5028309589348273
            ]
          },
          {
            "physicsTick": 13668,
            "activeTimeMs": 227803.29999996524,
            "position": [
              71.4758302882059,
              32.600001,
              0.5028309589348273
            ]
          },
          {
            "physicsTick": 13669,
            "activeTimeMs": 227821.49999995332,
            "position": [
              71.4758302882059,
              32.600001,
              0.5028309589348273
            ]
          },
          {
            "physicsTick": 13670,
            "activeTimeMs": 227847.59999994736,
            "position": [
              71.4758302882059,
              32.600001,
              0.5028309589348273
            ]
          },
          {
            "physicsTick": 13672,
            "activeTimeMs": 227868.79999996524,
            "position": [
              71.4758302882059,
              32.600001,
              0.5028309589348273
            ]
          },
          {
            "physicsTick": 13673,
            "activeTimeMs": 227894.39999995928,
            "position": [
              71.4758302882059,
              32.600001,
              0.5028309589348273
            ]
          },
          {
            "physicsTick": 13674,
            "activeTimeMs": 227915.39999995928,
            "position": [
              71.4758302882059,
              32.600001,
              0.5028309589348273
            ]
          },
          {
            "physicsTick": 13675,
            "activeTimeMs": 227932.09999994736,
            "position": [
              71.4758302882059,
              32.600001,
              0.5028309589348273
            ]
          },
          {
            "physicsTick": 13676,
            "activeTimeMs": 227948.79999996524,
            "position": [
              71.4758302882059,
              32.600001,
              0.5028309589348273
            ]
          },
          {
            "physicsTick": 13678,
            "activeTimeMs": 227974.6999999414,
            "position": [
              71.4758302882059,
              32.600001,
              0.5028309589348273
            ]
          },
          {
            "physicsTick": 13679,
            "activeTimeMs": 227995.6999999414,
            "position": [
              71.4758302882059,
              32.600001,
              0.5028309589348273
            ]
          },
          {
            "physicsTick": 13680,
            "activeTimeMs": 228013.1999999414,
            "position": [
              71.4758302882059,
              32.600001,
              0.5028309589348273
            ]
          },
          {
            "physicsTick": 13682,
            "activeTimeMs": 228037.89999995928,
            "position": [
              71.4758302882059,
              32.600001,
              0.5028309589348273
            ]
          }
        ],
        "generatorVersion": 11,
        "renderPipeline": {
          "drawUnit": "chunk-render-category",
          "batchMode": "category",
          "vertexLayout": "float16-uv-uint16-index",
          "shaderMode": "voxel-array-chunks",
          "backend": "webgl2"
        },
        "experiments": {
          "requested": {
            "renderer": "webgl2",
            "wasm": true,
            "simd": true
          },
          "kernels": [
            "w02",
            "w03",
            "w04",
            "w05",
            "w06"
          ],
          "renderer": {
            "requestedRenderer": "webgl2",
            "effectiveRenderer": "webgl2",
            "rendererStatus": "matched"
          },
          "workers": [
            {
              "epoch": "seedlands:classic-canonical-runtime-v11:1",
              "lane": "fluid",
              "index": 0,
              "status": "off",
              "requestedArtifact": "simd",
              "effectiveArtifact": "off",
              "selected": [],
              "reason": "no-selected-kernel"
            },
            {
              "epoch": "seedlands:classic-canonical-runtime-v11:1",
              "lane": "general",
              "index": 1,
              "status": "matched",
              "requestedArtifact": "simd",
              "effectiveArtifact": "simd",
              "selected": [
                "w02",
                "w03",
                "w04",
                "w05",
                "w06"
              ],
              "artifactSha256": "c1a763778c4eb4873772cf480c758f8b18cbc77beee80c933dda6b2fd19e4b2c"
            }
          ]
        },
        "serverRevision": 1,
        "voxelAtOrigin": 42,
        "serverPlayerPosition": [
          71.4758302882059,
          32.600001,
          0.5028309589348273
        ],
        "serverPlayerVelocity": [
          0,
          0,
          0
        ],
        "prediction": {
          "pendingFrames": 0,
          "lastResetReason": "input-interrupted",
          "resetCounts": {
            "input-interrupted": 53,
            "authority-resync": 566,
            "collision-history-missing": 128,
            "movement-mode-changed": 4
          },
          "presentationOffset": {
            "x": 0,
            "y": 0,
            "z": 0
          }
        },
        "serverWorldTime": 20.997999999993496,
        "performance": {
          "scenarioId": "default",
          "frame": {
            "count": 1200,
            "p50Ms": 16.700000017881393,
            "p95Ms": 24.599999994039536,
            "p99Ms": 27.099999994039536,
            "maxMs": 31.5,
            "longFrameCount": 0,
            "lastLongFrameMs": 0
          },
          "chunkVisible": {
            "count": 120,
            "p50Ms": 1187,
            "p95Ms": 15690.90000000596,
            "p99Ms": 17040.19999998808,
            "maxMs": 17272.59999999404
          },
          "completedChunkTraces": 120,
          "traceEventCount": 1589,
          "maxMeshCommitsInFrame": 1,
          "maxMeshPartsInFrame": 2,
          "visibleAfterPostrender": true,
          "incidents": 32,
          "droppedEvents": 691,
          "uploadQueueDepth": 0,
          "estimatedMeshBytes": 6323240
        },
        "compute": {
          "workerCount": 2,
          "fluidWorkerCount": 1,
          "generalWorkerCount": 1,
          "running": 0,
          "queued": 0,
          "queuedBytes": 0,
          "cancellationRequests": 0,
          "staleResults": 0,
          "failedTasks": 0,
          "completedTasks": 270,
          "submittedTasks": 270,
          "submittedBytes": 109412352,
          "maxQueued": 1,
          "maxQueuedBytes": 0,
          "workerTaskDuration": {
            "fluid": {
              "count": 128,
              "capacity": 256,
              "samplesMs": [
                0.5,
                0.3999999761581421,
                0.4000000059604645,
                0.699999988079071,
                0.29999998211860657,
                0.5,
                0.19999998807907104,
                0.29999998211860657,
                0.29999998211860657,
                0.09999999403953552,
                0.09999999403953552,
                0.09999999403953552,
                0.19999998807907104,
                0.20000001788139343,
                0.3999999761581421,
                0.5,
                0.19999998807907104,
                0.4000000059604645,
                0.19999998807907104,
                0.3999999761581421,
                0.30000001192092896,
                0.30000001192092896,
                0.4000000059604645,
                0.30000001192092896,
                0.29999998211860657,
                0.19999998807907104,
                0.29999998211860657,
                0.29999998211860657,
                0.09999999403953552,
                0.20000001788139343,
                0,
                0.09999999403953552,
                0.09999999403953552,
                0.09999999403953552,
                0.09999999403953552,
                0.20000001788139343,
                0.20000001788139343,
                0.29999998211860657,
                0.3999999761581421,
                0.09999999403953552,
                0.19999998807907104,
                0.09999999403953552,
                0.20000001788139343,
                0,
                0.20000001788139343,
                0.19999998807907104,
                0.19999998807907104,
                0.09999999403953552,
                0.09999999403953552,
                0.20000001788139343,
                0.09999999403953552,
                0.09999999403953552,
                0.19999998807907104,
                0.09999999403953552,
                0.09999999403953552,
                0.19999998807907104,
                0,
                0,
                0.20000001788139343,
                0.09999999403953552,
                0,
                0.20000001788139343,
                0.09999999403953552,
                0,
                0.09999999403953552,
                0.09999999403953552,
                0.09999999403953552,
                0.09999999403953552,
                0.09999999403953552,
                0.20000001788139343,
                0,
                0.19999998807907104,
                0.09999999403953552,
                0.19999998807907104,
                0.19999998807907104,
                0.19999998807907104,
                0.09999999403953552,
                0.09999999403953552,
                0.20000001788139343,
                0.19999998807907104,
                0.19999998807907104,
                0.10000002384185791,
                0.19999998807907104,
                0.19999998807907104,
                0.20000001788139343,
                0.19999998807907104,
                0.20000001788139343,
                0.09999999403953552,
                0.09999999403953552,
                0.19999998807907104,
                0.09999999403953552,
                0.09999999403953552,
                0.20000001788139343,
                0.29999998211860657,
                0.20000001788139343,
                0.20000001788139343,
                0.19999998807907104,
                0.30000001192092896,
                0.19999998807907104,
                0.30000001192092896,
                0.20000001788139343,
                0.29999998211860657,
                0.29999998211860657,
                0.09999999403953552,
                0.30000001192092896,
                0.30000001192092896,
                0.30000001192092896,
                0.30000001192092896,
                0.19999998807907104,
                0.29999998211860657,
                0.19999998807907104,
                0.30000001192092896,
                0.29999998211860657,
                0.09999999403953552,
                0.19999998807907104,
                0.19999998807907104,
                0.20000001788139343,
                0.19999998807907104,
                0.10000002384185791,
                0.4000000059604645,
                0.19999998807907104,
                0.19999998807907104,
                0.20000001788139343,
                0.19999998807907104,
                0,
                0.10000002384185791,
                0,
                0
              ]
            },
            "general": {
              "count": 142,
              "capacity": 256,
              "samplesMs": [
                1596.2999999821186,
                318.19999998807907,
                227.5,
                323.5,
                41.19999998807907,
                41.69999998807907,
                42.5,
                42.400000005960464,
                44.69999998807907,
                46.19999998807907,
                51.30000001192093,
                42.400000005960464,
                43.599999994039536,
                46.099999994039536,
                43.29999998211861,
                44,
                45.599999994039536,
                49.30000001192093,
                85.2000000178814,
                85.69999998807907,
                93.90000000596046,
                95.80000001192093,
                95.2000000178814,
                99.30000001192093,
                98.2999999821186,
                89,
                88.7999999821186,
                93.7999999821186,
                98.5,
                99,
                98.59999999403954,
                98.89999997615814,
                345.19999998807907,
                282.60000002384186,
                275.2999999821186,
                43.19999998807907,
                272.69999998807907,
                277,
                322.89999997615814,
                222.30000001192093,
                226.2999999821186,
                225.90000000596046,
                248.40000000596046,
                270.19999998807907,
                269.09999999403954,
                316.09999999403954,
                322.19999998807907,
                226,
                220.80000001192093,
                231,
                228.5,
                286.30000001192093,
                237.7999999821186,
                265.5,
                323.30000001192093,
                227.19999998807907,
                230,
                280,
                276.60000002384186,
                233.69999998807907,
                217.60000002384186,
                272.40000000596046,
                268.09999999403954,
                222.19999998807907,
                216.89999997615814,
                273.90000000596046,
                269.5,
                222,
                244,
                273.40000000596046,
                266.69999998807907,
                221.80000001192093,
                222.90000000596046,
                276,
                266.30000001192093,
                221.5,
                222,
                271.80000001192093,
                268.2000000178814,
                221.7000000178814,
                226.80000001192093,
                273.59999999403954,
                238.30000001192093,
                271.19999998807907,
                333.09999999403954,
                232.59999999403954,
                236.2999999821186,
                271.40000000596046,
                265.59999999403954,
                223.80000001192093,
                223.90000000596046,
                280.5,
                274.40000000596046,
                234.90000000596046,
                231.39999997615814,
                294.40000000596046,
                232.89999997615814,
                268,
                224.89999997615814,
                274.40000000596046,
                284.10000002384186,
                221.60000002384186,
                273.89999997615814,
                223.39999997615814,
                246.7000000178814,
                272.89999997615814,
                278.5,
                288.5,
                229,
                232,
                237.2000000178814,
                271.2000000178814,
                278.90000000596046,
                260,
                275.7000000178814,
                276.40000000596046,
                266.5,
                271.09999999403954,
                268.5,
                282.5,
                264.69999998807907,
                265.90000000596046,
                265.19999998807907,
                276.59999999403954,
                271.80000001192093,
                271.5,
                279.40000000596046,
                273.09999999403954,
                265.7999999821186,
                270,
                261.10000002384186,
                142.59999999403954,
                263.19999998807907,
                216.09999999403954,
                278.2999999821186,
                148.5,
                266,
                220.30000001192093,
                260.89999997615814,
                127.69999998807907,
                266.80000001192093,
                248.19999998807907
              ]
            }
          },
          "workerKernelStates": [
            {
              "epoch": "seedlands:classic-canonical-runtime-v11:1",
              "lane": "fluid",
              "index": 0,
              "status": "off",
              "requestedArtifact": "simd",
              "effectiveArtifact": "off",
              "selected": [],
              "reason": "no-selected-kernel"
            },
            {
              "epoch": "seedlands:classic-canonical-runtime-v11:1",
              "lane": "general",
              "index": 1,
              "status": "matched",
              "requestedArtifact": "simd",
              "effectiveArtifact": "simd",
              "selected": [
                "w02",
                "w03",
                "w04",
                "w05",
                "w06"
              ],
              "artifactSha256": "c1a763778c4eb4873772cf480c758f8b18cbc77beee80c933dda6b2fd19e4b2c"
            }
          ],
          "workerActivity": [
            {
              "lane": "fluid",
              "index": 0,
              "status": "idle",
              "taskId": null,
              "taskCategory": null,
              "taskAgeMs": null,
              "sampledAtMs": 91071.79999998212,
              "completedTasks": 128,
              "lastTaskDurationMs": 0,
              "kernel": null
            },
            {
              "lane": "general",
              "index": 1,
              "status": "idle",
              "taskId": null,
              "taskCategory": null,
              "taskAgeMs": null,
              "sampledAtMs": 135276.5,
              "completedTasks": 142,
              "lastTaskDurationMs": 248.19999998807907,
              "kernel": {
                "calls": 2405,
                "failures": 0,
                "memoryBytes": 18874368,
                "durationMs": 14.900000005960464,
                "failed": false
              }
            }
          ]
        },
        "fluidFeedback": {
          "count": 0,
          "pending": false,
          "pendingSample": null,
          "p50Ms": 0,
          "p95Ms": 0,
          "p99Ms": 0,
          "maxMs": 0,
          "samples": []
        },
        "waterTransitions": {
          "activeCount": 0,
          "active": [],
          "recent": [
            {
              "chunkKey": "2,0,0",
              "targetRevision": 5,
              "traceId": "trace-66",
              "geometry": {
                "mode": "surface-morph",
                "patchCount": 46,
                "retainedPatchCount": 0,
                "addedPatchCount": 46,
                "removedPatchCount": 0,
                "visibleWaterMeshCount": 1,
                "opacityCrossfade": false
              },
              "progress": 1,
              "frameCount": 9,
              "completed": true,
              "superseded": false,
              "progressSamples": [
                0,
                0.14777777791023256,
                0.29666666669978037,
                0.4522222222553359,
                0.601666666732894,
                0.7511111112104522,
                0.8972222222222223,
                1,
                1
              ]
            },
            {
              "chunkKey": "2,0,-1",
              "targetRevision": 10,
              "traceId": "trace-68",
              "geometry": {
                "mode": "surface-morph",
                "patchCount": 124,
                "retainedPatchCount": 0,
                "addedPatchCount": 124,
                "removedPatchCount": 0,
                "visibleWaterMeshCount": 1,
                "opacityCrossfade": false
              },
              "progress": 1,
              "frameCount": 9,
              "completed": true,
              "superseded": false,
              "progressSamples": [
                0,
                0.1427777777115504,
                0.2844444443782171,
                0.4444444444444444,
                0.6111111111111112,
                0.7533333333002197,
                0.9038888888226615,
                1,
                1
              ]
            },
            {
              "chunkKey": "2,1,-1",
              "targetRevision": 0,
              "traceId": "trace-69",
              "geometry": {
                "mode": "surface-morph",
                "patchCount": 24,
                "retainedPatchCount": 0,
                "addedPatchCount": 24,
                "removedPatchCount": 0,
                "visibleWaterMeshCount": 1,
                "opacityCrossfade": false
              },
              "progress": 1,
              "frameCount": 9,
              "completed": true,
              "superseded": false,
              "progressSamples": [
                0,
                0.1488888887895478,
                0.28722222215599486,
                0.432777777645323,
                0.5805555555555556,
                0.7199999999668864,
                0.8583333333333333,
                1,
                1
              ]
            },
            {
              "chunkKey": "2,0,0",
              "targetRevision": 24,
              "traceId": "trace-78",
              "geometry": {
                "mode": "surface-morph",
                "patchCount": 753,
                "retainedPatchCount": 45,
                "addedPatchCount": 707,
                "removedPatchCount": 1,
                "visibleWaterMeshCount": 1,
                "opacityCrossfade": false
              },
              "progress": 1,
              "frameCount": 9,
              "completed": true,
              "superseded": false,
              "progressSamples": [
                0,
                0.14722222222222223,
                0.2933333333995607,
                0.45555555555555555,
                0.5977777779102326,
                0.7605555555886693,
                0.9100000000662274,
                1,
                1
              ]
            },
            {
              "chunkKey": "1,0,0",
              "targetRevision": 35,
              "traceId": "trace-80",
              "geometry": {
                "mode": "surface-morph",
                "patchCount": 226,
                "retainedPatchCount": 0,
                "addedPatchCount": 226,
                "removedPatchCount": 0,
                "visibleWaterMeshCount": 1,
                "opacityCrossfade": false
              },
              "progress": 1,
              "frameCount": 10,
              "completed": true,
              "superseded": false,
              "progressSamples": [
                0,
                0.16111111111111112,
                0.3055555555555556,
                0.43444444437821705,
                0.575,
                0.7105555554231008,
                0.8422222221891086,
                0.9727777777446641,
                1,
                1
              ]
            },
            {
              "chunkKey": "1,1,0",
              "targetRevision": 0,
              "traceId": "trace-72",
              "geometry": {
                "mode": "surface-morph",
                "patchCount": 9,
                "retainedPatchCount": 0,
                "addedPatchCount": 9,
                "removedPatchCount": 0,
                "visibleWaterMeshCount": 1,
                "opacityCrossfade": false
              },
              "progress": 1,
              "frameCount": 10,
              "completed": true,
              "superseded": false,
              "progressSamples": [
                0,
                0.17111111101177004,
                0.30833333333333335,
                0.44611111101177003,
                0.5911111109786563,
                0.725,
                0.8588888888557752,
                0.9916666666666667,
                1,
                1
              ]
            },
            {
              "chunkKey": "1,0,-1",
              "targetRevision": 8,
              "traceId": "trace-73",
              "geometry": {
                "mode": "surface-morph",
                "patchCount": 78,
                "retainedPatchCount": 0,
                "addedPatchCount": 78,
                "removedPatchCount": 0,
                "visibleWaterMeshCount": 1,
                "opacityCrossfade": false
              },
              "progress": 1,
              "frameCount": 10,
              "completed": true,
              "superseded": false,
              "progressSamples": [
                0,
                0.14833333326710596,
                0.2911111111442248,
                0.4233333332671059,
                0.5649999999337726,
                0.6955555554893281,
                0.8333333333333334,
                0.963333333366447,
                1,
                1
              ]
            },
            {
              "chunkKey": "2,0,-1",
              "targetRevision": 34,
              "traceId": "trace-85",
              "geometry": {
                "mode": "surface-morph",
                "patchCount": 577,
                "retainedPatchCount": 121,
                "addedPatchCount": 453,
                "removedPatchCount": 3,
                "visibleWaterMeshCount": 1,
                "opacityCrossfade": false
              },
              "progress": 1,
              "frameCount": 9,
              "completed": true,
              "superseded": false,
              "progressSamples": [
                0,
                0.15111111104488373,
                0.32222222222222224,
                0.46944444444444444,
                0.6244444443119896,
                0.7761111110448837,
                0.9272222220897675,
                1,
                1
              ]
            },
            {
              "chunkKey": "2,0,0",
              "targetRevision": 39,
              "traceId": "trace-89",
              "geometry": {
                "mode": "surface-morph",
                "patchCount": 912,
                "retainedPatchCount": 573,
                "addedPatchCount": 160,
                "removedPatchCount": 179,
                "visibleWaterMeshCount": 1,
                "opacityCrossfade": false
              },
              "progress": 1,
              "frameCount": 9,
              "completed": true,
              "superseded": false,
              "progressSamples": [
                0,
                0.1449999999668863,
                0.2949999999668863,
                0.4527777777777778,
                0.6266666667328941,
                0.7788888889882299,
                0.9272222222553359,
                1,
                1
              ]
            },
            {
              "chunkKey": "1,0,0",
              "targetRevision": 43,
              "traceId": "trace-91",
              "geometry": {
                "mode": "surface-morph",
                "patchCount": 237,
                "retainedPatchCount": 189,
                "addedPatchCount": 11,
                "removedPatchCount": 37,
                "visibleWaterMeshCount": 1,
                "opacityCrossfade": false
              },
              "progress": 1,
              "frameCount": 9,
              "completed": true,
              "superseded": false,
              "progressSamples": [
                0,
                0.15,
                0.29666666669978037,
                0.4399999999337726,
                0.5850000000662274,
                0.7255555555224419,
                0.8738888889551163,
                1,
                1
              ]
            },
            {
              "chunkKey": "2,1,-1",
              "targetRevision": 0,
              "traceId": "trace-83",
              "geometry": {
                "mode": "surface-morph",
                "patchCount": 24,
                "retainedPatchCount": 0,
                "addedPatchCount": 0,
                "removedPatchCount": 24,
                "visibleWaterMeshCount": 1,
                "opacityCrossfade": false
              },
              "progress": 1,
              "frameCount": 9,
              "completed": true,
              "superseded": false,
              "progressSamples": [
                0,
                0.15333333330021964,
                0.30333333330021967,
                0.46111111111111114,
                0.6005555555224419,
                0.7572222221228812,
                0.9005555555224418,
                1,
                1
              ]
            },
            {
              "chunkKey": "1,1,0",
              "targetRevision": 0,
              "traceId": "trace-84",
              "geometry": {
                "mode": "surface-morph",
                "patchCount": 9,
                "retainedPatchCount": 0,
                "addedPatchCount": 0,
                "removedPatchCount": 9,
                "visibleWaterMeshCount": 1,
                "opacityCrossfade": false
              },
              "progress": 1,
              "frameCount": 9,
              "completed": true,
              "superseded": false,
              "progressSamples": [
                0,
                0.1605555554231008,
                0.32222222222222224,
                0.47333333326710597,
                0.6299999998675452,
                0.7849999999006589,
                0.9355555554231008,
                1,
                1
              ]
            },
            {
              "chunkKey": "2,0,-1",
              "targetRevision": 63,
              "traceId": "trace-93",
              "geometry": {
                "mode": "surface-morph",
                "patchCount": 579,
                "retainedPatchCount": 451,
                "addedPatchCount": 5,
                "removedPatchCount": 123,
                "visibleWaterMeshCount": 1,
                "opacityCrossfade": false
              },
              "progress": 1,
              "frameCount": 9,
              "completed": true,
              "superseded": false,
              "progressSamples": [
                0,
                0.15055555552244188,
                0.3049999998675452,
                0.4455555554893282,
                0.5894444444113307,
                0.7388888888888889,
                0.8805555555555555,
                1,
                1
              ]
            },
            {
              "chunkKey": "2,0,0",
              "targetRevision": 79,
              "traceId": "trace-90",
              "geometry": {
                "mode": "surface-morph",
                "patchCount": 751,
                "retainedPatchCount": 548,
                "addedPatchCount": 18,
                "removedPatchCount": 185,
                "visibleWaterMeshCount": 1,
                "opacityCrossfade": false
              },
              "progress": 1,
              "frameCount": 9,
              "completed": true,
              "superseded": false,
              "progressSamples": [
                0,
                0.1411111111442248,
                0.29000000009934107,
                0.4388888888888889,
                0.5777777777777777,
                0.7205555556548966,
                0.8761111112104522,
                1,
                1
              ]
            },
            {
              "chunkKey": "1,0,0",
              "targetRevision": 80,
              "traceId": "trace-97",
              "geometry": {
                "mode": "surface-morph",
                "patchCount": 202,
                "retainedPatchCount": 173,
                "addedPatchCount": 2,
                "removedPatchCount": 27,
                "visibleWaterMeshCount": 1,
                "opacityCrossfade": false
              },
              "progress": 1,
              "frameCount": 9,
              "completed": true,
              "superseded": false,
              "progressSamples": [
                0,
                0.1522222222553359,
                0.28777777784400516,
                0.43833333336644703,
                0.5888888888888889,
                0.7311111112435659,
                0.8777777777777778,
                1,
                1
              ]
            },
            {
              "chunkKey": "2,0,-1",
              "targetRevision": 89,
              "traceId": "trace-94",
              "geometry": {
                "mode": "surface-morph",
                "patchCount": 464,
                "retainedPatchCount": 359,
                "addedPatchCount": 8,
                "removedPatchCount": 97,
                "visibleWaterMeshCount": 1,
                "opacityCrossfade": false
              },
              "progress": 1,
              "frameCount": 9,
              "completed": true,
              "superseded": false,
              "progressSamples": [
                0,
                0.1427777777115504,
                0.2977777777446641,
                0.44611111101177003,
                0.6105555555886693,
                0.7550000000331137,
                0.89611111101177,
                1,
                1
              ]
            },
            {
              "chunkKey": "1,0,-1",
              "targetRevision": 13,
              "traceId": "trace-95",
              "geometry": {
                "mode": "surface-morph",
                "patchCount": 78,
                "retainedPatchCount": 57,
                "addedPatchCount": 0,
                "removedPatchCount": 21,
                "visibleWaterMeshCount": 1,
                "opacityCrossfade": false
              },
              "progress": 1,
              "frameCount": 10,
              "completed": true,
              "superseded": false,
              "progressSamples": [
                0,
                0.1388888888888889,
                0.2861111111111111,
                0.425,
                0.5694444444444444,
                0.7083333333333334,
                0.8466666666997804,
                0.9855555555886693,
                1,
                1
              ]
            },
            {
              "chunkKey": "2,0,0",
              "targetRevision": 98,
              "traceId": "trace-96",
              "geometry": {
                "mode": "surface-morph",
                "patchCount": 597,
                "retainedPatchCount": 420,
                "addedPatchCount": 31,
                "removedPatchCount": 146,
                "visibleWaterMeshCount": 1,
                "opacityCrossfade": false
              },
              "progress": 1,
              "frameCount": 9,
              "completed": true,
              "superseded": false,
              "progressSamples": [
                0,
                0.1527777777777778,
                0.3,
                0.4561111110779974,
                0.6,
                0.7505555555224419,
                0.8944444444444445,
                1,
                1
              ]
            },
            {
              "chunkKey": "1,0,0",
              "targetRevision": 98,
              "traceId": "trace-102",
              "geometry": {
                "mode": "surface-morph",
                "patchCount": 182,
                "retainedPatchCount": 164,
                "addedPatchCount": 7,
                "removedPatchCount": 11,
                "visibleWaterMeshCount": 1,
                "opacityCrossfade": false
              },
              "progress": 1,
              "frameCount": 9,
              "completed": true,
              "superseded": false,
              "progressSamples": [
                0,
                0.15,
                0.30611111107799743,
                0.4677777777115504,
                0.6127777778440051,
                0.7672222221891085,
                0.938333333366447,
                1,
                1
              ]
            },
            {
              "chunkKey": "2,0,-1",
              "targetRevision": 109,
              "traceId": "trace-99",
              "geometry": {
                "mode": "surface-morph",
                "patchCount": 372,
                "retainedPatchCount": 145,
                "addedPatchCount": 5,
                "removedPatchCount": 222,
                "visibleWaterMeshCount": 1,
                "opacityCrossfade": false
              },
              "progress": 1,
              "frameCount": 9,
              "completed": true,
              "superseded": false,
              "progressSamples": [
                0,
                0.1599999999006589,
                0.30500000003311367,
                0.4594444443782171,
                0.6305555555555555,
                0.7777777777777778,
                0.934999999900659,
                1,
                1
              ]
            },
            {
              "chunkKey": "1,0,-1",
              "targetRevision": 20,
              "traceId": "trace-100",
              "geometry": {
                "mode": "surface-morph",
                "patchCount": 60,
                "retainedPatchCount": 22,
                "addedPatchCount": 3,
                "removedPatchCount": 35,
                "visibleWaterMeshCount": 1,
                "opacityCrossfade": false
              },
              "progress": 1,
              "frameCount": 9,
              "completed": true,
              "superseded": false,
              "progressSamples": [
                0,
                0.1527777777777778,
                0.32388888895511625,
                0.4711111111773385,
                0.6283333333002197,
                0.7705555556548966,
                0.9211111111773385,
                1,
                1
              ]
            },
            {
              "chunkKey": "2,0,0",
              "targetRevision": 109,
              "traceId": "trace-101",
              "geometry": {
                "mode": "surface-morph",
                "patchCount": 477,
                "retainedPatchCount": 422,
                "addedPatchCount": 26,
                "removedPatchCount": 29,
                "visibleWaterMeshCount": 1,
                "opacityCrossfade": false
              },
              "progress": 1,
              "frameCount": 9,
              "completed": true,
              "superseded": false,
              "progressSamples": [
                0,
                0.14555555565489664,
                0.30277777777777776,
                0.4450000001324548,
                0.5955555556548966,
                0.7361111111111112,
                0.8644444445768992,
                1,
                1
              ]
            },
            {
              "chunkKey": "1,0,0",
              "targetRevision": 103,
              "traceId": "trace-103",
              "geometry": {
                "mode": "surface-morph",
                "patchCount": 175,
                "retainedPatchCount": 168,
                "addedPatchCount": 4,
                "removedPatchCount": 3,
                "visibleWaterMeshCount": 1,
                "opacityCrossfade": false
              },
              "progress": 1,
              "frameCount": 9,
              "completed": true,
              "superseded": false,
              "progressSamples": [
                0,
                0.1572222222884496,
                0.30055555568801035,
                0.45777777781089146,
                0.6050000000331137,
                0.7544444445106718,
                0.9016666667328941,
                1,
                1
              ]
            },
            {
              "chunkKey": "2,0,-1",
              "targetRevision": 113,
              "traceId": "trace-104",
              "geometry": {
                "mode": "surface-morph",
                "patchCount": 150,
                "retainedPatchCount": 98,
                "addedPatchCount": 0,
                "removedPatchCount": 52,
                "visibleWaterMeshCount": 1,
                "opacityCrossfade": false
              },
              "progress": 1,
              "frameCount": 9,
              "completed": true,
              "superseded": false,
              "progressSamples": [
                0,
                0.15777777764532303,
                0.32833333330021963,
                0.48055555555555557,
                0.6288888888226615,
                0.7755555555224418,
                0.9172222221891085,
                1,
                1
              ]
            },
            {
              "chunkKey": "2,0,0",
              "targetRevision": 119,
              "traceId": "trace-105",
              "geometry": {
                "mode": "surface-morph",
                "patchCount": 462,
                "retainedPatchCount": 158,
                "addedPatchCount": 14,
                "removedPatchCount": 290,
                "visibleWaterMeshCount": 1,
                "opacityCrossfade": false
              },
              "progress": 1,
              "frameCount": 10,
              "completed": true,
              "superseded": false,
              "progressSamples": [
                0,
                0.13222222212288115,
                0.27722222225533594,
                0.411666666633553,
                0.5583333333333333,
                0.6922222221891086,
                0.838333333366447,
                0.9727777777446641,
                1,
                1
              ]
            },
            {
              "chunkKey": "1,0,0",
              "targetRevision": 111,
              "traceId": "trace-106",
              "geometry": {
                "mode": "surface-morph",
                "patchCount": 172,
                "retainedPatchCount": 0,
                "addedPatchCount": 0,
                "removedPatchCount": 172,
                "visibleWaterMeshCount": 1,
                "opacityCrossfade": false
              },
              "progress": 1,
              "frameCount": 9,
              "completed": true,
              "superseded": false,
              "progressSamples": [
                0,
                0.13166666676600774,
                0.30388888898822997,
                0.4400000000993411,
                0.5777777777777777,
                0.7116666667991214,
                0.8794444445106718,
                1,
                1
              ]
            },
            {
              "chunkKey": "1,0,-1",
              "targetRevision": 24,
              "traceId": "trace-107",
              "geometry": {
                "mode": "surface-morph",
                "patchCount": 25,
                "retainedPatchCount": 0,
                "addedPatchCount": 0,
                "removedPatchCount": 25,
                "visibleWaterMeshCount": 1,
                "opacityCrossfade": false
              },
              "progress": 1,
              "frameCount": 9,
              "completed": true,
              "superseded": false,
              "progressSamples": [
                0,
                0.13111111107799742,
                0.2788888888226615,
                0.4327777778108915,
                0.5794444443451033,
                0.7205555554893281,
                0.8705555554893282,
                1,
                1
              ]
            },
            {
              "chunkKey": "2,0,-1",
              "targetRevision": 120,
              "traceId": "trace-108",
              "geometry": {
                "mode": "surface-morph",
                "patchCount": 98,
                "retainedPatchCount": 0,
                "addedPatchCount": 0,
                "removedPatchCount": 98,
                "visibleWaterMeshCount": 1,
                "opacityCrossfade": false
              },
              "progress": 1,
              "frameCount": 10,
              "completed": true,
              "superseded": false,
              "progressSamples": [
                0,
                0.13444444437821707,
                0.2722222222222222,
                0.42611111104488375,
                0.5694444444444444,
                0.7027777777777777,
                0.85,
                0.9833333333333333,
                1,
                1
              ]
            },
            {
              "chunkKey": "2,0,0",
              "targetRevision": 123,
              "traceId": "trace-109",
              "geometry": {
                "mode": "surface-morph",
                "patchCount": 172,
                "retainedPatchCount": 0,
                "addedPatchCount": 0,
                "removedPatchCount": 172,
                "visibleWaterMeshCount": 1,
                "opacityCrossfade": false
              },
              "progress": 1,
              "frameCount": 8,
              "completed": true,
              "superseded": false,
              "progressSamples": [
                0,
                0.24055555562178293,
                0.4272222222553359,
                0.576666666732894,
                0.740555555621783,
                0.8705555556548966,
                1,
                1
              ]
            }
          ]
        },
        "ui": {
          "runtime": "svelte5",
          "shellPublishCount": 63,
          "hudPublishCount": 237,
          "interactionPublishCount": 367,
          "debugProjectionCount": 454,
          "debugPublishCount": 456,
          "staleUpdateCount": 0,
          "coalescedUpdateCount": 23776,
          "domCommitCount": 1025,
          "projectionDurationMs": 1039.099999755621,
          "publishDurationMs": 22.399999886751175,
          "domCommitDurationMs": 1365.4000000059605,
          "debugProjectionRate": 3.10199879900489,
          "totalPublishRate": 7.631466071888136
        },
        "gameplay": {
          "entityCount": 6,
          "worldItemCount": 0,
          "creatureCount": 5,
          "npcCount": 0,
          "nearbyVisitedBucketCount": 27,
          "nearbyCandidateCount": 2,
          "nearbyReturnedCount": 2,
          "inventoryOperationCount": 35,
          "gameplayEventCount": 4071,
          "snapshotBytes": 56482,
          "retainedActorCount": 5,
          "activeActorCount": 3,
          "behaviorEvaluationCount": 0,
          "navigationPlanCount": 0,
          "navigationExpandedNodeCount": 0,
          "pathRecomputeCount": 0,
          "actionCompletionCount": 13,
          "actionFailureCount": 0,
          "actionInterruptionCount": 0,
          "perceptionLineOfSightCheckCount": 0,
          "simulationTime": 227.9,
          "presentedEntityCount": 5
        },
        "breakingOverlay": null,
        "viewmodel": {
          "isolatedLayer": true
        },
        "visualEffects": {
          "activeLocalLights": 0,
          "shadowedLocalLights": 0,
          "localLightLimit": 0,
          "localShadowLimit": 0,
          "sunShadows": false,
          "sunShadowResolution": 0,
          "reflectionEnabled": false,
          "reflectionActive": false,
          "reflectionResolution": 0,
          "reflectionFrameInterval": 0,
          "reflectionRenderCount": 0,
          "waterPlaneY": null,
          "postProcessing": false,
          "shadowUpdateCount": 0,
          "shadowStableFrameCount": 6255,
          "blockLightReady": true,
          "blockLightSourceRevision": 144,
          "blockLightRebuildCount": 1385
        },
        "water": {
          "bodyFraction": 0,
          "wading": false,
          "swimming": false,
          "cameraSubmerged": false,
          "cameraDepth": null,
          "waterSurfaceY": null,
          "underwaterBlend": 0
        }
      },
      "logicEvidence": []
    },
    {
      "schemaVersion": 1,
      "status": "FAIL",
      "attempt": 0,
      "test": "非 Classic Playbook 从锁定 production artifact 启动并消费自定义 worldgen/voxel/presentation",
      "project": "chromium",
      "benchmark": false,
      "stages": {},
      "errors": [],
      "current": null,
      "logicEvidence": []
    }
  ]
}
