{
  "schemaVersion": 1,
  "status": "FAIL",
  "attempts": [
    {
      "schemaVersion": 1,
      "status": "FAIL",
      "attempt": 0,
      "test": "Classic 生产旅程以真实输入完成 C0-C5，并复用同一运行时性能场景",
      "project": "chromium",
      "benchmark": false,
      "stages": {
        "C0": {
          "status": "PASS",
          "observation": "Production preview loaded the fixed seed with a stamped Classic composition, Authority/logic/persistence/compute Workers, consumed Wasm bytes and an actual WebGL2 context."
        },
        "C1": {
          "status": "PASS",
          "observation": "Pointer Lock mouse movement changed the route, then held W+Space crossed from Chunk 0 to Chunk 1 and Authority acknowledged it."
        },
        "C2": {
          "status": "PASS",
          "observation": "Mouse mining produced visible drops; movement picked them up; E opened inventory and real 2x2 pointer interactions produced planks, sticks, a wood sword and a workbench."
        },
        "C3": {
          "status": "PASS",
          "observation": "Right click placed crafted planks with a consumed mesh commit; inventory food restored health; held real mouse input buffered and completed the wood-sword second combo hit before defeating the fixed creature; a crafted workbench was placed, opened through the station runtime, then dismantled and recovered through real actions."
        }
      },
      "errors": [
        "Error: \u001b[2mexpect(\u001b[22m\u001b[31mreceived\u001b[39m\u001b[2m).\u001b[22mtoBe\u001b[2m(\u001b[22m\u001b[32mexpected\u001b[39m\u001b[2m) // Object.is equality\u001b[22m\n\nExpected: \u001b[32m\"seedlands:classic-canonical-runtime-v11:1\u001b[7m:world:0\u001b[27m\"\u001b[39m\nReceived: \u001b[31m\"seedlands:classic-canonical-runtime-v11:1\"\u001b[39m"
      ],
      "current": {
        "frameMs": 23.100000008940697,
        "player": [
          67.44420623779297,
          32.60000228881836,
          0.49207794666290283
        ],
        "viewAngles": [
          -79.72999999999999,
          -31.339999999999996
        ],
        "streamCenter": [
          2,
          0
        ],
        "loadedChunks": 24,
        "renderedChunks": 14,
        "generationQueue": 1,
        "meshingQueue": 0,
        "deferredRemeshes": 0,
        "onGround": true,
        "colliding": false,
        "interactionAttempts": 13,
        "mutationCount": 4256,
        "worldRevision": 142,
        "structuralEventCount": 142,
        "remeshSchedulingCount": 137,
        "lastCommitMutationCount": 2,
        "lastCommitMeshChunkCount": 4,
        "storageBytes": 33945709,
        "worldTime": 19.91999999999601,
        "timePaused": false,
        "quality": "low",
        "triangles": 90332,
        "drawCalls": 26,
        "blockLightBricks": 24,
        "blockLightAllocatedBytes": 6291456,
        "blockLightRebuildCount": 1229,
        "collisionDebug": {
          "enabled": false,
          "entityCount": 0,
          "meshCount": 0,
          "materialCount": 0,
          "visibleBatchCount": 0,
          "vertexCapacity": 0,
          "buildCount": 0,
          "authorityRequestCount": 0
        },
        "runtime": "authority-worker",
        "workers": {
          "total": 5,
          "authority": 1,
          "logic": 1,
          "persistence": 1,
          "fluid": 1,
          "general": 1
        },
        "authority": {
          "physicsHz": 60,
          "paused": true,
          "physicsTick": 12045,
          "integratedPhysicsTimeMs": 200749.9999999747,
          "acknowledgedInputSequence": 5255,
          "physicsDebtMs": 10.600000002363231,
          "activeTimeMs": 200760.59999997707,
          "commitSequence": 50994,
          "physicsCost": {
            "count": 12045,
            "capacity": 256,
            "samplesMs": [
              0.30000001192092896,
              0.30000001192092896,
              0.20000000298023224,
              0.4000000059604645,
              0.19999998807907104,
              0.5,
              0.3999999910593033,
              0.5,
              0.29999999701976776,
              0.4000000059604645,
              0.5,
              0.29999999701976776,
              0.30000001192092896,
              0.3999999910593033,
              0.30000001192092896,
              0.19999998807907104,
              0.29999999701976776,
              0.20000000298023224,
              0.29999999701976776,
              0.29999999701976776,
              0.20000000298023224,
              0.30000001192092896,
              0.19999998807907104,
              0.09999999403953552,
              0.20000000298023224,
              0.29999999701976776,
              0.4000000059604645,
              0.20000000298023224,
              0.30000001192092896,
              0.29999999701976776,
              0.29999999701976776,
              0.20000000298023224,
              0.20000000298023224,
              0.30000001192092896,
              0.29999999701976776,
              0.09999999403953552,
              0.29999999701976776,
              0.20000000298023224,
              0.29999999701976776,
              0.19999998807907104,
              0.29999999701976776,
              0.20000000298023224,
              0.29999999701976776,
              0.20000000298023224,
              0.20000000298023224,
              0.20000000298023224,
              0.30000001192092896,
              0.29999999701976776,
              0.09999999403953552,
              0.30000001192092896,
              0.20000000298023224,
              0.20000000298023224,
              0.3999999910593033,
              0.20000000298023224,
              0.29999999701976776,
              0.29999999701976776,
              0.19999998807907104,
              0.20000000298023224,
              0.20000000298023224,
              0.29999999701976776,
              0.20000000298023224,
              0.29999999701976776,
              0.20000000298023224,
              0.10000000894069672,
              0.20000000298023224,
              0.19999998807907104,
              0.29999999701976776,
              0.20000000298023224,
              0.20000000298023224,
              0.29999999701976776,
              0.20000000298023224,
              0.30000001192092896,
              0.19999998807907104,
              0.29999999701976776,
              0.29999999701976776,
              0.30000001192092896,
              0.20000000298023224,
              0.20000000298023224,
              0.20000000298023224,
              0.30000001192092896,
              0.19999998807907104,
              0.19999998807907104,
              0.29999999701976776,
              0.30000001192092896,
              0.20000000298023224,
              0.29999999701976776,
              0.29999999701976776,
              0.29999999701976776,
              0.20000000298023224,
              0.20000000298023224,
              0.20000000298023224,
              0.20000000298023224,
              0.20000000298023224,
              0.20000000298023224,
              0.20000000298023224,
              0.29999999701976776,
              0.20000000298023224,
              0.09999999403953552,
              0.20000000298023224,
              0.29999999701976776,
              0.20000000298023224,
              0.29999999701976776,
              0.29999999701976776,
              0.29999999701976776,
              0.20000000298023224,
              0.19999998807907104,
              0.20000000298023224,
              0.19999998807907104,
              0.20000000298023224,
              0.20000000298023224,
              0.29999999701976776,
              0.29999999701976776,
              0.29999999701976776,
              0.20000000298023224,
              0.29999999701976776,
              0.29999999701976776,
              0.09999999403953552,
              0.29999999701976776,
              0.29999999701976776,
              0.29999999701976776,
              0.10000000894069672,
              0.20000000298023224,
              0.20000000298023224,
              0.10000000894069672,
              0.19999998807907104,
              0.19999998807907104,
              0.20000000298023224,
              0.19999998807907104,
              0.29999999701976776,
              0.29999999701976776,
              0.10000000894069672,
              0.09999999403953552,
              0.09999999403953552,
              0.19999998807907104,
              0.20000000298023224,
              0.29999999701976776,
              0.20000000298023224,
              0.20000000298023224,
              0.20000000298023224,
              0.29999999701976776,
              0.29999999701976776,
              0.20000000298023224,
              0.20000000298023224,
              0.20000000298023224,
              0.29999999701976776,
              0.29999999701976776,
              0.5999999940395355,
              0.20000000298023224,
              0.20000000298023224,
              0.29999999701976776,
              0.20000000298023224,
              0.19999998807907104,
              0.5,
              0.29999999701976776,
              0.30000001192092896,
              0.09999999403953552,
              0.20000000298023224,
              0.09999999403953552,
              0.4000000059604645,
              0.29999999701976776,
              0.19999998807907104,
              0.20000000298023224,
              0.20000000298023224,
              0.20000000298023224,
              0.19999998807907104,
              0.20000000298023224,
              0.29999999701976776,
              0.29999999701976776,
              0.20000000298023224,
              0.20000000298023224,
              0.30000001192092896,
              0.20000000298023224,
              0.29999999701976776,
              0.20000000298023224,
              0.19999998807907104,
              0.29999999701976776,
              0.29999999701976776,
              0.29999999701976776,
              0.20000000298023224,
              0.20000000298023224,
              0.19999998807907104,
              0.19999998807907104,
              0.29999999701976776,
              0.19999998807907104,
              0.20000000298023224,
              0.29999999701976776,
              0.19999998807907104,
              0.20000000298023224,
              0.3999999910593033,
              0.20000000298023224,
              0.29999999701976776,
              0.29999999701976776,
              0.19999998807907104,
              0.29999999701976776,
              0.29999999701976776,
              0.20000000298023224,
              0.20000000298023224,
              0.29999999701976776,
              0.29999999701976776,
              0.29999999701976776,
              0.20000000298023224,
              0.20000000298023224,
              0.20000000298023224,
              0.29999999701976776,
              0.20000000298023224,
              0.29999999701976776,
              0.20000000298023224,
              0.10000000894069672,
              0.20000000298023224,
              0.20000000298023224,
              0.29999999701976776,
              0.3999999910593033,
              0.29999999701976776,
              0.29999999701976776,
              0.29999999701976776,
              0.30000001192092896,
              0.29999999701976776,
              0.4000000059604645,
              0.20000000298023224,
              0.29999999701976776,
              0.20000000298023224,
              0.29999999701976776,
              0.29999999701976776,
              0.29999999701976776,
              0.29999999701976776,
              0.29999999701976776,
              0.29999999701976776,
              0.19999998807907104,
              0.29999999701976776,
              0.30000001192092896,
              0.30000001192092896,
              0.29999999701976776,
              0.20000000298023224,
              0.29999999701976776,
              0.29999999701976776,
              0.20000000298023224,
              0.29999999701976776,
              0.30000001192092896,
              0.19999998807907104,
              0.3999999910593033,
              0.20000000298023224,
              0.29999999701976776,
              0.20000000298023224,
              0.29999999701976776,
              0.29999999701976776,
              0.29999999701976776,
              0.20000000298023224,
              0.29999999701976776,
              0.20000000298023224,
              0.29999999701976776,
              0.30000001192092896,
              0.20000000298023224,
              0.20000000298023224,
              0.29999999701976776,
              0.29999999701976776,
              0.20000000298023224
            ]
          },
          "fluid": {
            "pendingCellCount": 0,
            "inFlightLeaseCount": 0,
            "acceptedCandidateCount": 128,
            "rejectedCandidateCount": 0,
            "returnedLeaseCount": 0,
            "issuedLeaseCount": 128,
            "settledLeaseCount": 128
          },
          "residency": {
            "residentCount": 59,
            "target": 256,
            "hardLimit": 2048,
            "pinnedCount": 38,
            "dirtyCount": 0,
            "evictableCleanCount": 21,
            "evictionCount": 0,
            "rejectedAdmissionCount": 0,
            "oversubscribed": false,
            "autoSaveInFlight": false,
            "autoSaveFailureCount": 0,
            "nextRetryActiveTimeMs": 0,
            "lastSaveError": null
          },
          "bodies": {
            "total": 4,
            "actors": 4,
            "worldItems": 0,
            "nearPlayer": 1
          },
          "snapshotRejections": {
            "wrong-epoch": 0,
            "duplicate": 87,
            "physics-tick-regressed": 0,
            "commit-regressed": 0,
            "ack-regressed": 0
          }
        },
        "logic": {
          "blockStartedCount": 0,
          "blockCompletedCount": 0,
          "observationInFlight": true,
          "pendingObservationCount": 0,
          "submittedObservationCount": 2717,
          "receivedBatchCount": 2716,
          "completedBatchCount": 2716,
          "rejectedBatchCount": 0,
          "lastRoundTripMs": 2.3999999910593033
        },
        "trajectory": [
          {
            "physicsTick": 11716,
            "activeTimeMs": 195267.899999989,
            "position": [
              66.50716600723034,
              32.6,
              2.388660445013537
            ]
          },
          {
            "physicsTick": 11717,
            "activeTimeMs": 195290.59999999197,
            "position": [
              66.50716600723034,
              32.6,
              2.388660445013537
            ]
          },
          {
            "physicsTick": 11718,
            "activeTimeMs": 195308.199999986,
            "position": [
              66.50716600723034,
              32.6,
              2.388660445013537
            ]
          },
          {
            "physicsTick": 11719,
            "activeTimeMs": 195329.59999999197,
            "position": [
              66.50716600723034,
              32.6,
              2.388660445013537
            ]
          },
          {
            "physicsTick": 11720,
            "activeTimeMs": 195348.699999986,
            "position": [
              66.50716600723034,
              32.6,
              2.388660445013537
            ]
          },
          {
            "physicsTick": 11722,
            "activeTimeMs": 195370.899999989,
            "position": [
              66.50716600723034,
              32.6,
              2.388660445013537
            ]
          },
          {
            "physicsTick": 11723,
            "activeTimeMs": 195395.399999989,
            "position": [
              66.50716600723034,
              32.6,
              2.388660445013537
            ]
          },
          {
            "physicsTick": 11725,
            "activeTimeMs": 195418.199999986,
            "position": [
              66.50716600723034,
              32.6,
              2.388660445013537
            ]
          },
          {
            "physicsTick": 11726,
            "activeTimeMs": 195441.59999999197,
            "position": [
              66.50716600723034,
              32.6,
              2.388660445013537
            ]
          },
          {
            "physicsTick": 11727,
            "activeTimeMs": 195460.09999999197,
            "position": [
              66.50716600723034,
              32.6,
              2.388660445013537
            ]
          },
          {
            "physicsTick": 11728,
            "activeTimeMs": 195482.699999986,
            "position": [
              66.50716600723034,
              32.6,
              2.388660445013537
            ]
          },
          {
            "physicsTick": 11729,
            "activeTimeMs": 195499.399999989,
            "position": [
              66.50716600723034,
              32.6,
              2.388660445013537
            ]
          },
          {
            "physicsTick": 11731,
            "activeTimeMs": 195523.29999999495,
            "position": [
              66.50716600723034,
              32.6,
              2.388660445013537
            ]
          },
          {
            "physicsTick": 11732,
            "activeTimeMs": 195546.59999999197,
            "position": [
              66.50716600723034,
              32.6,
              2.388660445013537
            ]
          },
          {
            "physicsTick": 11734,
            "activeTimeMs": 195569.49999999793,
            "position": [
              66.50716600723034,
              32.6,
              2.388660445013537
            ]
          },
          {
            "physicsTick": 11735,
            "activeTimeMs": 195586.59999999197,
            "position": [
              66.50716600723034,
              32.6,
              2.388660445013537
            ]
          },
          {
            "physicsTick": 11736,
            "activeTimeMs": 195603.399999989,
            "position": [
              66.50716600723034,
              32.6,
              2.388660445013537
            ]
          },
          {
            "physicsTick": 11737,
            "activeTimeMs": 195624.59999999197,
            "position": [
              66.50716600723034,
              32.6,
              2.388660445013537
            ]
          },
          {
            "physicsTick": 11738,
            "activeTimeMs": 195641.79999999495,
            "position": [
              66.50716600723034,
              32.6,
              2.388660445013537
            ]
          },
          {
            "physicsTick": 11740,
            "activeTimeMs": 195668.29999999495,
            "position": [
              66.50716600723034,
              32.6,
              2.388660445013537
            ]
          },
          {
            "physicsTick": 11741,
            "activeTimeMs": 195690.399999989,
            "position": [
              66.50716600723034,
              32.6,
              2.388660445013537
            ]
          },
          {
            "physicsTick": 11742,
            "activeTimeMs": 195713.49999999793,
            "position": [
              66.50716600723034,
              32.6,
              2.388660445013537
            ]
          },
          {
            "physicsTick": 11744,
            "activeTimeMs": 195739.79999999495,
            "position": [
              66.50716600723034,
              32.6,
              2.388660445013537
            ]
          },
          {
            "physicsTick": 11745,
            "activeTimeMs": 195762.399999989,
            "position": [
              66.50716600723034,
              32.6,
              2.388660445013537
            ]
          },
          {
            "physicsTick": 11747,
            "activeTimeMs": 195787.29999999495,
            "position": [
              66.50716600723034,
              32.6,
              2.388660445013537
            ]
          },
          {
            "physicsTick": 11748,
            "activeTimeMs": 195809.59999999197,
            "position": [
              66.50716600723034,
              32.6,
              2.388660445013537
            ]
          },
          {
            "physicsTick": 11749,
            "activeTimeMs": 195832.699999986,
            "position": [
              66.50716600723034,
              32.6,
              2.388660445013537
            ]
          },
          {
            "physicsTick": 11751,
            "activeTimeMs": 195850.899999989,
            "position": [
              66.50716600723034,
              32.6,
              2.388660445013537
            ]
          },
          {
            "physicsTick": 11752,
            "activeTimeMs": 195875.29999999495,
            "position": [
              66.50716600723034,
              32.6,
              2.388660445013537
            ]
          },
          {
            "physicsTick": 11753,
            "activeTimeMs": 195897.79999999495,
            "position": [
              66.50716600723034,
              32.6,
              2.388660445013537
            ]
          },
          {
            "physicsTick": 11755,
            "activeTimeMs": 195920.49999999793,
            "position": [
              66.50716600723034,
              32.6,
              2.388660445013537
            ]
          },
          {
            "physicsTick": 11756,
            "activeTimeMs": 195948.09999999197,
            "position": [
              66.50716600723034,
              32.6,
              2.388660445013537
            ]
          },
          {
            "physicsTick": 11758,
            "activeTimeMs": 195970.09999999197,
            "position": [
              66.50716600723034,
              32.6,
              2.388660445013537
            ]
          },
          {
            "physicsTick": 11759,
            "activeTimeMs": 195987.199999986,
            "position": [
              66.50716600723034,
              32.6,
              2.388660445013537
            ]
          },
          {
            "physicsTick": 11760,
            "activeTimeMs": 196009.79999999495,
            "position": [
              66.50716600723034,
              32.6,
              2.388660445013537
            ]
          },
          {
            "physicsTick": 11761,
            "activeTimeMs": 196028.59999999197,
            "position": [
              66.50716600723034,
              32.6,
              2.388660445013537
            ]
          },
          {
            "physicsTick": 11763,
            "activeTimeMs": 196051.399999989,
            "position": [
              66.50716600723034,
              32.6,
              2.388660445013537
            ]
          },
          {
            "physicsTick": 11764,
            "activeTimeMs": 196074.899999989,
            "position": [
              66.50716600723034,
              32.6,
              2.388660445013537
            ]
          },
          {
            "physicsTick": 11766,
            "activeTimeMs": 196100.49999999793,
            "position": [
              66.50716600723034,
              32.6,
              2.388660445013537
            ]
          },
          {
            "physicsTick": 11767,
            "activeTimeMs": 196123.59999999197,
            "position": [
              66.50716600723034,
              32.6,
              2.388660445013537
            ]
          },
          {
            "physicsTick": 11768,
            "activeTimeMs": 196145.49999999793,
            "position": [
              66.50716600723034,
              32.6,
              2.388660445013537
            ]
          },
          {
            "physicsTick": 11770,
            "activeTimeMs": 196170.79999999495,
            "position": [
              66.50716600723034,
              32.6,
              2.388660445013537
            ]
          },
          {
            "physicsTick": 11771,
            "activeTimeMs": 196191.899999989,
            "position": [
              66.50716600723034,
              32.6,
              2.388660445013537
            ]
          },
          {
            "physicsTick": 11772,
            "activeTimeMs": 196208.99999999793,
            "position": [
              66.50716600723034,
              32.6,
              2.388660445013537
            ]
          },
          {
            "physicsTick": 11773,
            "activeTimeMs": 196228.09999999197,
            "position": [
              66.50716600723034,
              32.6,
              2.388660445013537
            ]
          },
          {
            "physicsTick": 11775,
            "activeTimeMs": 196250.79999999495,
            "position": [
              66.50716600723034,
              32.6,
              2.388660445013537
            ]
          },
          {
            "physicsTick": 11776,
            "activeTimeMs": 196267.99999999793,
            "position": [
              66.50716600723034,
              32.6,
              2.388660445013537
            ]
          },
          {
            "physicsTick": 11777,
            "activeTimeMs": 196288.59999999197,
            "position": [
              66.50716600723034,
              32.6,
              2.388660445013537
            ]
          },
          {
            "physicsTick": 11778,
            "activeTimeMs": 196308.09999999197,
            "position": [
              66.50716600723034,
              32.6,
              2.388660445013537
            ]
          },
          {
            "physicsTick": 11779,
            "activeTimeMs": 196329.899999989,
            "position": [
              66.50716600723034,
              32.6,
              2.388660445013537
            ]
          },
          {
            "physicsTick": 11781,
            "activeTimeMs": 196353.59999999197,
            "position": [
              66.50716600723034,
              32.6,
              2.388660445013537
            ]
          },
          {
            "physicsTick": 11782,
            "activeTimeMs": 196370.899999989,
            "position": [
              66.50716600723034,
              32.6,
              2.388660445013537
            ]
          },
          {
            "physicsTick": 11783,
            "activeTimeMs": 196388.199999986,
            "position": [
              66.50716600723034,
              32.6,
              2.388660445013537
            ]
          },
          {
            "physicsTick": 11784,
            "activeTimeMs": 196410.99999999793,
            "position": [
              66.50716600723034,
              32.6,
              2.388660445013537
            ]
          },
          {
            "physicsTick": 11786,
            "activeTimeMs": 196434.79999999495,
            "position": [
              66.50716600723034,
              32.6,
              2.388660445013537
            ]
          },
          {
            "physicsTick": 11787,
            "activeTimeMs": 196456.199999986,
            "position": [
              66.50716600723034,
              32.6,
              2.388660445013537
            ]
          },
          {
            "physicsTick": 11788,
            "activeTimeMs": 196482.79999999495,
            "position": [
              66.50716600723034,
              32.6,
              2.388660445013537
            ]
          },
          {
            "physicsTick": 11790,
            "activeTimeMs": 196507.699999986,
            "position": [
              66.50716600723034,
              32.6,
              2.388660445013537
            ]
          },
          {
            "physicsTick": 11791,
            "activeTimeMs": 196529.59999999197,
            "position": [
              66.50716600723034,
              32.6,
              2.388660445013537
            ]
          },
          {
            "physicsTick": 11793,
            "activeTimeMs": 196552.199999986,
            "position": [
              66.50716600723034,
              32.6,
              2.388660445013537
            ]
          },
          {
            "physicsTick": 11794,
            "activeTimeMs": 196570.899999989,
            "position": [
              66.50716600723034,
              32.6,
              2.388660445013537
            ]
          },
          {
            "physicsTick": 11794,
            "activeTimeMs": 196573.699999986,
            "position": [
              66.50716600723034,
              32.6,
              2.388660445013537
            ]
          },
          {
            "physicsTick": 11794,
            "activeTimeMs": 196573.699999986,
            "position": [
              66.50716600723034,
              32.6,
              2.388660445013537
            ]
          },
          {
            "physicsTick": 11794,
            "activeTimeMs": 196573.699999986,
            "position": [
              66.50716600723034,
              32.6,
              2.388660445013537
            ]
          },
          {
            "physicsTick": 11795,
            "activeTimeMs": 196586.49999998303,
            "position": [
              66.50716600723034,
              32.6,
              2.388660445013537
            ]
          },
          {
            "physicsTick": 11796,
            "activeTimeMs": 196603.699999986,
            "position": [
              66.50716600723034,
              32.6,
              2.388660445013537
            ]
          },
          {
            "physicsTick": 11797,
            "activeTimeMs": 196627.699999986,
            "position": [
              66.50716600723034,
              32.6,
              2.388660445013537
            ]
          },
          {
            "physicsTick": 11799,
            "activeTimeMs": 196651.399999989,
            "position": [
              66.50716600723034,
              32.6,
              2.388660445013537
            ]
          },
          {
            "physicsTick": 11800,
            "activeTimeMs": 196669.09999997707,
            "position": [
              66.50716600723034,
              32.6,
              2.388660445013537
            ]
          },
          {
            "physicsTick": 11801,
            "activeTimeMs": 196692.399999989,
            "position": [
              66.50716600723034,
              32.6,
              2.388660445013537
            ]
          },
          {
            "physicsTick": 11802,
            "activeTimeMs": 196713.09999997707,
            "position": [
              66.50716600723034,
              32.6,
              2.388660445013537
            ]
          },
          {
            "physicsTick": 11803,
            "activeTimeMs": 196731.59999997707,
            "position": [
              66.50716600723034,
              32.6,
              2.388660445013537
            ]
          },
          {
            "physicsTick": 11804,
            "activeTimeMs": 196749.199999986,
            "position": [
              66.50716600723034,
              32.6,
              2.388660445013537
            ]
          },
          {
            "physicsTick": 11806,
            "activeTimeMs": 196772.399999989,
            "position": [
              66.50716600723034,
              32.6,
              2.388660445013537
            ]
          },
          {
            "physicsTick": 11807,
            "activeTimeMs": 196796.09999997707,
            "position": [
              66.50716600723034,
              32.6,
              2.388660445013537
            ]
          },
          {
            "physicsTick": 11809,
            "activeTimeMs": 196819.699999986,
            "position": [
              66.50716600723034,
              32.6,
              2.388660445013537
            ]
          },
          {
            "physicsTick": 11810,
            "activeTimeMs": 196836.699999986,
            "position": [
              66.50716600723034,
              32.6,
              2.388660445013537
            ]
          },
          {
            "physicsTick": 11811,
            "activeTimeMs": 196858.49999998303,
            "position": [
              66.50716600723034,
              32.6,
              2.388660445013537
            ]
          },
          {
            "physicsTick": 11812,
            "activeTimeMs": 196876.899999989,
            "position": [
              66.50716600723034,
              32.6,
              2.388660445013537
            ]
          },
          {
            "physicsTick": 11813,
            "activeTimeMs": 196897.49999998303,
            "position": [
              66.50716600723034,
              32.6,
              2.388660445013537
            ]
          },
          {
            "physicsTick": 11815,
            "activeTimeMs": 196921.79999998005,
            "position": [
              66.50716600723034,
              32.6,
              2.388660445013537
            ]
          },
          {
            "physicsTick": 11816,
            "activeTimeMs": 196949.199999986,
            "position": [
              66.50716600723034,
              32.6,
              2.388660445013537
            ]
          },
          {
            "physicsTick": 11818,
            "activeTimeMs": 196972.59999997707,
            "position": [
              66.50716600723034,
              32.6,
              2.388660445013537
            ]
          },
          {
            "physicsTick": 11819,
            "activeTimeMs": 196995.59999997707,
            "position": [
              66.50716600723034,
              32.6,
              2.388660445013537
            ]
          },
          {
            "physicsTick": 11821,
            "activeTimeMs": 197019.59999997707,
            "position": [
              66.50716600723034,
              32.6,
              2.388660445013537
            ]
          },
          {
            "physicsTick": 11822,
            "activeTimeMs": 197041.49999998303,
            "position": [
              66.50716600723034,
              32.6,
              2.388660445013537
            ]
          },
          {
            "physicsTick": 11823,
            "activeTimeMs": 197058.29999998005,
            "position": [
              66.50716600723034,
              32.6,
              2.388660445013537
            ]
          },
          {
            "physicsTick": 11825,
            "activeTimeMs": 197085.59999997707,
            "position": [
              66.50716600723034,
              32.6,
              2.388660445013537
            ]
          },
          {
            "physicsTick": 11826,
            "activeTimeMs": 197106.09999997707,
            "position": [
              66.50716600723034,
              32.6,
              2.388660445013537
            ]
          },
          {
            "physicsTick": 11827,
            "activeTimeMs": 197122.99999998303,
            "position": [
              66.50716600723034,
              32.6,
              2.388660445013537
            ]
          },
          {
            "physicsTick": 11828,
            "activeTimeMs": 197139.79999998005,
            "position": [
              66.50716600723034,
              32.6,
              2.388660445013537
            ]
          },
          {
            "physicsTick": 11829,
            "activeTimeMs": 197162.29999998005,
            "position": [
              66.50716600723034,
              32.6,
              2.388660445013537
            ]
          },
          {
            "physicsTick": 11830,
            "activeTimeMs": 197180.49999998303,
            "position": [
              66.50716600723034,
              32.6,
              2.388660445013537
            ]
          },
          {
            "physicsTick": 11832,
            "activeTimeMs": 197204.699999986,
            "position": [
              66.50716600723034,
              32.6,
              2.388660445013537
            ]
          },
          {
            "physicsTick": 11833,
            "activeTimeMs": 197227.399999989,
            "position": [
              66.50716600723034,
              32.6,
              2.388660445013537
            ]
          },
          {
            "physicsTick": 11835,
            "activeTimeMs": 197252.199999986,
            "position": [
              66.50716600723034,
              32.6,
              2.388660445013537
            ]
          },
          {
            "physicsTick": 11836,
            "activeTimeMs": 197277.59999997707,
            "position": [
              66.50716600723034,
              32.6,
              2.388660445013537
            ]
          },
          {
            "physicsTick": 11837,
            "activeTimeMs": 197298.49999998303,
            "position": [
              66.50716600723034,
              32.6,
              2.388660445013537
            ]
          },
          {
            "physicsTick": 11839,
            "activeTimeMs": 197325.09999997707,
            "position": [
              66.50716600723034,
              32.6,
              2.388660445013537
            ]
          },
          {
            "physicsTick": 11840,
            "activeTimeMs": 197348.29999998005,
            "position": [
              66.50716600723034,
              32.6,
              2.388660445013537
            ]
          },
          {
            "physicsTick": 11842,
            "activeTimeMs": 197371.699999986,
            "position": [
              66.50716600723034,
              32.6,
              2.388660445013537
            ]
          },
          {
            "physicsTick": 11843,
            "activeTimeMs": 197395.59999997707,
            "position": [
              66.50716600723034,
              32.6,
              2.388660445013537
            ]
          },
          {
            "physicsTick": 11845,
            "activeTimeMs": 197417.699999986,
            "position": [
              66.50716600723034,
              32.6,
              2.388660445013537
            ]
          },
          {
            "physicsTick": 11846,
            "activeTimeMs": 197435.399999989,
            "position": [
              66.50716600723034,
              32.6,
              2.388660445013537
            ]
          },
          {
            "physicsTick": 11847,
            "activeTimeMs": 197453.29999998005,
            "position": [
              66.50716600723034,
              32.6,
              2.388660445013537
            ]
          },
          {
            "physicsTick": 11848,
            "activeTimeMs": 197477.49999998303,
            "position": [
              66.50716600723034,
              32.6,
              2.388660445013537
            ]
          },
          {
            "physicsTick": 11850,
            "activeTimeMs": 197501.29999998005,
            "position": [
              66.50716600723034,
              32.6,
              2.388660445013537
            ]
          },
          {
            "physicsTick": 11851,
            "activeTimeMs": 197524.699999986,
            "position": [
              66.52105489611922,
              32.6,
              2.374771556124648
            ]
          },
          {
            "physicsTick": 11852,
            "activeTimeMs": 197547.399999989,
            "position": [
              66.548832673897,
              32.6,
              2.3469937783468704
            ]
          },
          {
            "physicsTick": 11854,
            "activeTimeMs": 197572.199999986,
            "position": [
              66.61862850939262,
              32.6,
              2.2497715561246485
            ]
          },
          {
            "physicsTick": 11855,
            "activeTimeMs": 197596.59999997707,
            "position": [
              66.65352642714043,
              32.6,
              2.183385297479753
            ]
          },
          {
            "physicsTick": 11857,
            "activeTimeMs": 197619.99999998303,
            "position": [
              66.72332226263606,
              32.80166666666666,
              2.0506127801899625
            ]
          },
          {
            "physicsTick": 11858,
            "activeTimeMs": 197643.59999997707,
            "position": [
              66.75822018038387,
              32.894999999999996,
              1.9842265215450672
            ]
          },
          {
            "physicsTick": 11860,
            "activeTimeMs": 197667.79999998005,
            "position": [
              66.8280160158795,
              33.06666666666666,
              1.8514540042552765
            ]
          },
          {
            "physicsTick": 11861,
            "activeTimeMs": 197693.59999997707,
            "position": [
              66.86291393362731,
              33.144999999999996,
              1.7850677456103812
            ]
          },
          {
            "physicsTick": 11862,
            "activeTimeMs": 197715.899999989,
            "position": [
              66.89781185137512,
              33.218333333333334,
              1.7186814869654858
            ]
          },
          {
            "physicsTick": 11864,
            "activeTimeMs": 197740.699999986,
            "position": [
              66.96760768687075,
              33.35,
              1.5859089696756952
            ]
          },
          {
            "physicsTick": 11865,
            "activeTimeMs": 197762.199999986,
            "position": [
              67.00250560461856,
              33.40833333333333,
              1.5195227110307998
            ]
          },
          {
            "physicsTick": 11866,
            "activeTimeMs": 197779.49999998303,
            "position": [
              67.03740352236638,
              33.461666666666666,
              1.4531364523859045
            ]
          },
          {
            "physicsTick": 11868,
            "activeTimeMs": 197803.399999989,
            "position": [
              67.107199357862,
              33.553333333333335,
              1.3203639350961138
            ]
          },
          {
            "physicsTick": 11869,
            "activeTimeMs": 197820.59999997707,
            "position": [
              67.14209727560981,
              33.59166666666667,
              1.2539776764512185
            ]
          },
          {
            "physicsTick": 11870,
            "activeTimeMs": 197837.399999989,
            "position": [
              67.17699519335763,
              33.625,
              1.1875914178063232
            ]
          },
          {
            "physicsTick": 11871,
            "activeTimeMs": 197859.199999986,
            "position": [
              67.21189311110544,
              33.653333333333336,
              1.1212051591614278
            ]
          },
          {
            "physicsTick": 11872,
            "activeTimeMs": 197881.09999997707,
            "position": [
              67.24679102885325,
              33.67666666666667,
              1.0548189005165325
            ]
          },
          {
            "physicsTick": 11873,
            "activeTimeMs": 197899.399999989,
            "position": [
              67.28168894660107,
              33.695,
              0.9884326418716372
            ]
          },
          {
            "physicsTick": 11875,
            "activeTimeMs": 197922.899999989,
            "position": [
              67.35148478209669,
              33.71666666666667,
              0.8556601245818465
            ]
          },
          {
            "physicsTick": 11876,
            "activeTimeMs": 197939.899999989,
            "position": [
              67.38082714428894,
              33.72,
              0.7948294214925067
            ]
          },
          {
            "physicsTick": 11877,
            "activeTimeMs": 197962.79999998005,
            "position": [
              67.40461395092565,
              33.718333333333334,
              0.7395542739587224
            ]
          },
          {
            "physicsTick": 11878,
            "activeTimeMs": 197980.399999989,
            "position": [
              67.4228452020068,
              33.711666666666666,
              0.6898346819804937
            ]
          },
          {
            "physicsTick": 11880,
            "activeTimeMs": 198003.699999986,
            "position": [
              67.44264103750243,
              33.68333333333334,
              0.6070621646907031
            ]
          },
          {
            "physicsTick": 11881,
            "activeTimeMs": 198027.399999989,
            "position": [
              67.44420562191691,
              33.66166666666667,
              0.5740092393791411
            ]
          },
          {
            "physicsTick": 11882,
            "activeTimeMs": 198049.59999997707,
            "position": [
              67.44420562191691,
              33.635000000000005,
              0.5465118696231346
            ]
          },
          {
            "physicsTick": 11884,
            "activeTimeMs": 198066.699999986,
            "position": [
              67.44420562191691,
              33.56666666666667,
              0.5081837967777884
            ]
          },
          {
            "physicsTick": 11885,
            "activeTimeMs": 198083.699999986,
            "position": [
              67.44420562191691,
              33.525000000000006,
              0.49735309368844854
            ]
          },
          {
            "physicsTick": 11886,
            "activeTimeMs": 198109.09999997707,
            "position": [
              67.44420562191691,
              33.47833333333334,
              0.4920779461546643
            ]
          },
          {
            "physicsTick": 11887,
            "activeTimeMs": 198131.399999989,
            "position": [
              67.44420562191691,
              33.42666666666667,
              0.4920779461546643
            ]
          },
          {
            "physicsTick": 11889,
            "activeTimeMs": 198155.399999989,
            "position": [
              67.44420562191691,
              33.30833333333334,
              0.4920779461546643
            ]
          },
          {
            "physicsTick": 11890,
            "activeTimeMs": 198172.29999998005,
            "position": [
              67.44420562191691,
              33.241666666666674,
              0.4920779461546643
            ]
          },
          {
            "physicsTick": 11891,
            "activeTimeMs": 198195.199999986,
            "position": [
              67.44420562191691,
              33.17000000000001,
              0.4920779461546643
            ]
          },
          {
            "physicsTick": 11892,
            "activeTimeMs": 198212.699999986,
            "position": [
              67.44420562191691,
              33.09333333333334,
              0.4920779461546643
            ]
          },
          {
            "physicsTick": 11894,
            "activeTimeMs": 198236.199999986,
            "position": [
              67.44420562191691,
              32.925000000000004,
              0.4920779461546643
            ]
          },
          {
            "physicsTick": 11895,
            "activeTimeMs": 198259.899999989,
            "position": [
              67.44420562191691,
              32.83333333333334,
              0.4920779461546643
            ]
          },
          {
            "physicsTick": 11896,
            "activeTimeMs": 198277.199999986,
            "position": [
              67.44420562191691,
              32.73666666666667,
              0.4920779461546643
            ]
          },
          {
            "physicsTick": 11897,
            "activeTimeMs": 198299.199999986,
            "position": [
              67.44420562191691,
              32.635000000000005,
              0.4920779461546643
            ]
          },
          {
            "physicsTick": 11899,
            "activeTimeMs": 198324.99999998303,
            "position": [
              67.44420562191691,
              32.600001,
              0.4920779461546643
            ]
          },
          {
            "physicsTick": 11900,
            "activeTimeMs": 198341.699999986,
            "position": [
              67.44420562191691,
              32.600001,
              0.4920779461546643
            ]
          },
          {
            "physicsTick": 11901,
            "activeTimeMs": 198363.99999998303,
            "position": [
              67.44420562191691,
              32.600001,
              0.4920779461546643
            ]
          },
          {
            "physicsTick": 11903,
            "activeTimeMs": 198387.99999998303,
            "position": [
              67.44420562191691,
              32.600001,
              0.4920779461546643
            ]
          },
          {
            "physicsTick": 11904,
            "activeTimeMs": 198411.49999998303,
            "position": [
              67.44420562191691,
              32.600001,
              0.4920779461546643
            ]
          },
          {
            "physicsTick": 11906,
            "activeTimeMs": 198437.59999997707,
            "position": [
              67.44420562191691,
              32.600001,
              0.4920779461546643
            ]
          },
          {
            "physicsTick": 11907,
            "activeTimeMs": 198457.09999997707,
            "position": [
              67.44420562191691,
              32.600001,
              0.4920779461546643
            ]
          },
          {
            "physicsTick": 11908,
            "activeTimeMs": 198474.199999986,
            "position": [
              67.44420562191691,
              32.600001,
              0.4920779461546643
            ]
          },
          {
            "physicsTick": 11909,
            "activeTimeMs": 198491.49999998303,
            "position": [
              67.44420562191691,
              32.600001,
              0.4920779461546643
            ]
          },
          {
            "physicsTick": 11910,
            "activeTimeMs": 198508.49999998303,
            "position": [
              67.44420562191691,
              32.600001,
              0.4920779461546643
            ]
          },
          {
            "physicsTick": 11911,
            "activeTimeMs": 198532.399999989,
            "position": [
              67.44420562191691,
              32.600001,
              0.4920779461546643
            ]
          },
          {
            "physicsTick": 11913,
            "activeTimeMs": 198557.09999997707,
            "position": [
              67.44420562191691,
              32.600001,
              0.4920779461546643
            ]
          },
          {
            "physicsTick": 11914,
            "activeTimeMs": 198580.59999997707,
            "position": [
              67.44420562191691,
              32.600001,
              0.4920779461546643
            ]
          },
          {
            "physicsTick": 11916,
            "activeTimeMs": 198604.199999986,
            "position": [
              67.44420562191691,
              32.600001,
              0.4920779461546643
            ]
          },
          {
            "physicsTick": 11917,
            "activeTimeMs": 198625.79999998005,
            "position": [
              67.44420562191691,
              32.600001,
              0.4920779461546643
            ]
          },
          {
            "physicsTick": 11918,
            "activeTimeMs": 198643.29999998005,
            "position": [
              67.44420562191691,
              32.600001,
              0.4920779461546643
            ]
          },
          {
            "physicsTick": 11919,
            "activeTimeMs": 198665.49999998303,
            "position": [
              67.44420562191691,
              32.600001,
              0.4920779461546643
            ]
          },
          {
            "physicsTick": 11920,
            "activeTimeMs": 198682.29999998005,
            "position": [
              67.44420562191691,
              32.600001,
              0.4920779461546643
            ]
          },
          {
            "physicsTick": 11922,
            "activeTimeMs": 198701.09999997707,
            "position": [
              67.44420562191691,
              32.600001,
              0.4920779461546643
            ]
          },
          {
            "physicsTick": 11923,
            "activeTimeMs": 198723.899999989,
            "position": [
              67.44420562191691,
              32.600001,
              0.4920779461546643
            ]
          },
          {
            "physicsTick": 11924,
            "activeTimeMs": 198740.59999997707,
            "position": [
              67.44420562191691,
              32.600001,
              0.4920779461546643
            ]
          },
          {
            "physicsTick": 11925,
            "activeTimeMs": 198762.99999998303,
            "position": [
              67.44420562191691,
              32.600001,
              0.4920779461546643
            ]
          },
          {
            "physicsTick": 11926,
            "activeTimeMs": 198781.699999986,
            "position": [
              67.44420562191691,
              32.600001,
              0.4920779461546643
            ]
          },
          {
            "physicsTick": 11928,
            "activeTimeMs": 198807.49999998303,
            "position": [
              67.44420562191691,
              32.600001,
              0.4920779461546643
            ]
          },
          {
            "physicsTick": 11929,
            "activeTimeMs": 198825.09999997707,
            "position": [
              67.44420562191691,
              32.600001,
              0.4920779461546643
            ]
          },
          {
            "physicsTick": 11930,
            "activeTimeMs": 198844.79999998005,
            "position": [
              67.44420562191691,
              32.600001,
              0.4920779461546643
            ]
          },
          {
            "physicsTick": 11931,
            "activeTimeMs": 198865.49999998303,
            "position": [
              67.44420562191691,
              32.600001,
              0.4920779461546643
            ]
          },
          {
            "physicsTick": 11932,
            "activeTimeMs": 198882.49999998303,
            "position": [
              67.44420562191691,
              32.600001,
              0.4920779461546643
            ]
          },
          {
            "physicsTick": 11934,
            "activeTimeMs": 198906.899999989,
            "position": [
              67.44420562191691,
              32.600001,
              0.4920779461546643
            ]
          },
          {
            "physicsTick": 11935,
            "activeTimeMs": 198929.59999997707,
            "position": [
              67.44420562191691,
              32.600001,
              0.4920779461546643
            ]
          },
          {
            "physicsTick": 11937,
            "activeTimeMs": 198956.99999998303,
            "position": [
              67.44420562191691,
              32.600001,
              0.4920779461546643
            ]
          },
          {
            "physicsTick": 11938,
            "activeTimeMs": 198978.399999989,
            "position": [
              67.44420562191691,
              32.600001,
              0.4920779461546643
            ]
          },
          {
            "physicsTick": 11939,
            "activeTimeMs": 198995.79999998005,
            "position": [
              67.44420562191691,
              32.600001,
              0.4920779461546643
            ]
          },
          {
            "physicsTick": 11941,
            "activeTimeMs": 199018.29999998005,
            "position": [
              67.44420562191691,
              32.600001,
              0.4920779461546643
            ]
          },
          {
            "physicsTick": 11942,
            "activeTimeMs": 199035.49999998303,
            "position": [
              67.44420562191691,
              32.600001,
              0.4920779461546643
            ]
          },
          {
            "physicsTick": 11943,
            "activeTimeMs": 199052.699999986,
            "position": [
              67.44420562191691,
              32.600001,
              0.4920779461546643
            ]
          },
          {
            "physicsTick": 11944,
            "activeTimeMs": 199075.399999989,
            "position": [
              67.44420562191691,
              32.600001,
              0.4920779461546643
            ]
          },
          {
            "physicsTick": 11945,
            "activeTimeMs": 199099.29999998005,
            "position": [
              67.44420562191691,
              32.600001,
              0.4920779461546643
            ]
          },
          {
            "physicsTick": 11947,
            "activeTimeMs": 199122.59999997707,
            "position": [
              67.44420562191691,
              32.600001,
              0.4920779461546643
            ]
          },
          {
            "physicsTick": 11948,
            "activeTimeMs": 199148.29999998005,
            "position": [
              67.44420562191691,
              32.600001,
              0.4920779461546643
            ]
          },
          {
            "physicsTick": 11950,
            "activeTimeMs": 199170.399999989,
            "position": [
              67.44420562191691,
              32.600001,
              0.4920779461546643
            ]
          },
          {
            "physicsTick": 11951,
            "activeTimeMs": 199193.59999997707,
            "position": [
              67.44420562191691,
              32.600001,
              0.4920779461546643
            ]
          },
          {
            "physicsTick": 11952,
            "activeTimeMs": 199213.699999986,
            "position": [
              67.44420562191691,
              32.600001,
              0.4920779461546643
            ]
          },
          {
            "physicsTick": 11954,
            "activeTimeMs": 199234.399999989,
            "position": [
              67.44420562191691,
              32.600001,
              0.4920779461546643
            ]
          },
          {
            "physicsTick": 11955,
            "activeTimeMs": 199259.49999998303,
            "position": [
              67.44420562191691,
              32.600001,
              0.4920779461546643
            ]
          },
          {
            "physicsTick": 11957,
            "activeTimeMs": 199285.09999997707,
            "position": [
              67.44420562191691,
              32.600001,
              0.4920779461546643
            ]
          },
          {
            "physicsTick": 11958,
            "activeTimeMs": 199308.699999986,
            "position": [
              67.44420562191691,
              32.600001,
              0.4920779461546643
            ]
          },
          {
            "physicsTick": 11959,
            "activeTimeMs": 199331.79999998005,
            "position": [
              67.44420562191691,
              32.600001,
              0.4920779461546643
            ]
          },
          {
            "physicsTick": 11961,
            "activeTimeMs": 199353.699999986,
            "position": [
              67.44420562191691,
              32.600001,
              0.4920779461546643
            ]
          },
          {
            "physicsTick": 11962,
            "activeTimeMs": 199380.59999997707,
            "position": [
              67.44420562191691,
              32.600001,
              0.4920779461546643
            ]
          },
          {
            "physicsTick": 11964,
            "activeTimeMs": 199401.29999998005,
            "position": [
              67.44420562191691,
              32.600001,
              0.4920779461546643
            ]
          },
          {
            "physicsTick": 11965,
            "activeTimeMs": 199417.99999998303,
            "position": [
              67.44420562191691,
              32.600001,
              0.4920779461546643
            ]
          },
          {
            "physicsTick": 11966,
            "activeTimeMs": 199434.699999986,
            "position": [
              67.44420562191691,
              32.600001,
              0.4920779461546643
            ]
          },
          {
            "physicsTick": 11967,
            "activeTimeMs": 199457.29999998005,
            "position": [
              67.44420562191691,
              32.600001,
              0.4920779461546643
            ]
          },
          {
            "physicsTick": 11969,
            "activeTimeMs": 199484.699999986,
            "position": [
              67.44420562191691,
              32.600001,
              0.4920779461546643
            ]
          },
          {
            "physicsTick": 11970,
            "activeTimeMs": 199504.899999989,
            "position": [
              67.44420562191691,
              32.600001,
              0.4920779461546643
            ]
          },
          {
            "physicsTick": 11971,
            "activeTimeMs": 199522.79999998005,
            "position": [
              67.44420562191691,
              32.600001,
              0.4920779461546643
            ]
          },
          {
            "physicsTick": 11972,
            "activeTimeMs": 199547.79999998005,
            "position": [
              67.44420562191691,
              32.600001,
              0.4920779461546643
            ]
          },
          {
            "physicsTick": 11974,
            "activeTimeMs": 199570.699999986,
            "position": [
              67.44420562191691,
              32.600001,
              0.4920779461546643
            ]
          },
          {
            "physicsTick": 11975,
            "activeTimeMs": 199597.699999986,
            "position": [
              67.44420562191691,
              32.600001,
              0.4920779461546643
            ]
          },
          {
            "physicsTick": 11977,
            "activeTimeMs": 199617.99999998303,
            "position": [
              67.44420562191691,
              32.600001,
              0.4920779461546643
            ]
          },
          {
            "physicsTick": 11978,
            "activeTimeMs": 199645.199999986,
            "position": [
              67.44420562191691,
              32.600001,
              0.4920779461546643
            ]
          },
          {
            "physicsTick": 11980,
            "activeTimeMs": 199667.49999998303,
            "position": [
              67.44420562191691,
              32.600001,
              0.4920779461546643
            ]
          },
          {
            "physicsTick": 11981,
            "activeTimeMs": 199684.199999986,
            "position": [
              67.44420562191691,
              32.600001,
              0.4920779461546643
            ]
          },
          {
            "physicsTick": 11982,
            "activeTimeMs": 199705.99999998303,
            "position": [
              67.44420562191691,
              32.600001,
              0.4920779461546643
            ]
          },
          {
            "physicsTick": 11983,
            "activeTimeMs": 199722.699999986,
            "position": [
              67.44420562191691,
              32.600001,
              0.4920779461546643
            ]
          },
          {
            "physicsTick": 11984,
            "activeTimeMs": 199746.29999998005,
            "position": [
              67.44420562191691,
              32.600001,
              0.4920779461546643
            ]
          },
          {
            "physicsTick": 11985,
            "activeTimeMs": 199764.199999986,
            "position": [
              67.44420562191691,
              32.600001,
              0.4920779461546643
            ]
          },
          {
            "physicsTick": 11987,
            "activeTimeMs": 199784.699999986,
            "position": [
              67.44420562191691,
              32.600001,
              0.4920779461546643
            ]
          },
          {
            "physicsTick": 11988,
            "activeTimeMs": 199811.699999986,
            "position": [
              67.44420562191691,
              32.600001,
              0.4920779461546643
            ]
          },
          {
            "physicsTick": 11989,
            "activeTimeMs": 199828.699999986,
            "position": [
              67.44420562191691,
              32.600001,
              0.4920779461546643
            ]
          },
          {
            "physicsTick": 11990,
            "activeTimeMs": 199846.399999989,
            "position": [
              67.44420562191691,
              32.600001,
              0.4920779461546643
            ]
          },
          {
            "physicsTick": 11992,
            "activeTimeMs": 199868.199999986,
            "position": [
              67.44420562191691,
              32.600001,
              0.4920779461546643
            ]
          },
          {
            "physicsTick": 11993,
            "activeTimeMs": 199889.49999998303,
            "position": [
              67.44420562191691,
              32.600001,
              0.4920779461546643
            ]
          },
          {
            "physicsTick": 11994,
            "activeTimeMs": 199906.699999986,
            "position": [
              67.44420562191691,
              32.600001,
              0.4920779461546643
            ]
          },
          {
            "physicsTick": 11995,
            "activeTimeMs": 199933.09999997707,
            "position": [
              67.44420562191691,
              32.600001,
              0.4920779461546643
            ]
          },
          {
            "physicsTick": 11997,
            "activeTimeMs": 199955.99999998303,
            "position": [
              67.44420562191691,
              32.600001,
              0.4920779461546643
            ]
          },
          {
            "physicsTick": 11998,
            "activeTimeMs": 199979.99999998303,
            "position": [
              67.44420562191691,
              32.600001,
              0.4920779461546643
            ]
          },
          {
            "physicsTick": 11999,
            "activeTimeMs": 199997.09999997707,
            "position": [
              67.44420562191691,
              32.600001,
              0.4920779461546643
            ]
          },
          {
            "physicsTick": 12001,
            "activeTimeMs": 200019.699999986,
            "position": [
              67.44420562191691,
              32.600001,
              0.4920779461546643
            ]
          },
          {
            "physicsTick": 12002,
            "activeTimeMs": 200044.699999986,
            "position": [
              67.44420562191691,
              32.600001,
              0.4920779461546643
            ]
          },
          {
            "physicsTick": 12004,
            "activeTimeMs": 200067.399999989,
            "position": [
              67.44420562191691,
              32.600001,
              0.4920779461546643
            ]
          },
          {
            "physicsTick": 12005,
            "activeTimeMs": 200085.09999997707,
            "position": [
              67.44420562191691,
              32.600001,
              0.4920779461546643
            ]
          },
          {
            "physicsTick": 12006,
            "activeTimeMs": 200107.399999989,
            "position": [
              67.44420562191691,
              32.600001,
              0.4920779461546643
            ]
          },
          {
            "physicsTick": 12007,
            "activeTimeMs": 200132.99999998303,
            "position": [
              67.44420562191691,
              32.600001,
              0.4920779461546643
            ]
          },
          {
            "physicsTick": 12009,
            "activeTimeMs": 200155.29999998005,
            "position": [
              67.44420562191691,
              32.600001,
              0.4920779461546643
            ]
          },
          {
            "physicsTick": 12010,
            "activeTimeMs": 200178.199999986,
            "position": [
              67.44420562191691,
              32.600001,
              0.4920779461546643
            ]
          },
          {
            "physicsTick": 12011,
            "activeTimeMs": 200195.79999998005,
            "position": [
              67.44420562191691,
              32.600001,
              0.4920779461546643
            ]
          },
          {
            "physicsTick": 12013,
            "activeTimeMs": 200220.99999998303,
            "position": [
              67.44420562191691,
              32.600001,
              0.4920779461546643
            ]
          },
          {
            "physicsTick": 12014,
            "activeTimeMs": 200244.199999986,
            "position": [
              67.44420562191691,
              32.600001,
              0.4920779461546643
            ]
          },
          {
            "physicsTick": 12016,
            "activeTimeMs": 200267.49999998303,
            "position": [
              67.44420562191691,
              32.600001,
              0.4920779461546643
            ]
          },
          {
            "physicsTick": 12017,
            "activeTimeMs": 200290.399999989,
            "position": [
              67.44420562191691,
              32.600001,
              0.4920779461546643
            ]
          },
          {
            "physicsTick": 12018,
            "activeTimeMs": 200314.899999989,
            "position": [
              67.44420562191691,
              32.600001,
              0.4920779461546643
            ]
          },
          {
            "physicsTick": 12020,
            "activeTimeMs": 200340.59999997707,
            "position": [
              67.44420562191691,
              32.600001,
              0.4920779461546643
            ]
          },
          {
            "physicsTick": 12021,
            "activeTimeMs": 200364.49999998303,
            "position": [
              67.44420562191691,
              32.600001,
              0.4920779461546643
            ]
          },
          {
            "physicsTick": 12023,
            "activeTimeMs": 200387.699999986,
            "position": [
              67.44420562191691,
              32.600001,
              0.4920779461546643
            ]
          },
          {
            "physicsTick": 12024,
            "activeTimeMs": 200409.59999997707,
            "position": [
              67.44420562191691,
              32.600001,
              0.4920779461546643
            ]
          },
          {
            "physicsTick": 12026,
            "activeTimeMs": 200437.399999989,
            "position": [
              67.44420562191691,
              32.600001,
              0.4920779461546643
            ]
          },
          {
            "physicsTick": 12027,
            "activeTimeMs": 200458.79999998005,
            "position": [
              67.44420562191691,
              32.600001,
              0.4920779461546643
            ]
          },
          {
            "physicsTick": 12029,
            "activeTimeMs": 200483.699999986,
            "position": [
              67.44420562191691,
              32.600001,
              0.4920779461546643
            ]
          },
          {
            "physicsTick": 12030,
            "activeTimeMs": 200508.699999986,
            "position": [
              67.44420562191691,
              32.600001,
              0.4920779461546643
            ]
          },
          {
            "physicsTick": 12031,
            "activeTimeMs": 200530.99999998303,
            "position": [
              67.44420562191691,
              32.600001,
              0.4920779461546643
            ]
          },
          {
            "physicsTick": 12033,
            "activeTimeMs": 200556.199999986,
            "position": [
              67.44420562191691,
              32.600001,
              0.4920779461546643
            ]
          },
          {
            "physicsTick": 12034,
            "activeTimeMs": 200579.79999998005,
            "position": [
              67.44420562191691,
              32.600001,
              0.4920779461546643
            ]
          },
          {
            "physicsTick": 12036,
            "activeTimeMs": 200605.199999986,
            "position": [
              67.44420562191691,
              32.600001,
              0.4920779461546643
            ]
          },
          {
            "physicsTick": 12037,
            "activeTimeMs": 200628.29999998005,
            "position": [
              67.44420562191691,
              32.600001,
              0.4920779461546643
            ]
          },
          {
            "physicsTick": 12038,
            "activeTimeMs": 200649.899999989,
            "position": [
              67.44420562191691,
              32.600001,
              0.4920779461546643
            ]
          },
          {
            "physicsTick": 12040,
            "activeTimeMs": 200674.59999997707,
            "position": [
              67.44420562191691,
              32.600001,
              0.4920779461546643
            ]
          },
          {
            "physicsTick": 12042,
            "activeTimeMs": 200700.29999998005,
            "position": [
              67.44420562191691,
              32.600001,
              0.4920779461546643
            ]
          },
          {
            "physicsTick": 12043,
            "activeTimeMs": 200722.399999989,
            "position": [
              67.44420562191691,
              32.600001,
              0.4920779461546643
            ]
          },
          {
            "physicsTick": 12044,
            "activeTimeMs": 200740.29999998005,
            "position": [
              67.44420562191691,
              32.600001,
              0.4920779461546643
            ]
          },
          {
            "physicsTick": 12045,
            "activeTimeMs": 200760.59999997707,
            "position": [
              67.44420562191691,
              32.600001,
              0.4920779461546643
            ]
          }
        ],
        "generatorVersion": 11,
        "renderPipeline": {
          "drawUnit": "chunk-render-category",
          "batchMode": "category",
          "vertexLayout": "float16-uv-uint16-index",
          "shaderMode": "voxel-array-chunks",
          "backend": "webgl2"
        },
        "experiments": {
          "requested": {
            "renderer": "webgl2",
            "wasm": true,
            "simd": true
          },
          "kernels": [
            "w02",
            "w03",
            "w04",
            "w05",
            "w06"
          ],
          "renderer": {
            "requestedRenderer": "webgl2",
            "effectiveRenderer": "webgl2",
            "rendererStatus": "matched"
          },
          "workers": [
            {
              "epoch": "seedlands:classic-canonical-runtime-v11:1",
              "lane": "fluid",
              "index": 0,
              "status": "off",
              "requestedArtifact": "simd",
              "effectiveArtifact": "off",
              "selected": [],
              "reason": "no-selected-kernel"
            },
            {
              "epoch": "seedlands:classic-canonical-runtime-v11:1",
              "lane": "general",
              "index": 1,
              "status": "matched",
              "requestedArtifact": "simd",
              "effectiveArtifact": "simd",
              "selected": [
                "w02",
                "w03",
                "w04",
                "w05",
                "w06"
              ],
              "artifactSha256": "c1a763778c4eb4873772cf480c758f8b18cbc77beee80c933dda6b2fd19e4b2c"
            }
          ]
        },
        "serverRevision": 1,
        "voxelAtOrigin": 42,
        "serverPlayerPosition": [
          67.44420562191691,
          32.600001,
          0.4920779461546643
        ],
        "serverPlayerVelocity": [
          0,
          0,
          0
        ],
        "prediction": {
          "pendingFrames": 0,
          "lastResetReason": "authority-resync",
          "resetCounts": {
            "input-interrupted": 16,
            "authority-resync": 490,
            "collision-history-missing": 124,
            "movement-mode-changed": 3
          },
          "presentationOffset": {
            "x": 0,
            "y": 0,
            "z": 0
          }
        },
        "serverWorldTime": 19.921999999996004,
        "performance": {
          "scenarioId": "default",
          "frame": {
            "count": 1200,
            "p50Ms": 18.400000005960464,
            "p95Ms": 28,
            "p99Ms": 33.5,
            "maxMs": 155.59999999403954,
            "longFrameCount": 16,
            "lastLongFrameMs": 57.70000000298023
          },
          "chunkVisible": {
            "count": 106,
            "p50Ms": 1293.3999999910593,
            "p95Ms": 15526.59999999404,
            "p99Ms": 16591.70000000298,
            "maxMs": 16842.79999999702
          },
          "completedChunkTraces": 106,
          "traceEventCount": 1511,
          "maxMeshCommitsInFrame": 1,
          "maxMeshPartsInFrame": 2,
          "visibleAfterPostrender": true,
          "incidents": 32,
          "droppedEvents": 0,
          "uploadQueueDepth": 1,
          "estimatedMeshBytes": 6323240
        },
        "compute": {
          "workerCount": 2,
          "fluidWorkerCount": 1,
          "generalWorkerCount": 1,
          "running": 0,
          "queued": 0,
          "queuedBytes": 0,
          "cancellationRequests": 0,
          "staleResults": 0,
          "failedTasks": 0,
          "completedTasks": 261,
          "submittedTasks": 261,
          "submittedBytes": 103219200,
          "maxQueued": 1,
          "maxQueuedBytes": 0,
          "workerTaskDuration": {
            "fluid": {
              "count": 128,
              "capacity": 256,
              "samplesMs": [
                0.5,
                0.5,
                0.4000000059604645,
                0.3999999910593033,
                0.20000000298023224,
                0.3999999910593033,
                0.29999999701976776,
                0.20000000298023224,
                0.20000000298023224,
                0.20000000298023224,
                0,
                0.09999999403953552,
                0.20000000298023224,
                0.10000000894069672,
                0.30000001192092896,
                0.30000001192092896,
                0.4000000059604645,
                0.29999999701976776,
                0.29999999701976776,
                0.29999999701976776,
                0.29999999701976776,
                0.29999999701976776,
                0.7000000029802322,
                0.29999999701976776,
                0.30000001192092896,
                0.20000000298023224,
                0.29999999701976776,
                0.20000000298023224,
                0.10000000894069672,
                0.20000000298023224,
                0,
                0.10000000894069672,
                0.20000000298023224,
                0.10000000894069672,
                0.09999999403953552,
                0.20000000298023224,
                0.20000000298023224,
                0.20000000298023224,
                0.19999998807907104,
                0.30000001192092896,
                0.09999999403953552,
                0.09999999403953552,
                0.09999999403953552,
                0,
                0.09999999403953552,
                0.10000000894069672,
                0.10000000894069672,
                0.20000000298023224,
                0.29999999701976776,
                0.09999999403953552,
                0.10000000894069672,
                0.20000000298023224,
                0.20000000298023224,
                0.10000000894069672,
                0.09999999403953552,
                0.09999999403953552,
                0.09999999403953552,
                0.20000000298023224,
                0.09999999403953552,
                0.09999999403953552,
                0.09999999403953552,
                0.10000000894069672,
                0.09999999403953552,
                0,
                0.20000000298023224,
                0.09999999403953552,
                0.09999999403953552,
                0.09999999403953552,
                0.10000000894069672,
                0.09999999403953552,
                0.09999999403953552,
                0.09999999403953552,
                0.09999999403953552,
                0.10000000894069672,
                0.29999999701976776,
                0.10000000894069672,
                0.20000000298023224,
                0.09999999403953552,
                0.10000000894069672,
                0.20000000298023224,
                0.09999999403953552,
                0.10000000894069672,
                0.20000000298023224,
                0.09999999403953552,
                0.09999999403953552,
                0.20000000298023224,
                0.20000000298023224,
                0.09999999403953552,
                0.19999998807907104,
                0.09999999403953552,
                0.10000000894069672,
                0.20000000298023224,
                0.19999998807907104,
                0.20000000298023224,
                0.19999998807907104,
                0.19999998807907104,
                0.19999998807907104,
                0.29999999701976776,
                0.20000000298023224,
                0.19999998807907104,
                0.3999999910593033,
                0.4000000059604645,
                0.29999999701976776,
                0.20000000298023224,
                0.29999999701976776,
                0.20000000298023224,
                0.29999999701976776,
                0.19999998807907104,
                0.29999999701976776,
                0.10000000894069672,
                0.29999999701976776,
                0.20000000298023224,
                0.29999999701976776,
                0.29999999701976776,
                0.20000000298023224,
                0.10000000894069672,
                0.20000000298023224,
                0.20000000298023224,
                0.20000000298023224,
                0.20000000298023224,
                0.29999999701976776,
                0.20000000298023224,
                0.10000000894069672,
                0.10000000894069672,
                0,
                0.19999998807907104,
                0,
                0
              ]
            },
            "general": {
              "count": 133,
              "capacity": 256,
              "samplesMs": [
                1551,
                321.6000000089407,
                225.90000000596046,
                41.1000000089407,
                41.900000005960464,
                44.099999994039536,
                44,
                45.20000000298023,
                47.29999999701977,
                49.3999999910593,
                41.6000000089407,
                42.900000005960464,
                42.29999999701977,
                44,
                43.79999999701977,
                45.5,
                49.29999999701977,
                86.20000000298023,
                86.20000000298023,
                95.19999998807907,
                94.90000000596046,
                96.6000000089407,
                95.70000000298023,
                98,
                88.29999999701977,
                89.70000000298023,
                96.80000001192093,
                99.80000001192093,
                99.40000000596046,
                101.30000001192093,
                100.09999999403954,
                325.80000001192093,
                331,
                276.29999999701977,
                41.599999994039536,
                275.79999999701977,
                274.90000000596046,
                276,
                316.3999999910593,
                245.40000000596046,
                232.59999999403954,
                225.1000000089407,
                236.29999999701977,
                270.6000000089407,
                268.1000000089407,
                317.29999999701977,
                320.59999999403954,
                231.79999999701977,
                253.70000000298023,
                241.1000000089407,
                237.30000001192093,
                286.5,
                238.29999999701977,
                266.5,
                322.79999999701977,
                226.40000000596046,
                231.29999999701977,
                281,
                268.79999999701977,
                234.1000000089407,
                220,
                273.90000000596046,
                266.8999999910593,
                221.79999999701977,
                221.20000000298023,
                275.5,
                270.3999999910593,
                226.3999999910593,
                248.8999999910593,
                273.70000000298023,
                271.40000000596046,
                224.09999999403954,
                223.8999999910593,
                276,
                268.1000000089407,
                223.90000000596046,
                223.19999998807907,
                272,
                266.79999999701977,
                221.40000000596046,
                222.1000000089407,
                270.20000000298023,
                238.80000001192093,
                269.20000000298023,
                331.40000000596046,
                231.5,
                238.20000000298023,
                268.19999998807907,
                262.79999999701977,
                227.09999999403954,
                229.40000000596046,
                265.1000000089407,
                260.09999999403954,
                233,
                218.3999999910593,
                268.09999999403954,
                223.6000000089407,
                263.59999999403954,
                222.8999999910593,
                268.09999999403954,
                275.59999999403954,
                231.20000000298023,
                270.1000000089407,
                219.90000000596046,
                224,
                264.1000000089407,
                271.40000000596046,
                276.69999998807907,
                227.5,
                250.09999999403954,
                223.09999999403954,
                270.1000000089407,
                223.80000001192093,
                265.59999999403954,
                270.20000000298023,
                280.3999999910593,
                271,
                266.70000000298023,
                267.3999999910593,
                275.29999999701977,
                270.3999999910593,
                263.5,
                262.5,
                269.20000000298023,
                264.30000001192093,
                291.79999999701977,
                274.5,
                268.79999999701977,
                261.5,
                268,
                260.79999999701977,
                126.90000000596046,
                263.90000000596046
              ]
            }
          },
          "workerKernelStates": [
            {
              "epoch": "seedlands:classic-canonical-runtime-v11:1",
              "lane": "fluid",
              "index": 0,
              "status": "off",
              "requestedArtifact": "simd",
              "effectiveArtifact": "off",
              "selected": [],
              "reason": "no-selected-kernel"
            },
            {
              "epoch": "seedlands:classic-canonical-runtime-v11:1",
              "lane": "general",
              "index": 1,
              "status": "matched",
              "requestedArtifact": "simd",
              "effectiveArtifact": "simd",
              "selected": [
                "w02",
                "w03",
                "w04",
                "w05",
                "w06"
              ],
              "artifactSha256": "c1a763778c4eb4873772cf480c758f8b18cbc77beee80c933dda6b2fd19e4b2c"
            }
          ],
          "workerActivity": [
            {
              "lane": "fluid",
              "index": 0,
              "status": "idle",
              "taskId": null,
              "taskCategory": null,
              "taskAgeMs": null,
              "sampledAtMs": 89899.59999999404,
              "completedTasks": 128,
              "lastTaskDurationMs": 0,
              "kernel": null
            },
            {
              "lane": "general",
              "index": 1,
              "status": "idle",
              "taskId": null,
              "taskCategory": null,
              "taskAgeMs": null,
              "sampledAtMs": 93602.39999999106,
              "completedTasks": 133,
              "lastTaskDurationMs": 263.90000000596046,
              "kernel": {
                "calls": 2260,
                "failures": 0,
                "memoryBytes": 18874368,
                "durationMs": 10.500000059604645,
                "failed": false
              }
            }
          ]
        },
        "fluidFeedback": {
          "count": 0,
          "pending": false,
          "pendingSample": null,
          "p50Ms": 0,
          "p95Ms": 0,
          "p99Ms": 0,
          "maxMs": 0,
          "samples": []
        },
        "waterTransitions": {
          "activeCount": 0,
          "active": [],
          "recent": [
            {
              "chunkKey": "2,0,0",
              "targetRevision": 5,
              "traceId": "trace-68",
              "geometry": {
                "mode": "surface-morph",
                "patchCount": 46,
                "retainedPatchCount": 0,
                "addedPatchCount": 46,
                "removedPatchCount": 0,
                "visibleWaterMeshCount": 1,
                "opacityCrossfade": false
              },
              "progress": 1,
              "frameCount": 10,
              "completed": true,
              "superseded": false,
              "progressSamples": [
                0,
                0.14611111109455427,
                0.2794444444278876,
                0.4222222222222222,
                0.5772222221725517,
                0.7022222221725517,
                0.8372222222387791,
                0.9877777777612209,
                1,
                1
              ]
            },
            {
              "chunkKey": "2,0,-1",
              "targetRevision": 10,
              "traceId": "trace-69",
              "geometry": {
                "mode": "surface-morph",
                "patchCount": 124,
                "retainedPatchCount": 0,
                "addedPatchCount": 124,
                "removedPatchCount": 0,
                "visibleWaterMeshCount": 1,
                "opacityCrossfade": false
              },
              "progress": 1,
              "frameCount": 9,
              "completed": true,
              "superseded": false,
              "progressSamples": [
                0,
                0.1449999999668863,
                0.29333333331677647,
                0.4383333332836628,
                0.5827777777281072,
                0.7305555555555555,
                0.8622222221559949,
                1,
                1
              ]
            },
            {
              "chunkKey": "2,1,-1",
              "targetRevision": 0,
              "traceId": "trace-70",
              "geometry": {
                "mode": "surface-morph",
                "patchCount": 24,
                "retainedPatchCount": 0,
                "addedPatchCount": 24,
                "removedPatchCount": 0,
                "visibleWaterMeshCount": 1,
                "opacityCrossfade": false
              },
              "progress": 1,
              "frameCount": 9,
              "completed": true,
              "superseded": false,
              "progressSamples": [
                0,
                0.13333333333333333,
                0.27277777782744833,
                0.4233333333498902,
                0.5772222222553359,
                0.7138888888888889,
                0.852222222255336,
                1,
                1
              ]
            },
            {
              "chunkKey": "2,0,0",
              "targetRevision": 24,
              "traceId": "trace-71",
              "geometry": {
                "mode": "surface-morph",
                "patchCount": 753,
                "retainedPatchCount": 45,
                "addedPatchCount": 707,
                "removedPatchCount": 1,
                "visibleWaterMeshCount": 1,
                "opacityCrossfade": false
              },
              "progress": 1,
              "frameCount": 10,
              "completed": true,
              "superseded": false,
              "progressSamples": [
                0,
                0.1350000000662274,
                0.27666666673289403,
                0.4111111111111111,
                0.5688888889220026,
                0.7022222222553359,
                0.8527777777777777,
                0.9844444444610013,
                1,
                1
              ]
            },
            {
              "chunkKey": "1,0,0",
              "targetRevision": 34,
              "traceId": "trace-79",
              "geometry": {
                "mode": "surface-morph",
                "patchCount": 224,
                "retainedPatchCount": 0,
                "addedPatchCount": 224,
                "removedPatchCount": 0,
                "visibleWaterMeshCount": 1,
                "opacityCrossfade": false
              },
              "progress": 1,
              "frameCount": 10,
              "completed": true,
              "superseded": false,
              "progressSamples": [
                0,
                0.13944444449411497,
                0.28111111116078163,
                0.41388888888888886,
                0.5416666666666666,
                0.6838888889385595,
                0.8116666667163372,
                0.9411111111442249,
                1,
                1
              ]
            },
            {
              "chunkKey": "1,1,0",
              "targetRevision": 0,
              "traceId": "trace-73",
              "geometry": {
                "mode": "surface-morph",
                "patchCount": 9,
                "retainedPatchCount": 0,
                "addedPatchCount": 9,
                "removedPatchCount": 0,
                "visibleWaterMeshCount": 1,
                "opacityCrossfade": false
              },
              "progress": 1,
              "frameCount": 10,
              "completed": true,
              "superseded": false,
              "progressSamples": [
                0,
                0.1433333333167765,
                0.2816666666832235,
                0.4161111111442248,
                0.5550000000331137,
                0.6927777777943346,
                0.8283333333002196,
                0.9611111111111111,
                1,
                1
              ]
            },
            {
              "chunkKey": "1,0,-1",
              "targetRevision": 8,
              "traceId": "trace-74",
              "geometry": {
                "mode": "surface-morph",
                "patchCount": 78,
                "retainedPatchCount": 0,
                "addedPatchCount": 78,
                "removedPatchCount": 0,
                "visibleWaterMeshCount": 1,
                "opacityCrossfade": false
              },
              "progress": 1,
              "frameCount": 10,
              "completed": true,
              "superseded": false,
              "progressSamples": [
                0,
                0.13444444437821707,
                0.2611111111111111,
                0.3994444443947739,
                0.5272222221725517,
                0.6655555555389987,
                0.8133333332836628,
                0.9599999999834432,
                1,
                1
              ]
            },
            {
              "chunkKey": "2,0,-1",
              "targetRevision": 36,
              "traceId": "trace-77",
              "geometry": {
                "mode": "surface-morph",
                "patchCount": 580,
                "retainedPatchCount": 47,
                "addedPatchCount": 456,
                "removedPatchCount": 77,
                "visibleWaterMeshCount": 1,
                "opacityCrossfade": false
              },
              "progress": 1,
              "frameCount": 10,
              "completed": true,
              "superseded": false,
              "progressSamples": [
                0,
                0.1433333333167765,
                0.2799999999503295,
                0.4227777777446641,
                0.5599999999834432,
                0.698333333267106,
                0.8416666666666667,
                0.9777777777777777,
                1,
                1
              ]
            },
            {
              "chunkKey": "2,0,0",
              "targetRevision": 42,
              "traceId": "trace-78",
              "geometry": {
                "mode": "surface-morph",
                "patchCount": 912,
                "retainedPatchCount": 572,
                "addedPatchCount": 160,
                "removedPatchCount": 180,
                "visibleWaterMeshCount": 1,
                "opacityCrossfade": false
              },
              "progress": 1,
              "frameCount": 9,
              "completed": true,
              "superseded": false,
              "progressSamples": [
                0,
                0.13777777776122094,
                0.2638888888888889,
                0.3972222222222222,
                0.5650000000165568,
                0.7305555555555555,
                0.8844444444610013,
                1,
                1
              ]
            },
            {
              "chunkKey": "1,0,0",
              "targetRevision": 44,
              "traceId": "trace-80",
              "geometry": {
                "mode": "surface-morph",
                "patchCount": 238,
                "retainedPatchCount": 185,
                "addedPatchCount": 14,
                "removedPatchCount": 39,
                "visibleWaterMeshCount": 1,
                "opacityCrossfade": false
              },
              "progress": 1,
              "frameCount": 10,
              "completed": true,
              "superseded": false,
              "progressSamples": [
                0,
                0.13499999998344314,
                0.2861111111111111,
                0.42777777777777776,
                0.5655555555389987,
                0.7066666666832235,
                0.8433333333167765,
                0.9833333333333333,
                1,
                1
              ]
            },
            {
              "chunkKey": "2,1,-1",
              "targetRevision": 0,
              "traceId": "trace-81",
              "geometry": {
                "mode": "surface-morph",
                "patchCount": 24,
                "retainedPatchCount": 0,
                "addedPatchCount": 0,
                "removedPatchCount": 24,
                "visibleWaterMeshCount": 1,
                "opacityCrossfade": false
              },
              "progress": 1,
              "frameCount": 10,
              "completed": true,
              "superseded": false,
              "progressSamples": [
                0,
                0.15333333338300387,
                0.2983333333498902,
                0.4327777778108915,
                0.5705555555721123,
                0.7183333333995607,
                0.8544444445106718,
                0.9972222222222222,
                1,
                1
              ]
            },
            {
              "chunkKey": "1,1,0",
              "targetRevision": 0,
              "traceId": "trace-83",
              "geometry": {
                "mode": "surface-morph",
                "patchCount": 9,
                "retainedPatchCount": 0,
                "addedPatchCount": 0,
                "removedPatchCount": 9,
                "visibleWaterMeshCount": 1,
                "opacityCrossfade": false
              },
              "progress": 1,
              "frameCount": 9,
              "completed": true,
              "superseded": false,
              "progressSamples": [
                0,
                0.13833333336644701,
                0.2933333333995607,
                0.43333333333333335,
                0.5744444444775582,
                0.7027777777777777,
                0.8400000000165568,
                1,
                1
              ]
            },
            {
              "chunkKey": "1,0,-1",
              "targetRevision": 8,
              "traceId": "trace-84",
              "geometry": {
                "mode": "surface-morph",
                "patchCount": 78,
                "retainedPatchCount": 76,
                "addedPatchCount": 0,
                "removedPatchCount": 2,
                "visibleWaterMeshCount": 1,
                "opacityCrossfade": false
              },
              "progress": 1,
              "frameCount": 9,
              "completed": true,
              "superseded": false,
              "progressSamples": [
                0,
                0.14222222227189277,
                0.2833333333333333,
                0.4583333333333333,
                0.588333333366447,
                0.7283333333830039,
                0.8711111110945543,
                1,
                1
              ]
            },
            {
              "chunkKey": "2,0,-1",
              "targetRevision": 77,
              "traceId": "trace-86",
              "geometry": {
                "mode": "surface-morph",
                "patchCount": 512,
                "retainedPatchCount": 407,
                "addedPatchCount": 9,
                "removedPatchCount": 96,
                "visibleWaterMeshCount": 1,
                "opacityCrossfade": false
              },
              "progress": 1,
              "frameCount": 10,
              "completed": true,
              "superseded": false,
              "progressSamples": [
                0,
                0.14277777779433462,
                0.2838888889385594,
                0.4233333333498902,
                0.5561111111607816,
                0.7005555556052261,
                0.8372222222387791,
                0.9794444445106718,
                1,
                1
              ]
            },
            {
              "chunkKey": "2,0,0",
              "targetRevision": 81,
              "traceId": "trace-91",
              "geometry": {
                "mode": "surface-morph",
                "patchCount": 751,
                "retainedPatchCount": 540,
                "addedPatchCount": 19,
                "removedPatchCount": 192,
                "visibleWaterMeshCount": 1,
                "opacityCrossfade": false
              },
              "progress": 1,
              "frameCount": 10,
              "completed": true,
              "superseded": false,
              "progressSamples": [
                0,
                0.13722222223877906,
                0.27111111109455427,
                0.4155555555389987,
                0.5411111110614406,
                0.701111111127668,
                0.8449999999668864,
                0.9911111110614406,
                1,
                1
              ]
            },
            {
              "chunkKey": "1,0,0",
              "targetRevision": 83,
              "traceId": "trace-88",
              "geometry": {
                "mode": "surface-morph",
                "patchCount": 202,
                "retainedPatchCount": 173,
                "addedPatchCount": 3,
                "removedPatchCount": 26,
                "visibleWaterMeshCount": 1,
                "opacityCrossfade": false
              },
              "progress": 1,
              "frameCount": 9,
              "completed": true,
              "superseded": false,
              "progressSamples": [
                0,
                0.17166666669978037,
                0.34444444444444444,
                0.5216666666997803,
                0.6705555555721124,
                0.8344444444610013,
                0.9666666666666667,
                1,
                1
              ]
            },
            {
              "chunkKey": "1,0,-1",
              "targetRevision": 13,
              "traceId": "trace-89",
              "geometry": {
                "mode": "surface-morph",
                "patchCount": 76,
                "retainedPatchCount": 57,
                "addedPatchCount": 0,
                "removedPatchCount": 19,
                "visibleWaterMeshCount": 1,
                "opacityCrossfade": false
              },
              "progress": 1,
              "frameCount": 10,
              "completed": true,
              "superseded": false,
              "progressSamples": [
                0,
                0.14166666666666666,
                0.2844444443782171,
                0.4149999999337726,
                0.561666666633553,
                0.7061111110779974,
                0.8511111110448837,
                0.9905555555389987,
                1,
                1
              ]
            },
            {
              "chunkKey": "2,0,-1",
              "targetRevision": 96,
              "traceId": "trace-90",
              "geometry": {
                "mode": "surface-morph",
                "patchCount": 433,
                "retainedPatchCount": 315,
                "addedPatchCount": 17,
                "removedPatchCount": 101,
                "visibleWaterMeshCount": 1,
                "opacityCrossfade": false
              },
              "progress": 1,
              "frameCount": 9,
              "completed": true,
              "superseded": false,
              "progressSamples": [
                0,
                0.14944444439477392,
                0.2983333332671059,
                0.4422222221891085,
                0.5755555555224419,
                0.7211111110945543,
                0.8538888888226615,
                1,
                1
              ]
            },
            {
              "chunkKey": "2,0,0",
              "targetRevision": 102,
              "traceId": "trace-92",
              "geometry": {
                "mode": "surface-morph",
                "patchCount": 592,
                "retainedPatchCount": 415,
                "addedPatchCount": 33,
                "removedPatchCount": 144,
                "visibleWaterMeshCount": 1,
                "opacityCrossfade": false
              },
              "progress": 1,
              "frameCount": 10,
              "completed": true,
              "superseded": false,
              "progressSamples": [
                0,
                0.1411111110614406,
                0.2683333333167765,
                0.411666666633553,
                0.548888888872332,
                0.6894444444113308,
                0.8277777777777777,
                0.9705555554893281,
                1,
                1
              ]
            },
            {
              "chunkKey": "1,0,0",
              "targetRevision": 101,
              "traceId": "trace-93",
              "geometry": {
                "mode": "surface-morph",
                "patchCount": 184,
                "retainedPatchCount": 164,
                "addedPatchCount": 8,
                "removedPatchCount": 12,
                "visibleWaterMeshCount": 1,
                "opacityCrossfade": false
              },
              "progress": 1,
              "frameCount": 10,
              "completed": true,
              "superseded": false,
              "progressSamples": [
                0,
                0.14388888883921835,
                0.3,
                0.44722222222222224,
                0.5744444443947739,
                0.7116666666335529,
                0.8538888888226615,
                0.9911111110614406,
                1,
                1
              ]
            },
            {
              "chunkKey": "1,0,-1",
              "targetRevision": 21,
              "traceId": "trace-94",
              "geometry": {
                "mode": "surface-morph",
                "patchCount": 60,
                "retainedPatchCount": 22,
                "addedPatchCount": 3,
                "removedPatchCount": 35,
                "visibleWaterMeshCount": 1,
                "opacityCrossfade": false
              },
              "progress": 1,
              "frameCount": 14,
              "completed": true,
              "superseded": false,
              "progressSamples": [
                0,
                0.13222222220566537,
                0.15111111112766795,
                0.19666666669978036,
                0.2872222222387791,
                0.3800000000331137,
                0.47388888887233205,
                0.5722222222222222,
                0.664444444494115,
                0.7572222222056654,
                0.85,
                0.9355555555886692,
                1,
                1
              ]
            },
            {
              "chunkKey": "2,0,-1",
              "targetRevision": 116,
              "traceId": "trace-99",
              "geometry": {
                "mode": "surface-morph",
                "patchCount": 333,
                "retainedPatchCount": 83,
                "addedPatchCount": 1,
                "removedPatchCount": 249,
                "visibleWaterMeshCount": 1,
                "opacityCrossfade": false
              },
              "progress": 1,
              "frameCount": 9,
              "completed": true,
              "superseded": false,
              "progressSamples": [
                0,
                0.15166666665010983,
                0.3172222221891085,
                0.48222222220566535,
                0.6361111111111111,
                0.7872222221559948,
                0.9277777777777778,
                1,
                1
              ]
            },
            {
              "chunkKey": "2,0,0",
              "targetRevision": 119,
              "traceId": "trace-96",
              "geometry": {
                "mode": "surface-morph",
                "patchCount": 469,
                "retainedPatchCount": 151,
                "addedPatchCount": 21,
                "removedPatchCount": 297,
                "visibleWaterMeshCount": 1,
                "opacityCrossfade": false
              },
              "progress": 1,
              "frameCount": 9,
              "completed": true,
              "superseded": false,
              "progressSamples": [
                0,
                0.16277777776122093,
                0.31666666666666665,
                0.4677777777115504,
                0.6083333333333333,
                0.7505555555224419,
                0.9033333333002196,
                1,
                1
              ]
            },
            {
              "chunkKey": "1,0,0",
              "targetRevision": 110,
              "traceId": "trace-97",
              "geometry": {
                "mode": "surface-morph",
                "patchCount": 175,
                "retainedPatchCount": 24,
                "addedPatchCount": 3,
                "removedPatchCount": 148,
                "visibleWaterMeshCount": 1,
                "opacityCrossfade": false
              },
              "progress": 1,
              "frameCount": 10,
              "completed": true,
              "superseded": false,
              "progressSamples": [
                0,
                0.14944444439477392,
                0.29000000001655685,
                0.43222222220566536,
                0.5849999999834432,
                0.7227777777446641,
                0.8594444444610013,
                0.9827777777281073,
                1,
                1
              ]
            },
            {
              "chunkKey": "1,0,-1",
              "targetRevision": 23,
              "traceId": "trace-98",
              "geometry": {
                "mode": "surface-morph",
                "patchCount": 25,
                "retainedPatchCount": 11,
                "addedPatchCount": 0,
                "removedPatchCount": 14,
                "visibleWaterMeshCount": 1,
                "opacityCrossfade": false
              },
              "progress": 1,
              "frameCount": 10,
              "completed": true,
              "superseded": false,
              "progressSamples": [
                0,
                0.1405555555389987,
                0.29333333331677647,
                0.43111111107799743,
                0.5677777777943346,
                0.6911111110614405,
                0.8322222222056653,
                0.974444444394774,
                1,
                1
              ]
            },
            {
              "chunkKey": "2,0,-1",
              "targetRevision": 118,
              "traceId": "trace-100",
              "geometry": {
                "mode": "surface-morph",
                "patchCount": 84,
                "retainedPatchCount": 60,
                "addedPatchCount": 0,
                "removedPatchCount": 24,
                "visibleWaterMeshCount": 1,
                "opacityCrossfade": false
              },
              "progress": 1,
              "frameCount": 10,
              "completed": true,
              "superseded": false,
              "progressSamples": [
                0,
                0.15,
                0.2938888889220026,
                0.4327777778108915,
                0.5650000000165568,
                0.7038888889054458,
                0.8355555555886692,
                0.9655555555389987,
                1,
                1
              ]
            },
            {
              "chunkKey": "1,0,0",
              "targetRevision": 111,
              "traceId": "trace-102",
              "geometry": {
                "mode": "surface-morph",
                "patchCount": 27,
                "retainedPatchCount": 0,
                "addedPatchCount": 0,
                "removedPatchCount": 27,
                "visibleWaterMeshCount": 1,
                "opacityCrossfade": false
              },
              "progress": 1,
              "frameCount": 10,
              "completed": true,
              "superseded": false,
              "progressSamples": [
                0,
                0.16222222223877908,
                0.2916666666666667,
                0.44666666669978033,
                0.5861111111111111,
                0.7283333333830039,
                0.8505555556052261,
                0.9855555555886693,
                1,
                1
              ]
            },
            {
              "chunkKey": "1,0,-1",
              "targetRevision": 24,
              "traceId": "trace-101",
              "geometry": {
                "mode": "surface-morph",
                "patchCount": 11,
                "retainedPatchCount": 0,
                "addedPatchCount": 0,
                "removedPatchCount": 11,
                "visibleWaterMeshCount": 1,
                "opacityCrossfade": false
              },
              "progress": 1,
              "frameCount": 10,
              "completed": true,
              "superseded": false,
              "progressSamples": [
                0,
                0.1388888888888889,
                0.2699999999668863,
                0.3977777777446641,
                0.5300000000331136,
                0.6627777777612209,
                0.8005555555224418,
                0.9300000000331137,
                1,
                1
              ]
            },
            {
              "chunkKey": "2,0,-1",
              "targetRevision": 120,
              "traceId": "trace-103",
              "geometry": {
                "mode": "surface-morph",
                "patchCount": 60,
                "retainedPatchCount": 0,
                "addedPatchCount": 0,
                "removedPatchCount": 60,
                "visibleWaterMeshCount": 1,
                "opacityCrossfade": false
              },
              "progress": 1,
              "frameCount": 9,
              "completed": true,
              "superseded": false,
              "progressSamples": [
                0,
                0.1361111111111111,
                0.27722222225533594,
                0.4361111111111111,
                0.5744444444775582,
                0.7061111111607816,
                0.8694444444444445,
                1,
                1
              ]
            },
            {
              "chunkKey": "2,0,0",
              "targetRevision": 123,
              "traceId": "trace-104",
              "geometry": {
                "mode": "surface-morph",
                "patchCount": 172,
                "retainedPatchCount": 0,
                "addedPatchCount": 0,
                "removedPatchCount": 172,
                "visibleWaterMeshCount": 1,
                "opacityCrossfade": false
              },
              "progress": 1,
              "frameCount": 10,
              "completed": true,
              "superseded": false,
              "progressSamples": [
                0,
                0.12277777774466409,
                0.260555555505885,
                0.40555555555555556,
                0.5416666666666666,
                0.6650000000165568,
                0.8155555555389987,
                0.9405555555389987,
                1,
                1
              ]
            }
          ]
        },
        "ui": {
          "runtime": "svelte5",
          "shellPublishCount": 60,
          "hudPublishCount": 186,
          "interactionPublishCount": 308,
          "debugProjectionCount": 342,
          "debugPublishCount": 344,
          "staleUpdateCount": 0,
          "coalescedUpdateCount": 17906,
          "domCommitCount": 815,
          "projectionDurationMs": 761.3000002205372,
          "publishDurationMs": 16.300000056624413,
          "domCommitDurationMs": 1109.700000166893,
          "debugProjectionRate": 3.767939269684712,
          "totalPublishRate": 9.829888624148058
        },
        "gameplay": {
          "entityCount": 5,
          "worldItemCount": 0,
          "creatureCount": 4,
          "npcCount": 0,
          "nearbyVisitedBucketCount": 27,
          "nearbyCandidateCount": 2,
          "nearbyReturnedCount": 2,
          "inventoryOperationCount": 35,
          "gameplayEventCount": 3515,
          "snapshotBytes": 54492,
          "retainedActorCount": 4,
          "activeActorCount": 2,
          "behaviorEvaluationCount": 0,
          "navigationPlanCount": 0,
          "navigationExpandedNodeCount": 0,
          "pathRecomputeCount": 0,
          "actionCompletionCount": 12,
          "actionFailureCount": 0,
          "actionInterruptionCount": 1,
          "perceptionLineOfSightCheckCount": 0,
          "simulationTime": 200.7,
          "presentedEntityCount": 4
        },
        "breakingOverlay": null,
        "viewmodel": {
          "isolatedLayer": true
        },
        "visualEffects": {
          "activeLocalLights": 0,
          "shadowedLocalLights": 0,
          "localLightLimit": 0,
          "localShadowLimit": 0,
          "sunShadows": false,
          "sunShadowResolution": 0,
          "reflectionEnabled": false,
          "reflectionActive": false,
          "reflectionResolution": 0,
          "reflectionFrameInterval": 0,
          "reflectionRenderCount": 0,
          "waterPlaneY": null,
          "postProcessing": false,
          "shadowUpdateCount": 0,
          "shadowStableFrameCount": 4723,
          "blockLightReady": false,
          "blockLightSourceRevision": null,
          "blockLightRebuildCount": 1229
        },
        "water": {
          "bodyFraction": 0,
          "wading": false,
          "swimming": false,
          "cameraSubmerged": false,
          "cameraDepth": null,
          "waterSurfaceY": null,
          "underwaterBlend": 0
        }
      },
      "logicEvidence": []
    },
    {
      "schemaVersion": 1,
      "status": "FAIL",
      "attempt": 0,
      "test": "非 Classic Playbook 从锁定 production artifact 启动并消费自定义 worldgen/voxel/presentation",
      "project": "chromium",
      "benchmark": false,
      "stages": {},
      "errors": [],
      "current": null,
      "logicEvidence": []
    }
  ]
}
