{
  "schemaVersion": 1,
  "status": "FAIL",
  "attempts": [
    {
      "schemaVersion": 1,
      "status": "FAIL",
      "attempt": 0,
      "test": "Classic 生产旅程以真实输入完成 C0-C5，并复用同一运行时性能场景",
      "project": "chromium",
      "benchmark": false,
      "stages": {
        "C0": {
          "status": "PASS",
          "observation": "Production preview loaded the fixed seed with a stamped Classic composition, Authority/logic/persistence/compute Workers, consumed Wasm bytes and an actual WebGL2 context."
        },
        "C1": {
          "status": "PASS",
          "observation": "Pointer Lock mouse movement changed the route, then held W+Space crossed from Chunk 0 to Chunk 1 and Authority acknowledged it."
        },
        "C2": {
          "status": "PASS",
          "observation": "Mouse mining produced visible drops; movement picked them up; E opened inventory and real 2x2 pointer interactions produced planks, sticks, a wood sword and a workbench."
        },
        "C3": {
          "status": "PASS",
          "observation": "Right click placed crafted planks with a consumed mesh commit; inventory food restored health; held real mouse input buffered and completed the wood-sword second combo hit before defeating the fixed creature; a crafted workbench was placed, opened through the station runtime, then dismantled and recovered through real actions."
        }
      },
      "errors": [
        "Error: \u001b[2mexpect(\u001b[22m\u001b[31mreceived\u001b[39m\u001b[2m).\u001b[22mtoBe\u001b[2m(\u001b[22m\u001b[32mexpected\u001b[39m\u001b[2m) // Object.is equality\u001b[22m\n\nExpected: \u001b[32mtrue\u001b[39m\nReceived: \u001b[31mfalse\u001b[39m"
      ],
      "current": {
        "frameMs": 16.69999998807907,
        "player": [
          71.60638427734375,
          32.60000228881836,
          0.5013126730918884
        ],
        "viewAngles": [
          -90.25999999999998,
          -34.46000000000001
        ],
        "streamCenter": [
          2,
          0
        ],
        "loadedChunks": 30,
        "renderedChunks": 17,
        "generationQueue": 0,
        "meshingQueue": 0,
        "deferredRemeshes": 0,
        "onGround": true,
        "colliding": false,
        "interactionAttempts": 14,
        "mutationCount": 4258,
        "worldRevision": 143,
        "structuralEventCount": 143,
        "remeshSchedulingCount": 138,
        "lastCommitMutationCount": 2,
        "lastCommitMeshChunkCount": 4,
        "storageBytes": 34580733,
        "worldTime": 20.33599999999504,
        "timePaused": false,
        "quality": "low",
        "triangles": 111682,
        "drawCalls": 32,
        "blockLightBricks": 30,
        "blockLightAllocatedBytes": 7864320,
        "blockLightRebuildCount": 1367,
        "collisionDebug": {
          "enabled": false,
          "entityCount": 0,
          "meshCount": 0,
          "materialCount": 0,
          "visibleBatchCount": 0,
          "vertexCapacity": 0,
          "buildCount": 0,
          "authorityRequestCount": 0
        },
        "runtime": "authority-worker",
        "workers": {
          "total": 5,
          "authority": 1,
          "logic": 1,
          "persistence": 1,
          "fluid": 1,
          "general": 1
        },
        "authority": {
          "physicsHz": 60,
          "paused": true,
          "physicsTick": 12669,
          "integratedPhysicsTimeMs": 211149.99999996866,
          "acknowledgedInputSequence": 5893,
          "physicsDebtMs": 3.3000000561005436,
          "activeTimeMs": 211153.30000002476,
          "commitSequence": 54940,
          "physicsCost": {
            "count": 12669,
            "capacity": 256,
            "samplesMs": [
              0.30000001192092896,
              0.3999999761581421,
              0.29999998211860657,
              0.20000001788139343,
              0.4000000059604645,
              0.29999998211860657,
              0.20000001788139343,
              0.4000000059604645,
              0.4000000059604645,
              0.4000000059604645,
              0.19999998807907104,
              0.3999999761581421,
              0.19999998807907104,
              0.4000000059604645,
              0.30000001192092896,
              0.20000001788139343,
              0.30000001192092896,
              0.30000001192092896,
              0.30000001192092896,
              0.4000000059604645,
              0.4000000059604645,
              0.19999998807907104,
              0.30000001192092896,
              0.3999999761581421,
              0.29999998211860657,
              0.30000001192092896,
              0.29999998211860657,
              0.29999998211860657,
              0.30000001192092896,
              0.30000001192092896,
              0.19999998807907104,
              0.3999999761581421,
              0.29999998211860657,
              0.30000001192092896,
              0.30000001192092896,
              0.30000001192092896,
              0.29999998211860657,
              0.4000000059604645,
              0.20000001788139343,
              0.30000001192092896,
              0.30000001192092896,
              0.29999998211860657,
              0.30000001192092896,
              0.20000001788139343,
              0.19999998807907104,
              0.5,
              0.30000001192092896,
              0.4000000059604645,
              0.4000000059604645,
              0.5,
              0.4000000059604645,
              0.30000001192092896,
              0.20000001788139343,
              0.30000001192092896,
              0.29999998211860657,
              0.29999998211860657,
              0.4000000059604645,
              0.30000001192092896,
              0.19999998807907104,
              0.30000001192092896,
              0.09999999403953552,
              0.30000001192092896,
              0.19999998807907104,
              0.19999998807907104,
              0.20000001788139343,
              0.30000001192092896,
              0.19999998807907104,
              0.20000001788139343,
              0.19999998807907104,
              0.19999998807907104,
              0.4000000059604645,
              0.20000001788139343,
              0.4000000059604645,
              0.20000001788139343,
              0.29999998211860657,
              0.19999998807907104,
              0.19999998807907104,
              0.19999998807907104,
              0.30000001192092896,
              0.29999998211860657,
              0.29999998211860657,
              0.29999998211860657,
              0.30000001192092896,
              0.20000001788139343,
              0.30000001192092896,
              0.4000000059604645,
              0.29999998211860657,
              0.4000000059604645,
              0.19999998807907104,
              0.29999998211860657,
              0.4000000059604645,
              0.30000001192092896,
              0.4000000059604645,
              0.4000000059604645,
              0.19999998807907104,
              0.4000000059604645,
              0.29999998211860657,
              0.20000001788139343,
              0.19999998807907104,
              0.20000001788139343,
              0.29999998211860657,
              0.4000000059604645,
              0.30000001192092896,
              0.19999998807907104,
              0.30000001192092896,
              0.29999998211860657,
              0.30000001192092896,
              0.30000001192092896,
              0.4000000059604645,
              0.3999999761581421,
              0.30000001192092896,
              0.30000001192092896,
              0.29999998211860657,
              0.30000001192092896,
              0.19999998807907104,
              0.4000000059604645,
              0.30000001192092896,
              0.29999998211860657,
              0.29999998211860657,
              0.4000000059604645,
              0.29999998211860657,
              0.30000001192092896,
              0.29999998211860657,
              0.30000001192092896,
              0.30000001192092896,
              0.19999998807907104,
              0.29999998211860657,
              0.20000001788139343,
              0.30000001192092896,
              0.20000001788139343,
              0.29999998211860657,
              0.4000000059604645,
              0.29999998211860657,
              0.29999998211860657,
              0.20000001788139343,
              0.29999998211860657,
              0.4000000059604645,
              0.29999998211860657,
              0.30000001192092896,
              0.30000001192092896,
              0.4000000059604645,
              0.29999998211860657,
              0.29999998211860657,
              0.19999998807907104,
              0.29999998211860657,
              0.19999998807907104,
              0.30000001192092896,
              0.4000000059604645,
              0.29999998211860657,
              0.4000000059604645,
              0.29999998211860657,
              0.29999998211860657,
              0.20000001788139343,
              0.09999999403953552,
              0.29999998211860657,
              0.30000001192092896,
              0.29999998211860657,
              0.29999998211860657,
              0.29999998211860657,
              0.29999998211860657,
              0.3999999761581421,
              0.30000001192092896,
              0.30000001192092896,
              0.4000000059604645,
              0.20000001788139343,
              0.29999998211860657,
              0.19999998807907104,
              0.30000001192092896,
              0.30000001192092896,
              0.30000001192092896,
              0.29999998211860657,
              0.19999998807907104,
              0.20000001788139343,
              0.29999998211860657,
              0.29999998211860657,
              0.19999998807907104,
              0.30000001192092896,
              0.19999998807907104,
              0.19999998807907104,
              0.30000001192092896,
              0.19999998807907104,
              0.30000001192092896,
              0.3999999761581421,
              0.30000001192092896,
              0.20000001788139343,
              0.19999998807907104,
              0.09999999403953552,
              0.19999998807907104,
              0.20000001788139343,
              0.20000001788139343,
              0.29999998211860657,
              0.4000000059604645,
              0.30000001192092896,
              0.30000001192092896,
              0.29999998211860657,
              0.20000001788139343,
              0.4000000059604645,
              0.30000001192092896,
              0.20000001788139343,
              0.30000001192092896,
              0.30000001192092896,
              0.4000000059604645,
              0.4000000059604645,
              0.29999998211860657,
              0.4000000059604645,
              0.4000000059604645,
              0.30000001192092896,
              0.29999998211860657,
              0.5,
              0.4000000059604645,
              0.4000000059604645,
              0.30000001192092896,
              0.29999998211860657,
              0.19999998807907104,
              0.30000001192092896,
              0.29999998211860657,
              0.29999998211860657,
              0.30000001192092896,
              0.30000001192092896,
              0.20000001788139343,
              0.30000001192092896,
              0.20000001788139343,
              0.19999998807907104,
              0.19999998807907104,
              0.30000001192092896,
              0.29999998211860657,
              0.20000001788139343,
              0.20000001788139343,
              0.29999998211860657,
              0.19999998807907104,
              0.29999998211860657,
              0.19999998807907104,
              0.4000000059604645,
              0.30000001192092896,
              0.30000001192092896,
              0.19999998807907104,
              0.4000000059604645,
              0.19999998807907104,
              0.29999998211860657,
              0.29999998211860657,
              0.3999999761581421,
              0.4000000059604645,
              0.30000001192092896,
              0.4000000059604645,
              0.30000001192092896,
              0.30000001192092896,
              0.4000000059604645,
              0.30000001192092896,
              0.30000001192092896,
              0.4000000059604645,
              0.4000000059604645,
              0.29999998211860657,
              0.30000001192092896,
              0.30000001192092896,
              0.29999998211860657,
              0.4000000059604645
            ]
          },
          "fluid": {
            "pendingCellCount": 0,
            "inFlightLeaseCount": 0,
            "acceptedCandidateCount": 128,
            "rejectedCandidateCount": 0,
            "returnedLeaseCount": 0,
            "issuedLeaseCount": 128,
            "settledLeaseCount": 128
          },
          "residency": {
            "residentCount": 65,
            "target": 256,
            "hardLimit": 2048,
            "pinnedCount": 38,
            "dirtyCount": 0,
            "evictableCleanCount": 27,
            "evictionCount": 0,
            "rejectedAdmissionCount": 0,
            "oversubscribed": false,
            "autoSaveInFlight": false,
            "autoSaveFailureCount": 0,
            "nextRetryActiveTimeMs": 0,
            "lastSaveError": null
          },
          "bodies": {
            "total": 4,
            "actors": 4,
            "worldItems": 0,
            "nearPlayer": 1
          },
          "snapshotRejections": {
            "wrong-epoch": 0,
            "duplicate": 89,
            "physics-tick-regressed": 0,
            "commit-regressed": 0,
            "ack-regressed": 0
          }
        },
        "logic": {
          "blockStartedCount": 0,
          "blockCompletedCount": 0,
          "observationInFlight": false,
          "pendingObservationCount": 0,
          "submittedObservationCount": 2924,
          "receivedBatchCount": 2924,
          "completedBatchCount": 2924,
          "rejectedBatchCount": 0,
          "lastRoundTripMs": 2.5
        },
        "trajectory": [
          {
            "physicsTick": 12329,
            "activeTimeMs": 205496.50000001283,
            "position": [
              69.20083524777189,
              32.6,
              0.499270617234024
            ]
          },
          {
            "physicsTick": 12331,
            "activeTimeMs": 205519.7000000009,
            "position": [
              69.20083524777189,
              32.6,
              0.499270617234024
            ]
          },
          {
            "physicsTick": 12332,
            "activeTimeMs": 205544.00000001283,
            "position": [
              69.20083524777189,
              32.6,
              0.499270617234024
            ]
          },
          {
            "physicsTick": 12333,
            "activeTimeMs": 205565.60000000687,
            "position": [
              69.20083524777189,
              32.6,
              0.499270617234024
            ]
          },
          {
            "physicsTick": 12334,
            "activeTimeMs": 205582.60000000687,
            "position": [
              69.20083524777189,
              32.6,
              0.499270617234024
            ]
          },
          {
            "physicsTick": 12336,
            "activeTimeMs": 205600.4000000188,
            "position": [
              69.20083524777189,
              32.6,
              0.499270617234024
            ]
          },
          {
            "physicsTick": 12337,
            "activeTimeMs": 205623.80000002476,
            "position": [
              69.20083524777189,
              32.6,
              0.499270617234024
            ]
          },
          {
            "physicsTick": 12338,
            "activeTimeMs": 205645.50000001283,
            "position": [
              69.20083524777189,
              32.6,
              0.499270617234024
            ]
          },
          {
            "physicsTick": 12340,
            "activeTimeMs": 205670.7000000009,
            "position": [
              69.20083524777189,
              32.6,
              0.499270617234024
            ]
          },
          {
            "physicsTick": 12341,
            "activeTimeMs": 205696.30000002476,
            "position": [
              69.20083524777189,
              32.6,
              0.499270617234024
            ]
          },
          {
            "physicsTick": 12343,
            "activeTimeMs": 205717.2000000009,
            "position": [
              69.20083524777189,
              32.6,
              0.499270617234024
            ]
          },
          {
            "physicsTick": 12344,
            "activeTimeMs": 205735.60000000687,
            "position": [
              69.20083524777189,
              32.6,
              0.499270617234024
            ]
          },
          {
            "physicsTick": 12345,
            "activeTimeMs": 205752.7000000009,
            "position": [
              69.20083524777189,
              32.6,
              0.499270617234024
            ]
          },
          {
            "physicsTick": 12346,
            "activeTimeMs": 205774.7000000009,
            "position": [
              69.20083524777189,
              32.6,
              0.499270617234024
            ]
          },
          {
            "physicsTick": 12347,
            "activeTimeMs": 205797.7000000009,
            "position": [
              69.20083524777189,
              32.6,
              0.499270617234024
            ]
          },
          {
            "physicsTick": 12349,
            "activeTimeMs": 205821.2000000009,
            "position": [
              69.20083524777189,
              32.6,
              0.499270617234024
            ]
          },
          {
            "physicsTick": 12350,
            "activeTimeMs": 205838.9000000188,
            "position": [
              69.20083524777189,
              32.6,
              0.499270617234024
            ]
          },
          {
            "physicsTick": 12351,
            "activeTimeMs": 205862.30000002476,
            "position": [
              69.20083524777189,
              32.6,
              0.499270617234024
            ]
          },
          {
            "physicsTick": 12353,
            "activeTimeMs": 205886.30000002476,
            "position": [
              69.20083524777189,
              32.6,
              0.499270617234024
            ]
          },
          {
            "physicsTick": 12354,
            "activeTimeMs": 205912.00000001283,
            "position": [
              69.20083524777189,
              32.6,
              0.499270617234024
            ]
          },
          {
            "physicsTick": 12356,
            "activeTimeMs": 205935.9000000188,
            "position": [
              69.21472413666078,
              32.6,
              0.4994407866946492
            ]
          },
          {
            "physicsTick": 12357,
            "activeTimeMs": 205959.30000002476,
            "position": [
              69.24250191443855,
              32.6,
              0.4996109561552744
            ]
          },
          {
            "physicsTick": 12358,
            "activeTimeMs": 205981.2000000009,
            "position": [
              69.28416858110522,
              32.6,
              0.4997811256158996
            ]
          },
          {
            "physicsTick": 12359,
            "activeTimeMs": 205999.60000000687,
            "position": [
              69.33972413666078,
              32.6,
              0.4999512950765248
            ]
          },
          {
            "physicsTick": 12361,
            "activeTimeMs": 206023.30000002476,
            "position": [
              69.484168388054,
              32.70333333333333,
              0.5002916339977752
            ]
          },
          {
            "physicsTick": 12362,
            "activeTimeMs": 206047.30000002476,
            "position": [
              69.55916819500278,
              32.80166666666666,
              0.5004618034584004
            ]
          },
          {
            "physicsTick": 12364,
            "activeTimeMs": 206071.4000000188,
            "position": [
              69.70916780890035,
              32.983333333333334,
              0.5008021423796508
            ]
          },
          {
            "physicsTick": 12365,
            "activeTimeMs": 206088.2000000009,
            "position": [
              69.78416761584913,
              33.06666666666666,
              0.500972311840276
            ]
          },
          {
            "physicsTick": 12366,
            "activeTimeMs": 206110.2000000009,
            "position": [
              69.85916742279791,
              33.144999999999996,
              0.5011424813009012
            ]
          },
          {
            "physicsTick": 12368,
            "activeTimeMs": 206135.30000002476,
            "position": [
              70.00361148113991,
              33.28666666666667,
              0.5013126507615264
            ]
          },
          {
            "physicsTick": 12369,
            "activeTimeMs": 206157.2000000009,
            "position": [
              70.06750017697759,
              33.35,
              0.5013126507615264
            ]
          },
          {
            "physicsTick": 12370,
            "activeTimeMs": 206180.2000000009,
            "position": [
              70.1258333172597,
              33.40833333333333,
              0.5013126507615264
            ]
          },
          {
            "physicsTick": 12371,
            "activeTimeMs": 206198.7000000009,
            "position": [
              70.17861090198626,
              33.461666666666666,
              0.5013126507615264
            ]
          },
          {
            "physicsTick": 12373,
            "activeTimeMs": 206224.2000000009,
            "position": [
              70.26749940477272,
              33.553333333333335,
              0.5013126507615264
            ]
          },
          {
            "physicsTick": 12374,
            "activeTimeMs": 206241.2000000009,
            "position": [
              70.30361032283261,
              33.59166666666667,
              0.5013126507615264
            ]
          },
          {
            "physicsTick": 12375,
            "activeTimeMs": 206261.7000000009,
            "position": [
              70.33416568533696,
              33.625,
              0.5013126507615264
            ]
          },
          {
            "physicsTick": 12376,
            "activeTimeMs": 206278.60000000687,
            "position": [
              70.35916549228574,
              33.653333333333336,
              0.5013126507615264
            ]
          },
          {
            "physicsTick": 12377,
            "activeTimeMs": 206295.30000002476,
            "position": [
              70.37860974367896,
              33.67666666666667,
              0.5013126507615264
            ]
          },
          {
            "physicsTick": 12379,
            "activeTimeMs": 206319.00000001283,
            "position": [
              70.40083157979875,
              33.708333333333336,
              0.5013126507615264
            ]
          },
          {
            "physicsTick": 12380,
            "activeTimeMs": 206335.9000000188,
            "position": [
              70.4036091645253,
              33.71666666666667,
              0.5013126507615264
            ]
          },
          {
            "physicsTick": 12381,
            "activeTimeMs": 206357.60000000687,
            "position": [
              70.4036091645253,
              33.72,
              0.5013126507615264
            ]
          },
          {
            "physicsTick": 12382,
            "activeTimeMs": 206375.30000002476,
            "position": [
              70.4036091645253,
              33.718333333333334,
              0.5013126507615264
            ]
          },
          {
            "physicsTick": 12384,
            "activeTimeMs": 206400.4000000188,
            "position": [
              70.4036091645253,
              33.7,
              0.5013126507615264
            ]
          },
          {
            "physicsTick": 12385,
            "activeTimeMs": 206424.4000000188,
            "position": [
              70.4036091645253,
              33.68333333333334,
              0.5013126507615264
            ]
          },
          {
            "physicsTick": 12386,
            "activeTimeMs": 206444.60000000687,
            "position": [
              70.4036091645253,
              33.66166666666667,
              0.5013126507615264
            ]
          },
          {
            "physicsTick": 12387,
            "activeTimeMs": 206462.00000001283,
            "position": [
              70.4036091645253,
              33.635000000000005,
              0.5013126507615264
            ]
          },
          {
            "physicsTick": 12389,
            "activeTimeMs": 206488.7000000009,
            "position": [
              70.4036091645253,
              33.56666666666667,
              0.5013126507615264
            ]
          },
          {
            "physicsTick": 12390,
            "activeTimeMs": 206510.7000000009,
            "position": [
              70.4036091645253,
              33.525000000000006,
              0.5013126507615264
            ]
          },
          {
            "physicsTick": 12391,
            "activeTimeMs": 206527.50000001283,
            "position": [
              70.4036091645253,
              33.47833333333334,
              0.5013126507615264
            ]
          },
          {
            "physicsTick": 12393,
            "activeTimeMs": 206552.9000000188,
            "position": [
              70.4036091645253,
              33.370000000000005,
              0.5013126507615264
            ]
          },
          {
            "physicsTick": 12394,
            "activeTimeMs": 206576.00000001283,
            "position": [
              70.4036091645253,
              33.30833333333334,
              0.5013126507615264
            ]
          },
          {
            "physicsTick": 12395,
            "activeTimeMs": 206598.7000000009,
            "position": [
              70.4036091645253,
              33.241666666666674,
              0.5013126507615264
            ]
          },
          {
            "physicsTick": 12397,
            "activeTimeMs": 206624.50000001283,
            "position": [
              70.4036091645253,
              33.09333333333334,
              0.5013126507615264
            ]
          },
          {
            "physicsTick": 12398,
            "activeTimeMs": 206649.10000000687,
            "position": [
              70.4036091645253,
              33.01166666666667,
              0.5013126507615264
            ]
          },
          {
            "physicsTick": 12400,
            "activeTimeMs": 206671.80000002476,
            "position": [
              70.4036091645253,
              32.83333333333334,
              0.5013126507615264
            ]
          },
          {
            "physicsTick": 12401,
            "activeTimeMs": 206694.30000002476,
            "position": [
              70.4036091645253,
              32.73666666666667,
              0.5013126507615264
            ]
          },
          {
            "physicsTick": 12403,
            "activeTimeMs": 206716.9000000188,
            "position": [
              70.4036091645253,
              32.600001,
              0.5013126507615264
            ]
          },
          {
            "physicsTick": 12404,
            "activeTimeMs": 206737.10000000687,
            "position": [
              70.4036091645253,
              32.600001,
              0.5013126507615264
            ]
          },
          {
            "physicsTick": 12405,
            "activeTimeMs": 206759.4000000188,
            "position": [
              70.4036091645253,
              32.600001,
              0.5013126507615264
            ]
          },
          {
            "physicsTick": 12406,
            "activeTimeMs": 206781.2000000009,
            "position": [
              70.4036091645253,
              32.600001,
              0.5013126507615264
            ]
          },
          {
            "physicsTick": 12407,
            "activeTimeMs": 206799.10000000687,
            "position": [
              70.4036091645253,
              32.600001,
              0.5013126507615264
            ]
          },
          {
            "physicsTick": 12409,
            "activeTimeMs": 206821.60000000687,
            "position": [
              70.4036091645253,
              32.600001,
              0.5013126507615264
            ]
          },
          {
            "physicsTick": 12410,
            "activeTimeMs": 206839.10000000687,
            "position": [
              70.4036091645253,
              32.600001,
              0.5013126507615264
            ]
          },
          {
            "physicsTick": 12411,
            "activeTimeMs": 206863.00000001283,
            "position": [
              70.4036091645253,
              32.600001,
              0.5013126507615264
            ]
          },
          {
            "physicsTick": 12413,
            "activeTimeMs": 206887.80000002476,
            "position": [
              70.4036091645253,
              32.600001,
              0.5013126507615264
            ]
          },
          {
            "physicsTick": 12414,
            "activeTimeMs": 206908.7000000009,
            "position": [
              70.4036091645253,
              32.600001,
              0.5013126507615264
            ]
          },
          {
            "physicsTick": 12415,
            "activeTimeMs": 206925.7000000009,
            "position": [
              70.41749805341419,
              32.70333433333333,
              0.5011424813009012
            ]
          },
          {
            "physicsTick": 12417,
            "activeTimeMs": 206953.10000000687,
            "position": [
              70.46194249785864,
              32.895001,
              0.5008021423796508
            ]
          },
          {
            "physicsTick": 12418,
            "activeTimeMs": 206972.9000000188,
            "position": [
              70.4924980534142,
              32.98333433333333,
              0.5006319729190256
            ]
          },
          {
            "physicsTick": 12419,
            "activeTimeMs": 206989.80000002476,
            "position": [
              70.5286091645253,
              33.06666766666667,
              0.5004618034584004
            ]
          },
          {
            "physicsTick": 12420,
            "activeTimeMs": 207016.10000000687,
            "position": [
              70.55916472008086,
              33.145001,
              0.5004618034584004
            ]
          },
          {
            "physicsTick": 12422,
            "activeTimeMs": 207038.9000000188,
            "position": [
              70.60360916452531,
              33.286667666666666,
              0.5004618034584004
            ]
          },
          {
            "physicsTick": 12423,
            "activeTimeMs": 207056.4000000188,
            "position": [
              70.6174980534142,
              33.350001,
              0.5004618034584004
            ]
          },
          {
            "physicsTick": 12424,
            "activeTimeMs": 207077.80000002476,
            "position": [
              70.62583138674754,
              33.40833433333333,
              0.5004618034584004
            ]
          },
          {
            "physicsTick": 12426,
            "activeTimeMs": 207104.2000000009,
            "position": [
              70.62860916452532,
              33.510000999999995,
              0.5004618034584004
            ]
          },
          {
            "physicsTick": 12427,
            "activeTimeMs": 207125.30000002476,
            "position": [
              70.62860916452532,
              33.55333433333333,
              0.5004618034584004
            ]
          },
          {
            "physicsTick": 12429,
            "activeTimeMs": 207152.4000000188,
            "position": [
              70.62860916452532,
              33.625001,
              0.5004618034584004
            ]
          },
          {
            "physicsTick": 12430,
            "activeTimeMs": 207173.00000001283,
            "position": [
              70.62860916452532,
              33.65333433333333,
              0.5004618034584004
            ]
          },
          {
            "physicsTick": 12432,
            "activeTimeMs": 207200.50000001283,
            "position": [
              70.62860916452532,
              33.695001,
              0.5004618034584004
            ]
          },
          {
            "physicsTick": 12433,
            "activeTimeMs": 207222.7000000009,
            "position": [
              70.62860916452532,
              33.70833433333333,
              0.5004618034584004
            ]
          },
          {
            "physicsTick": 12434,
            "activeTimeMs": 207240.50000001283,
            "position": [
              70.62860916452532,
              33.716667666666666,
              0.5004618034584004
            ]
          },
          {
            "physicsTick": 12435,
            "activeTimeMs": 207262.10000000687,
            "position": [
              70.62860916452532,
              33.720000999999996,
              0.5004618034584004
            ]
          },
          {
            "physicsTick": 12437,
            "activeTimeMs": 207288.30000002476,
            "position": [
              70.62860916452532,
              33.71166766666666,
              0.5004618034584004
            ]
          },
          {
            "physicsTick": 12438,
            "activeTimeMs": 207310.10000000687,
            "position": [
              70.62860916452532,
              33.700001,
              0.5004618034584004
            ]
          },
          {
            "physicsTick": 12440,
            "activeTimeMs": 207336.80000002476,
            "position": [
              70.62860916452532,
              33.661667666666666,
              0.5004618034584004
            ]
          },
          {
            "physicsTick": 12441,
            "activeTimeMs": 207357.80000002476,
            "position": [
              70.62860916452532,
              33.635001,
              0.5004618034584004
            ]
          },
          {
            "physicsTick": 12442,
            "activeTimeMs": 207374.60000000687,
            "position": [
              70.62860916452532,
              33.603334333333336,
              0.5004618034584004
            ]
          },
          {
            "physicsTick": 12443,
            "activeTimeMs": 207399.9000000188,
            "position": [
              70.62860916452532,
              33.56666766666667,
              0.5004618034584004
            ]
          },
          {
            "physicsTick": 12445,
            "activeTimeMs": 207423.30000002476,
            "position": [
              70.62860916452532,
              33.478334333333336,
              0.5004618034584004
            ]
          },
          {
            "physicsTick": 12446,
            "activeTimeMs": 207445.50000001283,
            "position": [
              70.62860916452532,
              33.42666766666667,
              0.5004618034584004
            ]
          },
          {
            "physicsTick": 12448,
            "activeTimeMs": 207468.7000000009,
            "position": [
              70.62860916452532,
              33.308334333333335,
              0.5004618034584004
            ]
          },
          {
            "physicsTick": 12449,
            "activeTimeMs": 207494.10000000687,
            "position": [
              70.62860916452532,
              33.24166766666667,
              0.5004618034584004
            ]
          },
          {
            "physicsTick": 12451,
            "activeTimeMs": 207518.10000000687,
            "position": [
              70.62860916452532,
              33.09333433333334,
              0.5004618034584004
            ]
          },
          {
            "physicsTick": 12452,
            "activeTimeMs": 207536.50000001283,
            "position": [
              70.62860916452532,
              33.01166766666667,
              0.5004618034584004
            ]
          },
          {
            "physicsTick": 12453,
            "activeTimeMs": 207556.9000000188,
            "position": [
              70.62860916452532,
              32.925001,
              0.5004618034584004
            ]
          },
          {
            "physicsTick": 12454,
            "activeTimeMs": 207574.4000000188,
            "position": [
              70.62860916452532,
              32.83333433333334,
              0.5004618034584004
            ]
          },
          {
            "physicsTick": 12455,
            "activeTimeMs": 207599.00000001283,
            "position": [
              70.62860916452532,
              32.73666766666667,
              0.5004618034584004
            ]
          },
          {
            "physicsTick": 12457,
            "activeTimeMs": 207624.10000000687,
            "position": [
              70.62860916452532,
              32.600001,
              0.5004618034584004
            ]
          },
          {
            "physicsTick": 12458,
            "activeTimeMs": 207646.60000000687,
            "position": [
              70.62860916452532,
              32.600001,
              0.5004618034584004
            ]
          },
          {
            "physicsTick": 12460,
            "activeTimeMs": 207671.7000000009,
            "position": [
              70.62860916452532,
              32.600001,
              0.5004618034584004
            ]
          },
          {
            "physicsTick": 12461,
            "activeTimeMs": 207694.30000002476,
            "position": [
              70.62860916452532,
              32.600001,
              0.5004618034584004
            ]
          },
          {
            "physicsTick": 12463,
            "activeTimeMs": 207719.30000002476,
            "position": [
              70.62860916452532,
              32.600001,
              0.5004618034584004
            ]
          },
          {
            "physicsTick": 12464,
            "activeTimeMs": 207736.00000001283,
            "position": [
              70.62860916452532,
              32.600001,
              0.5004618034584004
            ]
          },
          {
            "physicsTick": 12465,
            "activeTimeMs": 207757.2000000009,
            "position": [
              70.62860916452532,
              32.600001,
              0.5004618034584004
            ]
          },
          {
            "physicsTick": 12466,
            "activeTimeMs": 207782.9000000188,
            "position": [
              70.62860916452532,
              32.600001,
              0.5004618034584004
            ]
          },
          {
            "physicsTick": 12468,
            "activeTimeMs": 207804.80000002476,
            "position": [
              70.6424980534142,
              32.70333433333333,
              0.5002916339977752
            ]
          },
          {
            "physicsTick": 12469,
            "activeTimeMs": 207822.7000000009,
            "position": [
              70.66194249785865,
              32.80166766666667,
              0.50012146453715
            ]
          },
          {
            "physicsTick": 12470,
            "activeTimeMs": 207846.2000000009,
            "position": [
              70.68694249785865,
              32.895001,
              0.4999512950765248
            ]
          },
          {
            "physicsTick": 12472,
            "activeTimeMs": 207872.4000000188,
            "position": [
              70.75360916452532,
              33.06666766666667,
              0.4996109561552744
            ]
          },
          {
            "physicsTick": 12473,
            "activeTimeMs": 207893.2000000009,
            "position": [
              70.78416472008087,
              33.145001,
              0.4996109561552744
            ]
          },
          {
            "physicsTick": 12475,
            "activeTimeMs": 207918.50000001283,
            "position": [
              70.82860916452532,
              33.286667666666666,
              0.4996109561552744
            ]
          },
          {
            "physicsTick": 12476,
            "activeTimeMs": 207941.50000001283,
            "position": [
              70.8424980534142,
              33.350001,
              0.4996109561552744
            ]
          },
          {
            "physicsTick": 12477,
            "activeTimeMs": 207965.80000002476,
            "position": [
              70.85083138674754,
              33.40833433333333,
              0.4996109561552744
            ]
          },
          {
            "physicsTick": 12479,
            "activeTimeMs": 207984.10000000687,
            "position": [
              70.85360916452532,
              33.510000999999995,
              0.4996109561552744
            ]
          },
          {
            "physicsTick": 12480,
            "activeTimeMs": 208006.4000000188,
            "position": [
              70.85360916452532,
              33.55333433333333,
              0.4996109561552744
            ]
          },
          {
            "physicsTick": 12481,
            "activeTimeMs": 208023.7000000009,
            "position": [
              70.85360916452532,
              33.591667666666666,
              0.4996109561552744
            ]
          },
          {
            "physicsTick": 12482,
            "activeTimeMs": 208046.9000000188,
            "position": [
              70.85360916452532,
              33.625001,
              0.4996109561552744
            ]
          },
          {
            "physicsTick": 12484,
            "activeTimeMs": 208071.4000000188,
            "position": [
              70.85360916452532,
              33.67666766666667,
              0.4996109561552744
            ]
          },
          {
            "physicsTick": 12485,
            "activeTimeMs": 208094.50000001283,
            "position": [
              70.85360916452532,
              33.695001,
              0.4996109561552744
            ]
          },
          {
            "physicsTick": 12487,
            "activeTimeMs": 208120.2000000009,
            "position": [
              70.85360916452532,
              33.716667666666666,
              0.4996109561552744
            ]
          },
          {
            "physicsTick": 12488,
            "activeTimeMs": 208141.2000000009,
            "position": [
              70.85360916452532,
              33.720000999999996,
              0.4996109561552744
            ]
          },
          {
            "physicsTick": 12490,
            "activeTimeMs": 208167.50000001283,
            "position": [
              70.85360916452532,
              33.71166766666666,
              0.4996109561552744
            ]
          },
          {
            "physicsTick": 12491,
            "activeTimeMs": 208191.00000001283,
            "position": [
              70.85360916452532,
              33.700001,
              0.4996109561552744
            ]
          },
          {
            "physicsTick": 12492,
            "activeTimeMs": 208214.00000001283,
            "position": [
              70.85360916452532,
              33.683334333333335,
              0.4996109561552744
            ]
          },
          {
            "physicsTick": 12494,
            "activeTimeMs": 208239.4000000188,
            "position": [
              70.85360916452532,
              33.635001,
              0.4996109561552744
            ]
          },
          {
            "physicsTick": 12495,
            "activeTimeMs": 208262.2000000009,
            "position": [
              70.85360916452532,
              33.603334333333336,
              0.4996109561552744
            ]
          },
          {
            "physicsTick": 12497,
            "activeTimeMs": 208288.10000000687,
            "position": [
              70.85360916452532,
              33.525001,
              0.4996109561552744
            ]
          },
          {
            "physicsTick": 12498,
            "activeTimeMs": 208308.9000000188,
            "position": [
              70.85360916452532,
              33.478334333333336,
              0.4996109561552744
            ]
          },
          {
            "physicsTick": 12500,
            "activeTimeMs": 208336.4000000188,
            "position": [
              70.85360916452532,
              33.370001,
              0.4996109561552744
            ]
          },
          {
            "physicsTick": 12501,
            "activeTimeMs": 208357.9000000188,
            "position": [
              70.85360916452532,
              33.308334333333335,
              0.4996109561552744
            ]
          },
          {
            "physicsTick": 12503,
            "activeTimeMs": 208384.30000002476,
            "position": [
              70.85360916452532,
              33.170001000000006,
              0.4996109561552744
            ]
          },
          {
            "physicsTick": 12504,
            "activeTimeMs": 208407.9000000188,
            "position": [
              70.85360916452532,
              33.09333433333334,
              0.4996109561552744
            ]
          },
          {
            "physicsTick": 12505,
            "activeTimeMs": 208431.4000000188,
            "position": [
              70.85360916452532,
              33.01166766666667,
              0.4996109561552744
            ]
          },
          {
            "physicsTick": 12507,
            "activeTimeMs": 208455.4000000188,
            "position": [
              70.85360916452532,
              32.83333433333334,
              0.4996109561552744
            ]
          },
          {
            "physicsTick": 12508,
            "activeTimeMs": 208477.7000000009,
            "position": [
              70.85360916452532,
              32.73666766666667,
              0.4996109561552744
            ]
          },
          {
            "physicsTick": 12510,
            "activeTimeMs": 208504.30000002476,
            "position": [
              70.85360916452532,
              32.600001,
              0.4996109561552744
            ]
          },
          {
            "physicsTick": 12511,
            "activeTimeMs": 208525.4000000188,
            "position": [
              70.85360916452532,
              32.600001,
              0.4996109561552744
            ]
          },
          {
            "physicsTick": 12513,
            "activeTimeMs": 208552.50000001283,
            "position": [
              70.85360916452532,
              32.600001,
              0.4996109561552744
            ]
          },
          {
            "physicsTick": 12514,
            "activeTimeMs": 208574.4000000188,
            "position": [
              70.85360916452532,
              32.600001,
              0.4996109561552744
            ]
          },
          {
            "physicsTick": 12515,
            "activeTimeMs": 208598.80000002476,
            "position": [
              70.85360916452532,
              32.600001,
              0.4996109561552744
            ]
          },
          {
            "physicsTick": 12517,
            "activeTimeMs": 208623.80000002476,
            "position": [
              70.85360916452532,
              32.600001,
              0.4996109561552744
            ]
          },
          {
            "physicsTick": 12518,
            "activeTimeMs": 208647.10000000687,
            "position": [
              70.85360916452532,
              32.600001,
              0.4996109561552744
            ]
          },
          {
            "physicsTick": 12520,
            "activeTimeMs": 208668.60000000687,
            "position": [
              70.85360916452532,
              32.600001,
              0.4996109561552744
            ]
          },
          {
            "physicsTick": 12521,
            "activeTimeMs": 208687.60000000687,
            "position": [
              70.85360916452532,
              32.600001,
              0.4996109561552744
            ]
          },
          {
            "physicsTick": 12522,
            "activeTimeMs": 208704.60000000687,
            "position": [
              70.85360916452532,
              32.600001,
              0.4996109561552744
            ]
          },
          {
            "physicsTick": 12523,
            "activeTimeMs": 208724.30000002476,
            "position": [
              70.85360916452532,
              32.600001,
              0.4996109561552744
            ]
          },
          {
            "physicsTick": 12525,
            "activeTimeMs": 208753.00000001283,
            "position": [
              70.88694249785866,
              32.80166766666667,
              0.4996109561552744
            ]
          },
          {
            "physicsTick": 12526,
            "activeTimeMs": 208773.80000002476,
            "position": [
              70.91194249785866,
              32.895001,
              0.4996109561552744
            ]
          },
          {
            "physicsTick": 12527,
            "activeTimeMs": 208798.00000001283,
            "position": [
              70.94249805341421,
              32.98333433333333,
              0.4996109561552744
            ]
          },
          {
            "physicsTick": 12529,
            "activeTimeMs": 208823.2000000009,
            "position": [
              71.00916472008088,
              33.145001,
              0.4996109561552744
            ]
          },
          {
            "physicsTick": 12530,
            "activeTimeMs": 208847.30000002476,
            "position": [
              71.03416472008088,
              33.21833433333333,
              0.4996109561552744
            ]
          },
          {
            "physicsTick": 12532,
            "activeTimeMs": 208871.30000002476,
            "position": [
              71.06749805341421,
              33.350001,
              0.4996109561552744
            ]
          },
          {
            "physicsTick": 12533,
            "activeTimeMs": 208894.2000000009,
            "position": [
              71.07583138674755,
              33.40833433333333,
              0.4996109561552744
            ]
          },
          {
            "physicsTick": 12535,
            "activeTimeMs": 208921.10000000687,
            "position": [
              71.07860916452533,
              33.510000999999995,
              0.4996109561552744
            ]
          },
          {
            "physicsTick": 12536,
            "activeTimeMs": 208941.30000002476,
            "position": [
              71.07860916452533,
              33.55333433333333,
              0.4996109561552744
            ]
          },
          {
            "physicsTick": 12537,
            "activeTimeMs": 208965.50000001283,
            "position": [
              71.07860916452533,
              33.591667666666666,
              0.4996109561552744
            ]
          },
          {
            "physicsTick": 12539,
            "activeTimeMs": 208984.7000000009,
            "position": [
              71.07860916452533,
              33.65333433333333,
              0.4996109561552744
            ]
          },
          {
            "physicsTick": 12540,
            "activeTimeMs": 209005.9000000188,
            "position": [
              71.07860916452533,
              33.67666766666667,
              0.4996109561552744
            ]
          },
          {
            "physicsTick": 12541,
            "activeTimeMs": 209023.7000000009,
            "position": [
              71.07860916452533,
              33.695001,
              0.4996109561552744
            ]
          },
          {
            "physicsTick": 12542,
            "activeTimeMs": 209046.9000000188,
            "position": [
              71.07860916452533,
              33.70833433333333,
              0.4996109561552744
            ]
          },
          {
            "physicsTick": 12544,
            "activeTimeMs": 209072.4000000188,
            "position": [
              71.07860916452533,
              33.720000999999996,
              0.4996109561552744
            ]
          },
          {
            "physicsTick": 12545,
            "activeTimeMs": 209094.60000000687,
            "position": [
              71.07860916452533,
              33.71833433333333,
              0.4996109561552744
            ]
          },
          {
            "physicsTick": 12547,
            "activeTimeMs": 209119.30000002476,
            "position": [
              71.07860916452533,
              33.700001,
              0.4996109561552744
            ]
          },
          {
            "physicsTick": 12548,
            "activeTimeMs": 209136.2000000009,
            "position": [
              71.07860916452533,
              33.683334333333335,
              0.4996109561552744
            ]
          },
          {
            "physicsTick": 12549,
            "activeTimeMs": 209157.30000002476,
            "position": [
              71.07860916452533,
              33.661667666666666,
              0.4996109561552744
            ]
          },
          {
            "physicsTick": 12551,
            "activeTimeMs": 209184.4000000188,
            "position": [
              71.07860916452533,
              33.603334333333336,
              0.4996109561552744
            ]
          },
          {
            "physicsTick": 12552,
            "activeTimeMs": 209201.10000000687,
            "position": [
              71.07860916452533,
              33.56666766666667,
              0.4996109561552744
            ]
          },
          {
            "physicsTick": 12553,
            "activeTimeMs": 209224.00000001283,
            "position": [
              71.07860916452533,
              33.525001,
              0.4996109561552744
            ]
          },
          {
            "physicsTick": 12554,
            "activeTimeMs": 209246.80000002476,
            "position": [
              71.07860916452533,
              33.478334333333336,
              0.4996109561552744
            ]
          },
          {
            "physicsTick": 12556,
            "activeTimeMs": 209272.4000000188,
            "position": [
              71.07860916452533,
              33.370001,
              0.4996109561552744
            ]
          },
          {
            "physicsTick": 12557,
            "activeTimeMs": 209294.10000000687,
            "position": [
              71.07860916452533,
              33.308334333333335,
              0.4996109561552744
            ]
          },
          {
            "physicsTick": 12559,
            "activeTimeMs": 209319.9000000188,
            "position": [
              71.07860916452533,
              33.170001000000006,
              0.4996109561552744
            ]
          },
          {
            "physicsTick": 12560,
            "activeTimeMs": 209341.60000000687,
            "position": [
              71.07860916452533,
              33.09333433333334,
              0.4996109561552744
            ]
          },
          {
            "physicsTick": 12562,
            "activeTimeMs": 209368.2000000009,
            "position": [
              71.07860916452533,
              32.925001,
              0.4996109561552744
            ]
          },
          {
            "physicsTick": 12563,
            "activeTimeMs": 209391.00000001283,
            "position": [
              71.07860916452533,
              32.83333433333334,
              0.4996109561552744
            ]
          },
          {
            "physicsTick": 12564,
            "activeTimeMs": 209413.10000000687,
            "position": [
              71.07860916452533,
              32.73666766666667,
              0.4996109561552744
            ]
          },
          {
            "physicsTick": 12565,
            "activeTimeMs": 209430.30000002476,
            "position": [
              71.07860916452533,
              32.635001,
              0.4996109561552744
            ]
          },
          {
            "physicsTick": 12566,
            "activeTimeMs": 209447.10000000687,
            "position": [
              71.07860916452533,
              32.600001,
              0.4996109561552744
            ]
          },
          {
            "physicsTick": 12568,
            "activeTimeMs": 209471.80000002476,
            "position": [
              71.07860916452533,
              32.600001,
              0.4996109561552744
            ]
          },
          {
            "physicsTick": 12569,
            "activeTimeMs": 209494.00000001283,
            "position": [
              71.07860916452533,
              32.600001,
              0.4996109561552744
            ]
          },
          {
            "physicsTick": 12571,
            "activeTimeMs": 209519.9000000188,
            "position": [
              71.07860916452533,
              32.600001,
              0.4996109561552744
            ]
          },
          {
            "physicsTick": 12572,
            "activeTimeMs": 209542.30000002476,
            "position": [
              71.07860916452533,
              32.600001,
              0.4996109561552744
            ]
          },
          {
            "physicsTick": 12574,
            "activeTimeMs": 209568.30000002476,
            "position": [
              71.07860916452533,
              32.600001,
              0.4996109561552744
            ]
          },
          {
            "physicsTick": 12575,
            "activeTimeMs": 209590.10000000687,
            "position": [
              71.07860916452533,
              32.600001,
              0.4996109561552744
            ]
          },
          {
            "physicsTick": 12576,
            "activeTimeMs": 209607.60000000687,
            "position": [
              71.09249805341422,
              32.70333433333333,
              0.4996109561552744
            ]
          },
          {
            "physicsTick": 12577,
            "activeTimeMs": 209629.4000000188,
            "position": [
              71.11194249785866,
              32.80166766666667,
              0.4996109561552744
            ]
          },
          {
            "physicsTick": 12579,
            "activeTimeMs": 209655.30000002476,
            "position": [
              71.16749805341422,
              32.98333433333333,
              0.4996109561552744
            ]
          },
          {
            "physicsTick": 12580,
            "activeTimeMs": 209672.4000000188,
            "position": [
              71.20360916452533,
              33.06666766666667,
              0.4996109561552744
            ]
          },
          {
            "physicsTick": 12581,
            "activeTimeMs": 209692.7000000009,
            "position": [
              71.245275831192,
              33.145001,
              0.4996109561552744
            ]
          },
          {
            "physicsTick": 12582,
            "activeTimeMs": 209710.00000001283,
            "position": [
              71.28138694230312,
              33.21833433333333,
              0.4996109561552744
            ]
          },
          {
            "physicsTick": 12584,
            "activeTimeMs": 209735.30000002476,
            "position": [
              71.33694249785867,
              33.350001,
              0.4996109561552744
            ]
          },
          {
            "physicsTick": 12585,
            "activeTimeMs": 209757.80000002476,
            "position": [
              71.35638694230312,
              33.40833433333333,
              0.4996109561552744
            ]
          },
          {
            "physicsTick": 12587,
            "activeTimeMs": 209784.80000002476,
            "position": [
              71.37860916452534,
              33.510000999999995,
              0.4996109561552744
            ]
          },
          {
            "physicsTick": 12588,
            "activeTimeMs": 209805.80000002476,
            "position": [
              71.38138694230312,
              33.55333433333333,
              0.4996109561552744
            ]
          },
          {
            "physicsTick": 12589,
            "activeTimeMs": 209830.4000000188,
            "position": [
              71.38138694230312,
              33.591667666666666,
              0.4996109561552744
            ]
          },
          {
            "physicsTick": 12591,
            "activeTimeMs": 209856.2000000009,
            "position": [
              71.38138694230312,
              33.65333433333333,
              0.4996109561552744
            ]
          },
          {
            "physicsTick": 12592,
            "activeTimeMs": 209878.10000000687,
            "position": [
              71.38138694230312,
              33.67666766666667,
              0.4996109561552744
            ]
          },
          {
            "physicsTick": 12594,
            "activeTimeMs": 209904.30000002476,
            "position": [
              71.38138694230312,
              33.70833433333333,
              0.4996109561552744
            ]
          },
          {
            "physicsTick": 12595,
            "activeTimeMs": 209925.2000000009,
            "position": [
              71.38138694230312,
              33.716667666666666,
              0.4996109561552744
            ]
          },
          {
            "physicsTick": 12597,
            "activeTimeMs": 209953.00000001283,
            "position": [
              71.38138694230312,
              33.71833433333333,
              0.4996109561552744
            ]
          },
          {
            "physicsTick": 12598,
            "activeTimeMs": 209972.9000000188,
            "position": [
              71.38138694230312,
              33.71166766666666,
              0.4996109561552744
            ]
          },
          {
            "physicsTick": 12599,
            "activeTimeMs": 209990.9000000188,
            "position": [
              71.38138694230312,
              33.700001,
              0.4996109561552744
            ]
          },
          {
            "physicsTick": 12600,
            "activeTimeMs": 210014.10000000687,
            "position": [
              71.38138694230312,
              33.683334333333335,
              0.4996109561552744
            ]
          },
          {
            "physicsTick": 12601,
            "activeTimeMs": 210031.7000000009,
            "position": [
              71.38138694230312,
              33.661667666666666,
              0.4996109561552744
            ]
          },
          {
            "physicsTick": 12603,
            "activeTimeMs": 210056.00000001283,
            "position": [
              71.38138694230312,
              33.603334333333336,
              0.4996109561552744
            ]
          },
          {
            "physicsTick": 12604,
            "activeTimeMs": 210077.50000001283,
            "position": [
              71.38138694230312,
              33.56666766666667,
              0.4996109561552744
            ]
          },
          {
            "physicsTick": 12606,
            "activeTimeMs": 210104.60000000687,
            "position": [
              71.38138694230312,
              33.478334333333336,
              0.4996109561552744
            ]
          },
          {
            "physicsTick": 12607,
            "activeTimeMs": 210124.2000000009,
            "position": [
              71.38138694230312,
              33.42666766666667,
              0.4996109561552744
            ]
          },
          {
            "physicsTick": 12608,
            "activeTimeMs": 210140.9000000188,
            "position": [
              71.38138694230312,
              33.370001,
              0.4996109561552744
            ]
          },
          {
            "physicsTick": 12609,
            "activeTimeMs": 210164.4000000188,
            "position": [
              71.38138694230312,
              33.308334333333335,
              0.4996109561552744
            ]
          },
          {
            "physicsTick": 12610,
            "activeTimeMs": 210182.9000000188,
            "position": [
              71.38138694230312,
              33.24166766666667,
              0.4996109561552744
            ]
          },
          {
            "physicsTick": 12612,
            "activeTimeMs": 210207.4000000188,
            "position": [
              71.38138694230312,
              33.09333433333334,
              0.4996109561552744
            ]
          },
          {
            "physicsTick": 12613,
            "activeTimeMs": 210229.00000001283,
            "position": [
              71.38138694230312,
              33.01166766666667,
              0.4996109561552744
            ]
          },
          {
            "physicsTick": 12614,
            "activeTimeMs": 210247.30000002476,
            "position": [
              71.38138694230312,
              32.925001,
              0.4996109561552744
            ]
          },
          {
            "physicsTick": 12616,
            "activeTimeMs": 210272.60000000687,
            "position": [
              71.38138694230312,
              32.73666766666667,
              0.4996109561552744
            ]
          },
          {
            "physicsTick": 12617,
            "activeTimeMs": 210294.10000000687,
            "position": [
              71.38138694230312,
              32.635001,
              0.4996109561552744
            ]
          },
          {
            "physicsTick": 12619,
            "activeTimeMs": 210320.00000001283,
            "position": [
              71.38138694230312,
              32.600001,
              0.4996109561552744
            ]
          },
          {
            "physicsTick": 12620,
            "activeTimeMs": 210341.60000000687,
            "position": [
              71.38138694230312,
              32.600001,
              0.4996109561552744
            ]
          },
          {
            "physicsTick": 12621,
            "activeTimeMs": 210364.9000000188,
            "position": [
              71.38138694230312,
              32.600001,
              0.4996109561552744
            ]
          },
          {
            "physicsTick": 12623,
            "activeTimeMs": 210383.60000000687,
            "position": [
              71.38138694230312,
              32.600001,
              0.4996109561552744
            ]
          },
          {
            "physicsTick": 12624,
            "activeTimeMs": 210405.30000002476,
            "position": [
              71.38138694230312,
              32.600001,
              0.4996109561552744
            ]
          },
          {
            "physicsTick": 12625,
            "activeTimeMs": 210423.00000001283,
            "position": [
              71.38138694230312,
              32.600001,
              0.4996109561552744
            ]
          },
          {
            "physicsTick": 12626,
            "activeTimeMs": 210447.2000000009,
            "position": [
              71.38138694230312,
              32.600001,
              0.4996109561552744
            ]
          },
          {
            "physicsTick": 12628,
            "activeTimeMs": 210472.4000000188,
            "position": [
              71.41472027563645,
              32.80166766666667,
              0.5002916322276086
            ]
          },
          {
            "physicsTick": 12629,
            "activeTimeMs": 210493.9000000188,
            "position": [
              71.43972027563646,
              32.895001,
              0.5006319702637757
            ]
          },
          {
            "physicsTick": 12631,
            "activeTimeMs": 210519.2000000009,
            "position": [
              71.50638694230312,
              33.06666766666667,
              0.5013126463361098
            ]
          },
          {
            "physicsTick": 12632,
            "activeTimeMs": 210540.50000001283,
            "position": [
              71.53694249785867,
              33.145001,
              0.5013126463361098
            ]
          },
          {
            "physicsTick": 12633,
            "activeTimeMs": 210557.4000000188,
            "position": [
              71.56194249785868,
              33.21833433333333,
              0.5013126463361098
            ]
          },
          {
            "physicsTick": 12634,
            "activeTimeMs": 210580.50000001283,
            "position": [
              71.58138694230313,
              33.286667666666666,
              0.5013126463361098
            ]
          },
          {
            "physicsTick": 12636,
            "activeTimeMs": 210600.4000000188,
            "position": [
              71.60360916452535,
              33.40833433333333,
              0.5013126463361098
            ]
          },
          {
            "physicsTick": 12637,
            "activeTimeMs": 210622.30000002476,
            "position": [
              71.60638694230313,
              33.46166766666666,
              0.5013126463361098
            ]
          },
          {
            "physicsTick": 12638,
            "activeTimeMs": 210639.50000001283,
            "position": [
              71.60638694230313,
              33.510000999999995,
              0.5013126463361098
            ]
          },
          {
            "physicsTick": 12639,
            "activeTimeMs": 210661.50000001283,
            "position": [
              71.60638694230313,
              33.55333433333333,
              0.5013126463361098
            ]
          },
          {
            "physicsTick": 12640,
            "activeTimeMs": 210678.50000001283,
            "position": [
              71.60638694230313,
              33.591667666666666,
              0.5013126463361098
            ]
          },
          {
            "physicsTick": 12642,
            "activeTimeMs": 210704.7000000009,
            "position": [
              71.60638694230313,
              33.65333433333333,
              0.5013126463361098
            ]
          },
          {
            "physicsTick": 12643,
            "activeTimeMs": 210725.30000002476,
            "position": [
              71.60638694230313,
              33.67666766666667,
              0.5013126463361098
            ]
          },
          {
            "physicsTick": 12645,
            "activeTimeMs": 210753.00000001283,
            "position": [
              71.60638694230313,
              33.70833433333333,
              0.5013126463361098
            ]
          },
          {
            "physicsTick": 12646,
            "activeTimeMs": 210773.4000000188,
            "position": [
              71.60638694230313,
              33.716667666666666,
              0.5013126463361098
            ]
          },
          {
            "physicsTick": 12647,
            "activeTimeMs": 210790.7000000009,
            "position": [
              71.60638694230313,
              33.720000999999996,
              0.5013126463361098
            ]
          },
          {
            "physicsTick": 12648,
            "activeTimeMs": 210814.4000000188,
            "position": [
              71.60638694230313,
              33.71833433333333,
              0.5013126463361098
            ]
          },
          {
            "physicsTick": 12650,
            "activeTimeMs": 210839.4000000188,
            "position": [
              71.60638694230313,
              33.700001,
              0.5013126463361098
            ]
          },
          {
            "physicsTick": 12651,
            "activeTimeMs": 210864.30000002476,
            "position": [
              71.60638694230313,
              33.683334333333335,
              0.5013126463361098
            ]
          },
          {
            "physicsTick": 12653,
            "activeTimeMs": 210886.80000002476,
            "position": [
              71.60638694230313,
              33.635001,
              0.5013126463361098
            ]
          },
          {
            "physicsTick": 12654,
            "activeTimeMs": 210909.50000001283,
            "position": [
              71.60638694230313,
              33.603334333333336,
              0.5013126463361098
            ]
          },
          {
            "physicsTick": 12656,
            "activeTimeMs": 210934.60000000687,
            "position": [
              71.60638694230313,
              33.525001,
              0.5013126463361098
            ]
          },
          {
            "physicsTick": 12657,
            "activeTimeMs": 210952.9000000188,
            "position": [
              71.60638694230313,
              33.478334333333336,
              0.5013126463361098
            ]
          },
          {
            "physicsTick": 12658,
            "activeTimeMs": 210973.50000001283,
            "position": [
              71.60638694230313,
              33.42666766666667,
              0.5013126463361098
            ]
          },
          {
            "physicsTick": 12659,
            "activeTimeMs": 210990.30000002476,
            "position": [
              71.60638694230313,
              33.370001,
              0.5013126463361098
            ]
          },
          {
            "physicsTick": 12660,
            "activeTimeMs": 211014.4000000188,
            "position": [
              71.60638694230313,
              33.308334333333335,
              0.5013126463361098
            ]
          },
          {
            "physicsTick": 12661,
            "activeTimeMs": 211031.50000001283,
            "position": [
              71.60638694230313,
              33.24166766666667,
              0.5013126463361098
            ]
          },
          {
            "physicsTick": 12663,
            "activeTimeMs": 211056.10000000687,
            "position": [
              71.60638694230313,
              33.09333433333334,
              0.5013126463361098
            ]
          },
          {
            "physicsTick": 12664,
            "activeTimeMs": 211077.4000000188,
            "position": [
              71.60638694230313,
              33.01166766666667,
              0.5013126463361098
            ]
          },
          {
            "physicsTick": 12665,
            "activeTimeMs": 211094.10000000687,
            "position": [
              71.60638694230313,
              32.925001,
              0.5013126463361098
            ]
          },
          {
            "physicsTick": 12667,
            "activeTimeMs": 211120.4000000188,
            "position": [
              71.60638694230313,
              32.73666766666667,
              0.5013126463361098
            ]
          },
          {
            "physicsTick": 12668,
            "activeTimeMs": 211141.2000000009,
            "position": [
              71.60638694230313,
              32.635001,
              0.5013126463361098
            ]
          },
          {
            "physicsTick": 12669,
            "activeTimeMs": 211153.30000002476,
            "position": [
              71.60638694230313,
              32.600001,
              0.5013126463361098
            ]
          }
        ],
        "generatorVersion": 11,
        "renderPipeline": {
          "drawUnit": "chunk-render-category",
          "batchMode": "category",
          "vertexLayout": "float16-uv-uint16-index",
          "shaderMode": "voxel-array-chunks",
          "backend": "webgl2"
        },
        "experiments": {
          "requested": {
            "renderer": "webgl2",
            "wasm": true,
            "simd": true
          },
          "kernels": [
            "w02",
            "w03",
            "w04",
            "w05",
            "w06"
          ],
          "renderer": {
            "requestedRenderer": "webgl2",
            "effectiveRenderer": "webgl2",
            "rendererStatus": "matched"
          },
          "workers": [
            {
              "epoch": "seedlands:classic-canonical-runtime-v11:1",
              "lane": "fluid",
              "index": 0,
              "status": "off",
              "requestedArtifact": "simd",
              "effectiveArtifact": "off",
              "selected": [],
              "reason": "no-selected-kernel"
            },
            {
              "epoch": "seedlands:classic-canonical-runtime-v11:1",
              "lane": "general",
              "index": 1,
              "status": "matched",
              "requestedArtifact": "simd",
              "effectiveArtifact": "simd",
              "selected": [
                "w02",
                "w03",
                "w04",
                "w05",
                "w06"
              ],
              "artifactSha256": "c1a763778c4eb4873772cf480c758f8b18cbc77beee80c933dda6b2fd19e4b2c"
            }
          ]
        },
        "serverRevision": 1,
        "voxelAtOrigin": 42,
        "serverPlayerPosition": [
          71.60638694230313,
          32.600001,
          0.5013126463361098
        ],
        "serverPlayerVelocity": [
          0,
          0,
          0
        ],
        "prediction": {
          "pendingFrames": 0,
          "lastResetReason": "authority-resync",
          "resetCounts": {
            "input-interrupted": 17,
            "collision-history-missing": 120,
            "authority-resync": 534,
            "movement-mode-changed": 4
          },
          "presentationOffset": {
            "x": 0,
            "y": 0,
            "z": 0
          }
        },
        "serverWorldTime": 20.337999999995034,
        "performance": {
          "scenarioId": "default",
          "frame": {
            "count": 1200,
            "p50Ms": 18.5,
            "p95Ms": 28.700000017881393,
            "p99Ms": 32.80000001192093,
            "maxMs": 143.19999998807907,
            "longFrameCount": 12,
            "lastLongFrameMs": 34.60000002384186
          },
          "chunkVisible": {
            "count": 118,
            "p50Ms": 1227.7000000178814,
            "p95Ms": 15812.09999999404,
            "p99Ms": 16908.30000001192,
            "maxMs": 17143.80000001192
          },
          "completedChunkTraces": 118,
          "traceEventCount": 1595,
          "maxMeshCommitsInFrame": 1,
          "maxMeshPartsInFrame": 2,
          "visibleAfterPostrender": true,
          "incidents": 32,
          "droppedEvents": 0,
          "uploadQueueDepth": 0,
          "estimatedMeshBytes": 7817740
        },
        "compute": {
          "workerCount": 2,
          "fluidWorkerCount": 1,
          "generalWorkerCount": 1,
          "running": 0,
          "queued": 0,
          "queuedBytes": 0,
          "cancellationRequests": 0,
          "staleResults": 0,
          "failedTasks": 0,
          "completedTasks": 268,
          "submittedTasks": 268,
          "submittedBytes": 106070016,
          "maxQueued": 1,
          "maxQueuedBytes": 0,
          "workerTaskDuration": {
            "fluid": {
              "count": 128,
              "capacity": 256,
              "samplesMs": [
                0.5999999940395355,
                0.4000000059604645,
                0.3999999761581421,
                0.800000011920929,
                0.5,
                0.30000001192092896,
                0.19999998807907104,
                0.10000002384185791,
                0.20000001788139343,
                0.20000001788139343,
                0.20000001788139343,
                0.09999999403953552,
                0.09999999403953552,
                0.09999999403953552,
                0.20000001788139343,
                0.5,
                0.30000001192092896,
                0.5,
                0.4000000059604645,
                0.30000001192092896,
                0.20000001788139343,
                0.30000001192092896,
                0.30000001192092896,
                0.30000001192092896,
                0.19999998807907104,
                0.20000001788139343,
                0.20000001788139343,
                0.19999998807907104,
                0.19999998807907104,
                0.09999999403953552,
                0.20000001788139343,
                0,
                0,
                0.09999999403953552,
                0.19999998807907104,
                0.19999998807907104,
                0.4000000059604645,
                0.30000001192092896,
                0.30000001192092896,
                0.19999998807907104,
                0.20000001788139343,
                0.09999999403953552,
                0.09999999403953552,
                0,
                0.10000002384185791,
                0,
                0,
                0.09999999403953552,
                0.09999999403953552,
                0.09999999403953552,
                0.09999999403953552,
                0.09999999403953552,
                0.09999999403953552,
                0,
                0.19999998807907104,
                0.09999999403953552,
                0.09999999403953552,
                0.10000002384185791,
                0.10000002384185791,
                0.09999999403953552,
                0.10000002384185791,
                0.19999998807907104,
                0.09999999403953552,
                0.09999999403953552,
                0.09999999403953552,
                0.20000001788139343,
                0.09999999403953552,
                0.09999999403953552,
                0.09999999403953552,
                0.10000002384185791,
                0.09999999403953552,
                0.19999998807907104,
                0.09999999403953552,
                0.19999998807907104,
                0,
                0.09999999403953552,
                0.10000002384185791,
                0.20000001788139343,
                0.10000002384185791,
                0.09999999403953552,
                0.09999999403953552,
                0.20000001788139343,
                0.20000001788139343,
                0.09999999403953552,
                0.19999998807907104,
                0.20000001788139343,
                0.19999998807907104,
                0.09999999403953552,
                0.09999999403953552,
                0.19999998807907104,
                0.09999999403953552,
                0.19999998807907104,
                0.09999999403953552,
                0.09999999403953552,
                0.30000001192092896,
                0.30000001192092896,
                0.20000001788139343,
                0.20000001788139343,
                0.30000001192092896,
                0.09999999403953552,
                0.30000001192092896,
                0.30000001192092896,
                0.29999998211860657,
                0.29999998211860657,
                0.30000001192092896,
                0.30000001192092896,
                0.4000000059604645,
                0.20000001788139343,
                0.29999998211860657,
                0.19999998807907104,
                0.19999998807907104,
                0.29999998211860657,
                0.19999998807907104,
                0.09999999403953552,
                0.20000001788139343,
                0.20000001788139343,
                0.09999999403953552,
                0.19999998807907104,
                0.20000001788139343,
                0.30000001192092896,
                0.20000001788139343,
                0.19999998807907104,
                0,
                0.20000001788139343,
                0,
                0.09999999403953552,
                0.09999999403953552,
                0.09999999403953552
              ]
            },
            "general": {
              "count": 140,
              "capacity": 256,
              "samplesMs": [
                1563.800000011921,
                316.90000000596046,
                228.90000000596046,
                41.900000005960464,
                42,
                43.20000001788139,
                43.29999998211861,
                44,
                48,
                50.69999998807907,
                41.39999997615814,
                43.10000002384186,
                43.70000001788139,
                44.70000001788139,
                42.89999997615814,
                45.10000002384186,
                50.20000001788139,
                86.5,
                86.90000000596046,
                94.59999999403954,
                97.30000001192093,
                96.5,
                97.09999999403954,
                97.80000001192093,
                87.89999997615814,
                90.80000001192093,
                95,
                98.2999999821186,
                98.09999999403954,
                101.5,
                100.7000000178814,
                326.59999999403954,
                331.90000000596046,
                278.80000001192093,
                41.69999998807907,
                292.5,
                278.30000001192093,
                281.5,
                318.90000000596046,
                225.80000001192093,
                244.2000000178814,
                220.09999999403954,
                230.40000000596046,
                275.30000001192093,
                272.2000000178814,
                321.30000001192093,
                331.5,
                236.80000001192093,
                253.2000000178814,
                239.09999999403954,
                235.09999999403954,
                291.5,
                243.5,
                273.7000000178814,
                328.40000000596046,
                230,
                232.40000000596046,
                282,
                272.7000000178814,
                234.69999998807907,
                224.40000000596046,
                274.19999998807907,
                271.7000000178814,
                222,
                221.09999999403954,
                277.2000000178814,
                267.2000000178814,
                222.69999998807907,
                248.09999999403954,
                276.5,
                268.5,
                221.09999999403954,
                220.69999998807907,
                273.2000000178814,
                266.40000000596046,
                220.7999999821186,
                221.59999999403954,
                271.90000000596046,
                266.59999999403954,
                220.90000000596046,
                221.60000002384186,
                270.69999998807907,
                238.89999997615814,
                271.80000001192093,
                333.5,
                232,
                237.2999999821186,
                269,
                264.10000002384186,
                226.40000000596046,
                224.7999999821186,
                265.89999997615814,
                259.10000002384186,
                219.69999998807907,
                217.69999998807907,
                285,
                223.40000000596046,
                262.2000000178814,
                222.19999998807907,
                268.2999999821186,
                277.80000001192093,
                216.69999998807907,
                289.7999999821186,
                218.09999999403954,
                267.69999998807907,
                270,
                274.09999999403954,
                227.7999999821186,
                228.2000000178814,
                265.89999997615814,
                244.7999999821186,
                274.60000002384186,
                220.2000000178814,
                270.2999999821186,
                279.10000002384186,
                279.80000001192093,
                271.40000000596046,
                267.40000000596046,
                272.80000001192093,
                265.19999998807907,
                269.69999998807907,
                269.09999999403954,
                273.89999997615814,
                263.90000000596046,
                269.80000001192093,
                267.09999999403954,
                325.2000000178814,
                227.80000001192093,
                321.80000001192093,
                325.2999999821186,
                235,
                237.09999999403954,
                262.2999999821186,
                145.39999997615814,
                266.19999998807907,
                212.7999999821186,
                263.5,
                126.80000001192093,
                260.09999999403954,
                213.5
              ]
            }
          },
          "workerKernelStates": [
            {
              "epoch": "seedlands:classic-canonical-runtime-v11:1",
              "lane": "fluid",
              "index": 0,
              "status": "off",
              "requestedArtifact": "simd",
              "effectiveArtifact": "off",
              "selected": [],
              "reason": "no-selected-kernel"
            },
            {
              "epoch": "seedlands:classic-canonical-runtime-v11:1",
              "lane": "general",
              "index": 1,
              "status": "matched",
              "requestedArtifact": "simd",
              "effectiveArtifact": "simd",
              "selected": [
                "w02",
                "w03",
                "w04",
                "w05",
                "w06"
              ],
              "artifactSha256": "c1a763778c4eb4873772cf480c758f8b18cbc77beee80c933dda6b2fd19e4b2c"
            }
          ],
          "workerActivity": [
            {
              "lane": "fluid",
              "index": 0,
              "status": "idle",
              "taskId": null,
              "taskCategory": null,
              "taskAgeMs": null,
              "sampledAtMs": 88896.90000000596,
              "completedTasks": 128,
              "lastTaskDurationMs": 0.09999999403953552,
              "kernel": null
            },
            {
              "lane": "general",
              "index": 1,
              "status": "idle",
              "taskId": null,
              "taskCategory": null,
              "taskAgeMs": null,
              "sampledAtMs": 99353.90000000596,
              "completedTasks": 140,
              "lastTaskDurationMs": 213.5,
              "kernel": {
                "calls": 2326,
                "failures": 0,
                "memoryBytes": 18874368,
                "durationMs": 12.600000143051147,
                "failed": false
              }
            }
          ]
        },
        "fluidFeedback": {
          "count": 0,
          "pending": false,
          "pendingSample": null,
          "p50Ms": 0,
          "p95Ms": 0,
          "p99Ms": 0,
          "maxMs": 0,
          "samples": []
        },
        "waterTransitions": {
          "activeCount": 0,
          "active": [],
          "recent": [
            {
              "chunkKey": "2,0,0",
              "targetRevision": 5,
              "traceId": "trace-68",
              "geometry": {
                "mode": "surface-morph",
                "patchCount": 46,
                "retainedPatchCount": 0,
                "addedPatchCount": 46,
                "removedPatchCount": 0,
                "visibleWaterMeshCount": 1,
                "opacityCrossfade": false
              },
              "progress": 1,
              "frameCount": 9,
              "completed": true,
              "superseded": false,
              "progressSamples": [
                0,
                0.16277777784400516,
                0.3055555555555556,
                0.4550000000331137,
                0.5894444445768993,
                0.727222222255336,
                0.8666666666666667,
                1,
                1
              ]
            },
            {
              "chunkKey": "2,1,0",
              "targetRevision": 0,
              "traceId": "trace-76",
              "geometry": {
                "mode": "surface-morph",
                "patchCount": 54,
                "retainedPatchCount": 0,
                "addedPatchCount": 54,
                "removedPatchCount": 0,
                "visibleWaterMeshCount": 1,
                "opacityCrossfade": false
              },
              "progress": 1,
              "frameCount": 10,
              "completed": true,
              "superseded": false,
              "progressSamples": [
                0,
                0.13944444441133075,
                0.3038888888226615,
                0.4372222221559948,
                0.5838888888557752,
                0.7194444444444444,
                0.8583333333333333,
                0.9988888889551163,
                1,
                1
              ]
            },
            {
              "chunkKey": "2,0,-1",
              "targetRevision": 11,
              "traceId": "trace-69",
              "geometry": {
                "mode": "surface-morph",
                "patchCount": 132,
                "retainedPatchCount": 0,
                "addedPatchCount": 132,
                "removedPatchCount": 0,
                "visibleWaterMeshCount": 1,
                "opacityCrossfade": false
              },
              "progress": 1,
              "frameCount": 9,
              "completed": true,
              "superseded": false,
              "progressSamples": [
                0,
                0.1411111111442248,
                0.2905555556217829,
                0.43833333336644703,
                0.5850000000662274,
                0.7194444444444444,
                0.8627777778440051,
                1,
                1
              ]
            },
            {
              "chunkKey": "2,1,-1",
              "targetRevision": 0,
              "traceId": "trace-70",
              "geometry": {
                "mode": "surface-morph",
                "patchCount": 24,
                "retainedPatchCount": 0,
                "addedPatchCount": 24,
                "removedPatchCount": 0,
                "visibleWaterMeshCount": 1,
                "opacityCrossfade": false
              },
              "progress": 1,
              "frameCount": 9,
              "completed": true,
              "superseded": false,
              "progressSamples": [
                0,
                0.15111111104488373,
                0.28499999990065894,
                0.43222222212288114,
                0.5888888888888889,
                0.7355555555886693,
                0.8794444443451034,
                1,
                1
              ]
            },
            {
              "chunkKey": "2,0,0",
              "targetRevision": 25,
              "traceId": "trace-78",
              "geometry": {
                "mode": "surface-morph",
                "patchCount": 768,
                "retainedPatchCount": 45,
                "addedPatchCount": 722,
                "removedPatchCount": 1,
                "visibleWaterMeshCount": 1,
                "opacityCrossfade": false
              },
              "progress": 1,
              "frameCount": 9,
              "completed": true,
              "superseded": false,
              "progressSamples": [
                0,
                0.142222222354677,
                0.28888888888888886,
                0.4327777778108915,
                0.5744444444775582,
                0.7305555555555555,
                0.8727777779102326,
                1,
                1
              ]
            },
            {
              "chunkKey": "1,0,0",
              "targetRevision": 35,
              "traceId": "trace-80",
              "geometry": {
                "mode": "surface-morph",
                "patchCount": 226,
                "retainedPatchCount": 0,
                "addedPatchCount": 226,
                "removedPatchCount": 0,
                "visibleWaterMeshCount": 1,
                "opacityCrossfade": false
              },
              "progress": 1,
              "frameCount": 10,
              "completed": true,
              "superseded": false,
              "progressSamples": [
                0,
                0.1427777777115504,
                0.2766666665673256,
                0.43777777767843673,
                0.5672222221891086,
                0.698333333267106,
                0.8288888888226615,
                0.9677777777115504,
                1,
                1
              ]
            },
            {
              "chunkKey": "1,1,0",
              "targetRevision": 0,
              "traceId": "trace-73",
              "geometry": {
                "mode": "surface-morph",
                "patchCount": 9,
                "retainedPatchCount": 0,
                "addedPatchCount": 9,
                "removedPatchCount": 0,
                "visibleWaterMeshCount": 1,
                "opacityCrossfade": false
              },
              "progress": 1,
              "frameCount": 10,
              "completed": true,
              "superseded": false,
              "progressSamples": [
                0,
                0.14666666669978035,
                0.2838888888557752,
                0.42611111104488375,
                0.5727777777446641,
                0.7083333333333334,
                0.8455555554893281,
                0.9811111110779974,
                1,
                1
              ]
            },
            {
              "chunkKey": "1,0,-1",
              "targetRevision": 8,
              "traceId": "trace-74",
              "geometry": {
                "mode": "surface-morph",
                "patchCount": 78,
                "retainedPatchCount": 0,
                "addedPatchCount": 78,
                "removedPatchCount": 0,
                "visibleWaterMeshCount": 1,
                "opacityCrossfade": false
              },
              "progress": 1,
              "frameCount": 9,
              "completed": true,
              "superseded": false,
              "progressSamples": [
                0,
                0.15333333330021964,
                0.2927777777115504,
                0.4388888888888889,
                0.5705555554893281,
                0.7033333333002196,
                0.8566666666004393,
                1,
                1
              ]
            },
            {
              "chunkKey": "2,0,-1",
              "targetRevision": 31,
              "traceId": "trace-77",
              "geometry": {
                "mode": "surface-morph",
                "patchCount": 577,
                "retainedPatchCount": 129,
                "addedPatchCount": 445,
                "removedPatchCount": 3,
                "visibleWaterMeshCount": 1,
                "opacityCrossfade": false
              },
              "progress": 1,
              "frameCount": 10,
              "completed": true,
              "superseded": false,
              "progressSamples": [
                0,
                0.13944444441133075,
                0.28055555555555556,
                0.42444444447755814,
                0.5622222221559948,
                0.7,
                0.8416666666666667,
                0.9844444443782171,
                1,
                1
              ]
            },
            {
              "chunkKey": "2,0,0",
              "targetRevision": 35,
              "traceId": "trace-79",
              "geometry": {
                "mode": "surface-morph",
                "patchCount": 909,
                "retainedPatchCount": 737,
                "addedPatchCount": 142,
                "removedPatchCount": 30,
                "visibleWaterMeshCount": 1,
                "opacityCrossfade": false
              },
              "progress": 1,
              "frameCount": 9,
              "completed": true,
              "superseded": false,
              "progressSamples": [
                0,
                0.14444444444444443,
                0.29222222218910854,
                0.43833333336644703,
                0.5761111110448838,
                0.7216666666997804,
                0.8705555554893282,
                1,
                1
              ]
            },
            {
              "chunkKey": "1,0,0",
              "targetRevision": 41,
              "traceId": "trace-89",
              "geometry": {
                "mode": "surface-morph",
                "patchCount": 237,
                "retainedPatchCount": 190,
                "addedPatchCount": 11,
                "removedPatchCount": 36,
                "visibleWaterMeshCount": 1,
                "opacityCrossfade": false
              },
              "progress": 1,
              "frameCount": 9,
              "completed": true,
              "superseded": false,
              "progressSamples": [
                0,
                0.15944444437821706,
                0.31055555558866926,
                0.4527777777777778,
                0.6216666666997803,
                0.7644444444113307,
                0.9155555554562145,
                1,
                1
              ]
            },
            {
              "chunkKey": "2,1,0",
              "targetRevision": 0,
              "traceId": "trace-82",
              "geometry": {
                "mode": "surface-morph",
                "patchCount": 54,
                "retainedPatchCount": 0,
                "addedPatchCount": 0,
                "removedPatchCount": 54,
                "visibleWaterMeshCount": 1,
                "opacityCrossfade": false
              },
              "progress": 1,
              "frameCount": 9,
              "completed": true,
              "superseded": false,
              "progressSamples": [
                0,
                0.14222222218910854,
                0.286666666633553,
                0.43111111107799743,
                0.5877777778440052,
                0.7222222222222222,
                0.8661111111442248,
                1,
                1
              ]
            },
            {
              "chunkKey": "2,1,-1",
              "targetRevision": 0,
              "traceId": "trace-84",
              "geometry": {
                "mode": "surface-morph",
                "patchCount": 24,
                "retainedPatchCount": 0,
                "addedPatchCount": 0,
                "removedPatchCount": 24,
                "visibleWaterMeshCount": 1,
                "opacityCrossfade": false
              },
              "progress": 1,
              "frameCount": 9,
              "completed": true,
              "superseded": false,
              "progressSamples": [
                0,
                0.14000000009934108,
                0.2850000000662274,
                0.43666666663355297,
                0.5738888889551162,
                0.7194444444444444,
                0.861666666633553,
                1,
                1
              ]
            },
            {
              "chunkKey": "2,0,-1",
              "targetRevision": 55,
              "traceId": "trace-83",
              "geometry": {
                "mode": "surface-morph",
                "patchCount": 579,
                "retainedPatchCount": 462,
                "addedPatchCount": 5,
                "removedPatchCount": 112,
                "visibleWaterMeshCount": 1,
                "opacityCrossfade": false
              },
              "progress": 1,
              "frameCount": 9,
              "completed": true,
              "superseded": false,
              "progressSamples": [
                0,
                0.1561111110779974,
                0.3161111111442248,
                0.49055555562178293,
                0.6527777777777778,
                0.8088888888557751,
                0.9894444444113307,
                1,
                1
              ]
            },
            {
              "chunkKey": "1,1,0",
              "targetRevision": 0,
              "traceId": "trace-85",
              "geometry": {
                "mode": "surface-morph",
                "patchCount": 9,
                "retainedPatchCount": 0,
                "addedPatchCount": 0,
                "removedPatchCount": 9,
                "visibleWaterMeshCount": 1,
                "opacityCrossfade": false
              },
              "progress": 1,
              "frameCount": 10,
              "completed": true,
              "superseded": false,
              "progressSamples": [
                0,
                0.14888888895511626,
                0.28777777784400516,
                0.4372222221559948,
                0.575,
                0.713333333366447,
                0.8544444445106718,
                0.9922222221891085,
                1,
                1
              ]
            },
            {
              "chunkKey": "1,0,-1",
              "targetRevision": 8,
              "traceId": "trace-87",
              "geometry": {
                "mode": "surface-morph",
                "patchCount": 78,
                "retainedPatchCount": 76,
                "addedPatchCount": 0,
                "removedPatchCount": 2,
                "visibleWaterMeshCount": 1,
                "opacityCrossfade": false
              },
              "progress": 1,
              "frameCount": 9,
              "completed": true,
              "superseded": false,
              "progressSamples": [
                0,
                0.14444444444444443,
                0.2833333333333333,
                0.43000000003311367,
                0.5899999999337726,
                0.7511111110448837,
                0.898333333267106,
                1,
                1
              ]
            },
            {
              "chunkKey": "2,0,0",
              "targetRevision": 76,
              "traceId": "trace-86",
              "geometry": {
                "mode": "surface-morph",
                "patchCount": 898,
                "retainedPatchCount": 563,
                "addedPatchCount": 19,
                "removedPatchCount": 316,
                "visibleWaterMeshCount": 1,
                "opacityCrossfade": false
              },
              "progress": 1,
              "frameCount": 9,
              "completed": true,
              "superseded": false,
              "progressSamples": [
                0,
                0.14555555548932816,
                0.3111111111111111,
                0.45166666656732557,
                0.5961111110117701,
                0.7377777776784367,
                0.8788888888226615,
                1,
                1
              ]
            },
            {
              "chunkKey": "1,0,0",
              "targetRevision": 76,
              "traceId": "trace-90",
              "geometry": {
                "mode": "surface-morph",
                "patchCount": 203,
                "retainedPatchCount": 176,
                "addedPatchCount": 2,
                "removedPatchCount": 25,
                "visibleWaterMeshCount": 1,
                "opacityCrossfade": false
              },
              "progress": 1,
              "frameCount": 9,
              "completed": true,
              "superseded": false,
              "progressSamples": [
                0,
                0.14944444447755814,
                0.28555555558866924,
                0.4311111112435659,
                0.5711111111773385,
                0.7072222222884496,
                0.8755555556880104,
                1,
                1
              ]
            },
            {
              "chunkKey": "2,0,-1",
              "targetRevision": 86,
              "traceId": "trace-91",
              "geometry": {
                "mode": "surface-morph",
                "patchCount": 476,
                "retainedPatchCount": 380,
                "addedPatchCount": 9,
                "removedPatchCount": 87,
                "visibleWaterMeshCount": 1,
                "opacityCrossfade": false
              },
              "progress": 1,
              "frameCount": 10,
              "completed": true,
              "superseded": false,
              "progressSamples": [
                0,
                0.13666666663355298,
                0.2855555554231008,
                0.42555555552244184,
                0.57111111101177,
                0.7105555554231008,
                0.8594444443782171,
                0.9955555554893282,
                1,
                1
              ]
            },
            {
              "chunkKey": "1,0,-1",
              "targetRevision": 13,
              "traceId": "trace-92",
              "geometry": {
                "mode": "surface-morph",
                "patchCount": 76,
                "retainedPatchCount": 57,
                "addedPatchCount": 0,
                "removedPatchCount": 19,
                "visibleWaterMeshCount": 1,
                "opacityCrossfade": false
              },
              "progress": 1,
              "frameCount": 9,
              "completed": true,
              "superseded": false,
              "progressSamples": [
                0,
                0.1522222222553359,
                0.2927777777115504,
                0.4411111111442248,
                0.5772222222553359,
                0.7188888889220025,
                0.8716666666997803,
                1,
                1
              ]
            },
            {
              "chunkKey": "2,0,0",
              "targetRevision": 97,
              "traceId": "trace-93",
              "geometry": {
                "mode": "surface-morph",
                "patchCount": 602,
                "retainedPatchCount": 427,
                "addedPatchCount": 20,
                "removedPatchCount": 155,
                "visibleWaterMeshCount": 1,
                "opacityCrossfade": false
              },
              "progress": 1,
              "frameCount": 9,
              "completed": true,
              "superseded": false,
              "progressSamples": [
                0,
                0.15055555552244188,
                0.2861111111111111,
                0.42555555552244184,
                0.5794444445106718,
                0.727222222255336,
                0.8683333333995608,
                1,
                1
              ]
            },
            {
              "chunkKey": "1,0,0",
              "targetRevision": 98,
              "traceId": "trace-98",
              "geometry": {
                "mode": "surface-morph",
                "patchCount": 184,
                "retainedPatchCount": 164,
                "addedPatchCount": 6,
                "removedPatchCount": 14,
                "visibleWaterMeshCount": 1,
                "opacityCrossfade": false
              },
              "progress": 1,
              "frameCount": 9,
              "completed": true,
              "superseded": false,
              "progressSamples": [
                0,
                0.1449999999668863,
                0.37888888882266153,
                0.5355555554231007,
                0.6755555555224418,
                0.8133333332008785,
                0.9588888888557752,
                1,
                1
              ]
            },
            {
              "chunkKey": "2,0,-1",
              "targetRevision": 107,
              "traceId": "trace-95",
              "geometry": {
                "mode": "surface-morph",
                "patchCount": 396,
                "retainedPatchCount": 200,
                "addedPatchCount": 7,
                "removedPatchCount": 189,
                "visibleWaterMeshCount": 1,
                "opacityCrossfade": false
              },
              "progress": 1,
              "frameCount": 9,
              "completed": true,
              "superseded": false,
              "progressSamples": [
                0,
                0.13499999990065892,
                0.2822222221228812,
                0.4199999999668863,
                0.5683333332339923,
                0.7383333332008786,
                0.8699999999668863,
                1,
                1
              ]
            },
            {
              "chunkKey": "1,0,-1",
              "targetRevision": 20,
              "traceId": "trace-96",
              "geometry": {
                "mode": "surface-morph",
                "patchCount": 60,
                "retainedPatchCount": 22,
                "addedPatchCount": 3,
                "removedPatchCount": 35,
                "visibleWaterMeshCount": 1,
                "opacityCrossfade": false
              },
              "progress": 1,
              "frameCount": 9,
              "completed": true,
              "superseded": false,
              "progressSamples": [
                0,
                0.14555555548932816,
                0.3133333332008786,
                0.44499999996688633,
                0.5872222221559948,
                0.7333333333333333,
                0.8766666665673256,
                1,
                1
              ]
            },
            {
              "chunkKey": "2,0,0",
              "targetRevision": 115,
              "traceId": "trace-102",
              "geometry": {
                "mode": "surface-morph",
                "patchCount": 484,
                "retainedPatchCount": 342,
                "addedPatchCount": 37,
                "removedPatchCount": 105,
                "visibleWaterMeshCount": 1,
                "opacityCrossfade": false
              },
              "progress": 1,
              "frameCount": 10,
              "completed": true,
              "superseded": false,
              "progressSamples": [
                0,
                0.13666666663355298,
                0.29222222218910854,
                0.4222222222222222,
                0.5583333333333333,
                0.7066666666004393,
                0.8416666666666667,
                0.9938888889220026,
                1,
                1
              ]
            },
            {
              "chunkKey": "1,0,0",
              "targetRevision": 111,
              "traceId": "trace-104",
              "geometry": {
                "mode": "surface-morph",
                "patchCount": 170,
                "retainedPatchCount": 0,
                "addedPatchCount": 0,
                "removedPatchCount": 170,
                "visibleWaterMeshCount": 1,
                "opacityCrossfade": false
              },
              "progress": 1,
              "frameCount": 10,
              "completed": true,
              "superseded": false,
              "progressSamples": [
                0,
                0.1461111111773385,
                0.2800000000331137,
                0.411666666633553,
                0.5527777777777778,
                0.6972222222222222,
                0.8294444445106718,
                0.9994444444775581,
                1,
                1
              ]
            },
            {
              "chunkKey": "2,0,-1",
              "targetRevision": 120,
              "traceId": "trace-100",
              "geometry": {
                "mode": "surface-morph",
                "patchCount": 207,
                "retainedPatchCount": 0,
                "addedPatchCount": 0,
                "removedPatchCount": 207,
                "visibleWaterMeshCount": 1,
                "opacityCrossfade": false
              },
              "progress": 1,
              "frameCount": 10,
              "completed": true,
              "superseded": false,
              "progressSamples": [
                0,
                0.1377777776784367,
                0.28166666660043926,
                0.4177777777115504,
                0.5511111110448838,
                0.6777777777777778,
                0.8388888888888889,
                0.9727777777446641,
                1,
                1
              ]
            },
            {
              "chunkKey": "1,0,-1",
              "targetRevision": 24,
              "traceId": "trace-101",
              "geometry": {
                "mode": "surface-morph",
                "patchCount": 25,
                "retainedPatchCount": 0,
                "addedPatchCount": 0,
                "removedPatchCount": 25,
                "visibleWaterMeshCount": 1,
                "opacityCrossfade": false
              },
              "progress": 1,
              "frameCount": 9,
              "completed": true,
              "superseded": false,
              "progressSamples": [
                0,
                0.14111111097865633,
                0.2855555554231008,
                0.4316666666004393,
                0.5788888888226615,
                0.7238888887895478,
                0.8649999999337726,
                1,
                1
              ]
            },
            {
              "chunkKey": "2,0,0",
              "targetRevision": 123,
              "traceId": "trace-103",
              "geometry": {
                "mode": "surface-morph",
                "patchCount": 379,
                "retainedPatchCount": 0,
                "addedPatchCount": 0,
                "removedPatchCount": 379,
                "visibleWaterMeshCount": 1,
                "opacityCrossfade": false
              },
              "progress": 1,
              "frameCount": 9,
              "completed": true,
              "superseded": false,
              "progressSamples": [
                0,
                0.1449999999668863,
                0.3172222221891085,
                0.4677777777115504,
                0.5933333332339923,
                0.7316666666004393,
                0.8627777776784367,
                1,
                1
              ]
            }
          ]
        },
        "ui": {
          "runtime": "svelte5",
          "shellPublishCount": 63,
          "hudPublishCount": 206,
          "interactionPublishCount": 354,
          "debugProjectionCount": 384,
          "debugPublishCount": 386,
          "staleUpdateCount": 0,
          "coalescedUpdateCount": 19963,
          "domCommitCount": 919,
          "projectionDurationMs": 858.6000000238419,
          "publishDurationMs": 18.99999988079071,
          "domCommitDurationMs": 1286.4999994337559,
          "debugProjectionRate": 3.7863169246375215,
          "totalPublishRate": 9.892000761225777
        },
        "gameplay": {
          "entityCount": 5,
          "worldItemCount": 0,
          "creatureCount": 4,
          "npcCount": 0,
          "nearbyVisitedBucketCount": 27,
          "nearbyCandidateCount": 2,
          "nearbyReturnedCount": 2,
          "inventoryOperationCount": 35,
          "gameplayEventCount": 3724,
          "snapshotBytes": 54771,
          "retainedActorCount": 4,
          "activeActorCount": 2,
          "behaviorEvaluationCount": 0,
          "navigationPlanCount": 0,
          "navigationExpandedNodeCount": 0,
          "pathRecomputeCount": 0,
          "actionCompletionCount": 12,
          "actionFailureCount": 0,
          "actionInterruptionCount": 0,
          "perceptionLineOfSightCheckCount": 0,
          "simulationTime": 211.1,
          "presentedEntityCount": 4
        },
        "breakingOverlay": null,
        "viewmodel": {
          "isolatedLayer": true
        },
        "visualEffects": {
          "activeLocalLights": 0,
          "shadowedLocalLights": 0,
          "localLightLimit": 0,
          "localShadowLimit": 0,
          "sunShadows": false,
          "sunShadowResolution": 0,
          "reflectionEnabled": false,
          "reflectionActive": false,
          "reflectionResolution": 0,
          "reflectionFrameInterval": 0,
          "reflectionRenderCount": 0,
          "waterPlaneY": null,
          "postProcessing": false,
          "shadowUpdateCount": 0,
          "shadowStableFrameCount": 5256,
          "blockLightReady": true,
          "blockLightSourceRevision": 143,
          "blockLightRebuildCount": 1367
        },
        "water": {
          "bodyFraction": 0,
          "wading": false,
          "swimming": false,
          "cameraSubmerged": false,
          "cameraDepth": null,
          "waterSurfaceY": null,
          "underwaterBlend": 0
        }
      },
      "logicEvidence": []
    },
    {
      "schemaVersion": 1,
      "status": "FAIL",
      "attempt": 0,
      "test": "非 Classic Playbook 从锁定 production artifact 启动并消费自定义 worldgen/voxel/presentation",
      "project": "chromium",
      "benchmark": false,
      "stages": {},
      "errors": [],
      "current": null,
      "logicEvidence": []
    }
  ]
}
