{
  "schemaVersion": 1,
  "status": "FAIL",
  "attempts": [
    {
      "schemaVersion": 1,
      "status": "FAIL",
      "attempt": 0,
      "test": "Classic 生产旅程以真实输入完成 C0-C5，并复用同一运行时性能场景",
      "project": "chromium",
      "benchmark": false,
      "stages": {
        "C0": {
          "status": "PASS",
          "observation": "Production preview loaded the fixed seed with a stamped Classic composition, Authority/logic/persistence/compute Workers, consumed Wasm bytes and an actual WebGL2 context."
        },
        "C1": {
          "status": "PASS",
          "observation": "Pointer Lock mouse movement changed the route, then held W+Space crossed from Chunk 0 to Chunk 1 and Authority acknowledged it."
        },
        "C2": {
          "status": "PASS",
          "observation": "Mouse mining produced visible drops; movement picked them up; E opened inventory and real 2x2 pointer interactions produced planks, sticks, a wood sword and a workbench."
        },
        "C3": {
          "status": "PASS",
          "observation": "Right click placed crafted planks with a consumed mesh commit; inventory food restored health; held real mouse input buffered and completed the wood-sword second combo hit before defeating the fixed creature; a crafted workbench was placed, opened through the station runtime, then dismantled and recovered through real actions."
        }
      },
      "errors": [
        "Error: Real mouse input could not reacquire 76,30,2; last targets=[\"75,30,3\",\"75,30,2\",\"75,30,2\",\"75,30,2\",\"75,30,3\",\"75,30,2\",\"75,30,2\",\"75,30,2\",\"75,30,2\",\"75,30,3\",\"75,30,2\",\"75,30,2\"]."
      ],
      "current": {
        "frameMs": 16.600000008940697,
        "player": [
          73.74300384521484,
          32.60000228881836,
          2.7646305561065674
        ],
        "viewAngles": [
          -96.88999999999997,
          -44.60000000000002
        ],
        "streamCenter": [
          2,
          0
        ],
        "loadedChunks": 30,
        "renderedChunks": 17,
        "generationQueue": 0,
        "meshingQueue": 0,
        "deferredRemeshes": 0,
        "onGround": true,
        "colliding": false,
        "interactionAttempts": 16,
        "mutationCount": 4262,
        "worldRevision": 145,
        "structuralEventCount": 145,
        "remeshSchedulingCount": 144,
        "lastCommitMutationCount": 2,
        "lastCommitMeshChunkCount": 4,
        "storageBytes": 36801720,
        "worldTime": 21.223999999992998,
        "timePaused": false,
        "quality": "low",
        "triangles": 111682,
        "drawCalls": 32,
        "blockLightBricks": 30,
        "blockLightAllocatedBytes": 7864320,
        "blockLightRebuildCount": 1443,
        "collisionDebug": {
          "enabled": false,
          "entityCount": 0,
          "meshCount": 0,
          "materialCount": 0,
          "visibleBatchCount": 0,
          "vertexCapacity": 0,
          "buildCount": 0,
          "authorityRequestCount": 0
        },
        "runtime": "authority-worker",
        "workers": {
          "total": 5,
          "authority": 1,
          "logic": 1,
          "persistence": 1,
          "fluid": 1,
          "general": 1
        },
        "authority": {
          "physicsHz": 60,
          "paused": true,
          "physicsTick": 14043,
          "integratedPhysicsTimeMs": 234049.99999995533,
          "acknowledgedInputSequence": 7298,
          "physicsDebtMs": 16.800000039831502,
          "activeTimeMs": 234066.79999999516,
          "commitSequence": 65026,
          "physicsCost": {
            "count": 14043,
            "capacity": 256,
            "samplesMs": [
              0.4000000059604645,
              0.29999999701976776,
              0.29999999701976776,
              0.29999999701976776,
              0.29999999701976776,
              0.3999999910593033,
              0.29999999701976776,
              0.19999998807907104,
              0.29999999701976776,
              0.29999999701976776,
              0.29999999701976776,
              0.3999999910593033,
              0.29999999701976776,
              0.30000001192092896,
              0.4000000059604645,
              0.29999999701976776,
              0.30000001192092896,
              0.29999999701976776,
              0.29999999701976776,
              0.4000000059604645,
              0.29999999701976776,
              0.20000000298023224,
              0.29999999701976776,
              0.4000000059604645,
              0.30000001192092896,
              0.29999999701976776,
              0.29999999701976776,
              0.29999999701976776,
              0.3999999910593033,
              0.29999999701976776,
              0.29999999701976776,
              0.29999999701976776,
              0.4000000059604645,
              0.20000000298023224,
              0.5,
              0.4000000059604645,
              0.4000000059604645,
              0.4000000059604645,
              0.30000001192092896,
              0.29999999701976776,
              0.29999999701976776,
              0.30000001192092896,
              0.29999999701976776,
              0.3999999910593033,
              0.29999999701976776,
              0.29999999701976776,
              0.29999999701976776,
              0.29999999701976776,
              0.5999999940395355,
              0.4000000059604645,
              0.3999999910593033,
              0.29999999701976776,
              0.4000000059604645,
              0.20000000298023224,
              0.3999999910593033,
              0.19999998807907104,
              0.4000000059604645,
              0.29999999701976776,
              0.4000000059604645,
              0.29999999701976776,
              0.4000000059604645,
              0.4000000059604645,
              0.30000001192092896,
              0.4000000059604645,
              0.29999999701976776,
              0.4000000059604645,
              0.3999999910593033,
              0.30000001192092896,
              0.29999999701976776,
              0.30000001192092896,
              0.3999999910593033,
              0.4000000059604645,
              0.3999999910593033,
              0.3999999910593033,
              0.29999999701976776,
              0.20000000298023224,
              0.30000001192092896,
              0.29999999701976776,
              0.29999999701976776,
              0.29999999701976776,
              0.30000001192092896,
              0.29999999701976776,
              0.5,
              0.4000000059604645,
              0.29999999701976776,
              0.4000000059604645,
              0.29999999701976776,
              0.4000000059604645,
              0.29999999701976776,
              0.4000000059604645,
              0.3999999910593033,
              0.29999999701976776,
              0.29999999701976776,
              0.29999999701976776,
              0.4000000059604645,
              0.4000000059604645,
              0.3999999910593033,
              0.4000000059604645,
              0.29999999701976776,
              0.20000000298023224,
              0.29999999701976776,
              0.3999999910593033,
              0.3999999910593033,
              0.3999999910593033,
              0.3999999910593033,
              0.3999999910593033,
              0.29999999701976776,
              0.5,
              0.5,
              0.4000000059604645,
              0.5,
              0.4000000059604645,
              0.29999999701976776,
              0.4000000059604645,
              0.5,
              0.29999999701976776,
              0.29999999701976776,
              0.3999999910593033,
              0.3999999910593033,
              0.4000000059604645,
              0.29999999701976776,
              0.30000001192092896,
              0.29999999701976776,
              0.29999999701976776,
              0.4000000059604645,
              0.5,
              0.5,
              0.5,
              0.4000000059604645,
              0.3999999910593033,
              0.29999999701976776,
              0.29999999701976776,
              0.29999999701976776,
              0.3999999910593033,
              0.3999999910593033,
              0.29999999701976776,
              0.29999999701976776,
              0.20000000298023224,
              0.29999999701976776,
              0.4000000059604645,
              0.3999999910593033,
              0.4000000059604645,
              0.29999999701976776,
              0.29999999701976776,
              0.4000000059604645,
              0.29999999701976776,
              0.19999998807907104,
              0.29999999701976776,
              0.29999999701976776,
              0.29999999701976776,
              0.20000000298023224,
              0.19999998807907104,
              0.4000000059604645,
              0.29999999701976776,
              0.30000001192092896,
              0.29999999701976776,
              0.30000001192092896,
              0.3999999910593033,
              0.29999999701976776,
              0.20000000298023224,
              0.4000000059604645,
              0.29999999701976776,
              0.29999999701976776,
              0.20000000298023224,
              0.29999999701976776,
              0.29999999701976776,
              0.20000000298023224,
              0.4000000059604645,
              0.29999999701976776,
              0.29999999701976776,
              0.30000001192092896,
              0.29999999701976776,
              0.29999999701976776,
              0.29999999701976776,
              0.4000000059604645,
              0.5,
              0.29999999701976776,
              0.29999999701976776,
              0.29999999701976776,
              0.29999999701976776,
              0.29999999701976776,
              0.4000000059604645,
              0.29999999701976776,
              0.30000001192092896,
              0.29999999701976776,
              0.29999999701976776,
              0.30000001192092896,
              0.30000001192092896,
              0.29999999701976776,
              0.30000001192092896,
              0.29999999701976776,
              0.30000001192092896,
              0.30000001192092896,
              0.19999998807907104,
              0.29999999701976776,
              0.4000000059604645,
              0.3999999910593033,
              0.29999999701976776,
              0.4000000059604645,
              0.4000000059604645,
              0.3999999910593033,
              0.29999999701976776,
              0.30000001192092896,
              0.29999999701976776,
              0.29999999701976776,
              0.29999999701976776,
              0.4000000059604645,
              0.29999999701976776,
              0.4000000059604645,
              0.4000000059604645,
              0.29999999701976776,
              0.29999999701976776,
              0.29999999701976776,
              0.29999999701976776,
              0.29999999701976776,
              0.30000001192092896,
              0.29999999701976776,
              0.29999999701976776,
              0.20000000298023224,
              0.4000000059604645,
              0.29999999701976776,
              0.29999999701976776,
              0.29999999701976776,
              0.4000000059604645,
              0.29999999701976776,
              0.3999999910593033,
              0.20000000298023224,
              0.3999999910593033,
              0.4000000059604645,
              0.29999999701976776,
              0.29999999701976776,
              0.30000001192092896,
              0.29999999701976776,
              0.5,
              0.29999999701976776,
              0.29999999701976776,
              0.29999999701976776,
              0.29999999701976776,
              0.699999988079071,
              0.29999999701976776,
              0.29999999701976776,
              0.29999999701976776,
              0.29999999701976776,
              0.4000000059604645,
              0.29999999701976776,
              0.4000000059604645,
              0.29999999701976776,
              0.4000000059604645,
              0.29999999701976776,
              0.20000000298023224,
              0.4000000059604645,
              0.29999999701976776,
              0.3999999910593033,
              0.29999999701976776,
              0.20000000298023224,
              0.29999999701976776
            ]
          },
          "fluid": {
            "pendingCellCount": 0,
            "inFlightLeaseCount": 0,
            "acceptedCandidateCount": 128,
            "rejectedCandidateCount": 0,
            "returnedLeaseCount": 0,
            "issuedLeaseCount": 128,
            "settledLeaseCount": 128
          },
          "residency": {
            "residentCount": 65,
            "target": 256,
            "hardLimit": 2048,
            "pinnedCount": 38,
            "dirtyCount": 0,
            "evictableCleanCount": 27,
            "evictionCount": 0,
            "rejectedAdmissionCount": 0,
            "oversubscribed": false,
            "autoSaveInFlight": false,
            "autoSaveFailureCount": 0,
            "nextRetryActiveTimeMs": 0,
            "lastSaveError": null
          },
          "bodies": {
            "total": 5,
            "actors": 5,
            "worldItems": 0,
            "nearPlayer": 3
          },
          "snapshotRejections": {
            "wrong-epoch": 0,
            "duplicate": 448,
            "physics-tick-regressed": 0,
            "commit-regressed": 0,
            "ack-regressed": 0
          }
        },
        "logic": {
          "blockStartedCount": 0,
          "blockCompletedCount": 0,
          "observationInFlight": true,
          "pendingObservationCount": 0,
          "submittedObservationCount": 3369,
          "receivedBatchCount": 3368,
          "completedBatchCount": 3368,
          "rejectedBatchCount": 0,
          "lastRoundTripMs": 0.20000000298023224
        },
        "trajectory": [
          {
            "physicsTick": 13702,
            "activeTimeMs": 228376.69999998622,
            "position": [
              73.74300345791752,
              32.600001,
              2.764630528427571
            ]
          },
          {
            "physicsTick": 13703,
            "activeTimeMs": 228397.8999999892,
            "position": [
              73.74300345791752,
              32.600001,
              2.764630528427571
            ]
          },
          {
            "physicsTick": 13705,
            "activeTimeMs": 228425.99999999814,
            "position": [
              73.74300345791752,
              32.600001,
              2.764630528427571
            ]
          },
          {
            "physicsTick": 13706,
            "activeTimeMs": 228446.3999999892,
            "position": [
              73.74300345791752,
              32.600001,
              2.764630528427571
            ]
          },
          {
            "physicsTick": 13708,
            "activeTimeMs": 228473.59999999218,
            "position": [
              73.74300345791752,
              32.600001,
              2.764630528427571
            ]
          },
          {
            "physicsTick": 13709,
            "activeTimeMs": 228494.59999999218,
            "position": [
              73.74300345791752,
              32.600001,
              2.764630528427571
            ]
          },
          {
            "physicsTick": 13711,
            "activeTimeMs": 228520.59999999218,
            "position": [
              73.74300345791752,
              32.600001,
              2.764630528427571
            ]
          },
          {
            "physicsTick": 13712,
            "activeTimeMs": 228543.29999999516,
            "position": [
              73.74300345791752,
              32.600001,
              2.764630528427571
            ]
          },
          {
            "physicsTick": 13714,
            "activeTimeMs": 228567.59999999218,
            "position": [
              73.74300345791752,
              32.600001,
              2.764630528427571
            ]
          },
          {
            "physicsTick": 13715,
            "activeTimeMs": 228591.8999999892,
            "position": [
              73.74300345791752,
              32.600001,
              2.764630528427571
            ]
          },
          {
            "physicsTick": 13716,
            "activeTimeMs": 228608.8999999892,
            "position": [
              73.74300345791752,
              32.600001,
              2.764630528427571
            ]
          },
          {
            "physicsTick": 13717,
            "activeTimeMs": 228629.79999999516,
            "position": [
              73.74300345791752,
              32.600001,
              2.764630528427571
            ]
          },
          {
            "physicsTick": 13719,
            "activeTimeMs": 228656.8999999892,
            "position": [
              73.74300345791752,
              32.600001,
              2.764630528427571
            ]
          },
          {
            "physicsTick": 13720,
            "activeTimeMs": 228678.19999998622,
            "position": [
              73.74300345791752,
              32.600001,
              2.764630528427571
            ]
          },
          {
            "physicsTick": 13721,
            "activeTimeMs": 228694.8999999892,
            "position": [
              73.74300345791752,
              32.600001,
              2.764630528427571
            ]
          },
          {
            "physicsTick": 13723,
            "activeTimeMs": 228720.49999999814,
            "position": [
              73.74300345791752,
              32.600001,
              2.764630528427571
            ]
          },
          {
            "physicsTick": 13724,
            "activeTimeMs": 228742.59999999218,
            "position": [
              73.74300345791752,
              32.600001,
              2.764630528427571
            ]
          },
          {
            "physicsTick": 13726,
            "activeTimeMs": 228766.99999999814,
            "position": [
              73.74300345791752,
              32.600001,
              2.764630528427571
            ]
          },
          {
            "physicsTick": 13727,
            "activeTimeMs": 228792.49999999814,
            "position": [
              73.74300345791752,
              32.600001,
              2.764630528427571
            ]
          },
          {
            "physicsTick": 13728,
            "activeTimeMs": 228814.59999999218,
            "position": [
              73.74300345791752,
              32.600001,
              2.764630528427571
            ]
          },
          {
            "physicsTick": 13730,
            "activeTimeMs": 228841.59999999218,
            "position": [
              73.74300345791752,
              32.600001,
              2.764630528427571
            ]
          },
          {
            "physicsTick": 13731,
            "activeTimeMs": 228861.3999999892,
            "position": [
              73.74300345791752,
              32.600001,
              2.764630528427571
            ]
          },
          {
            "physicsTick": 13732,
            "activeTimeMs": 228878.3999999892,
            "position": [
              73.74300345791752,
              32.600001,
              2.764630528427571
            ]
          },
          {
            "physicsTick": 13734,
            "activeTimeMs": 228905.8999999892,
            "position": [
              73.74300345791752,
              32.600001,
              2.764630528427571
            ]
          },
          {
            "physicsTick": 13735,
            "activeTimeMs": 228927.79999999516,
            "position": [
              73.74300345791752,
              32.600001,
              2.764630528427571
            ]
          },
          {
            "physicsTick": 13737,
            "activeTimeMs": 228950.09999999218,
            "position": [
              73.74300345791752,
              32.600001,
              2.764630528427571
            ]
          },
          {
            "physicsTick": 13738,
            "activeTimeMs": 228967.79999999516,
            "position": [
              73.74300345791752,
              32.600001,
              2.764630528427571
            ]
          },
          {
            "physicsTick": 13739,
            "activeTimeMs": 228992.09999999218,
            "position": [
              73.74300345791752,
              32.600001,
              2.764630528427571
            ]
          },
          {
            "physicsTick": 13740,
            "activeTimeMs": 229009.29999999516,
            "position": [
              73.74300345791752,
              32.600001,
              2.764630528427571
            ]
          },
          {
            "physicsTick": 13741,
            "activeTimeMs": 229030.49999999814,
            "position": [
              73.74300345791752,
              32.600001,
              2.764630528427571
            ]
          },
          {
            "physicsTick": 13743,
            "activeTimeMs": 229056.3999999892,
            "position": [
              73.74300345791752,
              32.600001,
              2.764630528427571
            ]
          },
          {
            "physicsTick": 13744,
            "activeTimeMs": 229073.09999999218,
            "position": [
              73.74300345791752,
              32.600001,
              2.764630528427571
            ]
          },
          {
            "physicsTick": 13745,
            "activeTimeMs": 229094.19999998622,
            "position": [
              73.74300345791752,
              32.600001,
              2.764630528427571
            ]
          },
          {
            "physicsTick": 13747,
            "activeTimeMs": 229121.69999998622,
            "position": [
              73.74300345791752,
              32.600001,
              2.764630528427571
            ]
          },
          {
            "physicsTick": 13748,
            "activeTimeMs": 229142.19999998622,
            "position": [
              73.74300345791752,
              32.600001,
              2.764630528427571
            ]
          },
          {
            "physicsTick": 13750,
            "activeTimeMs": 229167.29999999516,
            "position": [
              73.74300345791752,
              32.600001,
              2.764630528427571
            ]
          },
          {
            "physicsTick": 13751,
            "activeTimeMs": 229192.8999999892,
            "position": [
              73.74300345791752,
              32.600001,
              2.764630528427571
            ]
          },
          {
            "physicsTick": 13752,
            "activeTimeMs": 229213.8999999892,
            "position": [
              73.74300345791752,
              32.600001,
              2.764630528427571
            ]
          },
          {
            "physicsTick": 13754,
            "activeTimeMs": 229241.99999999814,
            "position": [
              73.74300345791752,
              32.600001,
              2.764630528427571
            ]
          },
          {
            "physicsTick": 13755,
            "activeTimeMs": 229262.29999999516,
            "position": [
              73.74300345791752,
              32.600001,
              2.764630528427571
            ]
          },
          {
            "physicsTick": 13757,
            "activeTimeMs": 229285.79999999516,
            "position": [
              73.74300345791752,
              32.600001,
              2.764630528427571
            ]
          },
          {
            "physicsTick": 13758,
            "activeTimeMs": 229304.8999999892,
            "position": [
              73.74300345791752,
              32.600001,
              2.764630528427571
            ]
          },
          {
            "physicsTick": 13759,
            "activeTimeMs": 229327.79999999516,
            "position": [
              73.74300345791752,
              32.600001,
              2.764630528427571
            ]
          },
          {
            "physicsTick": 13761,
            "activeTimeMs": 229350.49999999814,
            "position": [
              73.74300345791752,
              32.600001,
              2.764630528427571
            ]
          },
          {
            "physicsTick": 13762,
            "activeTimeMs": 229368.29999999516,
            "position": [
              73.74300345791752,
              32.600001,
              2.764630528427571
            ]
          },
          {
            "physicsTick": 13763,
            "activeTimeMs": 229393.3999999892,
            "position": [
              73.74300345791752,
              32.600001,
              2.764630528427571
            ]
          },
          {
            "physicsTick": 13764,
            "activeTimeMs": 229413.79999999516,
            "position": [
              73.74300345791752,
              32.600001,
              2.764630528427571
            ]
          },
          {
            "physicsTick": 13766,
            "activeTimeMs": 229439.3999999892,
            "position": [
              73.74300345791752,
              32.600001,
              2.764630528427571
            ]
          },
          {
            "physicsTick": 13767,
            "activeTimeMs": 229457.19999998622,
            "position": [
              73.74300345791752,
              32.600001,
              2.764630528427571
            ]
          },
          {
            "physicsTick": 13768,
            "activeTimeMs": 229478.29999999516,
            "position": [
              73.74300345791752,
              32.600001,
              2.764630528427571
            ]
          },
          {
            "physicsTick": 13770,
            "activeTimeMs": 229505.3999999892,
            "position": [
              73.74300345791752,
              32.600001,
              2.764630528427571
            ]
          },
          {
            "physicsTick": 13771,
            "activeTimeMs": 229528.19999998622,
            "position": [
              73.74300345791752,
              32.600001,
              2.764630528427571
            ]
          },
          {
            "physicsTick": 13773,
            "activeTimeMs": 229550.69999998622,
            "position": [
              73.74300345791752,
              32.600001,
              2.764630528427571
            ]
          },
          {
            "physicsTick": 13774,
            "activeTimeMs": 229568.49999999814,
            "position": [
              73.74300345791752,
              32.600001,
              2.764630528427571
            ]
          },
          {
            "physicsTick": 13775,
            "activeTimeMs": 229592.3999999892,
            "position": [
              73.74300345791752,
              32.600001,
              2.764630528427571
            ]
          },
          {
            "physicsTick": 13776,
            "activeTimeMs": 229609.59999999218,
            "position": [
              73.74300345791752,
              32.600001,
              2.764630528427571
            ]
          },
          {
            "physicsTick": 13777,
            "activeTimeMs": 229630.99999999814,
            "position": [
              73.74300345791752,
              32.600001,
              2.764630528427571
            ]
          },
          {
            "physicsTick": 13779,
            "activeTimeMs": 229657.49999999814,
            "position": [
              73.74300345791752,
              32.600001,
              2.764630528427571
            ]
          },
          {
            "physicsTick": 13780,
            "activeTimeMs": 229677.99999999814,
            "position": [
              73.74300345791752,
              32.600001,
              2.764630528427571
            ]
          },
          {
            "physicsTick": 13781,
            "activeTimeMs": 229694.79999999516,
            "position": [
              73.74300345791752,
              32.600001,
              2.764630528427571
            ]
          },
          {
            "physicsTick": 13783,
            "activeTimeMs": 229721.3999999892,
            "position": [
              73.74300345791752,
              32.600001,
              2.764630528427571
            ]
          },
          {
            "physicsTick": 13784,
            "activeTimeMs": 229743.79999999516,
            "position": [
              73.74300345791752,
              32.600001,
              2.764630528427571
            ]
          },
          {
            "physicsTick": 13786,
            "activeTimeMs": 229767.29999999516,
            "position": [
              73.74300345791752,
              32.600001,
              2.764630528427571
            ]
          },
          {
            "physicsTick": 13787,
            "activeTimeMs": 229793.59999999218,
            "position": [
              73.74300345791752,
              32.600001,
              2.764630528427571
            ]
          },
          {
            "physicsTick": 13788,
            "activeTimeMs": 229813.79999999516,
            "position": [
              73.74300345791752,
              32.600001,
              2.764630528427571
            ]
          },
          {
            "physicsTick": 13790,
            "activeTimeMs": 229839.3999999892,
            "position": [
              73.74300345791752,
              32.600001,
              2.764630528427571
            ]
          },
          {
            "physicsTick": 13791,
            "activeTimeMs": 229856.79999999516,
            "position": [
              73.74300345791752,
              32.600001,
              2.764630528427571
            ]
          },
          {
            "physicsTick": 13792,
            "activeTimeMs": 229877.79999999516,
            "position": [
              73.74300345791752,
              32.600001,
              2.764630528427571
            ]
          },
          {
            "physicsTick": 13794,
            "activeTimeMs": 229903.69999998622,
            "position": [
              73.74300345791752,
              32.600001,
              2.764630528427571
            ]
          },
          {
            "physicsTick": 13795,
            "activeTimeMs": 229920.99999999814,
            "position": [
              73.74300345791752,
              32.600001,
              2.764630528427571
            ]
          },
          {
            "physicsTick": 13796,
            "activeTimeMs": 229944.8999999892,
            "position": [
              73.74300345791752,
              32.600001,
              2.764630528427571
            ]
          },
          {
            "physicsTick": 13798,
            "activeTimeMs": 229967.3999999892,
            "position": [
              73.74300345791752,
              32.600001,
              2.764630528427571
            ]
          },
          {
            "physicsTick": 13799,
            "activeTimeMs": 229991.8999999892,
            "position": [
              73.74300345791752,
              32.600001,
              2.764630528427571
            ]
          },
          {
            "physicsTick": 13800,
            "activeTimeMs": 230008.69999998622,
            "position": [
              73.74300345791752,
              32.600001,
              2.764630528427571
            ]
          },
          {
            "physicsTick": 13801,
            "activeTimeMs": 230031.09999999218,
            "position": [
              73.74300345791752,
              32.600001,
              2.764630528427571
            ]
          },
          {
            "physicsTick": 13803,
            "activeTimeMs": 230056.69999998622,
            "position": [
              73.74300345791752,
              32.600001,
              2.764630528427571
            ]
          },
          {
            "physicsTick": 13804,
            "activeTimeMs": 230077.79999999516,
            "position": [
              73.74300345791752,
              32.600001,
              2.764630528427571
            ]
          },
          {
            "physicsTick": 13806,
            "activeTimeMs": 230104.8999999892,
            "position": [
              73.74300345791752,
              32.600001,
              2.764630528427571
            ]
          },
          {
            "physicsTick": 13807,
            "activeTimeMs": 230127.99999999814,
            "position": [
              73.74300345791752,
              32.600001,
              2.764630528427571
            ]
          },
          {
            "physicsTick": 13809,
            "activeTimeMs": 230151.19999998622,
            "position": [
              73.74300345791752,
              32.600001,
              2.764630528427571
            ]
          },
          {
            "physicsTick": 13810,
            "activeTimeMs": 230176.8999999892,
            "position": [
              73.74300345791752,
              32.600001,
              2.764630528427571
            ]
          },
          {
            "physicsTick": 13811,
            "activeTimeMs": 230199.3999999892,
            "position": [
              73.74300345791752,
              32.600001,
              2.764630528427571
            ]
          },
          {
            "physicsTick": 13813,
            "activeTimeMs": 230224.69999998622,
            "position": [
              73.74300345791752,
              32.600001,
              2.764630528427571
            ]
          },
          {
            "physicsTick": 13814,
            "activeTimeMs": 230246.3999999892,
            "position": [
              73.74300345791752,
              32.600001,
              2.764630528427571
            ]
          },
          {
            "physicsTick": 13816,
            "activeTimeMs": 230272.99999999814,
            "position": [
              73.74300345791752,
              32.600001,
              2.764630528427571
            ]
          },
          {
            "physicsTick": 13817,
            "activeTimeMs": 230290.09999999218,
            "position": [
              73.74300345791752,
              32.600001,
              2.764630528427571
            ]
          },
          {
            "physicsTick": 13818,
            "activeTimeMs": 230309.59999999218,
            "position": [
              73.74300345791752,
              32.600001,
              2.764630528427571
            ]
          },
          {
            "physicsTick": 13819,
            "activeTimeMs": 230328.19999998622,
            "position": [
              73.74300345791752,
              32.600001,
              2.764630528427571
            ]
          },
          {
            "physicsTick": 13821,
            "activeTimeMs": 230351.99999999814,
            "position": [
              73.74300345791752,
              32.600001,
              2.764630528427571
            ]
          },
          {
            "physicsTick": 13822,
            "activeTimeMs": 230374.99999999814,
            "position": [
              73.74300345791752,
              32.600001,
              2.764630528427571
            ]
          },
          {
            "physicsTick": 13823,
            "activeTimeMs": 230397.8999999892,
            "position": [
              73.74300345791752,
              32.600001,
              2.764630528427571
            ]
          },
          {
            "physicsTick": 13824,
            "activeTimeMs": 230414.59999999218,
            "position": [
              73.74300345791752,
              32.600001,
              2.764630528427571
            ]
          },
          {
            "physicsTick": 13826,
            "activeTimeMs": 230438.69999998622,
            "position": [
              73.74300345791752,
              32.600001,
              2.764630528427571
            ]
          },
          {
            "physicsTick": 13827,
            "activeTimeMs": 230457.19999998622,
            "position": [
              73.74300345791752,
              32.600001,
              2.764630528427571
            ]
          },
          {
            "physicsTick": 13828,
            "activeTimeMs": 230478.09999999218,
            "position": [
              73.74300345791752,
              32.600001,
              2.764630528427571
            ]
          },
          {
            "physicsTick": 13829,
            "activeTimeMs": 230494.79999999516,
            "position": [
              73.74300345791752,
              32.600001,
              2.764630528427571
            ]
          },
          {
            "physicsTick": 13831,
            "activeTimeMs": 230520.49999999814,
            "position": [
              73.74300345791752,
              32.600001,
              2.764630528427571
            ]
          },
          {
            "physicsTick": 13832,
            "activeTimeMs": 230543.3999999892,
            "position": [
              73.74300345791752,
              32.600001,
              2.764630528427571
            ]
          },
          {
            "physicsTick": 13833,
            "activeTimeMs": 230565.8999999892,
            "position": [
              73.74300345791752,
              32.600001,
              2.764630528427571
            ]
          },
          {
            "physicsTick": 13834,
            "activeTimeMs": 230582.99999999814,
            "position": [
              73.74300345791752,
              32.600001,
              2.764630528427571
            ]
          },
          {
            "physicsTick": 13836,
            "activeTimeMs": 230605.8999999892,
            "position": [
              73.74300345791752,
              32.600001,
              2.764630528427571
            ]
          },
          {
            "physicsTick": 13837,
            "activeTimeMs": 230624.8999999892,
            "position": [
              73.74300345791752,
              32.600001,
              2.764630528427571
            ]
          },
          {
            "physicsTick": 13838,
            "activeTimeMs": 230646.19999998622,
            "position": [
              73.74300345791752,
              32.600001,
              2.764630528427571
            ]
          },
          {
            "physicsTick": 13840,
            "activeTimeMs": 230673.3999999892,
            "position": [
              73.74300345791752,
              32.600001,
              2.764630528427571
            ]
          },
          {
            "physicsTick": 13841,
            "activeTimeMs": 230694.8999999892,
            "position": [
              73.74300345791752,
              32.600001,
              2.764630528427571
            ]
          },
          {
            "physicsTick": 13843,
            "activeTimeMs": 230721.8999999892,
            "position": [
              73.74300345791752,
              32.600001,
              2.764630528427571
            ]
          },
          {
            "physicsTick": 13844,
            "activeTimeMs": 230742.49999999814,
            "position": [
              73.74300345791752,
              32.600001,
              2.764630528427571
            ]
          },
          {
            "physicsTick": 13846,
            "activeTimeMs": 230767.59999999218,
            "position": [
              73.74300345791752,
              32.600001,
              2.764630528427571
            ]
          },
          {
            "physicsTick": 13847,
            "activeTimeMs": 230791.19999998622,
            "position": [
              73.74300345791752,
              32.600001,
              2.764630528427571
            ]
          },
          {
            "physicsTick": 13848,
            "activeTimeMs": 230814.29999999516,
            "position": [
              73.74300345791752,
              32.600001,
              2.764630528427571
            ]
          },
          {
            "physicsTick": 13850,
            "activeTimeMs": 230841.69999998622,
            "position": [
              73.74300345791752,
              32.600001,
              2.764630528427571
            ]
          },
          {
            "physicsTick": 13851,
            "activeTimeMs": 230861.99999999814,
            "position": [
              73.74300345791752,
              32.600001,
              2.764630528427571
            ]
          },
          {
            "physicsTick": 13853,
            "activeTimeMs": 230889.09999999218,
            "position": [
              73.74300345791752,
              32.600001,
              2.764630528427571
            ]
          },
          {
            "physicsTick": 13854,
            "activeTimeMs": 230909.09999999218,
            "position": [
              73.74300345791752,
              32.600001,
              2.764630528427571
            ]
          },
          {
            "physicsTick": 13855,
            "activeTimeMs": 230926.3999999892,
            "position": [
              73.74300345791752,
              32.600001,
              2.764630528427571
            ]
          },
          {
            "physicsTick": 13856,
            "activeTimeMs": 230943.19999998622,
            "position": [
              73.74300345791752,
              32.600001,
              2.764630528427571
            ]
          },
          {
            "physicsTick": 13858,
            "activeTimeMs": 230968.99999999814,
            "position": [
              73.74300345791752,
              32.600001,
              2.764630528427571
            ]
          },
          {
            "physicsTick": 13859,
            "activeTimeMs": 230993.09999999218,
            "position": [
              73.74300345791752,
              32.600001,
              2.764630528427571
            ]
          },
          {
            "physicsTick": 13860,
            "activeTimeMs": 231014.29999999516,
            "position": [
              73.74300345791752,
              32.600001,
              2.764630528427571
            ]
          },
          {
            "physicsTick": 13862,
            "activeTimeMs": 231041.99999999814,
            "position": [
              73.74300345791752,
              32.600001,
              2.764630528427571
            ]
          },
          {
            "physicsTick": 13863,
            "activeTimeMs": 231062.3999999892,
            "position": [
              73.74300345791752,
              32.600001,
              2.764630528427571
            ]
          },
          {
            "physicsTick": 13865,
            "activeTimeMs": 231085.79999999516,
            "position": [
              73.74300345791752,
              32.600001,
              2.764630528427571
            ]
          },
          {
            "physicsTick": 13866,
            "activeTimeMs": 231105.49999999814,
            "position": [
              73.74300345791752,
              32.600001,
              2.764630528427571
            ]
          },
          {
            "physicsTick": 13867,
            "activeTimeMs": 231128.09999999218,
            "position": [
              73.74300345791752,
              32.600001,
              2.764630528427571
            ]
          },
          {
            "physicsTick": 13869,
            "activeTimeMs": 231150.8999999892,
            "position": [
              73.74300345791752,
              32.600001,
              2.764630528427571
            ]
          },
          {
            "physicsTick": 13870,
            "activeTimeMs": 231177.09999999218,
            "position": [
              73.74300345791752,
              32.600001,
              2.764630528427571
            ]
          },
          {
            "physicsTick": 13871,
            "activeTimeMs": 231197.79999999516,
            "position": [
              73.74300345791752,
              32.600001,
              2.764630528427571
            ]
          },
          {
            "physicsTick": 13873,
            "activeTimeMs": 231221.8999999892,
            "position": [
              73.74300345791752,
              32.600001,
              2.764630528427571
            ]
          },
          {
            "physicsTick": 13874,
            "activeTimeMs": 231241.79999999516,
            "position": [
              73.74300345791752,
              32.600001,
              2.764630528427571
            ]
          },
          {
            "physicsTick": 13875,
            "activeTimeMs": 231262.19999998622,
            "position": [
              73.74300345791752,
              32.600001,
              2.764630528427571
            ]
          },
          {
            "physicsTick": 13877,
            "activeTimeMs": 231288.69999998622,
            "position": [
              73.74300345791752,
              32.600001,
              2.764630528427571
            ]
          },
          {
            "physicsTick": 13878,
            "activeTimeMs": 231310.09999999218,
            "position": [
              73.74300345791752,
              32.600001,
              2.764630528427571
            ]
          },
          {
            "physicsTick": 13879,
            "activeTimeMs": 231327.8999999892,
            "position": [
              73.74300345791752,
              32.600001,
              2.764630528427571
            ]
          },
          {
            "physicsTick": 13881,
            "activeTimeMs": 231350.3999999892,
            "position": [
              73.74300345791752,
              32.600001,
              2.764630528427571
            ]
          },
          {
            "physicsTick": 13882,
            "activeTimeMs": 231374.3999999892,
            "position": [
              73.74300345791752,
              32.600001,
              2.764630528427571
            ]
          },
          {
            "physicsTick": 13883,
            "activeTimeMs": 231391.49999999814,
            "position": [
              73.74300345791752,
              32.600001,
              2.764630528427571
            ]
          },
          {
            "physicsTick": 13884,
            "activeTimeMs": 231409.79999999516,
            "position": [
              73.74300345791752,
              32.600001,
              2.764630528427571
            ]
          },
          {
            "physicsTick": 13885,
            "activeTimeMs": 231429.69999998622,
            "position": [
              73.74300345791752,
              32.600001,
              2.764630528427571
            ]
          },
          {
            "physicsTick": 13886,
            "activeTimeMs": 231446.49999999814,
            "position": [
              73.74300345791752,
              32.600001,
              2.764630528427571
            ]
          },
          {
            "physicsTick": 13888,
            "activeTimeMs": 231473.49999999814,
            "position": [
              73.74300345791752,
              32.600001,
              2.764630528427571
            ]
          },
          {
            "physicsTick": 13889,
            "activeTimeMs": 231493.49999999814,
            "position": [
              73.74300345791752,
              32.600001,
              2.764630528427571
            ]
          },
          {
            "physicsTick": 13890,
            "activeTimeMs": 231510.49999999814,
            "position": [
              73.74300345791752,
              32.600001,
              2.764630528427571
            ]
          },
          {
            "physicsTick": 13892,
            "activeTimeMs": 231535.3999999892,
            "position": [
              73.74300345791752,
              32.600001,
              2.764630528427571
            ]
          },
          {
            "physicsTick": 13893,
            "activeTimeMs": 231558.69999998622,
            "position": [
              73.74300345791752,
              32.600001,
              2.764630528427571
            ]
          },
          {
            "physicsTick": 13894,
            "activeTimeMs": 231576.69999998622,
            "position": [
              73.74300345791752,
              32.600001,
              2.764630528427571
            ]
          },
          {
            "physicsTick": 13895,
            "activeTimeMs": 231594.09999999218,
            "position": [
              73.74300345791752,
              32.600001,
              2.764630528427571
            ]
          },
          {
            "physicsTick": 13896,
            "activeTimeMs": 231614.29999999516,
            "position": [
              73.74300345791752,
              32.600001,
              2.764630528427571
            ]
          },
          {
            "physicsTick": 13898,
            "activeTimeMs": 231641.69999998622,
            "position": [
              73.74300345791752,
              32.600001,
              2.764630528427571
            ]
          },
          {
            "physicsTick": 13899,
            "activeTimeMs": 231661.3999999892,
            "position": [
              73.74300345791752,
              32.600001,
              2.764630528427571
            ]
          },
          {
            "physicsTick": 13901,
            "activeTimeMs": 231686.09999999218,
            "position": [
              73.74300345791752,
              32.600001,
              2.764630528427571
            ]
          },
          {
            "physicsTick": 13902,
            "activeTimeMs": 231705.29999999516,
            "position": [
              73.74300345791752,
              32.600001,
              2.764630528427571
            ]
          },
          {
            "physicsTick": 13903,
            "activeTimeMs": 231726.8999999892,
            "position": [
              73.74300345791752,
              32.600001,
              2.764630528427571
            ]
          },
          {
            "physicsTick": 13904,
            "activeTimeMs": 231743.99999999814,
            "position": [
              73.74300345791752,
              32.600001,
              2.764630528427571
            ]
          },
          {
            "physicsTick": 13906,
            "activeTimeMs": 231767.49999999814,
            "position": [
              73.74300345791752,
              32.600001,
              2.764630528427571
            ]
          },
          {
            "physicsTick": 13907,
            "activeTimeMs": 231784.59999999218,
            "position": [
              73.74300345791752,
              32.600001,
              2.764630528427571
            ]
          },
          {
            "physicsTick": 13908,
            "activeTimeMs": 231809.8999999892,
            "position": [
              73.74300345791752,
              32.600001,
              2.764630528427571
            ]
          },
          {
            "physicsTick": 13909,
            "activeTimeMs": 231830.19999998622,
            "position": [
              73.74300345791752,
              32.600001,
              2.764630528427571
            ]
          },
          {
            "physicsTick": 13911,
            "activeTimeMs": 231856.79999999516,
            "position": [
              73.74300345791752,
              32.600001,
              2.764630528427571
            ]
          },
          {
            "physicsTick": 13912,
            "activeTimeMs": 231878.29999999516,
            "position": [
              73.74300345791752,
              32.600001,
              2.764630528427571
            ]
          },
          {
            "physicsTick": 13914,
            "activeTimeMs": 231903.8999999892,
            "position": [
              73.74300345791752,
              32.600001,
              2.764630528427571
            ]
          },
          {
            "physicsTick": 13915,
            "activeTimeMs": 231928.19999998622,
            "position": [
              73.74300345791752,
              32.600001,
              2.764630528427571
            ]
          },
          {
            "physicsTick": 13916,
            "activeTimeMs": 231949.8999999892,
            "position": [
              73.74300345791752,
              32.600001,
              2.764630528427571
            ]
          },
          {
            "physicsTick": 13918,
            "activeTimeMs": 231976.8999999892,
            "position": [
              73.74300345791752,
              32.600001,
              2.764630528427571
            ]
          },
          {
            "physicsTick": 13919,
            "activeTimeMs": 231999.09999999218,
            "position": [
              73.74300345791752,
              32.600001,
              2.764630528427571
            ]
          },
          {
            "physicsTick": 13921,
            "activeTimeMs": 232025.79999999516,
            "position": [
              73.74300345791752,
              32.600001,
              2.764630528427571
            ]
          },
          {
            "physicsTick": 13922,
            "activeTimeMs": 232046.09999999218,
            "position": [
              73.74300345791752,
              32.600001,
              2.764630528427571
            ]
          },
          {
            "physicsTick": 13924,
            "activeTimeMs": 232073.3999999892,
            "position": [
              73.74300345791752,
              32.600001,
              2.764630528427571
            ]
          },
          {
            "physicsTick": 13925,
            "activeTimeMs": 232094.29999999516,
            "position": [
              73.74300345791752,
              32.600001,
              2.764630528427571
            ]
          },
          {
            "physicsTick": 13927,
            "activeTimeMs": 232120.69999998622,
            "position": [
              73.74300345791752,
              32.600001,
              2.764630528427571
            ]
          },
          {
            "physicsTick": 13928,
            "activeTimeMs": 232143.19999998622,
            "position": [
              73.74300345791752,
              32.600001,
              2.764630528427571
            ]
          },
          {
            "physicsTick": 13930,
            "activeTimeMs": 232168.99999999814,
            "position": [
              73.74300345791752,
              32.600001,
              2.764630528427571
            ]
          },
          {
            "physicsTick": 13931,
            "activeTimeMs": 232191.69999998622,
            "position": [
              73.74300345791752,
              32.600001,
              2.764630528427571
            ]
          },
          {
            "physicsTick": 13932,
            "activeTimeMs": 232214.3999999892,
            "position": [
              73.74300345791752,
              32.600001,
              2.764630528427571
            ]
          },
          {
            "physicsTick": 13934,
            "activeTimeMs": 232239.3999999892,
            "position": [
              73.74300345791752,
              32.600001,
              2.764630528427571
            ]
          },
          {
            "physicsTick": 13935,
            "activeTimeMs": 232256.79999999516,
            "position": [
              73.74300345791752,
              32.600001,
              2.764630528427571
            ]
          },
          {
            "physicsTick": 13936,
            "activeTimeMs": 232277.49999999814,
            "position": [
              73.74300345791752,
              32.600001,
              2.764630528427571
            ]
          },
          {
            "physicsTick": 13938,
            "activeTimeMs": 232305.59999999218,
            "position": [
              73.74300345791752,
              32.600001,
              2.764630528427571
            ]
          },
          {
            "physicsTick": 13939,
            "activeTimeMs": 232326.79999999516,
            "position": [
              73.74300345791752,
              32.600001,
              2.764630528427571
            ]
          },
          {
            "physicsTick": 13941,
            "activeTimeMs": 232351.49999999814,
            "position": [
              73.74300345791752,
              32.600001,
              2.764630528427571
            ]
          },
          {
            "physicsTick": 13942,
            "activeTimeMs": 232376.69999998622,
            "position": [
              73.74300345791752,
              32.600001,
              2.764630528427571
            ]
          },
          {
            "physicsTick": 13943,
            "activeTimeMs": 232399.3999999892,
            "position": [
              73.74300345791752,
              32.600001,
              2.764630528427571
            ]
          },
          {
            "physicsTick": 13945,
            "activeTimeMs": 232424.29999999516,
            "position": [
              73.74300345791752,
              32.600001,
              2.764630528427571
            ]
          },
          {
            "physicsTick": 13946,
            "activeTimeMs": 232441.59999999218,
            "position": [
              73.74300345791752,
              32.600001,
              2.764630528427571
            ]
          },
          {
            "physicsTick": 13947,
            "activeTimeMs": 232462.49999999814,
            "position": [
              73.74300345791752,
              32.600001,
              2.764630528427571
            ]
          },
          {
            "physicsTick": 13949,
            "activeTimeMs": 232488.19999998622,
            "position": [
              73.74300345791752,
              32.600001,
              2.764630528427571
            ]
          },
          {
            "physicsTick": 13950,
            "activeTimeMs": 232505.99999999814,
            "position": [
              73.74300345791752,
              32.600001,
              2.764630528427571
            ]
          },
          {
            "physicsTick": 13951,
            "activeTimeMs": 232527.79999999516,
            "position": [
              73.74300345791752,
              32.600001,
              2.764630528427571
            ]
          },
          {
            "physicsTick": 13952,
            "activeTimeMs": 232549.59999999218,
            "position": [
              73.74300345791752,
              32.600001,
              2.764630528427571
            ]
          },
          {
            "physicsTick": 13954,
            "activeTimeMs": 232576.79999999516,
            "position": [
              73.74300345791752,
              32.600001,
              2.764630528427571
            ]
          },
          {
            "physicsTick": 13955,
            "activeTimeMs": 232599.19999998622,
            "position": [
              73.74300345791752,
              32.600001,
              2.764630528427571
            ]
          },
          {
            "physicsTick": 13957,
            "activeTimeMs": 232625.79999999516,
            "position": [
              73.74300345791752,
              32.600001,
              2.764630528427571
            ]
          },
          {
            "physicsTick": 13958,
            "activeTimeMs": 232646.19999998622,
            "position": [
              73.74300345791752,
              32.600001,
              2.764630528427571
            ]
          },
          {
            "physicsTick": 13960,
            "activeTimeMs": 232672.69999998622,
            "position": [
              73.74300345791752,
              32.600001,
              2.764630528427571
            ]
          },
          {
            "physicsTick": 13961,
            "activeTimeMs": 232694.49999999814,
            "position": [
              73.74300345791752,
              32.600001,
              2.764630528427571
            ]
          },
          {
            "physicsTick": 13963,
            "activeTimeMs": 232718.79999999516,
            "position": [
              73.74300345791752,
              32.600001,
              2.764630528427571
            ]
          },
          {
            "physicsTick": 13964,
            "activeTimeMs": 232743.69999998622,
            "position": [
              73.74300345791752,
              32.600001,
              2.764630528427571
            ]
          },
          {
            "physicsTick": 13966,
            "activeTimeMs": 232767.3999999892,
            "position": [
              73.74300345791752,
              32.600001,
              2.764630528427571
            ]
          },
          {
            "physicsTick": 13967,
            "activeTimeMs": 232791.79999999516,
            "position": [
              73.74300345791752,
              32.600001,
              2.764630528427571
            ]
          },
          {
            "physicsTick": 13968,
            "activeTimeMs": 232808.79999999516,
            "position": [
              73.74300345791752,
              32.600001,
              2.764630528427571
            ]
          },
          {
            "physicsTick": 13969,
            "activeTimeMs": 232830.8999999892,
            "position": [
              73.74300345791752,
              32.600001,
              2.764630528427571
            ]
          },
          {
            "physicsTick": 13971,
            "activeTimeMs": 232854.09999999218,
            "position": [
              73.74300345791752,
              32.600001,
              2.764630528427571
            ]
          },
          {
            "physicsTick": 13972,
            "activeTimeMs": 232873.3999999892,
            "position": [
              73.74300345791752,
              32.600001,
              2.764630528427571
            ]
          },
          {
            "physicsTick": 13973,
            "activeTimeMs": 232894.3999999892,
            "position": [
              73.74300345791752,
              32.600001,
              2.764630528427571
            ]
          },
          {
            "physicsTick": 13975,
            "activeTimeMs": 232921.19999998622,
            "position": [
              73.74300345791752,
              32.600001,
              2.764630528427571
            ]
          },
          {
            "physicsTick": 13976,
            "activeTimeMs": 232941.59999999218,
            "position": [
              73.74300345791752,
              32.600001,
              2.764630528427571
            ]
          },
          {
            "physicsTick": 13977,
            "activeTimeMs": 232958.8999999892,
            "position": [
              73.74300345791752,
              32.600001,
              2.764630528427571
            ]
          },
          {
            "physicsTick": 13978,
            "activeTimeMs": 232983.29999999516,
            "position": [
              73.74300345791752,
              32.600001,
              2.764630528427571
            ]
          },
          {
            "physicsTick": 13980,
            "activeTimeMs": 233009.19999998622,
            "position": [
              73.74300345791752,
              32.600001,
              2.764630528427571
            ]
          },
          {
            "physicsTick": 13981,
            "activeTimeMs": 233030.09999999218,
            "position": [
              73.74300345791752,
              32.600001,
              2.764630528427571
            ]
          },
          {
            "physicsTick": 13983,
            "activeTimeMs": 233055.3999999892,
            "position": [
              73.74300345791752,
              32.600001,
              2.764630528427571
            ]
          },
          {
            "physicsTick": 13984,
            "activeTimeMs": 233073.79999999516,
            "position": [
              73.74300345791752,
              32.600001,
              2.764630528427571
            ]
          },
          {
            "physicsTick": 13985,
            "activeTimeMs": 233094.49999999814,
            "position": [
              73.74300345791752,
              32.600001,
              2.764630528427571
            ]
          },
          {
            "physicsTick": 13987,
            "activeTimeMs": 233121.69999998622,
            "position": [
              73.74300345791752,
              32.600001,
              2.764630528427571
            ]
          },
          {
            "physicsTick": 13988,
            "activeTimeMs": 233143.99999999814,
            "position": [
              73.74300345791752,
              32.600001,
              2.764630528427571
            ]
          },
          {
            "physicsTick": 13989,
            "activeTimeMs": 233166.49999999814,
            "position": [
              73.74300345791752,
              32.600001,
              2.764630528427571
            ]
          },
          {
            "physicsTick": 13991,
            "activeTimeMs": 233193.49999999814,
            "position": [
              73.74300345791752,
              32.600001,
              2.764630528427571
            ]
          },
          {
            "physicsTick": 13992,
            "activeTimeMs": 233214.69999998622,
            "position": [
              73.74300345791752,
              32.600001,
              2.764630528427571
            ]
          },
          {
            "physicsTick": 13994,
            "activeTimeMs": 233241.59999999218,
            "position": [
              73.74300345791752,
              32.600001,
              2.764630528427571
            ]
          },
          {
            "physicsTick": 13995,
            "activeTimeMs": 233261.29999999516,
            "position": [
              73.74300345791752,
              32.600001,
              2.764630528427571
            ]
          },
          {
            "physicsTick": 13997,
            "activeTimeMs": 233288.8999999892,
            "position": [
              73.74300345791752,
              32.600001,
              2.764630528427571
            ]
          },
          {
            "physicsTick": 13998,
            "activeTimeMs": 233310.79999999516,
            "position": [
              73.74300345791752,
              32.600001,
              2.764630528427571
            ]
          },
          {
            "physicsTick": 13999,
            "activeTimeMs": 233327.99999999814,
            "position": [
              73.74300345791752,
              32.600001,
              2.764630528427571
            ]
          },
          {
            "physicsTick": 14001,
            "activeTimeMs": 233349.99999999814,
            "position": [
              73.74300345791752,
              32.600001,
              2.764630528427571
            ]
          },
          {
            "physicsTick": 14002,
            "activeTimeMs": 233367.3999999892,
            "position": [
              73.74300345791752,
              32.600001,
              2.764630528427571
            ]
          },
          {
            "physicsTick": 14003,
            "activeTimeMs": 233393.69999998622,
            "position": [
              73.74300345791752,
              32.600001,
              2.764630528427571
            ]
          },
          {
            "physicsTick": 14004,
            "activeTimeMs": 233414.09999999218,
            "position": [
              73.74300345791752,
              32.600001,
              2.764630528427571
            ]
          },
          {
            "physicsTick": 14006,
            "activeTimeMs": 233441.29999999516,
            "position": [
              73.74300345791752,
              32.600001,
              2.764630528427571
            ]
          },
          {
            "physicsTick": 14007,
            "activeTimeMs": 233461.29999999516,
            "position": [
              73.74300345791752,
              32.600001,
              2.764630528427571
            ]
          },
          {
            "physicsTick": 14008,
            "activeTimeMs": 233478.09999999218,
            "position": [
              73.74300345791752,
              32.600001,
              2.764630528427571
            ]
          },
          {
            "physicsTick": 14010,
            "activeTimeMs": 233504.8999999892,
            "position": [
              73.74300345791752,
              32.600001,
              2.764630528427571
            ]
          },
          {
            "physicsTick": 14011,
            "activeTimeMs": 233527.99999999814,
            "position": [
              73.74300345791752,
              32.600001,
              2.764630528427571
            ]
          },
          {
            "physicsTick": 14012,
            "activeTimeMs": 233544.79999999516,
            "position": [
              73.74300345791752,
              32.600001,
              2.764630528427571
            ]
          },
          {
            "physicsTick": 14013,
            "activeTimeMs": 233565.99999999814,
            "position": [
              73.74300345791752,
              32.600001,
              2.764630528427571
            ]
          },
          {
            "physicsTick": 14015,
            "activeTimeMs": 233583.79999999516,
            "position": [
              73.74300345791752,
              32.600001,
              2.764630528427571
            ]
          },
          {
            "physicsTick": 14016,
            "activeTimeMs": 233605.99999999814,
            "position": [
              73.74300345791752,
              32.600001,
              2.764630528427571
            ]
          },
          {
            "physicsTick": 14017,
            "activeTimeMs": 233626.09999999218,
            "position": [
              73.74300345791752,
              32.600001,
              2.764630528427571
            ]
          },
          {
            "physicsTick": 14018,
            "activeTimeMs": 233646.69999998622,
            "position": [
              73.74300345791752,
              32.600001,
              2.764630528427571
            ]
          },
          {
            "physicsTick": 14020,
            "activeTimeMs": 233673.3999999892,
            "position": [
              73.74300345791752,
              32.600001,
              2.764630528427571
            ]
          },
          {
            "physicsTick": 14021,
            "activeTimeMs": 233694.79999999516,
            "position": [
              73.74300345791752,
              32.600001,
              2.764630528427571
            ]
          },
          {
            "physicsTick": 14023,
            "activeTimeMs": 233719.3999999892,
            "position": [
              73.74300345791752,
              32.600001,
              2.764630528427571
            ]
          },
          {
            "physicsTick": 14024,
            "activeTimeMs": 233743.69999998622,
            "position": [
              73.74300345791752,
              32.600001,
              2.764630528427571
            ]
          },
          {
            "physicsTick": 14026,
            "activeTimeMs": 233767.3999999892,
            "position": [
              73.74300345791752,
              32.600001,
              2.764630528427571
            ]
          },
          {
            "physicsTick": 14027,
            "activeTimeMs": 233792.79999999516,
            "position": [
              73.74300345791752,
              32.600001,
              2.764630528427571
            ]
          },
          {
            "physicsTick": 14028,
            "activeTimeMs": 233814.19999998622,
            "position": [
              73.74300345791752,
              32.600001,
              2.764630528427571
            ]
          },
          {
            "physicsTick": 14030,
            "activeTimeMs": 233840.29999999516,
            "position": [
              73.74300345791752,
              32.600001,
              2.764630528427571
            ]
          },
          {
            "physicsTick": 14031,
            "activeTimeMs": 233858.19999998622,
            "position": [
              73.74300345791752,
              32.600001,
              2.764630528427571
            ]
          },
          {
            "physicsTick": 14032,
            "activeTimeMs": 233877.3999999892,
            "position": [
              73.74300345791752,
              32.600001,
              2.764630528427571
            ]
          },
          {
            "physicsTick": 14033,
            "activeTimeMs": 233894.8999999892,
            "position": [
              73.74300345791752,
              32.600001,
              2.764630528427571
            ]
          },
          {
            "physicsTick": 14035,
            "activeTimeMs": 233919.09999999218,
            "position": [
              73.74300345791752,
              32.600001,
              2.764630528427571
            ]
          },
          {
            "physicsTick": 14036,
            "activeTimeMs": 233944.29999999516,
            "position": [
              73.74300345791752,
              32.600001,
              2.764630528427571
            ]
          },
          {
            "physicsTick": 14037,
            "activeTimeMs": 233966.09999999218,
            "position": [
              73.74300345791752,
              32.600001,
              2.764630528427571
            ]
          },
          {
            "physicsTick": 14039,
            "activeTimeMs": 233993.29999999516,
            "position": [
              73.74300345791752,
              32.600001,
              2.764630528427571
            ]
          },
          {
            "physicsTick": 14040,
            "activeTimeMs": 234013.79999999516,
            "position": [
              73.74300345791752,
              32.600001,
              2.764630528427571
            ]
          },
          {
            "physicsTick": 14041,
            "activeTimeMs": 234030.99999999814,
            "position": [
              73.74300345791752,
              32.600001,
              2.764630528427571
            ]
          },
          {
            "physicsTick": 14043,
            "activeTimeMs": 234056.8999999892,
            "position": [
              73.74300345791752,
              32.600001,
              2.764630528427571
            ]
          },
          {
            "physicsTick": 14043,
            "activeTimeMs": 234066.79999999516,
            "position": [
              73.74300345791752,
              32.600001,
              2.764630528427571
            ]
          }
        ],
        "generatorVersion": 11,
        "renderPipeline": {
          "drawUnit": "chunk-render-category",
          "batchMode": "category",
          "vertexLayout": "float16-uv-uint16-index",
          "shaderMode": "voxel-array-chunks",
          "backend": "webgl2"
        },
        "experiments": {
          "requested": {
            "renderer": "webgl2",
            "wasm": true,
            "simd": true
          },
          "kernels": [
            "w02",
            "w03",
            "w04",
            "w05",
            "w06"
          ],
          "renderer": {
            "requestedRenderer": "webgl2",
            "effectiveRenderer": "webgl2",
            "rendererStatus": "matched"
          },
          "workers": [
            {
              "epoch": "seedlands:classic-canonical-runtime-v11:1",
              "lane": "fluid",
              "index": 0,
              "status": "off",
              "requestedArtifact": "simd",
              "effectiveArtifact": "off",
              "selected": [],
              "reason": "no-selected-kernel"
            },
            {
              "epoch": "seedlands:classic-canonical-runtime-v11:1",
              "lane": "general",
              "index": 1,
              "status": "matched",
              "requestedArtifact": "simd",
              "effectiveArtifact": "simd",
              "selected": [
                "w02",
                "w03",
                "w04",
                "w05",
                "w06"
              ],
              "artifactSha256": "c1a763778c4eb4873772cf480c758f8b18cbc77beee80c933dda6b2fd19e4b2c"
            }
          ]
        },
        "serverRevision": 1,
        "voxelAtOrigin": 42,
        "serverPlayerPosition": [
          73.74300345791752,
          32.600001,
          2.764630528427571
        ],
        "serverPlayerVelocity": [
          0,
          0,
          0
        ],
        "prediction": {
          "pendingFrames": 0,
          "lastResetReason": "authority-resync",
          "resetCounts": {
            "input-interrupted": 28,
            "authority-resync": 563,
            "collision-history-missing": 129,
            "large-error": 1,
            "movement-mode-changed": 5
          },
          "presentationOffset": {
            "x": 0,
            "y": 0,
            "z": 0
          }
        },
        "serverWorldTime": 21.225999999992993,
        "performance": {
          "scenarioId": "default",
          "frame": {
            "count": 1200,
            "p50Ms": 16.700000002980232,
            "p95Ms": 26.30000001192093,
            "p99Ms": 29.299999997019768,
            "maxMs": 165.19999998807907,
            "longFrameCount": 4,
            "lastLongFrameMs": 42.29999999701977
          },
          "chunkVisible": {
            "count": 128,
            "p50Ms": 1222.5999999940395,
            "p95Ms": 17265.90000000596,
            "p99Ms": 18662.79999999702,
            "maxMs": 18930.60000000894
          },
          "completedChunkTraces": 128,
          "traceEventCount": 1656,
          "maxMeshCommitsInFrame": 1,
          "maxMeshPartsInFrame": 2,
          "visibleAfterPostrender": true,
          "incidents": 32,
          "droppedEvents": 1118,
          "uploadQueueDepth": 0,
          "estimatedMeshBytes": 7817740
        },
        "compute": {
          "workerCount": 2,
          "fluidWorkerCount": 1,
          "generalWorkerCount": 1,
          "running": 0,
          "queued": 0,
          "queuedBytes": 0,
          "cancellationRequests": 0,
          "staleResults": 0,
          "failedTasks": 0,
          "completedTasks": 276,
          "submittedTasks": 276,
          "submittedBytes": 110985216,
          "maxQueued": 1,
          "maxQueuedBytes": 0,
          "workerTaskDuration": {
            "fluid": {
              "count": 128,
              "capacity": 256,
              "samplesMs": [
                1,
                0.5,
                0.4000000059604645,
                0.5999999940395355,
                0.29999999701976776,
                0.29999999701976776,
                0.19999998807907104,
                0.10000000894069672,
                0.10000000894069672,
                0.10000000894069672,
                0,
                0.09999999403953552,
                0.20000000298023224,
                0.20000000298023224,
                0.30000001192092896,
                0.5,
                0.29999999701976776,
                0.5,
                0.20000000298023224,
                0.29999999701976776,
                0.29999999701976776,
                0.5999999940395355,
                0.29999999701976776,
                0.29999999701976776,
                0.20000000298023224,
                0.09999999403953552,
                0.29999999701976776,
                0.19999998807907104,
                0.09999999403953552,
                0.09999999403953552,
                0.20000000298023224,
                0.09999999403953552,
                0.10000000894069672,
                0.09999999403953552,
                0.20000000298023224,
                0.29999999701976776,
                0.19999998807907104,
                0.30000001192092896,
                0.29999999701976776,
                0.19999998807907104,
                0.10000000894069672,
                0,
                0.20000000298023224,
                0.20000000298023224,
                0.09999999403953552,
                0,
                0.10000000894069672,
                0.20000000298023224,
                0.10000000894069672,
                0.09999999403953552,
                0.10000000894069672,
                0.09999999403953552,
                0,
                0.19999998807907104,
                0.09999999403953552,
                0.19999998807907104,
                0.09999999403953552,
                0.20000000298023224,
                0.09999999403953552,
                0.09999999403953552,
                0.09999999403953552,
                0.10000000894069672,
                0.10000000894069672,
                0.09999999403953552,
                0,
                0.10000000894069672,
                0.09999999403953552,
                0.19999998807907104,
                0,
                0.10000000894069672,
                0.20000000298023224,
                0.20000000298023224,
                0.09999999403953552,
                0.09999999403953552,
                0.09999999403953552,
                0.09999999403953552,
                0.20000000298023224,
                0.09999999403953552,
                0.09999999403953552,
                0.19999998807907104,
                0.20000000298023224,
                0.20000000298023224,
                0.20000000298023224,
                0.29999999701976776,
                0.20000000298023224,
                0,
                0.10000000894069672,
                0.20000000298023224,
                0.09999999403953552,
                0.09999999403953552,
                0.20000000298023224,
                0.20000000298023224,
                0.19999998807907104,
                0.09999999403953552,
                0.10000000894069672,
                0.10000000894069672,
                0.20000000298023224,
                0.20000000298023224,
                0.20000000298023224,
                0.19999998807907104,
                0.3999999910593033,
                0.29999999701976776,
                0.29999999701976776,
                0.29999999701976776,
                0.29999999701976776,
                0.4000000059604645,
                0.29999999701976776,
                0.20000000298023224,
                0.29999999701976776,
                0.29999999701976776,
                0.29999999701976776,
                0.20000000298023224,
                0.30000001192092896,
                0.29999999701976776,
                0.09999999403953552,
                0.30000001192092896,
                0.20000000298023224,
                0.19999998807907104,
                0.09999999403953552,
                0.29999999701976776,
                0.20000000298023224,
                0.09999999403953552,
                0.20000000298023224,
                0.09999999403953552,
                0,
                0.09999999403953552,
                0,
                0
              ]
            },
            "general": {
              "count": 148,
              "capacity": 256,
              "samplesMs": [
                1708.5,
                343.1000000089407,
                236.20000000298023,
                337.69999998807907,
                44.6000000089407,
                45.79999999701977,
                48.29999999701977,
                47.70000000298023,
                46.8999999910593,
                48.69999998807907,
                51.8999999910593,
                41.79999999701977,
                44.20000000298023,
                47,
                49.70000000298023,
                50.5,
                55.29999999701977,
                58,
                97.79999999701977,
                108.8999999910593,
                108.30000001192093,
                110.30000001192093,
                111.70000000298023,
                111.19999998807907,
                112.90000000596046,
                108.90000000596046,
                108.70000000298023,
                115.29999999701977,
                121.90000000596046,
                111,
                112.30000001192093,
                112.59999999403954,
                366.70000000298023,
                346.40000000596046,
                287.79999999701977,
                46.79999999701977,
                283.40000000596046,
                286.40000000596046,
                285.59999999403954,
                335.6000000089407,
                228.20000000298023,
                236,
                226.5,
                251.79999999701977,
                280.09999999403954,
                278.29999999701977,
                330.70000000298023,
                337.40000000596046,
                235.3999999910593,
                233.3999999910593,
                242.29999999701977,
                259.09999999403954,
                277.5,
                230.40000000596046,
                278.09999999403954,
                337.3999999910593,
                238.40000000596046,
                242.3999999910593,
                292.20000000298023,
                285.90000000596046,
                234.40000000596046,
                231.29999999701977,
                297.6000000089407,
                278,
                226,
                226.40000000596046,
                282.59999999403954,
                280.70000000298023,
                229.29999999701977,
                244.29999999701977,
                284,
                281.79999999701977,
                230.29999999701977,
                230.1000000089407,
                280.29999999701977,
                276.30000001192093,
                227.6000000089407,
                227.29999999701977,
                279.8999999910593,
                276.5,
                252.70000000298023,
                223.5,
                281.8999999910593,
                242.69999998807907,
                287.5,
                343.70000000298023,
                241.19999998807907,
                249.20000000298023,
                281.29999999701977,
                280.59999999403954,
                233.59999999403954,
                241.20000000298023,
                283.3999999910593,
                304.70000000298023,
                233.09999999403954,
                232.5,
                281.1000000089407,
                236.5,
                278.09999999403954,
                247.90000000596046,
                279.79999999701977,
                290.29999999701977,
                231.79999999701977,
                279.5,
                232.79999999701977,
                274.5,
                279.6000000089407,
                231.79999999701977,
                262.09999999403954,
                290.59999999403954,
                229.79999999701977,
                280.29999999701977,
                284.29999999701977,
                238.79999999701977,
                278.40000000596046,
                292.3999999910593,
                279.5,
                286.20000000298023,
                284.20000000298023,
                288.20000000298023,
                275.5,
                284.70000000298023,
                282.5,
                294.70000000298023,
                283.5,
                292.59999999403954,
                270.79999999701977,
                129.09999999403954,
                277.5,
                230.5,
                326.59999999403954,
                235.8999999910593,
                329.79999999701977,
                362.70000000298023,
                235.29999999701977,
                249.29999999701977,
                274.29999999701977,
                135.69999998807907,
                273.5,
                232.20000000298023,
                266.40000000596046,
                130.5,
                272.5,
                221.79999999701977,
                224.69999998807907,
                271.20000000298023,
                152.19999998807907,
                273.5
              ]
            }
          },
          "workerKernelStates": [
            {
              "epoch": "seedlands:classic-canonical-runtime-v11:1",
              "lane": "fluid",
              "index": 0,
              "status": "off",
              "requestedArtifact": "simd",
              "effectiveArtifact": "off",
              "selected": [],
              "reason": "no-selected-kernel"
            },
            {
              "epoch": "seedlands:classic-canonical-runtime-v11:1",
              "lane": "general",
              "index": 1,
              "status": "matched",
              "requestedArtifact": "simd",
              "effectiveArtifact": "simd",
              "selected": [
                "w02",
                "w03",
                "w04",
                "w05",
                "w06"
              ],
              "artifactSha256": "c1a763778c4eb4873772cf480c758f8b18cbc77beee80c933dda6b2fd19e4b2c"
            }
          ],
          "workerActivity": [
            {
              "lane": "fluid",
              "index": 0,
              "status": "idle",
              "taskId": null,
              "taskCategory": null,
              "taskAgeMs": null,
              "sampledAtMs": 94585.40000000596,
              "completedTasks": 128,
              "lastTaskDurationMs": 0,
              "kernel": null
            },
            {
              "lane": "general",
              "index": 1,
              "status": "idle",
              "taskId": null,
              "taskCategory": null,
              "taskAgeMs": null,
              "sampledAtMs": 118701.10000000894,
              "completedTasks": 148,
              "lastTaskDurationMs": 273.5,
              "kernel": {
                "calls": 2469,
                "failures": 0,
                "memoryBytes": 18874368,
                "durationMs": 14.000000059604645,
                "failed": false
              }
            }
          ]
        },
        "fluidFeedback": {
          "count": 0,
          "pending": false,
          "pendingSample": null,
          "p50Ms": 0,
          "p95Ms": 0,
          "p99Ms": 0,
          "maxMs": 0,
          "samples": []
        },
        "waterTransitions": {
          "activeCount": 0,
          "active": [],
          "recent": [
            {
              "chunkKey": "2,0,0",
              "targetRevision": 5,
              "traceId": "trace-69",
              "geometry": {
                "mode": "surface-morph",
                "patchCount": 46,
                "retainedPatchCount": 0,
                "addedPatchCount": 46,
                "removedPatchCount": 0,
                "visibleWaterMeshCount": 1,
                "opacityCrossfade": false
              },
              "progress": 1,
              "frameCount": 9,
              "completed": true,
              "superseded": false,
              "progressSamples": [
                0,
                0.15666666668322352,
                0.3033333333830039,
                0.4544444444278876,
                0.6194444444444445,
                0.7605555555886693,
                0.9111111111111111,
                1,
                1
              ]
            },
            {
              "chunkKey": "2,1,0",
              "targetRevision": 0,
              "traceId": "trace-68",
              "geometry": {
                "mode": "surface-morph",
                "patchCount": 54,
                "retainedPatchCount": 0,
                "addedPatchCount": 54,
                "removedPatchCount": 0,
                "visibleWaterMeshCount": 1,
                "opacityCrossfade": false
              },
              "progress": 1,
              "frameCount": 9,
              "completed": true,
              "superseded": false,
              "progressSamples": [
                0,
                0.14444444444444443,
                0.30722222220566536,
                0.45,
                0.6149999999337726,
                0.7549999999503295,
                0.8961111110945542,
                1,
                1
              ]
            },
            {
              "chunkKey": "2,0,-1",
              "targetRevision": 12,
              "traceId": "trace-70",
              "geometry": {
                "mode": "surface-morph",
                "patchCount": 140,
                "retainedPatchCount": 0,
                "addedPatchCount": 140,
                "removedPatchCount": 0,
                "visibleWaterMeshCount": 1,
                "opacityCrossfade": false
              },
              "progress": 1,
              "frameCount": 9,
              "completed": true,
              "superseded": false,
              "progressSamples": [
                0,
                0.1427777777115504,
                0.30055555552244184,
                0.4522222221725517,
                0.6061111110779974,
                0.7511111110448837,
                0.9022222221725517,
                1,
                1
              ]
            },
            {
              "chunkKey": "2,1,-1",
              "targetRevision": 0,
              "traceId": "trace-71",
              "geometry": {
                "mode": "surface-morph",
                "patchCount": 24,
                "retainedPatchCount": 0,
                "addedPatchCount": 24,
                "removedPatchCount": 0,
                "visibleWaterMeshCount": 1,
                "opacityCrossfade": false
              },
              "progress": 1,
              "frameCount": 9,
              "completed": true,
              "superseded": false,
              "progressSamples": [
                0,
                0.1638888888888889,
                0.34000000001655684,
                0.4888888888888889,
                0.6377777778440051,
                0.7922222222718928,
                0.939444444494115,
                1,
                1
              ]
            },
            {
              "chunkKey": "2,0,0",
              "targetRevision": 27,
              "traceId": "trace-78",
              "geometry": {
                "mode": "surface-morph",
                "patchCount": 826,
                "retainedPatchCount": 45,
                "addedPatchCount": 780,
                "removedPatchCount": 1,
                "visibleWaterMeshCount": 1,
                "opacityCrossfade": false
              },
              "progress": 1,
              "frameCount": 9,
              "completed": true,
              "superseded": false,
              "progressSamples": [
                0,
                0.14000000001655685,
                0.29333333331677647,
                0.44944444439477393,
                0.5977777777446641,
                0.7411111110614406,
                0.8783333333002197,
                1,
                1
              ]
            },
            {
              "chunkKey": "1,0,0",
              "targetRevision": 36,
              "traceId": "trace-73",
              "geometry": {
                "mode": "surface-morph",
                "patchCount": 234,
                "retainedPatchCount": 0,
                "addedPatchCount": 234,
                "removedPatchCount": 0,
                "visibleWaterMeshCount": 1,
                "opacityCrossfade": false
              },
              "progress": 1,
              "frameCount": 9,
              "completed": true,
              "superseded": false,
              "progressSamples": [
                0,
                0.1544444444278876,
                0.3044444444278876,
                0.4361111111111111,
                0.5838888888557752,
                0.7322222222056654,
                0.8655555555389987,
                1,
                1
              ]
            },
            {
              "chunkKey": "1,1,0",
              "targetRevision": 0,
              "traceId": "trace-74",
              "geometry": {
                "mode": "surface-morph",
                "patchCount": 9,
                "retainedPatchCount": 0,
                "addedPatchCount": 9,
                "removedPatchCount": 0,
                "visibleWaterMeshCount": 1,
                "opacityCrossfade": false
              },
              "progress": 1,
              "frameCount": 9,
              "completed": true,
              "superseded": false,
              "progressSamples": [
                0,
                0.15833333333333333,
                0.2977777777446641,
                0.4327777777281072,
                0.587777777761221,
                0.7433333333167765,
                0.885555555505885,
                1,
                1
              ]
            },
            {
              "chunkKey": "1,0,-1",
              "targetRevision": 8,
              "traceId": "trace-75",
              "geometry": {
                "mode": "surface-morph",
                "patchCount": 78,
                "retainedPatchCount": 0,
                "addedPatchCount": 78,
                "removedPatchCount": 0,
                "visibleWaterMeshCount": 1,
                "opacityCrossfade": false
              },
              "progress": 1,
              "frameCount": 9,
              "completed": true,
              "superseded": false,
              "progressSamples": [
                0,
                0.14944444447755814,
                0.2911111111442248,
                0.44388888892200257,
                0.5927777777943346,
                0.7400000000165569,
                0.8938888889220026,
                1,
                1
              ]
            },
            {
              "chunkKey": "2,0,-1",
              "targetRevision": 33,
              "traceId": "trace-77",
              "geometry": {
                "mode": "surface-morph",
                "patchCount": 577,
                "retainedPatchCount": 137,
                "addedPatchCount": 437,
                "removedPatchCount": 3,
                "visibleWaterMeshCount": 1,
                "opacityCrossfade": false
              },
              "progress": 1,
              "frameCount": 9,
              "completed": true,
              "superseded": false,
              "progressSamples": [
                0,
                0.1405555555389987,
                0.29111111106144055,
                0.43944444441133074,
                0.5955555554893281,
                0.7638888888888888,
                0.9011111110448837,
                1,
                1
              ]
            },
            {
              "chunkKey": "2,0,0",
              "targetRevision": 38,
              "traceId": "trace-87",
              "geometry": {
                "mode": "surface-morph",
                "patchCount": 907,
                "retainedPatchCount": 650,
                "addedPatchCount": 82,
                "removedPatchCount": 175,
                "visibleWaterMeshCount": 1,
                "opacityCrossfade": false
              },
              "progress": 1,
              "frameCount": 9,
              "completed": true,
              "superseded": false,
              "progressSamples": [
                0,
                0.1449999999668863,
                0.2972222222222222,
                0.4477777777446641,
                0.5827777777281072,
                0.7277777777777777,
                0.8661111110614406,
                1,
                1
              ]
            },
            {
              "chunkKey": "2,1,0",
              "targetRevision": 0,
              "traceId": "trace-80",
              "geometry": {
                "mode": "surface-morph",
                "patchCount": 54,
                "retainedPatchCount": 0,
                "addedPatchCount": 0,
                "removedPatchCount": 54,
                "visibleWaterMeshCount": 1,
                "opacityCrossfade": false
              },
              "progress": 1,
              "frameCount": 9,
              "completed": true,
              "superseded": false,
              "progressSamples": [
                0,
                0.175,
                0.3233333333498902,
                0.475,
                0.6144444444113307,
                0.7638888888888888,
                0.9111111111111111,
                1,
                1
              ]
            },
            {
              "chunkKey": "2,1,-1",
              "targetRevision": 0,
              "traceId": "trace-81",
              "geometry": {
                "mode": "surface-morph",
                "patchCount": 24,
                "retainedPatchCount": 0,
                "addedPatchCount": 0,
                "removedPatchCount": 24,
                "visibleWaterMeshCount": 1,
                "opacityCrossfade": false
              },
              "progress": 1,
              "frameCount": 9,
              "completed": true,
              "superseded": false,
              "progressSamples": [
                0,
                0.14444444444444443,
                0.2977777778274483,
                0.4433333333995607,
                0.5900000000165568,
                0.7338888889385594,
                0.8983333333498902,
                1,
                1
              ]
            },
            {
              "chunkKey": "1,0,0",
              "targetRevision": 50,
              "traceId": "trace-83",
              "geometry": {
                "mode": "surface-morph",
                "patchCount": 236,
                "retainedPatchCount": 194,
                "addedPatchCount": 2,
                "removedPatchCount": 40,
                "visibleWaterMeshCount": 1,
                "opacityCrossfade": false
              },
              "progress": 1,
              "frameCount": 9,
              "completed": true,
              "superseded": false,
              "progressSamples": [
                0,
                0.15,
                0.288333333366447,
                0.43944444449411496,
                0.5805555555555556,
                0.7333333333333333,
                0.8966666666997803,
                1,
                1
              ]
            },
            {
              "chunkKey": "1,1,0",
              "targetRevision": 0,
              "traceId": "trace-84",
              "geometry": {
                "mode": "surface-morph",
                "patchCount": 9,
                "retainedPatchCount": 0,
                "addedPatchCount": 0,
                "removedPatchCount": 9,
                "visibleWaterMeshCount": 1,
                "opacityCrossfade": false
              },
              "progress": 1,
              "frameCount": 9,
              "completed": true,
              "superseded": false,
              "progressSamples": [
                0,
                0.15888888893855943,
                0.2977777778274483,
                0.45444444451067184,
                0.5944444444444444,
                0.7422222222718927,
                0.900555555605226,
                1,
                1
              ]
            },
            {
              "chunkKey": "2,0,-1",
              "targetRevision": 64,
              "traceId": "trace-90",
              "geometry": {
                "mode": "surface-morph",
                "patchCount": 579,
                "retainedPatchCount": 446,
                "addedPatchCount": 5,
                "removedPatchCount": 128,
                "visibleWaterMeshCount": 1,
                "opacityCrossfade": false
              },
              "progress": 1,
              "frameCount": 9,
              "completed": true,
              "superseded": false,
              "progressSamples": [
                0,
                0.1405555555389987,
                0.29500000004967053,
                0.4550000000331137,
                0.602222222255336,
                0.7588888889385594,
                0.9166666666666666,
                1,
                1
              ]
            },
            {
              "chunkKey": "2,0,0",
              "targetRevision": 80,
              "traceId": "trace-93",
              "geometry": {
                "mode": "surface-morph",
                "patchCount": 751,
                "retainedPatchCount": 544,
                "addedPatchCount": 19,
                "removedPatchCount": 188,
                "visibleWaterMeshCount": 1,
                "opacityCrossfade": false
              },
              "progress": 1,
              "frameCount": 9,
              "completed": true,
              "superseded": false,
              "progressSamples": [
                0,
                0.1527777777777778,
                0.2938888888392184,
                0.4372222221559948,
                0.585555555505885,
                0.7272222221725517,
                0.8816666666004392,
                1,
                1
              ]
            },
            {
              "chunkKey": "1,0,0",
              "targetRevision": 82,
              "traceId": "trace-89",
              "geometry": {
                "mode": "surface-morph",
                "patchCount": 198,
                "retainedPatchCount": 173,
                "addedPatchCount": 2,
                "removedPatchCount": 23,
                "visibleWaterMeshCount": 1,
                "opacityCrossfade": false
              },
              "progress": 1,
              "frameCount": 8,
              "completed": true,
              "superseded": false,
              "progressSamples": [
                0,
                0.17333333334989018,
                0.385555555505885,
                0.576111111127668,
                0.7505555555224419,
                0.8972222222222223,
                1,
                1
              ]
            },
            {
              "chunkKey": "2,0,-1",
              "targetRevision": 91,
              "traceId": "trace-96",
              "geometry": {
                "mode": "surface-morph",
                "patchCount": 463,
                "retainedPatchCount": 362,
                "addedPatchCount": 12,
                "removedPatchCount": 89,
                "visibleWaterMeshCount": 1,
                "opacityCrossfade": false
              },
              "progress": 1,
              "frameCount": 9,
              "completed": true,
              "superseded": false,
              "progressSamples": [
                0,
                0.16499999993377262,
                0.3216666666169961,
                0.47055555548932815,
                0.6216666666169961,
                0.7666666666666667,
                0.911666666633553,
                1,
                1
              ]
            },
            {
              "chunkKey": "1,0,-1",
              "targetRevision": 13,
              "traceId": "trace-98",
              "geometry": {
                "mode": "surface-morph",
                "patchCount": 78,
                "retainedPatchCount": 57,
                "addedPatchCount": 0,
                "removedPatchCount": 21,
                "visibleWaterMeshCount": 1,
                "opacityCrossfade": false
              },
              "progress": 1,
              "frameCount": 9,
              "completed": true,
              "superseded": false,
              "progressSamples": [
                0,
                0.14944444447755814,
                0.301111111127668,
                0.4455555555721124,
                0.5927777777943346,
                0.7372222222387791,
                0.8833333333333333,
                1,
                1
              ]
            },
            {
              "chunkKey": "2,0,0",
              "targetRevision": 101,
              "traceId": "trace-100",
              "geometry": {
                "mode": "surface-morph",
                "patchCount": 595,
                "retainedPatchCount": 415,
                "addedPatchCount": 32,
                "removedPatchCount": 148,
                "visibleWaterMeshCount": 1,
                "opacityCrossfade": false
              },
              "progress": 1,
              "frameCount": 9,
              "completed": true,
              "superseded": false,
              "progressSamples": [
                0,
                0.14222222218910854,
                0.29000000001655685,
                0.4388888888888889,
                0.6111111111111112,
                0.7544444444278876,
                0.9244444443947739,
                1,
                1
              ]
            },
            {
              "chunkKey": "1,0,0",
              "targetRevision": 100,
              "traceId": "trace-102",
              "geometry": {
                "mode": "surface-morph",
                "patchCount": 183,
                "retainedPatchCount": 164,
                "addedPatchCount": 8,
                "removedPatchCount": 11,
                "visibleWaterMeshCount": 1,
                "opacityCrossfade": false
              },
              "progress": 1,
              "frameCount": 9,
              "completed": true,
              "superseded": false,
              "progressSamples": [
                0,
                0.13944444441133075,
                0.28888888888888886,
                0.43833333336644703,
                0.6027777777777777,
                0.7477777777446641,
                0.8927777777943346,
                1,
                1
              ]
            },
            {
              "chunkKey": "2,0,-1",
              "targetRevision": 111,
              "traceId": "trace-97",
              "geometry": {
                "mode": "surface-morph",
                "patchCount": 380,
                "retainedPatchCount": 94,
                "addedPatchCount": 6,
                "removedPatchCount": 280,
                "visibleWaterMeshCount": 1,
                "opacityCrossfade": false
              },
              "progress": 1,
              "frameCount": 9,
              "completed": true,
              "superseded": false,
              "progressSamples": [
                0,
                0.16333333336644704,
                0.31888888892200257,
                0.4661111111442248,
                0.6116666667163372,
                0.7700000000496705,
                0.9088888889385595,
                1,
                1
              ]
            },
            {
              "chunkKey": "1,0,-1",
              "targetRevision": 22,
              "traceId": "trace-99",
              "geometry": {
                "mode": "surface-morph",
                "patchCount": 60,
                "retainedPatchCount": 20,
                "addedPatchCount": 3,
                "removedPatchCount": 37,
                "visibleWaterMeshCount": 1,
                "opacityCrossfade": false
              },
              "progress": 1,
              "frameCount": 9,
              "completed": true,
              "superseded": false,
              "progressSamples": [
                0,
                0.16500000001655685,
                0.31888888892200257,
                0.48777777776122094,
                0.6400000000165569,
                0.7849999999834432,
                0.9255555555224418,
                1,
                1
              ]
            },
            {
              "chunkKey": "2,0,0",
              "targetRevision": 123,
              "traceId": "trace-106",
              "geometry": {
                "mode": "surface-morph",
                "patchCount": 447,
                "retainedPatchCount": 0,
                "addedPatchCount": 0,
                "removedPatchCount": 447,
                "visibleWaterMeshCount": 1,
                "opacityCrossfade": false
              },
              "progress": 1,
              "frameCount": 9,
              "completed": true,
              "superseded": false,
              "progressSamples": [
                0,
                0.1522222222553359,
                0.32111111109455426,
                0.4733333333498902,
                0.6183333333167765,
                0.7588888888557752,
                0.9072222222056654,
                1,
                1
              ]
            },
            {
              "chunkKey": "1,0,0",
              "targetRevision": 111,
              "traceId": "trace-103",
              "geometry": {
                "mode": "surface-morph",
                "patchCount": 172,
                "retainedPatchCount": 0,
                "addedPatchCount": 0,
                "removedPatchCount": 172,
                "visibleWaterMeshCount": 1,
                "opacityCrossfade": false
              },
              "progress": 1,
              "frameCount": 9,
              "completed": true,
              "superseded": false,
              "progressSamples": [
                0,
                0.16722222218910854,
                0.3194444444444444,
                0.46444444441133076,
                0.6049999999503295,
                0.7533333333002197,
                0.8877777777612209,
                1,
                1
              ]
            },
            {
              "chunkKey": "2,0,-1",
              "targetRevision": 120,
              "traceId": "trace-104",
              "geometry": {
                "mode": "surface-morph",
                "patchCount": 100,
                "retainedPatchCount": 0,
                "addedPatchCount": 0,
                "removedPatchCount": 100,
                "visibleWaterMeshCount": 1,
                "opacityCrossfade": false
              },
              "progress": 1,
              "frameCount": 9,
              "completed": true,
              "superseded": false,
              "progressSamples": [
                0,
                0.15,
                0.2949999999668863,
                0.43555555550588504,
                0.5838888888557752,
                0.7183333333167765,
                0.8677777777943346,
                1,
                1
              ]
            },
            {
              "chunkKey": "1,0,-1",
              "targetRevision": 24,
              "traceId": "trace-105",
              "geometry": {
                "mode": "surface-morph",
                "patchCount": 23,
                "retainedPatchCount": 0,
                "addedPatchCount": 0,
                "removedPatchCount": 23,
                "visibleWaterMeshCount": 1,
                "opacityCrossfade": false
              },
              "progress": 1,
              "frameCount": 10,
              "completed": true,
              "superseded": false,
              "progressSamples": [
                0,
                0.1433333333167765,
                0.288333333366447,
                0.4111111111111111,
                0.5705555555721123,
                0.7083333333333334,
                0.8405555555389987,
                0.9972222222222222,
                1,
                1
              ]
            }
          ]
        },
        "ui": {
          "runtime": "svelte5",
          "shellPublishCount": 66,
          "hudPublishCount": 243,
          "interactionPublishCount": 434,
          "debugProjectionCount": 475,
          "debugPublishCount": 477,
          "staleUpdateCount": 0,
          "coalescedUpdateCount": 24889,
          "domCommitCount": 1125,
          "projectionDurationMs": 1079.5000001639128,
          "publishDurationMs": 20.299999833106995,
          "domCommitDurationMs": 1332.8000002652407,
          "debugProjectionRate": 3.5785971142736797,
          "totalPublishRate": 9.146985013016657
        },
        "gameplay": {
          "entityCount": 6,
          "worldItemCount": 0,
          "creatureCount": 5,
          "npcCount": 0,
          "nearbyVisitedBucketCount": 27,
          "nearbyCandidateCount": 2,
          "nearbyReturnedCount": 2,
          "inventoryOperationCount": 35,
          "gameplayEventCount": 4202,
          "snapshotBytes": 55480,
          "retainedActorCount": 5,
          "activeActorCount": 3,
          "behaviorEvaluationCount": 0,
          "navigationPlanCount": 0,
          "navigationExpandedNodeCount": 0,
          "pathRecomputeCount": 0,
          "actionCompletionCount": 12,
          "actionFailureCount": 0,
          "actionInterruptionCount": 0,
          "perceptionLineOfSightCheckCount": 0,
          "simulationTime": 234,
          "presentedEntityCount": 5
        },
        "breakingOverlay": null,
        "viewmodel": {
          "isolatedLayer": true
        },
        "visualEffects": {
          "activeLocalLights": 0,
          "shadowedLocalLights": 0,
          "localLightLimit": 0,
          "localShadowLimit": 0,
          "sunShadows": false,
          "sunShadowResolution": 0,
          "reflectionEnabled": false,
          "reflectionActive": false,
          "reflectionResolution": 0,
          "reflectionFrameInterval": 0,
          "reflectionRenderCount": 0,
          "waterPlaneY": null,
          "postProcessing": false,
          "shadowUpdateCount": 0,
          "shadowStableFrameCount": 6551,
          "blockLightReady": true,
          "blockLightSourceRevision": 145,
          "blockLightRebuildCount": 1443
        },
        "water": {
          "bodyFraction": 0,
          "wading": false,
          "swimming": false,
          "cameraSubmerged": false,
          "cameraDepth": null,
          "waterSurfaceY": null,
          "underwaterBlend": 0
        }
      },
      "logicEvidence": []
    },
    {
      "schemaVersion": 1,
      "status": "FAIL",
      "attempt": 0,
      "test": "非 Classic Playbook 从锁定 production artifact 启动并消费自定义 worldgen/voxel/presentation",
      "project": "chromium",
      "benchmark": false,
      "stages": {},
      "errors": [],
      "current": null,
      "logicEvidence": []
    }
  ]
}
