{
  "schemaVersion": 1,
  "status": "FAIL",
  "attempts": [
    {
      "schemaVersion": 1,
      "status": "FAIL",
      "attempt": 0,
      "test": "Classic 生产旅程以真实输入完成 C0-C5，并复用同一运行时性能场景",
      "project": "chromium",
      "benchmark": false,
      "stages": {
        "C0": {
          "status": "PASS",
          "observation": "Production preview loaded the fixed seed with a stamped Classic composition, Authority/logic/persistence/compute Workers, consumed Wasm bytes and an actual WebGL2 context."
        },
        "C1": {
          "status": "PASS",
          "observation": "Pointer Lock mouse movement changed the route, then held W+Space crossed from Chunk 0 to Chunk 1 and Authority acknowledged it."
        },
        "C2": {
          "status": "PASS",
          "observation": "Mouse mining produced visible drops; movement picked them up; E opened inventory and real 2x2 pointer interactions produced planks, sticks, a wood sword and a workbench."
        },
        "C3": {
          "status": "PASS",
          "observation": "Right click placed crafted planks with a consumed mesh commit; inventory food restored health; held real mouse input buffered and completed the wood-sword second combo hit before defeating the fixed creature; a crafted workbench was placed, opened through the station runtime, then dismantled and recovered through real actions."
        }
      },
      "errors": [
        "Error: Real input route timed out before 92.5,2.5."
      ],
      "current": {
        "frameMs": 12.099999999627471,
        "player": [
          92.6811752319336,
          32.599998474121094,
          2.330122709274292
        ],
        "viewAngles": [
          -947.4799999999997,
          -20.029999999999987
        ],
        "streamCenter": [
          2,
          0
        ],
        "loadedChunks": 30,
        "renderedChunks": 19,
        "generationQueue": 0,
        "meshingQueue": 0,
        "deferredRemeshes": 0,
        "onGround": false,
        "colliding": false,
        "interactionAttempts": 39,
        "mutationCount": 4281,
        "worldRevision": 164,
        "structuralEventCount": 164,
        "remeshSchedulingCount": 159,
        "lastCommitMutationCount": 1,
        "lastCommitMeshChunkCount": 2,
        "storageBytes": 43783127,
        "worldTime": 6.36799999998297,
        "timePaused": false,
        "quality": "low",
        "triangles": 110884,
        "drawCalls": 34,
        "blockLightBricks": 30,
        "blockLightAllocatedBytes": 7864320,
        "blockLightRebuildCount": 2356,
        "collisionDebug": {
          "enabled": false,
          "entityCount": 0,
          "meshCount": 0,
          "materialCount": 0,
          "visibleBatchCount": 0,
          "vertexCapacity": 0,
          "buildCount": 0,
          "authorityRequestCount": 0
        },
        "runtime": "authority-worker",
        "workers": {
          "total": 5,
          "authority": 1,
          "logic": 1,
          "persistence": 1,
          "fluid": 1,
          "general": 1
        },
        "authority": {
          "physicsHz": 60,
          "paused": true,
          "physicsTick": 27718,
          "integratedPhysicsTimeMs": 461966.6666668383,
          "acknowledgedInputSequence": 21170,
          "physicsDebtMs": 13.43333317048382,
          "activeTimeMs": 461980.10000000877,
          "commitSequence": 248748,
          "physicsCost": {
            "count": 27718,
            "capacity": 256,
            "samplesMs": [
              0.599999999627471,
              0.5,
              0.5,
              0.6999999992549419,
              0.900000000372529,
              0.8000000007450581,
              0.6999999992549419,
              0.599999999627471,
              0.7999999988824129,
              1.200000001117587,
              1,
              0.900000000372529,
              0.7000000011175871,
              0.8000000007450581,
              0.8000000007450581,
              1,
              0.900000000372529,
              0.7999999988824129,
              0.7999999988824129,
              0.7999999988824129,
              0.6000000014901161,
              0.8000000007450581,
              0.7999999988824129,
              0.7999999988824129,
              0.8000000007450581,
              0.5,
              0.5,
              0.6000000014901161,
              0.6999999992549419,
              0.6000000014901161,
              0.7999999988824129,
              0.7000000011175871,
              0.599999999627471,
              0.6000000014901161,
              0.5,
              0.599999999627471,
              0.6999999992549419,
              0.5,
              0.599999999627471,
              0.599999999627471,
              0.6999999992549419,
              0.7000000011175871,
              0.8000000007450581,
              0.8000000007450581,
              0.599999999627471,
              0.599999999627471,
              0.599999999627471,
              0.6999999992549419,
              1.099999999627471,
              0.7000000011175871,
              0.6999999992549419,
              0.8000000007450581,
              0.7999999988824129,
              0.900000000372529,
              1,
              0.8000000007450581,
              0.8000000007450581,
              0.7999999988824129,
              0.7999999988824129,
              0.8000000007450581,
              0.8000000007450581,
              0.8999999985098839,
              0.7999999988824129,
              0.7999999988824129,
              0.5,
              0.6999999992549419,
              0.6999999992549419,
              0.6999999992549419,
              0.599999999627471,
              0.6999999992549419,
              0.7000000011175871,
              0.599999999627471,
              0.599999999627471,
              0.8999999985098839,
              0.599999999627471,
              0.6999999992549419,
              0.599999999627471,
              0.599999999627471,
              0.599999999627471,
              1.400000000372529,
              1.1000000014901161,
              0.6999999992549419,
              0.900000000372529,
              0.900000000372529,
              0.900000000372529,
              1.099999999627471,
              0.7000000011175871,
              0.8999999985098839,
              0.6999999992549419,
              0.8000000007450581,
              0.7000000011175871,
              0.900000000372529,
              0.6999999992549419,
              0.8000000007450581,
              0.6999999992549419,
              0.6999999992549419,
              0.7000000011175871,
              0.599999999627471,
              0.5,
              0.6999999992549419,
              0.7000000011175871,
              0.6999999992549419,
              0.5,
              0.6000000014901161,
              0.6999999992549419,
              0.599999999627471,
              0.7999999988824129,
              0.5,
              0.5,
              0.7000000011175871,
              0.900000000372529,
              0.599999999627471,
              0.8000000007450581,
              0.599999999627471,
              1,
              1.099999999627471,
              0.7999999988824129,
              1,
              0.900000000372529,
              0.8000000007450581,
              0.900000000372529,
              1,
              1.099999999627471,
              0.7000000011175871,
              0.7999999988824129,
              0.8000000007450581,
              0.6999999992549419,
              0.8000000007450581,
              0.6999999992549419,
              0.6999999992549419,
              0.900000000372529,
              0.599999999627471,
              0.6999999992549419,
              0.6999999992549419,
              0.5,
              0.599999999627471,
              0.6999999992549419,
              0.6000000014901161,
              0.7000000011175871,
              0.7000000011175871,
              0.599999999627471,
              0.6999999992549419,
              0.7000000011175871,
              1.199999999254942,
              0.900000000372529,
              0.7000000011175871,
              0.8999999985098839,
              0.7999999988824129,
              1,
              0.900000000372529,
              0.7999999988824129,
              0.8000000007450581,
              0.6999999992549419,
              0.8999999985098839,
              0.8000000007450581,
              0.599999999627471,
              0.7999999988824129,
              0.8000000007450581,
              0.8000000007450581,
              0.7000000011175871,
              0.5,
              0.6999999992549419,
              0.7000000011175871,
              0.8000000007450581,
              0.5,
              0.599999999627471,
              0.6999999992549419,
              0.599999999627471,
              0.6999999992549419,
              0.6999999992549419,
              0.900000000372529,
              0.599999999627471,
              0.8000000007450581,
              0.7000000011175871,
              0.8999999985098839,
              0.7000000011175871,
              0.599999999627471,
              0.599999999627471,
              1.700000001117587,
              1.1000000014901161,
              0.8999999985098839,
              1,
              0.900000000372529,
              1.299999998882413,
              0.900000000372529,
              0.8000000007450581,
              0.7999999988824129,
              0.900000000372529,
              0.7000000011175871,
              0.6999999992549419,
              0.7000000011175871,
              0.900000000372529,
              0.599999999627471,
              0.599999999627471,
              0.599999999627471,
              0.6000000014901161,
              0.599999999627471,
              0.5,
              0.8000000007450581,
              0.5,
              0.6000000014901161,
              0.599999999627471,
              0.6999999992549419,
              0.599999999627471,
              0.6000000014901161,
              0.6999999992549419,
              0.599999999627471,
              0.900000000372529,
              1,
              1.099999999627471,
              1.099999999627471,
              1,
              0.8000000007450581,
              1,
              0.900000000372529,
              0.8000000007450581,
              0.7999999988824129,
              0.8000000007450581,
              0.7999999988824129,
              0.8999999985098839,
              0.7999999988824129,
              0.6999999992549419,
              0.7000000011175871,
              0.7000000011175871,
              0.599999999627471,
              0.7000000011175871,
              0.7000000011175871,
              0.6000000014901161,
              0.599999999627471,
              0.6999999992549419,
              0.7000000011175871,
              0.6999999992549419,
              0.599999999627471,
              0.599999999627471,
              0.6999999992549419,
              0.599999999627471,
              0.6999999992549419,
              1,
              0.7999999988824129,
              0.900000000372529,
              1,
              0.8999999985098839,
              0.7999999988824129,
              0.7999999988824129,
              1.1000000014901161,
              0.7000000011175871,
              0.900000000372529,
              0.6999999992549419,
              0.6999999992549419,
              0.8000000007450581,
              0.900000000372529,
              0.6999999992549419,
              0.599999999627471,
              0.7000000011175871,
              0.7000000011175871,
              1
            ]
          },
          "fluid": {
            "pendingCellCount": 0,
            "inFlightLeaseCount": 0,
            "acceptedCandidateCount": 128,
            "rejectedCandidateCount": 0,
            "returnedLeaseCount": 0,
            "issuedLeaseCount": 128,
            "settledLeaseCount": 128
          },
          "residency": {
            "residentCount": 67,
            "target": 256,
            "hardLimit": 2048,
            "pinnedCount": 36,
            "dirtyCount": 0,
            "evictableCleanCount": 31,
            "evictionCount": 0,
            "rejectedAdmissionCount": 0,
            "oversubscribed": false,
            "autoSaveInFlight": false,
            "autoSaveFailureCount": 0,
            "nextRetryActiveTimeMs": 0,
            "lastSaveError": null
          },
          "bodies": {
            "total": 16,
            "actors": 16,
            "worldItems": 0,
            "nearPlayer": 6
          },
          "snapshotRejections": {
            "wrong-epoch": 0,
            "duplicate": 17098,
            "physics-tick-regressed": 0,
            "commit-regressed": 0,
            "ack-regressed": 0
          }
        },
        "logic": {
          "blockStartedCount": 0,
          "blockCompletedCount": 0,
          "observationInFlight": true,
          "pendingObservationCount": 0,
          "submittedObservationCount": 7942,
          "receivedBatchCount": 7941,
          "completedBatchCount": 7941,
          "rejectedBatchCount": 0,
          "lastRoundTripMs": 0.40000000037252903
        },
        "trajectory": [
          {
            "physicsTick": 27414,
            "activeTimeMs": 456901.40000000765,
            "position": [
              92.34902264950924,
              32.6,
              2.6452224777348263
            ]
          },
          {
            "physicsTick": 27415,
            "activeTimeMs": 456924.30000000616,
            "position": [
              92.34902264950924,
              32.6,
              2.6452224777348263
            ]
          },
          {
            "physicsTick": 27416,
            "activeTimeMs": 456947.0000000073,
            "position": [
              92.34902264950924,
              32.6,
              2.6452224777348263
            ]
          },
          {
            "physicsTick": 27417,
            "activeTimeMs": 456963.70000000653,
            "position": [
              92.34902264950924,
              32.6,
              2.6452224777348263
            ]
          },
          {
            "physicsTick": 27419,
            "activeTimeMs": 456988.1000000069,
            "position": [
              92.34902264950924,
              32.6,
              2.6452224777348263
            ]
          },
          {
            "physicsTick": 27420,
            "activeTimeMs": 457010.40000000765,
            "position": [
              92.34902264950924,
              32.6,
              2.6452224777348263
            ]
          },
          {
            "physicsTick": 27422,
            "activeTimeMs": 457034.90000000765,
            "position": [
              92.34902264950924,
              32.6,
              2.6452224777348263
            ]
          },
          {
            "physicsTick": 27423,
            "activeTimeMs": 457054.0000000073,
            "position": [
              92.34902264950924,
              32.6,
              2.6452224777348263
            ]
          },
          {
            "physicsTick": 27424,
            "activeTimeMs": 457074.80000000616,
            "position": [
              92.34902264950924,
              32.6,
              2.6452224777348263
            ]
          },
          {
            "physicsTick": 27425,
            "activeTimeMs": 457093.30000000616,
            "position": [
              92.34902264950924,
              32.6,
              2.6452224777348263
            ]
          },
          {
            "physicsTick": 27427,
            "activeTimeMs": 457117.20000000653,
            "position": [
              92.34902264950924,
              32.6,
              2.6452224777348263
            ]
          },
          {
            "physicsTick": 27428,
            "activeTimeMs": 457141.5000000073,
            "position": [
              92.34902264950924,
              32.6,
              2.6452224777348263
            ]
          },
          {
            "physicsTick": 27429,
            "activeTimeMs": 457161.80000000616,
            "position": [
              92.34902264950924,
              32.6,
              2.6452224777348263
            ]
          },
          {
            "physicsTick": 27430,
            "activeTimeMs": 457179.6000000069,
            "position": [
              92.34902264950924,
              32.6,
              2.6452224777348263
            ]
          },
          {
            "physicsTick": 27432,
            "activeTimeMs": 457205.6000000069,
            "position": [
              92.34902264950924,
              32.6,
              2.6452224777348263
            ]
          },
          {
            "physicsTick": 27433,
            "activeTimeMs": 457226.30000000616,
            "position": [
              92.34902264950924,
              32.6,
              2.6452224777348263
            ]
          },
          {
            "physicsTick": 27435,
            "activeTimeMs": 457253.6000000069,
            "position": [
              92.34902264950924,
              32.6,
              2.6452224777348263
            ]
          },
          {
            "physicsTick": 27436,
            "activeTimeMs": 457274.70000000653,
            "position": [
              92.34902264950924,
              32.6,
              2.6452224777348263
            ]
          },
          {
            "physicsTick": 27437,
            "activeTimeMs": 457292.1000000069,
            "position": [
              92.34902264950924,
              32.6,
              2.6452224777348263
            ]
          },
          {
            "physicsTick": 27438,
            "activeTimeMs": 457314.40000000765,
            "position": [
              92.34902264950924,
              32.6,
              2.6452224777348263
            ]
          },
          {
            "physicsTick": 27439,
            "activeTimeMs": 457332.70000000653,
            "position": [
              92.34902264950924,
              32.6,
              2.6452224777348263
            ]
          },
          {
            "physicsTick": 27441,
            "activeTimeMs": 457356.80000000616,
            "position": [
              92.34902264950924,
              32.6,
              2.6452224777348263
            ]
          },
          {
            "physicsTick": 27442,
            "activeTimeMs": 457379.5000000073,
            "position": [
              92.34902264950924,
              32.6,
              2.6452224777348263
            ]
          },
          {
            "physicsTick": 27442,
            "activeTimeMs": 457384.0000000073,
            "position": [
              92.34902264950924,
              32.6,
              2.6452224777348263
            ]
          },
          {
            "physicsTick": 27443,
            "activeTimeMs": 457384.0000000073,
            "position": [
              92.34902264950924,
              32.6,
              2.6452224777348263
            ]
          },
          {
            "physicsTick": 27443,
            "activeTimeMs": 457398.300000008,
            "position": [
              92.34902264950924,
              32.6,
              2.6452224777348263
            ]
          },
          {
            "physicsTick": 27445,
            "activeTimeMs": 457421.800000008,
            "position": [
              92.34902264950924,
              32.6,
              2.6452224777348263
            ]
          },
          {
            "physicsTick": 27446,
            "activeTimeMs": 457439.300000008,
            "position": [
              92.34902264950924,
              32.6,
              2.6452224777348263
            ]
          },
          {
            "physicsTick": 27447,
            "activeTimeMs": 457461.40000000765,
            "position": [
              92.34902264950924,
              32.6,
              2.6452224777348263
            ]
          },
          {
            "physicsTick": 27449,
            "activeTimeMs": 457485.800000008,
            "position": [
              92.34902264950924,
              32.6,
              2.6452224777348263
            ]
          },
          {
            "physicsTick": 27450,
            "activeTimeMs": 457503.5000000073,
            "position": [
              92.34902264950924,
              32.6,
              2.6452224777348263
            ]
          },
          {
            "physicsTick": 27451,
            "activeTimeMs": 457525.90000000765,
            "position": [
              92.34902264950924,
              32.6,
              2.6452224777348263
            ]
          },
          {
            "physicsTick": 27453,
            "activeTimeMs": 457552.800000008,
            "position": [
              92.34902264950924,
              32.6,
              2.6452224777348263
            ]
          },
          {
            "physicsTick": 27454,
            "activeTimeMs": 457575.300000008,
            "position": [
              92.34902264950924,
              32.6,
              2.6452224777348263
            ]
          },
          {
            "physicsTick": 27455,
            "activeTimeMs": 457592.1000000069,
            "position": [
              92.34902264950924,
              32.6,
              2.6452224777348263
            ]
          },
          {
            "physicsTick": 27456,
            "activeTimeMs": 457612.90000000765,
            "position": [
              92.34902264950924,
              32.6,
              2.6452224777348263
            ]
          },
          {
            "physicsTick": 27457,
            "activeTimeMs": 457630.20000000653,
            "position": [
              92.34902264950924,
              32.6,
              2.6452224777348263
            ]
          },
          {
            "physicsTick": 27459,
            "activeTimeMs": 457656.5000000073,
            "position": [
              92.34902264950924,
              32.6,
              2.6452224777348263
            ]
          },
          {
            "physicsTick": 27460,
            "activeTimeMs": 457677.300000008,
            "position": [
              92.34902264950924,
              32.6,
              2.6452224777348263
            ]
          },
          {
            "physicsTick": 27462,
            "activeTimeMs": 457704.5000000073,
            "position": [
              92.34902264950924,
              32.6,
              2.6452224777348263
            ]
          },
          {
            "physicsTick": 27463,
            "activeTimeMs": 457725.70000000653,
            "position": [
              92.34902264950924,
              32.6,
              2.6452224777348263
            ]
          },
          {
            "physicsTick": 27464,
            "activeTimeMs": 457742.40000000765,
            "position": [
              92.34902264950924,
              32.6,
              2.6452224777348263
            ]
          },
          {
            "physicsTick": 27466,
            "activeTimeMs": 457768.0000000073,
            "position": [
              92.34902264950924,
              32.6,
              2.6452224777348263
            ]
          },
          {
            "physicsTick": 27467,
            "activeTimeMs": 457791.90000000765,
            "position": [
              92.34902264950924,
              32.6,
              2.6452224777348263
            ]
          },
          {
            "physicsTick": 27468,
            "activeTimeMs": 457812.800000008,
            "position": [
              92.34902264950924,
              32.6,
              2.6452224777348263
            ]
          },
          {
            "physicsTick": 27469,
            "activeTimeMs": 457830.300000008,
            "position": [
              92.34902264950924,
              32.6,
              2.6452224777348263
            ]
          },
          {
            "physicsTick": 27471,
            "activeTimeMs": 457855.70000000653,
            "position": [
              92.34902264950924,
              32.6,
              2.6452224777348263
            ]
          },
          {
            "physicsTick": 27471,
            "activeTimeMs": 457866.6000000069,
            "position": [
              92.34902264950924,
              32.6,
              2.6452224777348263
            ]
          },
          {
            "physicsTick": 27471,
            "activeTimeMs": 457866.6000000069,
            "position": [
              92.34902264950924,
              32.6,
              2.6452224777348263
            ]
          },
          {
            "physicsTick": 27472,
            "activeTimeMs": 457879.9000000058,
            "position": [
              92.34902264950924,
              32.6,
              2.6452224777348263
            ]
          },
          {
            "physicsTick": 27474,
            "activeTimeMs": 457907.30000000616,
            "position": [
              92.34902264950924,
              32.6,
              2.6452224777348263
            ]
          },
          {
            "physicsTick": 27475,
            "activeTimeMs": 457927.80000000616,
            "position": [
              92.34902264950924,
              32.6,
              2.6452224777348263
            ]
          },
          {
            "physicsTick": 27476,
            "activeTimeMs": 457944.6000000069,
            "position": [
              92.34902264950924,
              32.6,
              2.6452224777348263
            ]
          },
          {
            "physicsTick": 27478,
            "activeTimeMs": 457967.80000000616,
            "position": [
              92.34902264950924,
              32.6,
              2.6452224777348263
            ]
          },
          {
            "physicsTick": 27479,
            "activeTimeMs": 457985.1000000069,
            "position": [
              92.34902264950924,
              32.6,
              2.6452224777348263
            ]
          },
          {
            "physicsTick": 27480,
            "activeTimeMs": 458008.5000000054,
            "position": [
              92.34902264950924,
              32.6,
              2.6452224777348263
            ]
          },
          {
            "physicsTick": 27481,
            "activeTimeMs": 458025.70000000653,
            "position": [
              92.34902264950924,
              32.6,
              2.6452224777348263
            ]
          },
          {
            "physicsTick": 27482,
            "activeTimeMs": 458048.80000000616,
            "position": [
              92.34902264950924,
              32.6,
              2.6452224777348263
            ]
          },
          {
            "physicsTick": 27484,
            "activeTimeMs": 458074.80000000616,
            "position": [
              92.34902264950924,
              32.6,
              2.6452224777348263
            ]
          },
          {
            "physicsTick": 27485,
            "activeTimeMs": 458097.5000000054,
            "position": [
              92.34902264950924,
              32.6,
              2.6452224777348263
            ]
          },
          {
            "physicsTick": 27487,
            "activeTimeMs": 458123.5000000054,
            "position": [
              92.36291153839812,
              32.6,
              2.6313335888459375
            ]
          },
          {
            "physicsTick": 27488,
            "activeTimeMs": 458144.1000000069,
            "position": [
              92.3906893161759,
              32.6,
              2.60355581106816
            ]
          },
          {
            "physicsTick": 27490,
            "activeTimeMs": 458169.0000000054,
            "position": [
              92.48637916059972,
              32.6,
              2.5098651473903275
            ]
          },
          {
            "physicsTick": 27491,
            "activeTimeMs": 458186.6000000069,
            "position": [
              92.54040233835688,
              32.6,
              2.4578411503791617
            ]
          },
          {
            "physicsTick": 27492,
            "activeTimeMs": 458207.6000000069,
            "position": [
              92.58053662722516,
              32.6,
              2.419706042256885
            ]
          },
          {
            "physicsTick": 27493,
            "activeTimeMs": 458225.20000000653,
            "position": [
              92.60678202720455,
              32.6,
              2.3954598230234967
            ]
          },
          {
            "physicsTick": 27494,
            "activeTimeMs": 458242.0000000054,
            "position": [
              92.61913853829505,
              32.6,
              2.3851024926789974
            ]
          },
          {
            "physicsTick": 27495,
            "activeTimeMs": 458259.9000000058,
            "position": [
              92.61913853829505,
              32.6,
              2.3851024926789974
            ]
          },
          {
            "physicsTick": 27496,
            "activeTimeMs": 458280.1000000069,
            "position": [
              92.61913853829505,
              32.6,
              2.3851024926789974
            ]
          },
          {
            "physicsTick": 27497,
            "activeTimeMs": 458297.0000000054,
            "position": [
              92.61913853829505,
              32.6,
              2.3851024926789974
            ]
          },
          {
            "physicsTick": 27499,
            "activeTimeMs": 458322.70000000653,
            "position": [
              92.61913853829505,
              32.6,
              2.3851024926789974
            ]
          },
          {
            "physicsTick": 27500,
            "activeTimeMs": 458344.1000000069,
            "position": [
              92.61913853829505,
              32.6,
              2.3851024926789974
            ]
          },
          {
            "physicsTick": 27502,
            "activeTimeMs": 458371.9000000058,
            "position": [
              92.61913853829505,
              32.6,
              2.3851024926789974
            ]
          },
          {
            "physicsTick": 27503,
            "activeTimeMs": 458392.6000000069,
            "position": [
              92.61913853829505,
              32.6,
              2.3851024926789974
            ]
          },
          {
            "physicsTick": 27504,
            "activeTimeMs": 458415.9000000058,
            "position": [
              92.61913853829505,
              32.6,
              2.3851024926789974
            ]
          },
          {
            "physicsTick": 27506,
            "activeTimeMs": 458442.70000000653,
            "position": [
              92.61913853829505,
              32.6,
              2.3851024926789974
            ]
          },
          {
            "physicsTick": 27507,
            "activeTimeMs": 458464.20000000653,
            "position": [
              92.61913853829505,
              32.6,
              2.3851024926789974
            ]
          },
          {
            "physicsTick": 27508,
            "activeTimeMs": 458481.6000000069,
            "position": [
              92.61913853829505,
              32.6,
              2.3851024926789974
            ]
          },
          {
            "physicsTick": 27510,
            "activeTimeMs": 458500.20000000653,
            "position": [
              92.61913853829505,
              32.6,
              2.3851024926789974
            ]
          },
          {
            "physicsTick": 27510,
            "activeTimeMs": 458507.9000000058,
            "position": [
              92.61913853829505,
              32.6,
              2.3851024926789974
            ]
          },
          {
            "physicsTick": 27510,
            "activeTimeMs": 458507.9000000058,
            "position": [
              92.61913853829505,
              32.6,
              2.3851024926789974
            ]
          },
          {
            "physicsTick": 27510,
            "activeTimeMs": 458513.20000000653,
            "position": [
              92.61913853829505,
              32.6,
              2.3851024926789974
            ]
          },
          {
            "physicsTick": 27511,
            "activeTimeMs": 458532.4000000058,
            "position": [
              92.61913853829505,
              32.6,
              2.3851024926789974
            ]
          },
          {
            "physicsTick": 27513,
            "activeTimeMs": 458553.5000000073,
            "position": [
              92.61913853829505,
              32.6,
              2.3851024926789974
            ]
          },
          {
            "physicsTick": 27514,
            "activeTimeMs": 458580.0000000073,
            "position": [
              92.61913853829505,
              32.6,
              2.3851024926789974
            ]
          },
          {
            "physicsTick": 27516,
            "activeTimeMs": 458601.9000000058,
            "position": [
              92.61913853829505,
              32.6,
              2.3851024926789974
            ]
          },
          {
            "physicsTick": 27517,
            "activeTimeMs": 458624.9000000058,
            "position": [
              92.61913853829505,
              32.6,
              2.3851024926789974
            ]
          },
          {
            "physicsTick": 27518,
            "activeTimeMs": 458642.20000000653,
            "position": [
              92.61913853829505,
              32.6,
              2.3851024926789974
            ]
          },
          {
            "physicsTick": 27519,
            "activeTimeMs": 458665.1000000069,
            "position": [
              92.61913853829505,
              32.6,
              2.3851024926789974
            ]
          },
          {
            "physicsTick": 27521,
            "activeTimeMs": 458690.0000000073,
            "position": [
              92.61913853829505,
              32.6,
              2.3851024926789974
            ]
          },
          {
            "physicsTick": 27522,
            "activeTimeMs": 458713.5000000073,
            "position": [
              92.61913853829505,
              32.6,
              2.3851024926789974
            ]
          },
          {
            "physicsTick": 27524,
            "activeTimeMs": 458738.0000000073,
            "position": [
              92.61913853829505,
              32.6,
              2.3851024926789974
            ]
          },
          {
            "physicsTick": 27525,
            "activeTimeMs": 458761.0000000073,
            "position": [
              92.61913853829505,
              32.6,
              2.3851024926789974
            ]
          },
          {
            "physicsTick": 27526,
            "activeTimeMs": 458780.0000000073,
            "position": [
              92.61913853829505,
              32.6,
              2.3851024926789974
            ]
          },
          {
            "physicsTick": 27528,
            "activeTimeMs": 458801.6000000069,
            "position": [
              92.61913853829505,
              32.6,
              2.3851024926789974
            ]
          },
          {
            "physicsTick": 27529,
            "activeTimeMs": 458828.0000000073,
            "position": [
              92.61913853829505,
              32.6,
              2.3851024926789974
            ]
          },
          {
            "physicsTick": 27530,
            "activeTimeMs": 458844.70000000653,
            "position": [
              92.61913853829505,
              32.6,
              2.3851024926789974
            ]
          },
          {
            "physicsTick": 27531,
            "activeTimeMs": 458866.6000000069,
            "position": [
              92.61913853829505,
              32.6,
              2.3851024926789974
            ]
          },
          {
            "physicsTick": 27533,
            "activeTimeMs": 458884.20000000653,
            "position": [
              92.61913853829505,
              32.6,
              2.3851024926789974
            ]
          },
          {
            "physicsTick": 27534,
            "activeTimeMs": 458907.1000000069,
            "position": [
              92.61913853829505,
              32.6,
              2.3851024926789974
            ]
          },
          {
            "physicsTick": 27535,
            "activeTimeMs": 458931.1000000069,
            "position": [
              92.61913853829505,
              32.6,
              2.3851024926789974
            ]
          },
          {
            "physicsTick": 27537,
            "activeTimeMs": 458955.9000000058,
            "position": [
              92.61913853829505,
              32.6,
              2.3851024926789974
            ]
          },
          {
            "physicsTick": 27538,
            "activeTimeMs": 458981.4000000058,
            "position": [
              92.61913853829505,
              32.6,
              2.3851024926789974
            ]
          },
          {
            "physicsTick": 27540,
            "activeTimeMs": 459001.6000000069,
            "position": [
              92.61913853829505,
              32.6,
              2.3851024926789974
            ]
          },
          {
            "physicsTick": 27541,
            "activeTimeMs": 459024.4000000058,
            "position": [
              92.61913853829505,
              32.6,
              2.3851024926789974
            ]
          },
          {
            "physicsTick": 27541,
            "activeTimeMs": 459024.4000000058,
            "position": [
              92.61913853829505,
              32.6,
              2.3851024926789974
            ]
          },
          {
            "physicsTick": 27541,
            "activeTimeMs": 459026.10000000504,
            "position": [
              92.61913853829505,
              32.6,
              2.3851024926789974
            ]
          },
          {
            "physicsTick": 27542,
            "activeTimeMs": 459044.5000000054,
            "position": [
              92.61913853829505,
              32.6,
              2.3851024926789974
            ]
          },
          {
            "physicsTick": 27543,
            "activeTimeMs": 459066.0000000054,
            "position": [
              92.61913853829505,
              32.6,
              2.3851024926789974
            ]
          },
          {
            "physicsTick": 27544,
            "activeTimeMs": 459082.9000000058,
            "position": [
              92.61913853829505,
              32.6,
              2.3851024926789974
            ]
          },
          {
            "physicsTick": 27545,
            "activeTimeMs": 459099.9000000058,
            "position": [
              92.61913853829505,
              32.6,
              2.3851024926789974
            ]
          },
          {
            "physicsTick": 27547,
            "activeTimeMs": 459123.4000000058,
            "position": [
              92.61913853829505,
              32.6,
              2.3851024926789974
            ]
          },
          {
            "physicsTick": 27548,
            "activeTimeMs": 459148.30000000616,
            "position": [
              92.61913853829505,
              32.6,
              2.3851024926789974
            ]
          },
          {
            "physicsTick": 27550,
            "activeTimeMs": 459171.30000000616,
            "position": [
              92.61913853829505,
              32.6,
              2.3851024926789974
            ]
          },
          {
            "physicsTick": 27551,
            "activeTimeMs": 459194.30000000616,
            "position": [
              92.61913853829505,
              32.6,
              2.3851024926789974
            ]
          },
          {
            "physicsTick": 27553,
            "activeTimeMs": 459219.0000000054,
            "position": [
              92.61913853829505,
              32.6,
              2.3851024926789974
            ]
          },
          {
            "physicsTick": 27554,
            "activeTimeMs": 459245.30000000616,
            "position": [
              92.61913853829505,
              32.6,
              2.3851024926789974
            ]
          },
          {
            "physicsTick": 27556,
            "activeTimeMs": 459267.0000000054,
            "position": [
              92.61913853829505,
              32.6,
              2.3851024926789974
            ]
          },
          {
            "physicsTick": 27557,
            "activeTimeMs": 459290.20000000467,
            "position": [
              92.61913853829505,
              32.6,
              2.3851024926789974
            ]
          },
          {
            "physicsTick": 27558,
            "activeTimeMs": 459309.20000000467,
            "position": [
              92.61913853829505,
              32.6,
              2.3851024926789974
            ]
          },
          {
            "physicsTick": 27559,
            "activeTimeMs": 459332.20000000467,
            "position": [
              92.61913853829505,
              32.6,
              2.3851024926789974
            ]
          },
          {
            "physicsTick": 27561,
            "activeTimeMs": 459356.30000000616,
            "position": [
              92.61913853829505,
              32.6,
              2.3851024926789974
            ]
          },
          {
            "physicsTick": 27562,
            "activeTimeMs": 459379.70000000467,
            "position": [
              92.61913853829505,
              32.6,
              2.3851024926789974
            ]
          },
          {
            "physicsTick": 27564,
            "activeTimeMs": 459407.9000000058,
            "position": [
              92.63102624330641,
              32.6,
              2.3989913815678863
            ]
          },
          {
            "physicsTick": 27565,
            "activeTimeMs": 459425.70000000467,
            "position": [
              92.64291394831777,
              32.6,
              2.426769159345664
            ]
          },
          {
            "physicsTick": 27566,
            "activeTimeMs": 459444.4000000058,
            "position": [
              92.65480165332913,
              32.6,
              2.4684358260123305
            ]
          },
          {
            "physicsTick": 27567,
            "activeTimeMs": 459461.80000000616,
            "position": [
              92.66668935834049,
              32.6,
              2.523991381567886
            ]
          },
          {
            "physicsTick": 27569,
            "activeTimeMs": 459483.80000000616,
            "position": [
              92.67857706335185,
              32.6,
              2.648991381567886
            ]
          },
          {
            "physicsTick": 27570,
            "activeTimeMs": 459509.60000000504,
            "position": [
              92.67857706335185,
              32.6,
              2.6906580482345523
            ]
          },
          {
            "physicsTick": 27571,
            "activeTimeMs": 459530.60000000504,
            "position": [
              92.67857706335185,
              32.6,
              2.71843582601233
            ]
          },
          {
            "physicsTick": 27573,
            "activeTimeMs": 459555.10000000504,
            "position": [
              92.67857706335185,
              32.6,
              2.732324714901219
            ]
          },
          {
            "physicsTick": 27574,
            "activeTimeMs": 459579.80000000616,
            "position": [
              92.67857706335185,
              32.6,
              2.732324714901219
            ]
          },
          {
            "physicsTick": 27575,
            "activeTimeMs": 459597.4000000058,
            "position": [
              92.67857706335185,
              32.6,
              2.732324714901219
            ]
          },
          {
            "physicsTick": 27576,
            "activeTimeMs": 459607.30000000616,
            "position": [
              92.67857706335185,
              32.6,
              2.732324714901219
            ]
          },
          {
            "physicsTick": 27576,
            "activeTimeMs": 459607.30000000616,
            "position": [
              92.67857706335185,
              32.6,
              2.732324714901219
            ]
          },
          {
            "physicsTick": 27577,
            "activeTimeMs": 459622.20000000653,
            "position": [
              92.67857706335185,
              32.6,
              2.732324714901219
            ]
          },
          {
            "physicsTick": 27578,
            "activeTimeMs": 459640.70000000653,
            "position": [
              92.67857706335185,
              32.6,
              2.732324714901219
            ]
          },
          {
            "physicsTick": 27579,
            "activeTimeMs": 459660.80000000616,
            "position": [
              92.67857706335185,
              32.6,
              2.732324714901219
            ]
          },
          {
            "physicsTick": 27581,
            "activeTimeMs": 459684.6000000069,
            "position": [
              92.67857706335185,
              32.6,
              2.732324714901219
            ]
          },
          {
            "physicsTick": 27582,
            "activeTimeMs": 459708.70000000653,
            "position": [
              92.67857706335185,
              32.6,
              2.732324714901219
            ]
          },
          {
            "physicsTick": 27583,
            "activeTimeMs": 459726.5000000073,
            "position": [
              92.67857706335185,
              32.6,
              2.732324714901219
            ]
          },
          {
            "physicsTick": 27584,
            "activeTimeMs": 459749.6000000069,
            "position": [
              92.67857706335185,
              32.6,
              2.732324714901219
            ]
          },
          {
            "physicsTick": 27586,
            "activeTimeMs": 459775.6000000069,
            "position": [
              92.67857706335185,
              32.6,
              2.732324714901219
            ]
          },
          {
            "physicsTick": 27587,
            "activeTimeMs": 459798.40000000765,
            "position": [
              92.67857706335185,
              32.6,
              2.732324714901219
            ]
          },
          {
            "physicsTick": 27589,
            "activeTimeMs": 459821.5000000073,
            "position": [
              92.67857706335185,
              32.6,
              2.732324714901219
            ]
          },
          {
            "physicsTick": 27590,
            "activeTimeMs": 459846.1000000069,
            "position": [
              92.67857706335185,
              32.6,
              2.732324714901219
            ]
          },
          {
            "physicsTick": 27592,
            "activeTimeMs": 459869.40000000765,
            "position": [
              92.67857706335185,
              32.6,
              2.732324714901219
            ]
          },
          {
            "physicsTick": 27593,
            "activeTimeMs": 459887.6000000069,
            "position": [
              92.67857706335185,
              32.6,
              2.732324714901219
            ]
          },
          {
            "physicsTick": 27594,
            "activeTimeMs": 459909.20000000653,
            "position": [
              92.67857706335185,
              32.6,
              2.732324714901219
            ]
          },
          {
            "physicsTick": 27595,
            "activeTimeMs": 459926.6000000069,
            "position": [
              92.67857706335185,
              32.6,
              2.732324714901219
            ]
          },
          {
            "physicsTick": 27596,
            "activeTimeMs": 459943.40000000765,
            "position": [
              92.67857706335185,
              32.6,
              2.732324714901219
            ]
          },
          {
            "physicsTick": 27597,
            "activeTimeMs": 459964.5000000073,
            "position": [
              92.67857706335185,
              32.6,
              2.732324714901219
            ]
          },
          {
            "physicsTick": 27598,
            "activeTimeMs": 459981.90000000765,
            "position": [
              92.67857706335185,
              32.6,
              2.732324714901219
            ]
          },
          {
            "physicsTick": 27599,
            "activeTimeMs": 459999.40000000765,
            "position": [
              92.67857706335185,
              32.6,
              2.732324714901219
            ]
          },
          {
            "physicsTick": 27601,
            "activeTimeMs": 460020.70000000653,
            "position": [
              92.67857706335185,
              32.6,
              2.732324714901219
            ]
          },
          {
            "physicsTick": 27602,
            "activeTimeMs": 460047.6000000069,
            "position": [
              92.67857706335185,
              32.6,
              2.732324714901219
            ]
          },
          {
            "physicsTick": 27604,
            "activeTimeMs": 460068.40000000765,
            "position": [
              92.67857706335185,
              32.6,
              2.732324714901219
            ]
          },
          {
            "physicsTick": 27605,
            "activeTimeMs": 460086.70000000653,
            "position": [
              92.67857706335185,
              32.6,
              2.732324714901219
            ]
          },
          {
            "physicsTick": 27605,
            "activeTimeMs": 460089.0000000073,
            "position": [
              92.67857706335185,
              32.6,
              2.732324714901219
            ]
          },
          {
            "physicsTick": 27605,
            "activeTimeMs": 460089.0000000073,
            "position": [
              92.67857706335185,
              32.6,
              2.732324714901219
            ]
          },
          {
            "physicsTick": 27605,
            "activeTimeMs": 460096.2000000084,
            "position": [
              92.67857706335185,
              32.6,
              2.732324714901219
            ]
          },
          {
            "physicsTick": 27606,
            "activeTimeMs": 460113.800000008,
            "position": [
              92.67857706335185,
              32.6,
              2.732324714901219
            ]
          },
          {
            "physicsTick": 27608,
            "activeTimeMs": 460134.5000000073,
            "position": [
              92.67857706335185,
              32.6,
              2.732324714901219
            ]
          },
          {
            "physicsTick": 27609,
            "activeTimeMs": 460158.2000000084,
            "position": [
              92.67857706335185,
              32.6,
              2.732324714901219
            ]
          },
          {
            "physicsTick": 27610,
            "activeTimeMs": 460175.2000000084,
            "position": [
              92.67857706335185,
              32.6,
              2.732324714901219
            ]
          },
          {
            "physicsTick": 27611,
            "activeTimeMs": 460192.6000000069,
            "position": [
              92.67857706335185,
              32.6,
              2.732324714901219
            ]
          },
          {
            "physicsTick": 27612,
            "activeTimeMs": 460214.5000000073,
            "position": [
              92.67857706335185,
              32.6,
              2.732324714901219
            ]
          },
          {
            "physicsTick": 27613,
            "activeTimeMs": 460232.6000000069,
            "position": [
              92.67857706335185,
              32.6,
              2.732324714901219
            ]
          },
          {
            "physicsTick": 27614,
            "activeTimeMs": 460249.5000000073,
            "position": [
              92.67857706335185,
              32.6,
              2.732324714901219
            ]
          },
          {
            "physicsTick": 27616,
            "activeTimeMs": 460270.7000000084,
            "position": [
              92.67857706335185,
              32.6,
              2.732324714901219
            ]
          },
          {
            "physicsTick": 27617,
            "activeTimeMs": 460287.40000000765,
            "position": [
              92.67857706335185,
              32.6,
              2.732324714901219
            ]
          },
          {
            "physicsTick": 27618,
            "activeTimeMs": 460306.1000000069,
            "position": [
              92.67857706335185,
              32.6,
              2.732324714901219
            ]
          },
          {
            "physicsTick": 27619,
            "activeTimeMs": 460328.7000000084,
            "position": [
              92.67857706335185,
              32.6,
              2.732324714901219
            ]
          },
          {
            "physicsTick": 27621,
            "activeTimeMs": 460353.300000008,
            "position": [
              92.67857706335185,
              32.6,
              2.732324714901219
            ]
          },
          {
            "physicsTick": 27622,
            "activeTimeMs": 460375.1000000069,
            "position": [
              92.67857706335185,
              32.6,
              2.732324714901219
            ]
          },
          {
            "physicsTick": 27623,
            "activeTimeMs": 460393.6000000069,
            "position": [
              92.67857706335185,
              32.6,
              2.732324714901219
            ]
          },
          {
            "physicsTick": 27624,
            "activeTimeMs": 460413.800000008,
            "position": [
              92.67857706335185,
              32.6,
              2.732324714901219
            ]
          },
          {
            "physicsTick": 27625,
            "activeTimeMs": 460431.800000008,
            "position": [
              92.67857706335185,
              32.6,
              2.732324714901219
            ]
          },
          {
            "physicsTick": 27627,
            "activeTimeMs": 460456.6000000069,
            "position": [
              92.67857706335185,
              32.6,
              2.732324714901219
            ]
          },
          {
            "physicsTick": 27628,
            "activeTimeMs": 460480.1000000069,
            "position": [
              92.67857706335185,
              32.6,
              2.732324714901219
            ]
          },
          {
            "physicsTick": 27630,
            "activeTimeMs": 460504.2000000084,
            "position": [
              92.67857706335185,
              32.6,
              2.732324714901219
            ]
          },
          {
            "physicsTick": 27631,
            "activeTimeMs": 460528.1000000069,
            "position": [
              92.67857706335185,
              32.6,
              2.732324714901219
            ]
          },
          {
            "physicsTick": 27632,
            "activeTimeMs": 460545.2000000084,
            "position": [
              92.67857706335185,
              32.6,
              2.732324714901219
            ]
          },
          {
            "physicsTick": 27634,
            "activeTimeMs": 460567.300000008,
            "position": [
              92.67857706335185,
              32.6,
              2.732324714901219
            ]
          },
          {
            "physicsTick": 27635,
            "activeTimeMs": 460592.300000008,
            "position": [
              92.66468817446297,
              32.6,
              2.71843582601233
            ]
          },
          {
            "physicsTick": 27637,
            "activeTimeMs": 460617.2000000084,
            "position": [
              92.59524373001852,
              32.6,
              2.6581572092701995
            ]
          },
          {
            "physicsTick": 27638,
            "activeTimeMs": 460639.0000000073,
            "position": [
              92.53968817446297,
              32.6,
              2.6256563703058466
            ]
          },
          {
            "physicsTick": 27639,
            "activeTimeMs": 460656.40000000765,
            "position": [
              92.47209604868922,
              32.6,
              2.593155531341494
            ]
          },
          {
            "physicsTick": 27640,
            "activeTimeMs": 460678.90000000765,
            "position": [
              92.41839281180437,
              32.6,
              2.57454358126603
            ]
          },
          {
            "physicsTick": 27640,
            "activeTimeMs": 460681.800000008,
            "position": [
              92.41839281180437,
              32.6,
              2.57454358126603
            ]
          },
          {
            "physicsTick": 27640,
            "activeTimeMs": 460681.800000008,
            "position": [
              92.41839281180437,
              32.6,
              2.57454358126603
            ]
          },
          {
            "physicsTick": 27642,
            "activeTimeMs": 460708.40000000765,
            "position": [
              92.41839281180437,
              32.6,
              2.57454358126603
            ]
          },
          {
            "physicsTick": 27643,
            "activeTimeMs": 460729.10000000877,
            "position": [
              92.41839281180437,
              32.6,
              2.57454358126603
            ]
          },
          {
            "physicsTick": 27644,
            "activeTimeMs": 460746.40000000765,
            "position": [
              92.41839281180437,
              32.6,
              2.57454358126603
            ]
          },
          {
            "physicsTick": 27646,
            "activeTimeMs": 460771.10000000877,
            "position": [
              92.41839281180437,
              32.6,
              2.57454358126603
            ]
          },
          {
            "physicsTick": 27647,
            "activeTimeMs": 460792.90000000765,
            "position": [
              92.41839281180437,
              32.6,
              2.57454358126603
            ]
          },
          {
            "physicsTick": 27649,
            "activeTimeMs": 460817.5000000073,
            "position": [
              92.41839281180437,
              32.6,
              2.57454358126603
            ]
          },
          {
            "physicsTick": 27650,
            "activeTimeMs": 460834.300000008,
            "position": [
              92.41839281180437,
              32.6,
              2.57454358126603
            ]
          },
          {
            "physicsTick": 27651,
            "activeTimeMs": 460851.90000000765,
            "position": [
              92.41839281180437,
              32.6,
              2.57454358126603
            ]
          },
          {
            "physicsTick": 27652,
            "activeTimeMs": 460873.10000000877,
            "position": [
              92.41839281180437,
              32.6,
              2.57454358126603
            ]
          },
          {
            "physicsTick": 27653,
            "activeTimeMs": 460892.800000008,
            "position": [
              92.41839281180437,
              32.6,
              2.57454358126603
            ]
          },
          {
            "physicsTick": 27654,
            "activeTimeMs": 460913.0000000073,
            "position": [
              92.41839281180437,
              32.6,
              2.57454358126603
            ]
          },
          {
            "physicsTick": 27655,
            "activeTimeMs": 460930.2000000084,
            "position": [
              92.41839281180437,
              32.6,
              2.57454358126603
            ]
          },
          {
            "physicsTick": 27657,
            "activeTimeMs": 460956.2000000084,
            "position": [
              92.41839281180437,
              32.6,
              2.57454358126603
            ]
          },
          {
            "physicsTick": 27658,
            "activeTimeMs": 460977.2000000084,
            "position": [
              92.41839281180437,
              32.6,
              2.57454358126603
            ]
          },
          {
            "physicsTick": 27659,
            "activeTimeMs": 460993.90000000765,
            "position": [
              92.41839281180437,
              32.6,
              2.57454358126603
            ]
          },
          {
            "physicsTick": 27661,
            "activeTimeMs": 461020.40000000765,
            "position": [
              92.41839281180437,
              32.6,
              2.57454358126603
            ]
          },
          {
            "physicsTick": 27662,
            "activeTimeMs": 461041.7000000084,
            "position": [
              92.41839281180437,
              32.6,
              2.57454358126603
            ]
          },
          {
            "physicsTick": 27664,
            "activeTimeMs": 461067.800000008,
            "position": [
              92.41839281180437,
              32.6,
              2.57454358126603
            ]
          },
          {
            "physicsTick": 27665,
            "activeTimeMs": 461090.5000000073,
            "position": [
              92.41839281180437,
              32.6,
              2.57454358126603
            ]
          },
          {
            "physicsTick": 27666,
            "activeTimeMs": 461107.60000000877,
            "position": [
              92.41839281180437,
              32.6,
              2.57454358126603
            ]
          },
          {
            "physicsTick": 27667,
            "activeTimeMs": 461130.0000000073,
            "position": [
              92.41839281180437,
              32.6,
              2.57454358126603
            ]
          },
          {
            "physicsTick": 27669,
            "activeTimeMs": 461155.7000000084,
            "position": [
              92.41839281180437,
              32.6,
              2.57454358126603
            ]
          },
          {
            "physicsTick": 27669,
            "activeTimeMs": 461165.60000000877,
            "position": [
              92.41839281180437,
              32.6,
              2.57454358126603
            ]
          },
          {
            "physicsTick": 27669,
            "activeTimeMs": 461165.60000000877,
            "position": [
              92.41839281180437,
              32.6,
              2.57454358126603
            ]
          },
          {
            "physicsTick": 27670,
            "activeTimeMs": 461182.00000000914,
            "position": [
              92.41839281180437,
              32.6,
              2.57454358126603
            ]
          },
          {
            "physicsTick": 27672,
            "activeTimeMs": 461206.60000000877,
            "position": [
              92.41839281180437,
              32.6,
              2.57454358126603
            ]
          },
          {
            "physicsTick": 27673,
            "activeTimeMs": 461228.70000001026,
            "position": [
              92.41839281180437,
              32.6,
              2.57454358126603
            ]
          },
          {
            "physicsTick": 27675,
            "activeTimeMs": 461255.00000000914,
            "position": [
              92.41839281180437,
              32.6,
              2.57454358126603
            ]
          },
          {
            "physicsTick": 27676,
            "activeTimeMs": 461275.10000000877,
            "position": [
              92.41839281180437,
              32.6,
              2.57454358126603
            ]
          },
          {
            "physicsTick": 27677,
            "activeTimeMs": 461294.50000000914,
            "position": [
              92.41839281180437,
              32.6,
              2.57454358126603
            ]
          },
          {
            "physicsTick": 27679,
            "activeTimeMs": 461317.8000000099,
            "position": [
              92.41839281180437,
              32.6,
              2.57454358126603
            ]
          },
          {
            "physicsTick": 27680,
            "activeTimeMs": 461335.00000000914,
            "position": [
              92.41839281180437,
              32.6,
              2.57454358126603
            ]
          },
          {
            "physicsTick": 27681,
            "activeTimeMs": 461355.3000000099,
            "position": [
              92.41839281180437,
              32.6,
              2.57454358126603
            ]
          },
          {
            "physicsTick": 27682,
            "activeTimeMs": 461372.20000001026,
            "position": [
              92.41839281180437,
              32.6,
              2.57454358126603
            ]
          },
          {
            "physicsTick": 27683,
            "activeTimeMs": 461396.70000001026,
            "position": [
              92.41839281180437,
              32.6,
              2.57454358126603
            ]
          },
          {
            "physicsTick": 27685,
            "activeTimeMs": 461421.60000000877,
            "position": [
              92.41839281180437,
              32.6,
              2.57454358126603
            ]
          },
          {
            "physicsTick": 27686,
            "activeTimeMs": 461439.10000000877,
            "position": [
              92.41839281180437,
              32.6,
              2.57454358126603
            ]
          },
          {
            "physicsTick": 27687,
            "activeTimeMs": 461455.9000000095,
            "position": [
              92.41839281180437,
              32.6,
              2.57454358126603
            ]
          },
          {
            "physicsTick": 27688,
            "activeTimeMs": 461475.60000000877,
            "position": [
              92.41839281180437,
              32.6,
              2.57454358126603
            ]
          },
          {
            "physicsTick": 27689,
            "activeTimeMs": 461492.9000000095,
            "position": [
              92.41839281180437,
              32.6,
              2.57454358126603
            ]
          },
          {
            "physicsTick": 27690,
            "activeTimeMs": 461516.20000001026,
            "position": [
              92.41839281180437,
              32.6,
              2.57454358126603
            ]
          },
          {
            "physicsTick": 27692,
            "activeTimeMs": 461542.20000001026,
            "position": [
              92.41839281180437,
              32.6,
              2.57454358126603
            ]
          },
          {
            "physicsTick": 27693,
            "activeTimeMs": 461558.9000000095,
            "position": [
              92.41839281180437,
              32.6,
              2.57454358126603
            ]
          },
          {
            "physicsTick": 27694,
            "activeTimeMs": 461581.60000000877,
            "position": [
              92.41839281180437,
              32.6,
              2.57454358126603
            ]
          },
          {
            "physicsTick": 27696,
            "activeTimeMs": 461606.10000000877,
            "position": [
              92.41839281180437,
              32.6,
              2.57454358126603
            ]
          },
          {
            "physicsTick": 27697,
            "activeTimeMs": 461623.4000000095,
            "position": [
              92.41839281180437,
              32.6,
              2.57454358126603
            ]
          },
          {
            "physicsTick": 27698,
            "activeTimeMs": 461643.60000000877,
            "position": [
              92.41839281180437,
              32.6,
              2.57454358126603
            ]
          },
          {
            "physicsTick": 27699,
            "activeTimeMs": 461665.20000001026,
            "position": [
              92.41839281180437,
              32.6,
              2.57454358126603
            ]
          },
          {
            "physicsTick": 27699,
            "activeTimeMs": 461665.20000001026,
            "position": [
              92.41839281180437,
              32.6,
              2.57454358126603
            ]
          },
          {
            "physicsTick": 27700,
            "activeTimeMs": 461668.60000000877,
            "position": [
              92.41839281180437,
              32.6,
              2.57454358126603
            ]
          },
          {
            "physicsTick": 27701,
            "activeTimeMs": 461692.70000001026,
            "position": [
              92.41839281180437,
              32.6,
              2.57454358126603
            ]
          },
          {
            "physicsTick": 27703,
            "activeTimeMs": 461720.00000000914,
            "position": [
              92.41839281180437,
              32.6,
              2.57454358126603
            ]
          },
          {
            "physicsTick": 27704,
            "activeTimeMs": 461736.70000001026,
            "position": [
              92.41839281180437,
              32.6,
              2.57454358126603
            ]
          },
          {
            "physicsTick": 27705,
            "activeTimeMs": 461757.3000000099,
            "position": [
              92.41839281180437,
              32.6,
              2.57454358126603
            ]
          },
          {
            "physicsTick": 27706,
            "activeTimeMs": 461774.70000001026,
            "position": [
              92.41839281180437,
              32.6,
              2.57454358126603
            ]
          },
          {
            "physicsTick": 27707,
            "activeTimeMs": 461799.3000000099,
            "position": [
              92.41839281180437,
              32.6,
              2.57454358126603
            ]
          },
          {
            "physicsTick": 27709,
            "activeTimeMs": 461823.60000000877,
            "position": [
              92.41839281180437,
              32.6,
              2.57454358126603
            ]
          },
          {
            "physicsTick": 27710,
            "activeTimeMs": 461845.60000000877,
            "position": [
              92.41839281180437,
              32.6,
              2.57454358126603
            ]
          },
          {
            "physicsTick": 27712,
            "activeTimeMs": 461872.9000000095,
            "position": [
              92.41839281180437,
              32.6,
              2.57454358126603
            ]
          },
          {
            "physicsTick": 27713,
            "activeTimeMs": 461893.10000000877,
            "position": [
              92.41839281180437,
              32.6,
              2.57454358126603
            ]
          },
          {
            "physicsTick": 27715,
            "activeTimeMs": 461917.20000001026,
            "position": [
              92.46005947847102,
              32.6,
              2.5328769145993633
            ]
          },
          {
            "physicsTick": 27716,
            "activeTimeMs": 461935.50000000914,
            "position": [
              92.5017261451377,
              32.6,
              2.4912102479326967
            ]
          },
          {
            "physicsTick": 27717,
            "activeTimeMs": 461956.9000000095,
            "position": [
              92.557004256075,
              32.6,
              2.4405216846150988
            ]
          },
          {
            "physicsTick": 27718,
            "activeTimeMs": 461975.70000001026,
            "position": [
              92.61228236701231,
              32.6,
              2.389833121297501
            ]
          },
          {
            "physicsTick": 27718,
            "activeTimeMs": 461980.10000000877,
            "position": [
              92.61228236701231,
              32.6,
              2.389833121297501
            ]
          }
        ],
        "generatorVersion": 11,
        "renderPipeline": {
          "drawUnit": "chunk-render-category",
          "batchMode": "category",
          "vertexLayout": "float16-uv-uint16-index",
          "shaderMode": "voxel-array-chunks",
          "backend": "webgl2"
        },
        "experiments": {
          "requested": {
            "renderer": "webgl2",
            "wasm": true,
            "simd": true
          },
          "kernels": [
            "w02",
            "w03",
            "w04",
            "w05",
            "w06"
          ],
          "renderer": {
            "requestedRenderer": "webgl2",
            "effectiveRenderer": "webgl2",
            "rendererStatus": "matched"
          },
          "workers": [
            {
              "epoch": "seedlands:classic-canonical-runtime-v11:1",
              "lane": "fluid",
              "index": 0,
              "status": "off",
              "requestedArtifact": "simd",
              "effectiveArtifact": "off",
              "selected": [],
              "reason": "no-selected-kernel"
            },
            {
              "epoch": "seedlands:classic-canonical-runtime-v11:1",
              "lane": "general",
              "index": 1,
              "status": "matched",
              "requestedArtifact": "simd",
              "effectiveArtifact": "simd",
              "selected": [
                "w02",
                "w03",
                "w04",
                "w05",
                "w06"
              ],
              "artifactSha256": "c1a763778c4eb4873772cf480c758f8b18cbc77beee80c933dda6b2fd19e4b2c"
            }
          ]
        },
        "serverRevision": 1,
        "voxelAtOrigin": 42,
        "serverPlayerPosition": [
          92.61228236701231,
          32.6,
          2.389833121297501
        ],
        "serverPlayerVelocity": [
          0,
          0,
          0
        ],
        "prediction": {
          "pendingFrames": 0,
          "lastResetReason": "authority-resync",
          "resetCounts": {
            "input-interrupted": 510,
            "collision-history-missing": 126,
            "large-error": 1,
            "authority-resync": 1254,
            "movement-mode-changed": 26
          },
          "presentationOffset": {
            "x": 0,
            "y": 0,
            "z": 0
          }
        },
        "serverWorldTime": 6.36799999998297,
        "performance": {
          "scenarioId": "default",
          "frame": {
            "count": 1200,
            "p50Ms": 16.699999999254942,
            "p95Ms": 20.699999999254942,
            "p99Ms": 27.600000001490116,
            "maxMs": 33,
            "longFrameCount": 1,
            "lastLongFrameMs": 33
          },
          "chunkVisible": {
            "count": 171,
            "p50Ms": 908,
            "p95Ms": 14606.199999999255,
            "p99Ms": 16555.89999999944,
            "maxMs": 16788.89999999944
          },
          "completedChunkTraces": 171,
          "traceEventCount": 2183,
          "maxMeshCommitsInFrame": 1,
          "maxMeshPartsInFrame": 2,
          "visibleAfterPostrender": true,
          "incidents": 32,
          "droppedEvents": 16395,
          "uploadQueueDepth": 0,
          "estimatedMeshBytes": 7761880
        },
        "compute": {
          "workerCount": 2,
          "fluidWorkerCount": 1,
          "generalWorkerCount": 1,
          "running": 0,
          "queued": 0,
          "queuedBytes": 0,
          "cancellationRequests": 0,
          "staleResults": 0,
          "failedTasks": 0,
          "completedTasks": 324,
          "submittedTasks": 324,
          "submittedBytes": 143818752,
          "maxQueued": 1,
          "maxQueuedBytes": 0,
          "workerTaskDuration": {
            "fluid": {
              "count": 128,
              "capacity": 256,
              "samplesMs": [
                0.6000000005587935,
                0.5,
                0.39999999944120646,
                0.599999999627471,
                0.39999999944120646,
                0.40000000037252903,
                0.30000000074505806,
                0.09999999962747097,
                0.10000000055879354,
                0.19999999925494194,
                0.20000000018626451,
                0.20000000018626451,
                0.09999999962747097,
                0.09999999962747097,
                0.19999999925494194,
                0.2999999998137355,
                0.20000000018626451,
                0.599999999627471,
                0.30000000074505806,
                0.5,
                0.2999999998137355,
                0.40000000037252903,
                0.6000000005587935,
                0.39999999944120646,
                0.30000000074505806,
                0.09999999962747097,
                0.2999999998137355,
                0.2999999998137355,
                0.10000000055879354,
                0.09999999962747097,
                0.10000000055879354,
                0,
                0.10000000055879354,
                0,
                0.09999999962747097,
                0.20000000018626451,
                0.2999999998137355,
                0.30000000074505806,
                0.09999999962747097,
                0.20000000018626451,
                0.20000000018626451,
                0.10000000055879354,
                0.19999999925494194,
                0.20000000018626451,
                0,
                0.10000000055879354,
                0.09999999962747097,
                0.10000000055879354,
                0.10000000055879354,
                0.20000000018626451,
                0.10000000055879354,
                0.09999999962747097,
                0.09999999962747097,
                0.09999999962747097,
                0.10000000055879354,
                0.09999999962747097,
                0.10000000055879354,
                0.10000000055879354,
                0.20000000018626451,
                0.20000000018626451,
                0.10000000055879354,
                0,
                0.09999999962747097,
                0.2999999998137355,
                0.09999999962747097,
                0.10000000055879354,
                0,
                0,
                0,
                0.09999999962747097,
                0.09999999962747097,
                0.09999999962747097,
                0.19999999925494194,
                0.09999999962747097,
                0.20000000018626451,
                0.20000000018626451,
                0.20000000018626451,
                0.10000000055879354,
                0,
                0.10000000055879354,
                0.20000000018626451,
                0.09999999962747097,
                0.09999999962747097,
                0.10000000055879354,
                0.20000000018626451,
                0.20000000018626451,
                0.20000000018626451,
                0.20000000018626451,
                0.10000000055879354,
                0.19999999925494194,
                0.09999999962747097,
                0.19999999925494194,
                0.20000000018626451,
                0.20000000018626451,
                0.20000000018626451,
                0.20000000018626451,
                0.10000000055879354,
                0.2999999998137355,
                0.30000000074505806,
                0.20000000018626451,
                0.2999999998137355,
                0.20000000018626451,
                0.20000000018626451,
                0.20000000018626451,
                0.30000000074505806,
                0.20000000018626451,
                0.20000000018626451,
                0.40000000037252903,
                0.2999999998137355,
                0.2999999998137355,
                0.09999999962747097,
                0.2999999998137355,
                0.19999999925494194,
                0.20000000018626451,
                0.09999999962747097,
                0.40000000037252903,
                0.09999999962747097,
                0.19999999925494194,
                0.2999999998137355,
                0.2999999998137355,
                0.20000000018626451,
                0.20000000018626451,
                0.09999999962747097,
                0.09999999962747097,
                0.10000000055879354,
                0,
                0.10000000055879354,
                0
              ]
            },
            "general": {
              "count": 196,
              "capacity": 256,
              "samplesMs": [
                1576.0999999996275,
                318.09999999962747,
                226.19999999925494,
                42.10000000055879,
                43.09999999962747,
                44.10000000055879,
                43.89999999944121,
                44.299999999813735,
                47.200000000186265,
                50.200000000186265,
                42.09999999962747,
                43.299999999813735,
                42.799999999813735,
                44.799999999813735,
                43.200000000186265,
                45.40000000037253,
                50.700000000186265,
                84.79999999981374,
                96,
                103.3999999994412,
                100,
                103.5,
                101.19999999925494,
                101.8999999994412,
                95.29999999981374,
                95.70000000018626,
                102.29999999981374,
                105.5,
                105.40000000037253,
                99,
                100.09999999962747,
                345.59999999962747,
                274.29999999981374,
                268.70000000018626,
                43.40000000037253,
                277.40000000037253,
                286.09999999962747,
                330.70000000018626,
                218.29999999981374,
                228.90000000037253,
                220.79999999981374,
                229.19999999925494,
                267.20000000018626,
                268.40000000037253,
                312.5,
                338.20000000018626,
                223.5,
                224.59999999962747,
                240.70000000018626,
                228.09999999962747,
                283.90000000037253,
                230.30000000074506,
                270.1000000005588,
                321.19999999925494,
                235.5,
                224.6000000005588,
                280.29999999981374,
                270,
                226.70000000018626,
                227.5,
                274.29999999981374,
                267.59999999962747,
                252.90000000037253,
                221.09999999962747,
                279.80000000074506,
                269,
                220.90000000037253,
                224.70000000018626,
                276.90000000037253,
                267.5,
                222.29999999981374,
                217.8999999994412,
                272.59999999962747,
                268.5,
                222.5,
                217.5,
                303.6000000005588,
                275.1000000005588,
                228.1000000005588,
                219.09999999962747,
                288.59999999962747,
                233,
                279.29999999981374,
                340.20000000018626,
                239.20000000018626,
                244.70000000018626,
                278.29999999981374,
                273.5,
                232,
                225.8999999994412,
                267.5,
                260.79999999981374,
                225.5,
                226.29999999981374,
                285.20000000018626,
                225,
                261.90000000037253,
                220.79999999981374,
                267.29999999981374,
                275.6000000005588,
                216.6000000005588,
                282.70000000018626,
                218.70000000018626,
                265.79999999981374,
                276.90000000037253,
                274.5,
                227.5,
                238.6000000005588,
                275,
                235.70000000018626,
                276.5,
                221.20000000018626,
                268.29999999981374,
                281.1000000005588,
                265.20000000018626,
                272.29999999981374,
                268.5,
                275.1000000005588,
                266.5,
                271.59999999962747,
                266.5,
                270.09999999962747,
                276.90000000037253,
                271.40000000037253,
                273.59999999962747,
                266,
                274,
                269.09999999962747,
                259.20000000018626,
                126.1000000005588,
                274.29999999981374,
                222.20000000018626,
                263.40000000037253,
                126.09999999962747,
                262.70000000018626,
                222.5,
                262,
                136.5,
                259.29999999981374,
                214.5,
                266.29999999981374,
                127.1000000005588,
                267.59999999962747,
                217.69999999925494,
                261,
                154.1000000005588,
                324.09999999962747,
                227.19999999925494,
                313.70000000018626,
                327,
                235.09999999962747,
                243.30000000074506,
                282.90000000037253,
                224,
                270.6000000005588,
                127.79999999981374,
                274.3999999994412,
                128.1000000005588,
                278.70000000018626,
                150.09999999962747,
                270.79999999981374,
                126.59999999962747,
                260.40000000037253,
                125.30000000074506,
                263.79999999981374,
                148,
                260,
                124.29999999981374,
                260.70000000018626,
                125.19999999925494,
                277.90000000037253,
                234,
                324.79999999981374,
                269.5,
                246.3999999994412,
                236.3999999994412,
                269.5,
                262.40000000037253,
                151.79999999981374,
                220.79999999981374,
                280.79999999981374,
                242.5,
                279,
                145.79999999981374,
                279.79999999981374,
                148.09999999962747,
                279.09999999962747,
                149,
                279.8999999994412,
                147.20000000018626,
                277.2999999988824,
                149.7999999988824,
                278.69999999925494,
                148.40000000037253,
                280.09999999962747,
                148.5
              ]
            }
          },
          "workerKernelStates": [
            {
              "epoch": "seedlands:classic-canonical-runtime-v11:1",
              "lane": "fluid",
              "index": 0,
              "status": "off",
              "requestedArtifact": "simd",
              "effectiveArtifact": "off",
              "selected": [],
              "reason": "no-selected-kernel"
            },
            {
              "epoch": "seedlands:classic-canonical-runtime-v11:1",
              "lane": "general",
              "index": 1,
              "status": "matched",
              "requestedArtifact": "simd",
              "effectiveArtifact": "simd",
              "selected": [
                "w02",
                "w03",
                "w04",
                "w05",
                "w06"
              ],
              "artifactSha256": "c1a763778c4eb4873772cf480c758f8b18cbc77beee80c933dda6b2fd19e4b2c"
            }
          ],
          "workerActivity": [
            {
              "lane": "fluid",
              "index": 0,
              "status": "idle",
              "taskId": null,
              "taskCategory": null,
              "taskAgeMs": null,
              "sampledAtMs": 90228.79999999981,
              "completedTasks": 128,
              "lastTaskDurationMs": 0,
              "kernel": null
            },
            {
              "lane": "general",
              "index": 1,
              "status": "idle",
              "taskId": null,
              "taskCategory": null,
              "taskAgeMs": null,
              "sampledAtMs": 668440.8999999994,
              "completedTasks": 196,
              "lastTaskDurationMs": 148.5,
              "kernel": {
                "calls": 3613,
                "failures": 0,
                "memoryBytes": 18874368,
                "durationMs": 16.600000000558794,
                "failed": false
              }
            }
          ]
        },
        "fluidFeedback": {
          "count": 0,
          "pending": false,
          "pendingSample": null,
          "p50Ms": 0,
          "p95Ms": 0,
          "p99Ms": 0,
          "maxMs": 0,
          "samples": []
        },
        "waterTransitions": {
          "activeCount": 0,
          "active": [],
          "recent": [
            {
              "chunkKey": "2,0,0",
              "targetRevision": 5,
              "traceId": "trace-65",
              "geometry": {
                "mode": "surface-morph",
                "patchCount": 46,
                "retainedPatchCount": 0,
                "addedPatchCount": 46,
                "removedPatchCount": 0,
                "visibleWaterMeshCount": 1,
                "opacityCrossfade": false
              },
              "progress": 1,
              "frameCount": 10,
              "completed": true,
              "superseded": false,
              "progressSamples": [
                0,
                0.13777777777674297,
                0.28055555555555556,
                0.4188888888909585,
                0.5650000000010348,
                0.6994444444465141,
                0.8349999999989652,
                0.988333333335403,
                1,
                1
              ]
            },
            {
              "chunkKey": "2,1,0",
              "targetRevision": 0,
              "traceId": "trace-66",
              "geometry": {
                "mode": "surface-morph",
                "patchCount": 54,
                "retainedPatchCount": 0,
                "addedPatchCount": 54,
                "removedPatchCount": 0,
                "visibleWaterMeshCount": 1,
                "opacityCrossfade": false
              },
              "progress": 1,
              "frameCount": 10,
              "completed": true,
              "superseded": false,
              "progressSamples": [
                0,
                0.14055555555452076,
                0.27944444444340966,
                0.41277777777674296,
                0.5511111111069719,
                0.6855555555524512,
                0.8255555555534859,
                0.9555555555555556,
                1,
                1
              ]
            },
            {
              "chunkKey": "2,0,-1",
              "targetRevision": 11,
              "traceId": "trace-67",
              "geometry": {
                "mode": "surface-morph",
                "patchCount": 132,
                "retainedPatchCount": 0,
                "addedPatchCount": 132,
                "removedPatchCount": 0,
                "visibleWaterMeshCount": 1,
                "opacityCrossfade": false
              },
              "progress": 1,
              "frameCount": 10,
              "completed": true,
              "superseded": false,
              "progressSamples": [
                0,
                0.15,
                0.2838888888868193,
                0.42444444444134005,
                0.5611111111111111,
                0.7027777777777777,
                0.8511111111069719,
                0.9827777777746733,
                1,
                1
              ]
            },
            {
              "chunkKey": "2,1,-1",
              "targetRevision": 0,
              "traceId": "trace-68",
              "geometry": {
                "mode": "surface-morph",
                "patchCount": 24,
                "retainedPatchCount": 0,
                "addedPatchCount": 24,
                "removedPatchCount": 0,
                "visibleWaterMeshCount": 1,
                "opacityCrossfade": false
              },
              "progress": 1,
              "frameCount": 9,
              "completed": true,
              "superseded": false,
              "progressSamples": [
                0,
                0.162777777781917,
                0.2972222222222222,
                0.43333333333333335,
                0.5838888888919933,
                0.7222222222222222,
                0.8755555555586599,
                1,
                1
              ]
            },
            {
              "chunkKey": "2,0,0",
              "targetRevision": 25,
              "traceId": "trace-75",
              "geometry": {
                "mode": "surface-morph",
                "patchCount": 768,
                "retainedPatchCount": 45,
                "addedPatchCount": 722,
                "removedPatchCount": 1,
                "visibleWaterMeshCount": 1,
                "opacityCrossfade": false
              },
              "progress": 1,
              "frameCount": 10,
              "completed": true,
              "superseded": false,
              "progressSamples": [
                0,
                0.13777777777674297,
                0.275,
                0.42555555555348595,
                0.5788888888899237,
                0.7155555555545208,
                0.8566666666677014,
                0.9955555555565904,
                1,
                1
              ]
            },
            {
              "chunkKey": "1,0,0",
              "targetRevision": 34,
              "traceId": "trace-70",
              "geometry": {
                "mode": "surface-morph",
                "patchCount": 224,
                "retainedPatchCount": 0,
                "addedPatchCount": 224,
                "removedPatchCount": 0,
                "visibleWaterMeshCount": 1,
                "opacityCrossfade": false
              },
              "progress": 1,
              "frameCount": 10,
              "completed": true,
              "superseded": false,
              "progressSamples": [
                0,
                0.15833333333333333,
                0.2899999999958608,
                0.41388888888888886,
                0.5538888888847496,
                0.6911111111080067,
                0.8183333333322985,
                0.9599999999989652,
                1,
                1
              ]
            },
            {
              "chunkKey": "1,1,0",
              "targetRevision": 0,
              "traceId": "trace-71",
              "geometry": {
                "mode": "surface-morph",
                "patchCount": 9,
                "retainedPatchCount": 0,
                "addedPatchCount": 9,
                "removedPatchCount": 0,
                "visibleWaterMeshCount": 1,
                "opacityCrossfade": false
              },
              "progress": 1,
              "frameCount": 10,
              "completed": true,
              "superseded": false,
              "progressSamples": [
                0,
                0.14777777777570816,
                0.29333333333229855,
                0.42444444444134005,
                0.5711111111100763,
                0.7027777777777777,
                0.8549999999968956,
                0.9916666666666667,
                1,
                1
              ]
            },
            {
              "chunkKey": "1,0,-1",
              "targetRevision": 8,
              "traceId": "trace-72",
              "geometry": {
                "mode": "surface-morph",
                "patchCount": 78,
                "retainedPatchCount": 0,
                "addedPatchCount": 78,
                "removedPatchCount": 0,
                "visibleWaterMeshCount": 1,
                "opacityCrossfade": false
              },
              "progress": 1,
              "frameCount": 10,
              "completed": true,
              "superseded": false,
              "progressSamples": [
                0,
                0.14944444444134003,
                0.28555555555245116,
                0.41388888888888886,
                0.5661111111080067,
                0.7072222222211875,
                0.8449999999979304,
                0.987777777776743,
                1,
                1
              ]
            },
            {
              "chunkKey": "2,0,-1",
              "targetRevision": 32,
              "traceId": "trace-80",
              "geometry": {
                "mode": "surface-morph",
                "patchCount": 577,
                "retainedPatchCount": 129,
                "addedPatchCount": 445,
                "removedPatchCount": 3,
                "visibleWaterMeshCount": 1,
                "opacityCrossfade": false
              },
              "progress": 1,
              "frameCount": 9,
              "completed": true,
              "superseded": false,
              "progressSamples": [
                0,
                0.14944444444651406,
                0.2833333333333333,
                0.437222222223257,
                0.5727777777808822,
                0.7072222222211875,
                0.8661111111131807,
                1,
                1
              ]
            },
            {
              "chunkKey": "2,0,0",
              "targetRevision": 38,
              "traceId": "trace-76",
              "geometry": {
                "mode": "surface-morph",
                "patchCount": 909,
                "retainedPatchCount": 590,
                "addedPatchCount": 142,
                "removedPatchCount": 177,
                "visibleWaterMeshCount": 1,
                "opacityCrossfade": false
              },
              "progress": 1,
              "frameCount": 10,
              "completed": true,
              "superseded": false,
              "progressSamples": [
                0,
                0.14111111111318073,
                0.2777777777777778,
                0.42111111111525035,
                0.5677777777788126,
                0.7100000000041392,
                0.8466666666687362,
                0.9811111111142156,
                1,
                1
              ]
            },
            {
              "chunkKey": "1,0,0",
              "targetRevision": 42,
              "traceId": "trace-77",
              "geometry": {
                "mode": "surface-morph",
                "patchCount": 238,
                "retainedPatchCount": 187,
                "addedPatchCount": 14,
                "removedPatchCount": 37,
                "visibleWaterMeshCount": 1,
                "opacityCrossfade": false
              },
              "progress": 1,
              "frameCount": 9,
              "completed": true,
              "superseded": false,
              "progressSamples": [
                0,
                0.1738888888878541,
                0.3277777777777778,
                0.47555555555348594,
                0.6199999999979304,
                0.7611111111111111,
                0.9011111111121459,
                1,
                1
              ]
            },
            {
              "chunkKey": "2,1,0",
              "targetRevision": 0,
              "traceId": "trace-78",
              "geometry": {
                "mode": "surface-morph",
                "patchCount": 54,
                "retainedPatchCount": 0,
                "addedPatchCount": 0,
                "removedPatchCount": 54,
                "visibleWaterMeshCount": 1,
                "opacityCrossfade": false
              },
              "progress": 1,
              "frameCount": 9,
              "completed": true,
              "superseded": false,
              "progressSamples": [
                0,
                0.14722222222222223,
                0.2949999999979304,
                0.4438888888909585,
                0.5916666666666667,
                0.7411111111131807,
                0.8955555555565904,
                1,
                1
              ]
            },
            {
              "chunkKey": "2,1,-1",
              "targetRevision": 0,
              "traceId": "trace-79",
              "geometry": {
                "mode": "surface-morph",
                "patchCount": 24,
                "retainedPatchCount": 0,
                "addedPatchCount": 0,
                "removedPatchCount": 24,
                "visibleWaterMeshCount": 1,
                "opacityCrossfade": false
              },
              "progress": 1,
              "frameCount": 9,
              "completed": true,
              "superseded": false,
              "progressSamples": [
                0,
                0.1577777777798474,
                0.30944444444547925,
                0.4550000000020696,
                0.598888888893028,
                0.7338888888919933,
                0.8783333333364377,
                1,
                1
              ]
            },
            {
              "chunkKey": "2,0,-1",
              "targetRevision": 55,
              "traceId": "trace-87",
              "geometry": {
                "mode": "surface-morph",
                "patchCount": 579,
                "retainedPatchCount": 462,
                "addedPatchCount": 5,
                "removedPatchCount": 112,
                "visibleWaterMeshCount": 1,
                "opacityCrossfade": false
              },
              "progress": 1,
              "frameCount": 10,
              "completed": true,
              "superseded": false,
              "progressSamples": [
                0,
                0.14166666666666666,
                0.27333333333436816,
                0.4150000000010348,
                0.5455555555565904,
                0.6838888888868193,
                0.8233333333343681,
                0.9755555555534859,
                1,
                1
              ]
            },
            {
              "chunkKey": "1,1,0",
              "targetRevision": 0,
              "traceId": "trace-82",
              "geometry": {
                "mode": "surface-morph",
                "patchCount": 9,
                "retainedPatchCount": 0,
                "addedPatchCount": 0,
                "removedPatchCount": 9,
                "visibleWaterMeshCount": 1,
                "opacityCrossfade": false
              },
              "progress": 1,
              "frameCount": 9,
              "completed": true,
              "superseded": false,
              "progressSamples": [
                0,
                0.15111111111214592,
                0.28944444444754885,
                0.43333333333333335,
                0.5683333333374725,
                0.7222222222222222,
                0.8694444444444445,
                1,
                1
              ]
            },
            {
              "chunkKey": "1,0,-1",
              "targetRevision": 8,
              "traceId": "trace-83",
              "geometry": {
                "mode": "surface-morph",
                "patchCount": 78,
                "retainedPatchCount": 76,
                "addedPatchCount": 0,
                "removedPatchCount": 2,
                "visibleWaterMeshCount": 1,
                "opacityCrossfade": false
              },
              "progress": 1,
              "frameCount": 10,
              "completed": true,
              "superseded": false,
              "progressSamples": [
                0,
                0.15222222221911783,
                0.3061111111090415,
                0.43944444444237485,
                0.5838888888868193,
                0.7194444444444444,
                0.8583333333333333,
                0.9938888888857845,
                1,
                1
              ]
            },
            {
              "chunkKey": "2,0,0",
              "targetRevision": 76,
              "traceId": "trace-90",
              "geometry": {
                "mode": "surface-morph",
                "patchCount": 751,
                "retainedPatchCount": 563,
                "addedPatchCount": 19,
                "removedPatchCount": 169,
                "visibleWaterMeshCount": 1,
                "opacityCrossfade": false
              },
              "progress": 1,
              "frameCount": 9,
              "completed": true,
              "superseded": false,
              "progressSamples": [
                0,
                0.1438888888857845,
                0.2766666666656319,
                0.41833333333229855,
                0.5611111111111111,
                0.6966666666635623,
                0.8416666666666667,
                1,
                1
              ]
            },
            {
              "chunkKey": "1,0,0",
              "targetRevision": 78,
              "traceId": "trace-86",
              "geometry": {
                "mode": "surface-morph",
                "patchCount": 203,
                "retainedPatchCount": 176,
                "addedPatchCount": 2,
                "removedPatchCount": 25,
                "visibleWaterMeshCount": 1,
                "opacityCrossfade": false
              },
              "progress": 1,
              "frameCount": 9,
              "completed": true,
              "superseded": false,
              "progressSamples": [
                0,
                0.18055555555555555,
                0.3711111111152503,
                0.5444444444444444,
                0.7094444444454793,
                0.849444444446514,
                0.9905555555596948,
                1,
                1
              ]
            },
            {
              "chunkKey": "2,0,-1",
              "targetRevision": 87,
              "traceId": "trace-88",
              "geometry": {
                "mode": "surface-morph",
                "patchCount": 474,
                "retainedPatchCount": 363,
                "addedPatchCount": 7,
                "removedPatchCount": 104,
                "visibleWaterMeshCount": 1,
                "opacityCrossfade": false
              },
              "progress": 1,
              "frameCount": 10,
              "completed": true,
              "superseded": false,
              "progressSamples": [
                0,
                0.13222222222118743,
                0.27555555555348593,
                0.425,
                0.5722222222222222,
                0.7088888888868193,
                0.8522222222242918,
                0.9861111111111112,
                1,
                1
              ]
            },
            {
              "chunkKey": "1,0,-1",
              "targetRevision": 13,
              "traceId": "trace-89",
              "geometry": {
                "mode": "surface-morph",
                "patchCount": 76,
                "retainedPatchCount": 57,
                "addedPatchCount": 0,
                "removedPatchCount": 19,
                "visibleWaterMeshCount": 1,
                "opacityCrossfade": false
              },
              "progress": 1,
              "frameCount": 10,
              "completed": true,
              "superseded": false,
              "progressSamples": [
                0,
                0.1527777777777778,
                0.29055555555969476,
                0.4300000000020696,
                0.561666666669771,
                0.7077777777798474,
                0.8466666666687362,
                0.9850000000041392,
                1,
                1
              ]
            },
            {
              "chunkKey": "2,0,0",
              "targetRevision": 97,
              "traceId": "trace-91",
              "geometry": {
                "mode": "surface-morph",
                "patchCount": 602,
                "retainedPatchCount": 427,
                "addedPatchCount": 20,
                "removedPatchCount": 155,
                "visibleWaterMeshCount": 1,
                "opacityCrossfade": false
              },
              "progress": 1,
              "frameCount": 10,
              "completed": true,
              "superseded": false,
              "progressSamples": [
                0,
                0.14222222222015263,
                0.27888888888474966,
                0.4216666666635623,
                0.5794444444434096,
                0.7322222222211874,
                0.8644444444423749,
                0.9955555555514164,
                1,
                1
              ]
            },
            {
              "chunkKey": "1,0,0",
              "targetRevision": 98,
              "traceId": "trace-96",
              "geometry": {
                "mode": "surface-morph",
                "patchCount": 184,
                "retainedPatchCount": 164,
                "addedPatchCount": 6,
                "removedPatchCount": 14,
                "visibleWaterMeshCount": 1,
                "opacityCrossfade": false
              },
              "progress": 1,
              "frameCount": 10,
              "completed": true,
              "superseded": false,
              "progressSamples": [
                0,
                0.1450000000031044,
                0.28055555555555556,
                0.4183333333374725,
                0.5588888888919933,
                0.6944444444444444,
                0.8300000000020696,
                0.9788888888899236,
                1,
                1
              ]
            },
            {
              "chunkKey": "2,0,-1",
              "targetRevision": 107,
              "traceId": "trace-93",
              "geometry": {
                "mode": "surface-morph",
                "patchCount": 377,
                "retainedPatchCount": 200,
                "addedPatchCount": 7,
                "removedPatchCount": 170,
                "visibleWaterMeshCount": 1,
                "opacityCrossfade": false
              },
              "progress": 1,
              "frameCount": 10,
              "completed": true,
              "superseded": false,
              "progressSamples": [
                0,
                0.13555555555245113,
                0.2833333333333333,
                0.4161111111080067,
                0.5555555555555556,
                0.7088888888868193,
                0.8444444444444444,
                0.9872222222232571,
                1,
                1
              ]
            },
            {
              "chunkKey": "1,0,-1",
              "targetRevision": 20,
              "traceId": "trace-94",
              "geometry": {
                "mode": "surface-morph",
                "patchCount": 60,
                "retainedPatchCount": 22,
                "addedPatchCount": 3,
                "removedPatchCount": 35,
                "visibleWaterMeshCount": 1,
                "opacityCrossfade": false
              },
              "progress": 1,
              "frameCount": 9,
              "completed": true,
              "superseded": false,
              "progressSamples": [
                0,
                0.1411111111080067,
                0.2927777777788126,
                0.4549999999968956,
                0.6083333333333333,
                0.7516666666656319,
                0.9072222222211874,
                1,
                1
              ]
            },
            {
              "chunkKey": "2,0,0",
              "targetRevision": 117,
              "traceId": "trace-100",
              "geometry": {
                "mode": "surface-morph",
                "patchCount": 482,
                "retainedPatchCount": 252,
                "addedPatchCount": 35,
                "removedPatchCount": 195,
                "visibleWaterMeshCount": 1,
                "opacityCrossfade": false
              },
              "progress": 1,
              "frameCount": 9,
              "completed": true,
              "superseded": false,
              "progressSamples": [
                0,
                0.16055555555245116,
                0.3138888888888889,
                0.4572222222211874,
                0.6133333333302289,
                0.7538888888899237,
                0.8916666666666667,
                1,
                1
              ]
            },
            {
              "chunkKey": "1,0,0",
              "targetRevision": 108,
              "traceId": "trace-97",
              "geometry": {
                "mode": "surface-morph",
                "patchCount": 174,
                "retainedPatchCount": 139,
                "addedPatchCount": 4,
                "removedPatchCount": 31,
                "visibleWaterMeshCount": 1,
                "opacityCrossfade": false
              },
              "progress": 1,
              "frameCount": 9,
              "completed": true,
              "superseded": false,
              "progressSamples": [
                0,
                0.14111111111318073,
                0.2972222222222222,
                0.437777777781917,
                0.57555555555866,
                0.7355555555576252,
                0.8755555555586599,
                1,
                1
              ]
            },
            {
              "chunkKey": "2,0,-1",
              "targetRevision": 116,
              "traceId": "trace-98",
              "geometry": {
                "mode": "surface-morph",
                "patchCount": 209,
                "retainedPatchCount": 82,
                "addedPatchCount": 2,
                "removedPatchCount": 125,
                "visibleWaterMeshCount": 1,
                "opacityCrossfade": false
              },
              "progress": 1,
              "frameCount": 10,
              "completed": true,
              "superseded": false,
              "progressSamples": [
                0,
                0.1388888888888889,
                0.2766666666656319,
                0.4366666666645971,
                0.5766666666656318,
                0.7161111111080067,
                0.8538888888847497,
                0.9961111111100763,
                1,
                1
              ]
            },
            {
              "chunkKey": "1,0,-1",
              "targetRevision": 22,
              "traceId": "trace-99",
              "geometry": {
                "mode": "surface-morph",
                "patchCount": 25,
                "retainedPatchCount": 23,
                "addedPatchCount": 0,
                "removedPatchCount": 2,
                "visibleWaterMeshCount": 1,
                "opacityCrossfade": false
              },
              "progress": 1,
              "frameCount": 10,
              "completed": true,
              "superseded": false,
              "progressSamples": [
                0,
                0.1438888888857845,
                0.2833333333333333,
                0.4133333333302289,
                0.5533333333312638,
                0.6983333333343681,
                0.8277777777777777,
                0.9855555555524511,
                1,
                1
              ]
            },
            {
              "chunkKey": "1,0,0",
              "targetRevision": 111,
              "traceId": "trace-101",
              "geometry": {
                "mode": "surface-morph",
                "patchCount": 143,
                "retainedPatchCount": 0,
                "addedPatchCount": 0,
                "removedPatchCount": 143,
                "visibleWaterMeshCount": 1,
                "opacityCrossfade": false
              },
              "progress": 1,
              "frameCount": 10,
              "completed": true,
              "superseded": false,
              "progressSamples": [
                0,
                0.14944444444134003,
                0.27444444444134003,
                0.4205555555514163,
                0.548888888887854,
                0.6838888888868193,
                0.8172222222201526,
                0.9472222222222222,
                1,
                1
              ]
            },
            {
              "chunkKey": "2,0,-1",
              "targetRevision": 120,
              "traceId": "trace-102",
              "geometry": {
                "mode": "surface-morph",
                "patchCount": 84,
                "retainedPatchCount": 0,
                "addedPatchCount": 0,
                "removedPatchCount": 84,
                "visibleWaterMeshCount": 1,
                "opacityCrossfade": false
              },
              "progress": 1,
              "frameCount": 10,
              "completed": true,
              "superseded": false,
              "progressSamples": [
                0,
                0.14611111111525033,
                0.28222222222636145,
                0.4233333333343681,
                0.5555555555555556,
                0.6783333333364377,
                0.8283333333364378,
                0.9633333333354029,
                1,
                1
              ]
            },
            {
              "chunkKey": "1,0,-1",
              "targetRevision": 24,
              "traceId": "trace-103",
              "geometry": {
                "mode": "surface-morph",
                "patchCount": 23,
                "retainedPatchCount": 0,
                "addedPatchCount": 0,
                "removedPatchCount": 23,
                "visibleWaterMeshCount": 1,
                "opacityCrossfade": false
              },
              "progress": 1,
              "frameCount": 10,
              "completed": true,
              "superseded": false,
              "progressSamples": [
                0,
                0.1361111111111111,
                0.2772222222242918,
                0.41388888888888886,
                0.576111111112146,
                0.7172222222201526,
                0.849444444446514,
                0.9816666666677014,
                1,
                1
              ]
            },
            {
              "chunkKey": "2,0,0",
              "targetRevision": 123,
              "traceId": "trace-104",
              "geometry": {
                "mode": "surface-morph",
                "patchCount": 287,
                "retainedPatchCount": 0,
                "addedPatchCount": 0,
                "removedPatchCount": 287,
                "visibleWaterMeshCount": 1,
                "opacityCrossfade": false
              },
              "progress": 1,
              "frameCount": 10,
              "completed": true,
              "superseded": false,
              "progressSamples": [
                0,
                0.13333333333333333,
                0.2611111111111111,
                0.39055555555452076,
                0.5211111111100764,
                0.6672222222201526,
                0.7888888888888889,
                0.912222222223257,
                1,
                1
              ]
            }
          ]
        },
        "ui": {
          "runtime": "svelte5",
          "shellPublishCount": 194,
          "hudPublishCount": 728,
          "interactionPublishCount": 1688,
          "debugProjectionCount": 1441,
          "debugPublishCount": 1443,
          "staleUpdateCount": 0,
          "coalescedUpdateCount": 74949,
          "domCommitCount": 3586,
          "projectionDurationMs": 3645.399999978952,
          "publishDurationMs": 64.00000000372529,
          "domCommitDurationMs": 3256.0999999763444,
          "debugProjectionRate": 2.0238963225002142,
          "totalPublishRate": 5.684912394402964
        },
        "gameplay": {
          "entityCount": 17,
          "worldItemCount": 0,
          "creatureCount": 16,
          "npcCount": 0,
          "nearbyVisitedBucketCount": 27,
          "nearbyCandidateCount": 3,
          "nearbyReturnedCount": 2,
          "inventoryOperationCount": 75,
          "gameplayEventCount": 9041,
          "snapshotBytes": 72489,
          "retainedActorCount": 16,
          "activeActorCount": 14,
          "behaviorEvaluationCount": 0,
          "navigationPlanCount": 0,
          "navigationExpandedNodeCount": 0,
          "pathRecomputeCount": 0,
          "actionCompletionCount": 13,
          "actionFailureCount": 0,
          "actionInterruptionCount": 1,
          "perceptionLineOfSightCheckCount": 0,
          "simulationTime": 461.9,
          "presentedEntityCount": 16
        },
        "breakingOverlay": null,
        "viewmodel": {
          "isolatedLayer": true
        },
        "visualEffects": {
          "activeLocalLights": 0,
          "shadowedLocalLights": 0,
          "localLightLimit": 0,
          "localShadowLimit": 0,
          "sunShadows": false,
          "sunShadowResolution": 0,
          "reflectionEnabled": false,
          "reflectionActive": false,
          "reflectionResolution": 0,
          "reflectionFrameInterval": 0,
          "reflectionRenderCount": 0,
          "waterPlaneY": null,
          "postProcessing": false,
          "shadowUpdateCount": 0,
          "shadowStableFrameCount": 19713,
          "blockLightReady": true,
          "blockLightSourceRevision": 164,
          "blockLightRebuildCount": 2356
        },
        "water": {
          "bodyFraction": 0,
          "wading": false,
          "swimming": false,
          "cameraSubmerged": false,
          "cameraDepth": null,
          "waterSurfaceY": null,
          "underwaterBlend": 0
        }
      },
      "restoreEvidence": {
        "before": {
          "v2Equipment": {
            "phase": "stone-pickaxe",
            "steps": [
              {
                "step": "resources-placed",
                "snapshot": {
                  "runtimeEpoch": "seedlands:classic-canonical-runtime-v11:1",
                  "gameplayRevision": 82110,
                  "actor": {
                    "entityId": "player-1",
                    "epoch": 1,
                    "lifetime": 1
                  },
                  "inventoryRevision": 36,
                  "slots": [
                    null,
                    null,
                    {
                      "itemId": "stick",
                      "count": 3
                    },
                    null,
                    {
                      "itemId": "wood-sword",
                      "count": 1
                    },
                    null,
                    null,
                    null,
                    {
                      "itemId": "plank",
                      "count": 7
                    },
                    null,
                    null,
                    null,
                    null,
                    null,
                    null,
                    null,
                    null,
                    null,
                    null,
                    null,
                    null,
                    null,
                    null,
                    null,
                    null,
                    null,
                    null,
                    null,
                    null,
                    null,
                    null,
                    null,
                    null,
                    null,
                    null,
                    null
                  ],
                  "armor": {
                    "helmet": null,
                    "chestplate": null,
                    "leggings": null,
                    "boots": null
                  },
                  "cursor": {
                    "version": 1,
                    "revision": 26,
                    "stack": null,
                    "origin": null,
                    "craftingGrid": [
                      null,
                      null,
                      null,
                      null
                    ]
                  },
                  "player": {
                    "health": 18,
                    "lifecycle": "alive"
                  },
                  "armorPoints": 0
                }
              },
              {
                "step": "wood-collected",
                "snapshot": {
                  "runtimeEpoch": "seedlands:classic-canonical-runtime-v11:1",
                  "gameplayRevision": 124268,
                  "actor": {
                    "entityId": "player-1",
                    "epoch": 1,
                    "lifetime": 1
                  },
                  "inventoryRevision": 39,
                  "slots": [
                    {
                      "itemId": "wood-block",
                      "count": 3
                    },
                    null,
                    {
                      "itemId": "stick",
                      "count": 3
                    },
                    null,
                    {
                      "itemId": "wood-sword",
                      "count": 1
                    },
                    null,
                    null,
                    null,
                    {
                      "itemId": "plank",
                      "count": 7
                    },
                    null,
                    null,
                    null,
                    null,
                    null,
                    null,
                    null,
                    null,
                    null,
                    null,
                    null,
                    null,
                    null,
                    null,
                    null,
                    null,
                    null,
                    null,
                    null,
                    null,
                    null,
                    null,
                    null,
                    null,
                    null,
                    null,
                    null
                  ],
                  "armor": {
                    "helmet": null,
                    "chestplate": null,
                    "leggings": null,
                    "boots": null
                  },
                  "cursor": {
                    "version": 1,
                    "revision": 26,
                    "stack": null,
                    "origin": null,
                    "craftingGrid": [
                      null,
                      null,
                      null,
                      null
                    ]
                  },
                  "player": {
                    "health": 18,
                    "lifecycle": "alive"
                  },
                  "armorPoints": 0
                }
              },
              {
                "step": "wood-pickaxe-equipped",
                "snapshot": {
                  "runtimeEpoch": "seedlands:classic-canonical-runtime-v11:1",
                  "gameplayRevision": 136692,
                  "actor": {
                    "entityId": "player-1",
                    "epoch": 1,
                    "lifetime": 1
                  },
                  "inventoryRevision": 57,
                  "slots": [
                    {
                      "itemId": "wood-pickaxe",
                      "count": 1,
                      "instance": {
                        "durability": 60
                      }
                    },
                    null,
                    {
                      "itemId": "stick",
                      "count": 5
                    },
                    null,
                    {
                      "itemId": "wood-sword",
                      "count": 1
                    },
                    null,
                    null,
                    null,
                    {
                      "itemId": "plank",
                      "count": 14
                    },
                    null,
                    null,
                    null,
                    null,
                    null,
                    null,
                    null,
                    null,
                    null,
                    null,
                    null,
                    null,
                    null,
                    null,
                    null,
                    null,
                    null,
                    null,
                    null,
                    null,
                    null,
                    null,
                    null,
                    null,
                    null,
                    null,
                    null
                  ],
                  "armor": {
                    "helmet": null,
                    "chestplate": null,
                    "leggings": null,
                    "boots": null
                  },
                  "cursor": {
                    "version": 1,
                    "revision": 44,
                    "stack": null,
                    "origin": null,
                    "craftingGrid": [
                      null,
                      null,
                      null,
                      null
                    ]
                  },
                  "player": {
                    "health": 18,
                    "lifecycle": "alive"
                  },
                  "armorPoints": 0
                }
              },
              {
                "step": "stone-collected",
                "snapshot": {
                  "runtimeEpoch": "seedlands:classic-canonical-runtime-v11:1",
                  "gameplayRevision": 189296,
                  "actor": {
                    "entityId": "player-1",
                    "epoch": 1,
                    "lifetime": 1
                  },
                  "inventoryRevision": 63,
                  "slots": [
                    {
                      "itemId": "wood-pickaxe",
                      "count": 1,
                      "instance": {
                        "durability": 57
                      }
                    },
                    {
                      "itemId": "cobblestone",
                      "count": 3
                    },
                    {
                      "itemId": "stick",
                      "count": 5
                    },
                    null,
                    {
                      "itemId": "wood-sword",
                      "count": 1
                    },
                    null,
                    null,
                    null,
                    {
                      "itemId": "plank",
                      "count": 14
                    },
                    null,
                    null,
                    null,
                    null,
                    null,
                    null,
                    null,
                    null,
                    null,
                    null,
                    null,
                    null,
                    null,
                    null,
                    null,
                    null,
                    null,
                    null,
                    null,
                    null,
                    null,
                    null,
                    null,
                    null,
                    null,
                    null,
                    null
                  ],
                  "armor": {
                    "helmet": null,
                    "chestplate": null,
                    "leggings": null,
                    "boots": null
                  },
                  "cursor": {
                    "version": 1,
                    "revision": 44,
                    "stack": null,
                    "origin": null,
                    "craftingGrid": [
                      null,
                      null,
                      null,
                      null
                    ]
                  },
                  "player": {
                    "health": 18,
                    "lifecycle": "alive"
                  },
                  "armorPoints": 0
                }
              },
              {
                "step": "stone-pickaxe-equipped",
                "snapshot": {
                  "runtimeEpoch": "seedlands:classic-canonical-runtime-v11:1",
                  "gameplayRevision": 198340,
                  "actor": {
                    "entityId": "player-1",
                    "epoch": 1,
                    "lifetime": 1
                  },
                  "inventoryRevision": 73,
                  "slots": [
                    {
                      "itemId": "stone-pickaxe",
                      "count": 1,
                      "instance": {
                        "durability": 132
                      }
                    },
                    {
                      "itemId": "wood-pickaxe",
                      "count": 1,
                      "instance": {
                        "durability": 57
                      }
                    },
                    {
                      "itemId": "stick",
                      "count": 3
                    },
                    null,
                    {
                      "itemId": "wood-sword",
                      "count": 1
                    },
                    null,
                    null,
                    null,
                    {
                      "itemId": "plank",
                      "count": 14
                    },
                    null,
                    null,
                    null,
                    null,
                    null,
                    null,
                    null,
                    null,
                    null,
                    null,
                    null,
                    null,
                    null,
                    null,
                    null,
                    null,
                    null,
                    null,
                    null,
                    null,
                    null,
                    null,
                    null,
                    null,
                    null,
                    null,
                    null
                  ],
                  "armor": {
                    "helmet": null,
                    "chestplate": null,
                    "leggings": null,
                    "boots": null
                  },
                  "cursor": {
                    "version": 1,
                    "revision": 54,
                    "stack": null,
                    "origin": null,
                    "craftingGrid": [
                      null,
                      null,
                      null,
                      null
                    ]
                  },
                  "player": {
                    "health": 18,
                    "lifecycle": "alive"
                  },
                  "armorPoints": 0
                }
              }
            ],
            "snapshot": {
              "runtimeEpoch": "seedlands:classic-canonical-runtime-v11:1",
              "gameplayRevision": 198340,
              "actor": {
                "entityId": "player-1",
                "epoch": 1,
                "lifetime": 1
              },
              "inventoryRevision": 73,
              "slots": [
                {
                  "itemId": "stone-pickaxe",
                  "count": 1,
                  "instance": {
                    "durability": 132
                  }
                },
                {
                  "itemId": "wood-pickaxe",
                  "count": 1,
                  "instance": {
                    "durability": 57
                  }
                },
                {
                  "itemId": "stick",
                  "count": 3
                },
                null,
                {
                  "itemId": "wood-sword",
                  "count": 1
                },
                null,
                null,
                null,
                {
                  "itemId": "plank",
                  "count": 14
                },
                null,
                null,
                null,
                null,
                null,
                null,
                null,
                null,
                null,
                null,
                null,
                null,
                null,
                null,
                null,
                null,
                null,
                null,
                null,
                null,
                null,
                null,
                null,
                null,
                null,
                null,
                null
              ],
              "armor": {
                "helmet": null,
                "chestplate": null,
                "leggings": null,
                "boots": null
              },
              "cursor": {
                "version": 1,
                "revision": 54,
                "stack": null,
                "origin": null,
                "craftingGrid": [
                  null,
                  null,
                  null,
                  null
                ]
              },
              "player": {
                "health": 18,
                "lifecycle": "alive"
              },
              "armorPoints": 0
            }
          }
        }
      },
      "logicEvidence": []
    },
    {
      "schemaVersion": 1,
      "status": "FAIL",
      "attempt": 0,
      "test": "非 Classic Playbook 从锁定 production artifact 启动并消费自定义 worldgen/voxel/presentation",
      "project": "chromium",
      "benchmark": false,
      "stages": {},
      "errors": [],
      "current": null,
      "logicEvidence": []
    }
  ]
}
