{
  "schemaVersion": 1,
  "status": "FAIL",
  "attempts": [
    {
      "schemaVersion": 1,
      "status": "FAIL",
      "attempt": 0,
      "test": "Classic 生产旅程以真实输入完成 C0-C5，并复用同一运行时性能场景",
      "project": "chromium",
      "benchmark": false,
      "stages": {
        "C0": {
          "status": "PASS",
          "observation": "Production preview loaded the fixed seed with a stamped Classic composition, Authority/logic/persistence/compute Workers, consumed Wasm bytes and an actual WebGL2 context."
        },
        "C1": {
          "status": "PASS",
          "observation": "Pointer Lock mouse movement changed the route, then held W+Space crossed from Chunk 0 to Chunk 1 and Authority acknowledged it."
        },
        "C2": {
          "status": "PASS",
          "observation": "Mouse mining produced visible drops; movement picked them up; E opened inventory and real 2x2 pointer interactions produced planks, sticks, a wood sword and a workbench."
        },
        "C3": {
          "status": "PASS",
          "observation": "Right click placed crafted planks with a consumed mesh commit; inventory food restored health; held real mouse input buffered and completed the wood-sword second combo hit before defeating the fixed creature; a crafted workbench was placed, opened through the station runtime, then dismantled and recovered through real actions."
        }
      },
      "errors": [
        "Error: Real mouse input could not reacquire 70,31,0; last targets=[\"70,32,0\",\"70,32,0\",\"70,32,0\",\"70,32,0\",\"70,32,0\",\"70,32,0\",\"70,32,0\",\"70,32,0\",\"70,32,0\",\"70,32,0\",\"70,32,0\",\"70,32,0\"]."
      ],
      "current": {
        "frameMs": 16.700000002980232,
        "player": [
          70.49250030517578,
          32.599998474121094,
          0.4989718496799469
        ],
        "viewAngles": [
          -97.8,
          -88
        ],
        "streamCenter": [
          2,
          0
        ],
        "loadedChunks": 24,
        "renderedChunks": 14,
        "generationQueue": 0,
        "meshingQueue": 0,
        "deferredRemeshes": 0,
        "onGround": true,
        "colliding": false,
        "interactionAttempts": 13,
        "mutationCount": 4256,
        "worldRevision": 142,
        "structuralEventCount": 142,
        "remeshSchedulingCount": 137,
        "lastCommitMutationCount": 2,
        "lastCommitMeshChunkCount": 4,
        "storageBytes": 34899124,
        "worldTime": 20.45199999999477,
        "timePaused": false,
        "quality": "low",
        "triangles": 90332,
        "drawCalls": 26,
        "blockLightBricks": 24,
        "blockLightAllocatedBytes": 6291456,
        "blockLightRebuildCount": 1240,
        "collisionDebug": {
          "enabled": false,
          "entityCount": 0,
          "meshCount": 0,
          "materialCount": 0,
          "visibleBatchCount": 0,
          "vertexCapacity": 0,
          "buildCount": 0,
          "authorityRequestCount": 0
        },
        "runtime": "authority-worker",
        "workers": {
          "total": 5,
          "authority": 1,
          "logic": 1,
          "persistence": 1,
          "fluid": 1,
          "general": 1
        },
        "authority": {
          "physicsHz": 60,
          "paused": true,
          "physicsTick": 12846,
          "integratedPhysicsTimeMs": 214099.99999996694,
          "acknowledgedInputSequence": 6077,
          "physicsDebtMs": 14.100000069738599,
          "activeTimeMs": 214114.10000003668,
          "commitSequence": 56066,
          "physicsCost": {
            "count": 12846,
            "capacity": 256,
            "samplesMs": [
              0.29999999701976776,
              0.4000000059604645,
              0.4000000059604645,
              0.29999999701976776,
              0.29999999701976776,
              0.7000000029802322,
              0.4000000059604645,
              0.5,
              0.5,
              0.5,
              0.3999999910593033,
              0.5,
              0.5,
              0.4000000059604645,
              0.5,
              0.4000000059604645,
              0.5,
              0.3999999910593033,
              0.4000000059604645,
              0.4000000059604645,
              0.5,
              0.3999999910593033,
              0.29999999701976776,
              0.5,
              0.3999999910593033,
              0.5,
              0.29999999701976776,
              0.29999999701976776,
              0.5,
              0.29999999701976776,
              0.29999999701976776,
              0.3999999910593033,
              0.4000000059604645,
              0.29999999701976776,
              0.29999999701976776,
              0.29999999701976776,
              0.4000000059604645,
              0.29999999701976776,
              0.3999999910593033,
              0.20000000298023224,
              0.29999999701976776,
              0.20000000298023224,
              0.19999998807907104,
              0.3999999910593033,
              0.29999999701976776,
              0.29999999701976776,
              0.29999999701976776,
              0.20000000298023224,
              0.3999999910593033,
              0.4000000059604645,
              0.30000001192092896,
              0.29999999701976776,
              0.4000000059604645,
              0.3999999910593033,
              0.29999999701976776,
              0.29999999701976776,
              0.29999999701976776,
              0.29999999701976776,
              0.29999999701976776,
              0.20000000298023224,
              0.29999999701976776,
              0.29999999701976776,
              0.4000000059604645,
              0.4000000059604645,
              0.29999999701976776,
              0.29999999701976776,
              0.29999999701976776,
              0.20000000298023224,
              0.20000000298023224,
              0.30000001192092896,
              0.20000000298023224,
              0.3999999910593033,
              0.29999999701976776,
              0.5,
              0.6000000089406967,
              0.5999999940395355,
              0.6000000089406967,
              0.5,
              0.3999999910593033,
              0.6000000089406967,
              0.4000000059604645,
              0.4000000059604645,
              0.29999999701976776,
              0.4000000059604645,
              0.29999999701976776,
              0.4000000059604645,
              0.29999999701976776,
              0.3999999910593033,
              0.3999999910593033,
              0.29999999701976776,
              0.5,
              0.5,
              0.4000000059604645,
              0.19999998807907104,
              0.29999999701976776,
              0.29999999701976776,
              0.4000000059604645,
              0.29999999701976776,
              0.29999999701976776,
              0.29999999701976776,
              0.3999999910593033,
              0.20000000298023224,
              0.4000000059604645,
              0.29999999701976776,
              0.4000000059604645,
              0.30000001192092896,
              0.29999999701976776,
              0.4000000059604645,
              0.3999999910593033,
              0.29999999701976776,
              0.20000000298023224,
              0.4000000059604645,
              0.29999999701976776,
              0.29999999701976776,
              0.20000000298023224,
              0.29999999701976776,
              0.29999999701976776,
              0.29999999701976776,
              0.29999999701976776,
              0.30000001192092896,
              0.3999999910593033,
              0.29999999701976776,
              0.29999999701976776,
              0.29999999701976776,
              0.30000001192092896,
              0.29999999701976776,
              0.20000000298023224,
              0.4000000059604645,
              0.29999999701976776,
              0.29999999701976776,
              0.30000001192092896,
              0.4000000059604645,
              0.29999999701976776,
              0.29999999701976776,
              0.29999999701976776,
              0.29999999701976776,
              0.29999999701976776,
              0.30000001192092896,
              0.29999999701976776,
              0.20000000298023224,
              0.5999999940395355,
              0.5,
              0.5,
              0.5,
              0.4000000059604645,
              0.5,
              0.5,
              0.5,
              0.5,
              0.4000000059604645,
              0.6000000089406967,
              0.4000000059604645,
              0.29999999701976776,
              0.4000000059604645,
              0.3999999910593033,
              0.29999999701976776,
              0.4000000059604645,
              0.30000001192092896,
              0.20000000298023224,
              0.3999999910593033,
              0.29999999701976776,
              0.29999999701976776,
              0.19999998807907104,
              0.3999999910593033,
              0.29999999701976776,
              0.29999999701976776,
              0.29999999701976776,
              0.3999999910593033,
              0.20000000298023224,
              0.20000000298023224,
              0.29999999701976776,
              0.29999999701976776,
              0.29999999701976776,
              0.29999999701976776,
              0.29999999701976776,
              0.29999999701976776,
              0.19999998807907104,
              0.4000000059604645,
              0.30000001192092896,
              0.19999998807907104,
              0.29999999701976776,
              0.19999998807907104,
              0.20000000298023224,
              0.29999999701976776,
              0.29999999701976776,
              0.29999999701976776,
              0.30000001192092896,
              0.29999999701976776,
              0.29999999701976776,
              0.29999999701976776,
              0.29999999701976776,
              0.20000000298023224,
              0.3999999910593033,
              0.20000000298023224,
              0.20000000298023224,
              0.29999999701976776,
              0.29999999701976776,
              0.20000000298023224,
              0.20000000298023224,
              0.29999999701976776,
              0.4000000059604645,
              0.20000000298023224,
              0.20000000298023224,
              0.29999999701976776,
              0.29999999701976776,
              0.20000000298023224,
              0.20000000298023224,
              0.30000001192092896,
              0.7000000029802322,
              0.5999999940395355,
              0.4000000059604645,
              0.5999999940395355,
              0.5,
              0.5,
              0.5,
              0.5,
              0.3999999910593033,
              0.3999999910593033,
              0.4000000059604645,
              0.3999999910593033,
              0.5,
              0.5,
              0.4000000059604645,
              0.6000000089406967,
              0.5,
              0.5,
              0.4000000059604645,
              0.4000000059604645,
              0.3999999910593033,
              0.29999999701976776,
              0.4000000059604645,
              0.29999999701976776,
              0.30000001192092896,
              0.29999999701976776,
              0.4000000059604645,
              0.29999999701976776,
              0.4000000059604645,
              0.4000000059604645,
              0.29999999701976776,
              0.4000000059604645,
              0.5,
              0.29999999701976776,
              0.29999999701976776,
              0.30000001192092896,
              0.29999999701976776,
              0.29999999701976776,
              0.29999999701976776,
              0.29999999701976776,
              0.19999998807907104,
              0.3999999910593033,
              0.29999999701976776,
              0.19999998807907104,
              0.29999999701976776,
              0.29999999701976776,
              0.3999999910593033,
              0.30000001192092896
            ]
          },
          "fluid": {
            "pendingCellCount": 0,
            "inFlightLeaseCount": 0,
            "acceptedCandidateCount": 128,
            "rejectedCandidateCount": 0,
            "returnedLeaseCount": 0,
            "issuedLeaseCount": 128,
            "settledLeaseCount": 128
          },
          "residency": {
            "residentCount": 59,
            "target": 256,
            "hardLimit": 2048,
            "pinnedCount": 38,
            "dirtyCount": 0,
            "evictableCleanCount": 21,
            "evictionCount": 0,
            "rejectedAdmissionCount": 0,
            "oversubscribed": false,
            "autoSaveInFlight": false,
            "autoSaveFailureCount": 0,
            "nextRetryActiveTimeMs": 0,
            "lastSaveError": null
          },
          "bodies": {
            "total": 4,
            "actors": 4,
            "worldItems": 0,
            "nearPlayer": 1
          },
          "snapshotRejections": {
            "wrong-epoch": 0,
            "duplicate": 973,
            "physics-tick-regressed": 0,
            "commit-regressed": 0,
            "ack-regressed": 0
          }
        },
        "logic": {
          "blockStartedCount": 0,
          "blockCompletedCount": 0,
          "observationInFlight": true,
          "pendingObservationCount": 0,
          "submittedObservationCount": 2982,
          "receivedBatchCount": 2981,
          "completedBatchCount": 2981,
          "rejectedBatchCount": 0,
          "lastRoundTripMs": 0.20000000298023224
        },
        "trajectory": [
          {
            "physicsTick": 12519,
            "activeTimeMs": 208651.9000000337,
            "position": [
              70.49249900119875,
              32.6,
              0.4989718402279727
            ]
          },
          {
            "physicsTick": 12520,
            "activeTimeMs": 208678.60000003668,
            "position": [
              70.49249900119875,
              32.6,
              0.4989718402279727
            ]
          },
          {
            "physicsTick": 12521,
            "activeTimeMs": 208699.70000003072,
            "position": [
              70.49249900119875,
              32.6,
              0.4989718402279727
            ]
          },
          {
            "physicsTick": 12523,
            "activeTimeMs": 208725.80000002476,
            "position": [
              70.49249900119875,
              32.6,
              0.4989718402279727
            ]
          },
          {
            "physicsTick": 12525,
            "activeTimeMs": 208750.9000000337,
            "position": [
              70.49249900119875,
              32.6,
              0.4989718402279727
            ]
          },
          {
            "physicsTick": 12526,
            "activeTimeMs": 208773.60000003668,
            "position": [
              70.49249900119875,
              32.6,
              0.4989718402279727
            ]
          },
          {
            "physicsTick": 12527,
            "activeTimeMs": 208797.10000003668,
            "position": [
              70.49249900119875,
              32.6,
              0.4989718402279727
            ]
          },
          {
            "physicsTick": 12528,
            "activeTimeMs": 208808.9000000337,
            "position": [
              70.49249900119875,
              32.6,
              0.4989718402279727
            ]
          },
          {
            "physicsTick": 12528,
            "activeTimeMs": 208808.9000000337,
            "position": [
              70.49249900119875,
              32.6,
              0.4989718402279727
            ]
          },
          {
            "physicsTick": 12529,
            "activeTimeMs": 208831.70000003072,
            "position": [
              70.49249900119875,
              32.6,
              0.4989718402279727
            ]
          },
          {
            "physicsTick": 12531,
            "activeTimeMs": 208853.30000002476,
            "position": [
              70.49249900119875,
              32.6,
              0.4989718402279727
            ]
          },
          {
            "physicsTick": 12532,
            "activeTimeMs": 208877.50000002774,
            "position": [
              70.49249900119875,
              32.6,
              0.4989718402279727
            ]
          },
          {
            "physicsTick": 12534,
            "activeTimeMs": 208901.70000003072,
            "position": [
              70.49249900119875,
              32.6,
              0.4989718402279727
            ]
          },
          {
            "physicsTick": 12535,
            "activeTimeMs": 208927.20000003072,
            "position": [
              70.49249900119875,
              32.6,
              0.4989718402279727
            ]
          },
          {
            "physicsTick": 12537,
            "activeTimeMs": 208950.50000002774,
            "position": [
              70.49249900119875,
              32.6,
              0.4989718402279727
            ]
          },
          {
            "physicsTick": 12538,
            "activeTimeMs": 208968.20000003072,
            "position": [
              70.49249900119875,
              32.6,
              0.4989718402279727
            ]
          },
          {
            "physicsTick": 12539,
            "activeTimeMs": 208991.9000000337,
            "position": [
              70.49249900119875,
              32.6,
              0.4989718402279727
            ]
          },
          {
            "physicsTick": 12540,
            "activeTimeMs": 209013.30000002476,
            "position": [
              70.49249900119875,
              32.6,
              0.4989718402279727
            ]
          },
          {
            "physicsTick": 12541,
            "activeTimeMs": 209031.10000003668,
            "position": [
              70.49249900119875,
              32.6,
              0.4989718402279727
            ]
          },
          {
            "physicsTick": 12543,
            "activeTimeMs": 209053.50000002774,
            "position": [
              70.49249900119875,
              32.6,
              0.4989718402279727
            ]
          },
          {
            "physicsTick": 12544,
            "activeTimeMs": 209070.30000002476,
            "position": [
              70.49249900119875,
              32.6,
              0.4989718402279727
            ]
          },
          {
            "physicsTick": 12545,
            "activeTimeMs": 209094.70000003072,
            "position": [
              70.49249900119875,
              32.6,
              0.4989718402279727
            ]
          },
          {
            "physicsTick": 12546,
            "activeTimeMs": 209111.50000002774,
            "position": [
              70.49249900119875,
              32.6,
              0.4989718402279727
            ]
          },
          {
            "physicsTick": 12547,
            "activeTimeMs": 209129.10000003668,
            "position": [
              70.49249900119875,
              32.6,
              0.4989718402279727
            ]
          },
          {
            "physicsTick": 12548,
            "activeTimeMs": 209149.80000002476,
            "position": [
              70.49249900119875,
              32.6,
              0.4989718402279727
            ]
          },
          {
            "physicsTick": 12550,
            "activeTimeMs": 209174.60000003668,
            "position": [
              70.49249900119875,
              32.6,
              0.4989718402279727
            ]
          },
          {
            "physicsTick": 12551,
            "activeTimeMs": 209192.00000002774,
            "position": [
              70.49249900119875,
              32.6,
              0.4989718402279727
            ]
          },
          {
            "physicsTick": 12552,
            "activeTimeMs": 209214.9000000337,
            "position": [
              70.49249900119875,
              32.6,
              0.4989718402279727
            ]
          },
          {
            "physicsTick": 12554,
            "activeTimeMs": 209239.00000002774,
            "position": [
              70.49249900119875,
              32.6,
              0.4989718402279727
            ]
          },
          {
            "physicsTick": 12555,
            "activeTimeMs": 209262.9000000337,
            "position": [
              70.49249900119875,
              32.6,
              0.4989718402279727
            ]
          },
          {
            "physicsTick": 12557,
            "activeTimeMs": 209284.9000000337,
            "position": [
              70.49249900119875,
              32.6,
              0.4989718402279727
            ]
          },
          {
            "physicsTick": 12558,
            "activeTimeMs": 209308.9000000337,
            "position": [
              70.49249900119875,
              32.6,
              0.4989718402279727
            ]
          },
          {
            "physicsTick": 12559,
            "activeTimeMs": 209328.60000003668,
            "position": [
              70.49249900119875,
              32.6,
              0.4989718402279727
            ]
          },
          {
            "physicsTick": 12561,
            "activeTimeMs": 209350.20000003072,
            "position": [
              70.49249900119875,
              32.6,
              0.4989718402279727
            ]
          },
          {
            "physicsTick": 12562,
            "activeTimeMs": 209376.00000002774,
            "position": [
              70.49249900119875,
              32.6,
              0.4989718402279727
            ]
          },
          {
            "physicsTick": 12563,
            "activeTimeMs": 209398.10000003668,
            "position": [
              70.49249900119875,
              32.6,
              0.4989718402279727
            ]
          },
          {
            "physicsTick": 12565,
            "activeTimeMs": 209422.9000000337,
            "position": [
              70.49249900119875,
              32.6,
              0.4989718402279727
            ]
          },
          {
            "physicsTick": 12566,
            "activeTimeMs": 209447.00000002774,
            "position": [
              70.49249900119875,
              32.6,
              0.4989718402279727
            ]
          },
          {
            "physicsTick": 12568,
            "activeTimeMs": 209469.30000002476,
            "position": [
              70.49249900119875,
              32.6,
              0.4989718402279727
            ]
          },
          {
            "physicsTick": 12569,
            "activeTimeMs": 209496.00000002774,
            "position": [
              70.49249900119875,
              32.6,
              0.4989718402279727
            ]
          },
          {
            "physicsTick": 12571,
            "activeTimeMs": 209516.70000003072,
            "position": [
              70.49249900119875,
              32.6,
              0.4989718402279727
            ]
          },
          {
            "physicsTick": 12572,
            "activeTimeMs": 209544.4000000337,
            "position": [
              70.49249900119875,
              32.6,
              0.4989718402279727
            ]
          },
          {
            "physicsTick": 12573,
            "activeTimeMs": 209565.60000003668,
            "position": [
              70.49249900119875,
              32.6,
              0.4989718402279727
            ]
          },
          {
            "physicsTick": 12574,
            "activeTimeMs": 209582.70000003072,
            "position": [
              70.49249900119875,
              32.6,
              0.4989718402279727
            ]
          },
          {
            "physicsTick": 12576,
            "activeTimeMs": 209607.20000003072,
            "position": [
              70.49249900119875,
              32.6,
              0.4989718402279727
            ]
          },
          {
            "physicsTick": 12577,
            "activeTimeMs": 209632.00000002774,
            "position": [
              70.49249900119875,
              32.6,
              0.4989718402279727
            ]
          },
          {
            "physicsTick": 12579,
            "activeTimeMs": 209653.30000002476,
            "position": [
              70.49249900119875,
              32.6,
              0.4989718402279727
            ]
          },
          {
            "physicsTick": 12580,
            "activeTimeMs": 209679.00000002774,
            "position": [
              70.49249900119875,
              32.6,
              0.4989718402279727
            ]
          },
          {
            "physicsTick": 12582,
            "activeTimeMs": 209701.9000000337,
            "position": [
              70.49249900119875,
              32.6,
              0.4989718402279727
            ]
          },
          {
            "physicsTick": 12583,
            "activeTimeMs": 209727.00000002774,
            "position": [
              70.49249900119875,
              32.6,
              0.4989718402279727
            ]
          },
          {
            "physicsTick": 12584,
            "activeTimeMs": 209743.9000000337,
            "position": [
              70.49249900119875,
              32.6,
              0.4989718402279727
            ]
          },
          {
            "physicsTick": 12586,
            "activeTimeMs": 209766.70000003072,
            "position": [
              70.49249900119875,
              32.6,
              0.4989718402279727
            ]
          },
          {
            "physicsTick": 12587,
            "activeTimeMs": 209788.50000002774,
            "position": [
              70.49249900119875,
              32.6,
              0.4989718402279727
            ]
          },
          {
            "physicsTick": 12588,
            "activeTimeMs": 209806.80000002476,
            "position": [
              70.49249900119875,
              32.6,
              0.4989718402279727
            ]
          },
          {
            "physicsTick": 12589,
            "activeTimeMs": 209832.60000003668,
            "position": [
              70.49249900119875,
              32.6,
              0.4989718402279727
            ]
          },
          {
            "physicsTick": 12591,
            "activeTimeMs": 209852.9000000337,
            "position": [
              70.49249900119875,
              32.6,
              0.4989718402279727
            ]
          },
          {
            "physicsTick": 12592,
            "activeTimeMs": 209880.50000002774,
            "position": [
              70.49249900119875,
              32.6,
              0.4989718402279727
            ]
          },
          {
            "physicsTick": 12594,
            "activeTimeMs": 209901.9000000337,
            "position": [
              70.49249900119875,
              32.6,
              0.4989718402279727
            ]
          },
          {
            "physicsTick": 12595,
            "activeTimeMs": 209919.4000000337,
            "position": [
              70.49249900119875,
              32.6,
              0.4989718402279727
            ]
          },
          {
            "physicsTick": 12595,
            "activeTimeMs": 209937.20000003072,
            "position": [
              70.49249900119875,
              32.6,
              0.4989718402279727
            ]
          },
          {
            "physicsTick": 12596,
            "activeTimeMs": 209937.20000003072,
            "position": [
              70.49249900119875,
              32.6,
              0.4989718402279727
            ]
          },
          {
            "physicsTick": 12596,
            "activeTimeMs": 209948.70000003072,
            "position": [
              70.49249900119875,
              32.6,
              0.4989718402279727
            ]
          },
          {
            "physicsTick": 12598,
            "activeTimeMs": 209976.60000003668,
            "position": [
              70.49249900119875,
              32.6,
              0.4989718402279727
            ]
          },
          {
            "physicsTick": 12599,
            "activeTimeMs": 209996.80000002476,
            "position": [
              70.49249900119875,
              32.6,
              0.4989718402279727
            ]
          },
          {
            "physicsTick": 12601,
            "activeTimeMs": 210024.30000002476,
            "position": [
              70.49249900119875,
              32.6,
              0.4989718402279727
            ]
          },
          {
            "physicsTick": 12602,
            "activeTimeMs": 210048.30000002476,
            "position": [
              70.49249900119875,
              32.6,
              0.4989718402279727
            ]
          },
          {
            "physicsTick": 12604,
            "activeTimeMs": 210071.20000003072,
            "position": [
              70.49249900119875,
              32.6,
              0.4989718402279727
            ]
          },
          {
            "physicsTick": 12605,
            "activeTimeMs": 210095.10000003668,
            "position": [
              70.49249900119875,
              32.6,
              0.4989718402279727
            ]
          },
          {
            "physicsTick": 12607,
            "activeTimeMs": 210119.50000002774,
            "position": [
              70.49249900119875,
              32.6,
              0.4989718402279727
            ]
          },
          {
            "physicsTick": 12608,
            "activeTimeMs": 210143.70000003072,
            "position": [
              70.49249900119875,
              32.6,
              0.4989718402279727
            ]
          },
          {
            "physicsTick": 12609,
            "activeTimeMs": 210164.20000003072,
            "position": [
              70.49249900119875,
              32.6,
              0.4989718402279727
            ]
          },
          {
            "physicsTick": 12611,
            "activeTimeMs": 210192.9000000337,
            "position": [
              70.49249900119875,
              32.6,
              0.4989718402279727
            ]
          },
          {
            "physicsTick": 12612,
            "activeTimeMs": 210214.20000003072,
            "position": [
              70.49249900119875,
              32.6,
              0.4989718402279727
            ]
          },
          {
            "physicsTick": 12613,
            "activeTimeMs": 210231.20000003072,
            "position": [
              70.49249900119875,
              32.6,
              0.4989718402279727
            ]
          },
          {
            "physicsTick": 12614,
            "activeTimeMs": 210248.60000003668,
            "position": [
              70.49249900119875,
              32.6,
              0.4989718402279727
            ]
          },
          {
            "physicsTick": 12616,
            "activeTimeMs": 210270.70000003072,
            "position": [
              70.49249900119875,
              32.6,
              0.4989718402279727
            ]
          },
          {
            "physicsTick": 12617,
            "activeTimeMs": 210295.00000002774,
            "position": [
              70.49249900119875,
              32.6,
              0.4989718402279727
            ]
          },
          {
            "physicsTick": 12619,
            "activeTimeMs": 210317.30000002476,
            "position": [
              70.49249900119875,
              32.6,
              0.4989718402279727
            ]
          },
          {
            "physicsTick": 12620,
            "activeTimeMs": 210344.70000003072,
            "position": [
              70.49249900119875,
              32.6,
              0.4989718402279727
            ]
          },
          {
            "physicsTick": 12621,
            "activeTimeMs": 210365.30000002476,
            "position": [
              70.49249900119875,
              32.6,
              0.4989718402279727
            ]
          },
          {
            "physicsTick": 12623,
            "activeTimeMs": 210392.20000003072,
            "position": [
              70.49249900119875,
              32.6,
              0.4989718402279727
            ]
          },
          {
            "physicsTick": 12624,
            "activeTimeMs": 210409.00000002774,
            "position": [
              70.49249900119875,
              32.6,
              0.4989718402279727
            ]
          },
          {
            "physicsTick": 12625,
            "activeTimeMs": 210430.4000000337,
            "position": [
              70.49249900119875,
              32.6,
              0.4989718402279727
            ]
          },
          {
            "physicsTick": 12627,
            "activeTimeMs": 210456.10000003668,
            "position": [
              70.49249900119875,
              32.6,
              0.4989718402279727
            ]
          },
          {
            "physicsTick": 12628,
            "activeTimeMs": 210480.00000002774,
            "position": [
              70.49249900119875,
              32.6,
              0.4989718402279727
            ]
          },
          {
            "physicsTick": 12630,
            "activeTimeMs": 210503.10000003668,
            "position": [
              70.49249900119875,
              32.6,
              0.4989718402279727
            ]
          },
          {
            "physicsTick": 12631,
            "activeTimeMs": 210526.70000003072,
            "position": [
              70.49249900119875,
              32.6,
              0.4989718402279727
            ]
          },
          {
            "physicsTick": 12632,
            "activeTimeMs": 210549.80000002476,
            "position": [
              70.49249900119875,
              32.6,
              0.4989718402279727
            ]
          },
          {
            "physicsTick": 12634,
            "activeTimeMs": 210573.50000002774,
            "position": [
              70.49249900119875,
              32.6,
              0.4989718402279727
            ]
          },
          {
            "physicsTick": 12635,
            "activeTimeMs": 210590.20000003072,
            "position": [
              70.49249900119875,
              32.6,
              0.4989718402279727
            ]
          },
          {
            "physicsTick": 12636,
            "activeTimeMs": 210615.4000000337,
            "position": [
              70.49249900119875,
              32.6,
              0.4989718402279727
            ]
          },
          {
            "physicsTick": 12638,
            "activeTimeMs": 210639.20000003072,
            "position": [
              70.49249900119875,
              32.6,
              0.4989718402279727
            ]
          },
          {
            "physicsTick": 12639,
            "activeTimeMs": 210662.20000003072,
            "position": [
              70.49249900119875,
              32.6,
              0.4989718402279727
            ]
          },
          {
            "physicsTick": 12641,
            "activeTimeMs": 210685.80000002476,
            "position": [
              70.49249900119875,
              32.6,
              0.4989718402279727
            ]
          },
          {
            "physicsTick": 12642,
            "activeTimeMs": 210710.80000002476,
            "position": [
              70.49249900119875,
              32.6,
              0.4989718402279727
            ]
          },
          {
            "physicsTick": 12643,
            "activeTimeMs": 210728.50000002774,
            "position": [
              70.49249900119875,
              32.6,
              0.4989718402279727
            ]
          },
          {
            "physicsTick": 12644,
            "activeTimeMs": 210748.9000000337,
            "position": [
              70.49249900119875,
              32.6,
              0.4989718402279727
            ]
          },
          {
            "physicsTick": 12646,
            "activeTimeMs": 210776.60000003668,
            "position": [
              70.49249900119875,
              32.6,
              0.4989718402279727
            ]
          },
          {
            "physicsTick": 12647,
            "activeTimeMs": 210798.60000003668,
            "position": [
              70.49249900119875,
              32.6,
              0.4989718402279727
            ]
          },
          {
            "physicsTick": 12649,
            "activeTimeMs": 210823.70000003072,
            "position": [
              70.49249900119875,
              32.6,
              0.4989718402279727
            ]
          },
          {
            "physicsTick": 12650,
            "activeTimeMs": 210846.20000003072,
            "position": [
              70.49249900119875,
              32.6,
              0.4989718402279727
            ]
          },
          {
            "physicsTick": 12652,
            "activeTimeMs": 210870.60000003668,
            "position": [
              70.49249900119875,
              32.6,
              0.4989718402279727
            ]
          },
          {
            "physicsTick": 12653,
            "activeTimeMs": 210896.30000002476,
            "position": [
              70.49249900119875,
              32.6,
              0.4989718402279727
            ]
          },
          {
            "physicsTick": 12655,
            "activeTimeMs": 210917.50000002774,
            "position": [
              70.49249900119875,
              32.6,
              0.4989718402279727
            ]
          },
          {
            "physicsTick": 12656,
            "activeTimeMs": 210945.00000002774,
            "position": [
              70.49249900119875,
              32.6,
              0.4989718402279727
            ]
          },
          {
            "physicsTick": 12658,
            "activeTimeMs": 210969.9000000337,
            "position": [
              70.49249900119875,
              32.6,
              0.4989718402279727
            ]
          },
          {
            "physicsTick": 12659,
            "activeTimeMs": 210988.30000002476,
            "position": [
              70.49249900119875,
              32.6,
              0.4989718402279727
            ]
          },
          {
            "physicsTick": 12660,
            "activeTimeMs": 211014.60000003668,
            "position": [
              70.49249900119875,
              32.6,
              0.4989718402279727
            ]
          },
          {
            "physicsTick": 12662,
            "activeTimeMs": 211038.60000003668,
            "position": [
              70.49249900119875,
              32.6,
              0.4989718402279727
            ]
          },
          {
            "physicsTick": 12663,
            "activeTimeMs": 211062.70000003072,
            "position": [
              70.49249900119875,
              32.6,
              0.4989718402279727
            ]
          },
          {
            "physicsTick": 12663,
            "activeTimeMs": 211067.4000000337,
            "position": [
              70.49249900119875,
              32.6,
              0.4989718402279727
            ]
          },
          {
            "physicsTick": 12664,
            "activeTimeMs": 211067.4000000337,
            "position": [
              70.49249900119875,
              32.6,
              0.4989718402279727
            ]
          },
          {
            "physicsTick": 12664,
            "activeTimeMs": 211079.50000002774,
            "position": [
              70.49249900119875,
              32.6,
              0.4989718402279727
            ]
          },
          {
            "physicsTick": 12665,
            "activeTimeMs": 211096.20000003072,
            "position": [
              70.49249900119875,
              32.6,
              0.4989718402279727
            ]
          },
          {
            "physicsTick": 12667,
            "activeTimeMs": 211119.80000002476,
            "position": [
              70.49249900119875,
              32.6,
              0.4989718402279727
            ]
          },
          {
            "physicsTick": 12668,
            "activeTimeMs": 211144.60000003668,
            "position": [
              70.49249900119875,
              32.6,
              0.4989718402279727
            ]
          },
          {
            "physicsTick": 12670,
            "activeTimeMs": 211168.00000002774,
            "position": [
              70.49249900119875,
              32.6,
              0.4989718402279727
            ]
          },
          {
            "physicsTick": 12671,
            "activeTimeMs": 211190.30000002476,
            "position": [
              70.49249900119875,
              32.6,
              0.4989718402279727
            ]
          },
          {
            "physicsTick": 12672,
            "activeTimeMs": 211208.70000003072,
            "position": [
              70.49249900119875,
              32.6,
              0.4989718402279727
            ]
          },
          {
            "physicsTick": 12673,
            "activeTimeMs": 211229.80000002476,
            "position": [
              70.49249900119875,
              32.6,
              0.4989718402279727
            ]
          },
          {
            "physicsTick": 12675,
            "activeTimeMs": 211254.70000003072,
            "position": [
              70.49249900119875,
              32.6,
              0.4989718402279727
            ]
          },
          {
            "physicsTick": 12676,
            "activeTimeMs": 211272.50000002774,
            "position": [
              70.49249900119875,
              32.6,
              0.4989718402279727
            ]
          },
          {
            "physicsTick": 12677,
            "activeTimeMs": 211293.80000002476,
            "position": [
              70.49249900119875,
              32.6,
              0.4989718402279727
            ]
          },
          {
            "physicsTick": 12678,
            "activeTimeMs": 211310.9000000337,
            "position": [
              70.49249900119875,
              32.6,
              0.4989718402279727
            ]
          },
          {
            "physicsTick": 12679,
            "activeTimeMs": 211328.60000003668,
            "position": [
              70.49249900119875,
              32.6,
              0.4989718402279727
            ]
          },
          {
            "physicsTick": 12681,
            "activeTimeMs": 211350.80000002476,
            "position": [
              70.49249900119875,
              32.6,
              0.4989718402279727
            ]
          },
          {
            "physicsTick": 12682,
            "activeTimeMs": 211374.50000002774,
            "position": [
              70.49249900119875,
              32.6,
              0.4989718402279727
            ]
          },
          {
            "physicsTick": 12683,
            "activeTimeMs": 211397.80000002476,
            "position": [
              70.49249900119875,
              32.6,
              0.4989718402279727
            ]
          },
          {
            "physicsTick": 12684,
            "activeTimeMs": 211416.50000002774,
            "position": [
              70.49249900119875,
              32.6,
              0.4989718402279727
            ]
          },
          {
            "physicsTick": 12686,
            "activeTimeMs": 211441.00000002774,
            "position": [
              70.49249900119875,
              32.6,
              0.4989718402279727
            ]
          },
          {
            "physicsTick": 12687,
            "activeTimeMs": 211462.4000000337,
            "position": [
              70.49249900119875,
              32.6,
              0.4989718402279727
            ]
          },
          {
            "physicsTick": 12688,
            "activeTimeMs": 211480.00000002774,
            "position": [
              70.49249900119875,
              32.6,
              0.4989718402279727
            ]
          },
          {
            "physicsTick": 12690,
            "activeTimeMs": 211502.50000002774,
            "position": [
              70.49249900119875,
              32.6,
              0.4989718402279727
            ]
          },
          {
            "physicsTick": 12691,
            "activeTimeMs": 211530.00000002774,
            "position": [
              70.49249900119875,
              32.6,
              0.4989718402279727
            ]
          },
          {
            "physicsTick": 12693,
            "activeTimeMs": 211551.30000002476,
            "position": [
              70.49249900119875,
              32.6,
              0.4989718402279727
            ]
          },
          {
            "physicsTick": 12694,
            "activeTimeMs": 211575.30000002476,
            "position": [
              70.49249900119875,
              32.6,
              0.4989718402279727
            ]
          },
          {
            "physicsTick": 12695,
            "activeTimeMs": 211593.10000003668,
            "position": [
              70.49249900119875,
              32.6,
              0.4989718402279727
            ]
          },
          {
            "physicsTick": 12696,
            "activeTimeMs": 211613.50000002774,
            "position": [
              70.49249900119875,
              32.6,
              0.4989718402279727
            ]
          },
          {
            "physicsTick": 12698,
            "activeTimeMs": 211641.20000003072,
            "position": [
              70.49249900119875,
              32.6,
              0.4989718402279727
            ]
          },
          {
            "physicsTick": 12699,
            "activeTimeMs": 211663.50000002774,
            "position": [
              70.49249900119875,
              32.6,
              0.4989718402279727
            ]
          },
          {
            "physicsTick": 12700,
            "activeTimeMs": 211681.00000002774,
            "position": [
              70.49249900119875,
              32.6,
              0.4989718402279727
            ]
          },
          {
            "physicsTick": 12702,
            "activeTimeMs": 211703.70000003072,
            "position": [
              70.49249900119875,
              32.6,
              0.4989718402279727
            ]
          },
          {
            "physicsTick": 12703,
            "activeTimeMs": 211727.70000003072,
            "position": [
              70.49249900119875,
              32.6,
              0.4989718402279727
            ]
          },
          {
            "physicsTick": 12705,
            "activeTimeMs": 211750.9000000337,
            "position": [
              70.49249900119875,
              32.6,
              0.4989718402279727
            ]
          },
          {
            "physicsTick": 12706,
            "activeTimeMs": 211774.60000003668,
            "position": [
              70.49249900119875,
              32.6,
              0.4989718402279727
            ]
          },
          {
            "physicsTick": 12707,
            "activeTimeMs": 211798.9000000337,
            "position": [
              70.49249900119875,
              32.6,
              0.4989718402279727
            ]
          },
          {
            "physicsTick": 12709,
            "activeTimeMs": 211822.60000003668,
            "position": [
              70.49249900119875,
              32.6,
              0.4989718402279727
            ]
          },
          {
            "physicsTick": 12710,
            "activeTimeMs": 211840.30000002476,
            "position": [
              70.49249900119875,
              32.6,
              0.4989718402279727
            ]
          },
          {
            "physicsTick": 12711,
            "activeTimeMs": 211857.10000003668,
            "position": [
              70.49249900119875,
              32.6,
              0.4989718402279727
            ]
          },
          {
            "physicsTick": 12712,
            "activeTimeMs": 211880.10000003668,
            "position": [
              70.49249900119875,
              32.6,
              0.4989718402279727
            ]
          },
          {
            "physicsTick": 12713,
            "activeTimeMs": 211897.30000002476,
            "position": [
              70.49249900119875,
              32.6,
              0.4989718402279727
            ]
          },
          {
            "physicsTick": 12715,
            "activeTimeMs": 211919.70000003072,
            "position": [
              70.49249900119875,
              32.6,
              0.4989718402279727
            ]
          },
          {
            "physicsTick": 12716,
            "activeTimeMs": 211944.00000002774,
            "position": [
              70.49249900119875,
              32.6,
              0.4989718402279727
            ]
          },
          {
            "physicsTick": 12717,
            "activeTimeMs": 211966.60000003668,
            "position": [
              70.49249900119875,
              32.6,
              0.4989718402279727
            ]
          },
          {
            "physicsTick": 12719,
            "activeTimeMs": 211990.70000003072,
            "position": [
              70.49249900119875,
              32.6,
              0.4989718402279727
            ]
          },
          {
            "physicsTick": 12720,
            "activeTimeMs": 212009.4000000337,
            "position": [
              70.49249900119875,
              32.6,
              0.4989718402279727
            ]
          },
          {
            "physicsTick": 12721,
            "activeTimeMs": 212029.80000002476,
            "position": [
              70.49249900119875,
              32.6,
              0.4989718402279727
            ]
          },
          {
            "physicsTick": 12722,
            "activeTimeMs": 212047.70000003072,
            "position": [
              70.49249900119875,
              32.6,
              0.4989718402279727
            ]
          },
          {
            "physicsTick": 12724,
            "activeTimeMs": 212073.50000002774,
            "position": [
              70.49249900119875,
              32.6,
              0.4989718402279727
            ]
          },
          {
            "physicsTick": 12725,
            "activeTimeMs": 212096.60000003668,
            "position": [
              70.49249900119875,
              32.6,
              0.4989718402279727
            ]
          },
          {
            "physicsTick": 12727,
            "activeTimeMs": 212118.20000003072,
            "position": [
              70.49249900119875,
              32.6,
              0.4989718402279727
            ]
          },
          {
            "physicsTick": 12728,
            "activeTimeMs": 212142.60000003668,
            "position": [
              70.49249900119875,
              32.6,
              0.4989718402279727
            ]
          },
          {
            "physicsTick": 12730,
            "activeTimeMs": 212168.10000003668,
            "position": [
              70.49249900119875,
              32.6,
              0.4989718402279727
            ]
          },
          {
            "physicsTick": 12730,
            "activeTimeMs": 212183.4000000337,
            "position": [
              70.49249900119875,
              32.6,
              0.4989718402279727
            ]
          },
          {
            "physicsTick": 12731,
            "activeTimeMs": 212183.4000000337,
            "position": [
              70.49249900119875,
              32.6,
              0.4989718402279727
            ]
          },
          {
            "physicsTick": 12732,
            "activeTimeMs": 212206.10000003668,
            "position": [
              70.49249900119875,
              32.6,
              0.4989718402279727
            ]
          },
          {
            "physicsTick": 12733,
            "activeTimeMs": 212227.9000000337,
            "position": [
              70.49249900119875,
              32.6,
              0.4989718402279727
            ]
          },
          {
            "physicsTick": 12735,
            "activeTimeMs": 212251.60000003668,
            "position": [
              70.49249900119875,
              32.6,
              0.4989718402279727
            ]
          },
          {
            "physicsTick": 12736,
            "activeTimeMs": 212271.00000002774,
            "position": [
              70.49249900119875,
              32.6,
              0.4989718402279727
            ]
          },
          {
            "physicsTick": 12737,
            "activeTimeMs": 212291.60000003668,
            "position": [
              70.49249900119875,
              32.6,
              0.4989718402279727
            ]
          },
          {
            "physicsTick": 12738,
            "activeTimeMs": 212316.4000000337,
            "position": [
              70.49249900119875,
              32.6,
              0.4989718402279727
            ]
          },
          {
            "physicsTick": 12739,
            "activeTimeMs": 212333.10000003668,
            "position": [
              70.49249900119875,
              32.6,
              0.4989718402279727
            ]
          },
          {
            "physicsTick": 12741,
            "activeTimeMs": 212358.00000002774,
            "position": [
              70.49249900119875,
              32.6,
              0.4989718402279727
            ]
          },
          {
            "physicsTick": 12742,
            "activeTimeMs": 212381.00000002774,
            "position": [
              70.49249900119875,
              32.6,
              0.4989718402279727
            ]
          },
          {
            "physicsTick": 12744,
            "activeTimeMs": 212403.20000003072,
            "position": [
              70.49249900119875,
              32.6,
              0.4989718402279727
            ]
          },
          {
            "physicsTick": 12745,
            "activeTimeMs": 212421.60000003668,
            "position": [
              70.49249900119875,
              32.6,
              0.4989718402279727
            ]
          },
          {
            "physicsTick": 12746,
            "activeTimeMs": 212443.00000002774,
            "position": [
              70.49249900119875,
              32.6,
              0.4989718402279727
            ]
          },
          {
            "physicsTick": 12748,
            "activeTimeMs": 212470.30000002476,
            "position": [
              70.49249900119875,
              32.6,
              0.4989718402279727
            ]
          },
          {
            "physicsTick": 12749,
            "activeTimeMs": 212491.4000000337,
            "position": [
              70.49249900119875,
              32.6,
              0.4989718402279727
            ]
          },
          {
            "physicsTick": 12751,
            "activeTimeMs": 212517.70000003072,
            "position": [
              70.49249900119875,
              32.6,
              0.4989718402279727
            ]
          },
          {
            "physicsTick": 12752,
            "activeTimeMs": 212540.00000002774,
            "position": [
              70.49249900119875,
              32.6,
              0.4989718402279727
            ]
          },
          {
            "physicsTick": 12753,
            "activeTimeMs": 212557.00000002774,
            "position": [
              70.49249900119875,
              32.6,
              0.4989718402279727
            ]
          },
          {
            "physicsTick": 12754,
            "activeTimeMs": 212579.00000002774,
            "position": [
              70.49249900119875,
              32.6,
              0.4989718402279727
            ]
          },
          {
            "physicsTick": 12755,
            "activeTimeMs": 212597.30000002476,
            "position": [
              70.49249900119875,
              32.6,
              0.4989718402279727
            ]
          },
          {
            "physicsTick": 12757,
            "activeTimeMs": 212622.00000002774,
            "position": [
              70.49249900119875,
              32.6,
              0.4989718402279727
            ]
          },
          {
            "physicsTick": 12758,
            "activeTimeMs": 212643.00000002774,
            "position": [
              70.49249900119875,
              32.6,
              0.4989718402279727
            ]
          },
          {
            "physicsTick": 12759,
            "activeTimeMs": 212659.70000003072,
            "position": [
              70.49249900119875,
              32.6,
              0.4989718402279727
            ]
          },
          {
            "physicsTick": 12761,
            "activeTimeMs": 212683.60000003668,
            "position": [
              70.49249900119875,
              32.6,
              0.4989718402279727
            ]
          },
          {
            "physicsTick": 12762,
            "activeTimeMs": 212707.30000002476,
            "position": [
              70.49249900119875,
              32.6,
              0.4989718402279727
            ]
          },
          {
            "physicsTick": 12763,
            "activeTimeMs": 212724.20000003072,
            "position": [
              70.49249900119875,
              32.6,
              0.4989718402279727
            ]
          },
          {
            "physicsTick": 12764,
            "activeTimeMs": 212747.60000003668,
            "position": [
              70.49249900119875,
              32.6,
              0.4989718402279727
            ]
          },
          {
            "physicsTick": 12765,
            "activeTimeMs": 212765.60000003668,
            "position": [
              70.49249900119875,
              32.6,
              0.4989718402279727
            ]
          },
          {
            "physicsTick": 12767,
            "activeTimeMs": 212789.10000003668,
            "position": [
              70.49249900119875,
              32.6,
              0.4989718402279727
            ]
          },
          {
            "physicsTick": 12768,
            "activeTimeMs": 212806.10000003668,
            "position": [
              70.49249900119875,
              32.6,
              0.4989718402279727
            ]
          },
          {
            "physicsTick": 12769,
            "activeTimeMs": 212827.70000003072,
            "position": [
              70.49249900119875,
              32.6,
              0.4989718402279727
            ]
          },
          {
            "physicsTick": 12771,
            "activeTimeMs": 212853.80000002476,
            "position": [
              70.49249900119875,
              32.6,
              0.4989718402279727
            ]
          },
          {
            "physicsTick": 12772,
            "activeTimeMs": 212875.10000003668,
            "position": [
              70.49249900119875,
              32.6,
              0.4989718402279727
            ]
          },
          {
            "physicsTick": 12774,
            "activeTimeMs": 212902.10000003668,
            "position": [
              70.49249900119875,
              32.6,
              0.4989718402279727
            ]
          },
          {
            "physicsTick": 12775,
            "activeTimeMs": 212918.9000000337,
            "position": [
              70.49249900119875,
              32.6,
              0.4989718402279727
            ]
          },
          {
            "physicsTick": 12776,
            "activeTimeMs": 212940.4000000337,
            "position": [
              70.49249900119875,
              32.6,
              0.4989718402279727
            ]
          },
          {
            "physicsTick": 12777,
            "activeTimeMs": 212957.70000003072,
            "position": [
              70.49249900119875,
              32.6,
              0.4989718402279727
            ]
          },
          {
            "physicsTick": 12778,
            "activeTimeMs": 212981.00000002774,
            "position": [
              70.49249900119875,
              32.6,
              0.4989718402279727
            ]
          },
          {
            "physicsTick": 12780,
            "activeTimeMs": 213003.70000003072,
            "position": [
              70.49249900119875,
              32.6,
              0.4989718402279727
            ]
          },
          {
            "physicsTick": 12781,
            "activeTimeMs": 213022.60000003668,
            "position": [
              70.49249900119875,
              32.6,
              0.4989718402279727
            ]
          },
          {
            "physicsTick": 12782,
            "activeTimeMs": 213043.20000003072,
            "position": [
              70.49249900119875,
              32.6,
              0.4989718402279727
            ]
          },
          {
            "physicsTick": 12784,
            "activeTimeMs": 213069.80000002476,
            "position": [
              70.49249900119875,
              32.6,
              0.4989718402279727
            ]
          },
          {
            "physicsTick": 12785,
            "activeTimeMs": 213087.20000003072,
            "position": [
              70.49249900119875,
              32.6,
              0.4989718402279727
            ]
          },
          {
            "physicsTick": 12786,
            "activeTimeMs": 213106.70000003072,
            "position": [
              70.49249900119875,
              32.6,
              0.4989718402279727
            ]
          },
          {
            "physicsTick": 12787,
            "activeTimeMs": 213125.20000003072,
            "position": [
              70.49249900119875,
              32.6,
              0.4989718402279727
            ]
          },
          {
            "physicsTick": 12788,
            "activeTimeMs": 213149.60000003668,
            "position": [
              70.49249900119875,
              32.6,
              0.4989718402279727
            ]
          },
          {
            "physicsTick": 12790,
            "activeTimeMs": 213173.80000002476,
            "position": [
              70.49249900119875,
              32.6,
              0.4989718402279727
            ]
          },
          {
            "physicsTick": 12791,
            "activeTimeMs": 213197.4000000337,
            "position": [
              70.49249900119875,
              32.6,
              0.4989718402279727
            ]
          },
          {
            "physicsTick": 12793,
            "activeTimeMs": 213221.80000002476,
            "position": [
              70.49249900119875,
              32.6,
              0.4989718402279727
            ]
          },
          {
            "physicsTick": 12794,
            "activeTimeMs": 213244.4000000337,
            "position": [
              70.49249900119875,
              32.6,
              0.4989718402279727
            ]
          },
          {
            "physicsTick": 12796,
            "activeTimeMs": 213270.20000003072,
            "position": [
              70.49249900119875,
              32.6,
              0.4989718402279727
            ]
          },
          {
            "physicsTick": 12797,
            "activeTimeMs": 213291.70000003072,
            "position": [
              70.49249900119875,
              32.6,
              0.4989718402279727
            ]
          },
          {
            "physicsTick": 12798,
            "activeTimeMs": 213312.60000003668,
            "position": [
              70.49249900119875,
              32.6,
              0.4989718402279727
            ]
          },
          {
            "physicsTick": 12798,
            "activeTimeMs": 213312.60000003668,
            "position": [
              70.49249900119875,
              32.6,
              0.4989718402279727
            ]
          },
          {
            "physicsTick": 12799,
            "activeTimeMs": 213324.70000004562,
            "position": [
              70.49249900119875,
              32.6,
              0.4989718402279727
            ]
          },
          {
            "physicsTick": 12801,
            "activeTimeMs": 213351.70000004562,
            "position": [
              70.49249900119875,
              32.6,
              0.4989718402279727
            ]
          },
          {
            "physicsTick": 12802,
            "activeTimeMs": 213372.60000003668,
            "position": [
              70.49249900119875,
              32.6,
              0.4989718402279727
            ]
          },
          {
            "physicsTick": 12803,
            "activeTimeMs": 213398.30000003966,
            "position": [
              70.49249900119875,
              32.6,
              0.4989718402279727
            ]
          },
          {
            "physicsTick": 12805,
            "activeTimeMs": 213420.60000003668,
            "position": [
              70.49249900119875,
              32.6,
              0.4989718402279727
            ]
          },
          {
            "physicsTick": 12806,
            "activeTimeMs": 213439.10000003668,
            "position": [
              70.49249900119875,
              32.6,
              0.4989718402279727
            ]
          },
          {
            "physicsTick": 12807,
            "activeTimeMs": 213460.4000000337,
            "position": [
              70.49249900119875,
              32.6,
              0.4989718402279727
            ]
          },
          {
            "physicsTick": 12809,
            "activeTimeMs": 213488.30000003966,
            "position": [
              70.49249900119875,
              32.6,
              0.4989718402279727
            ]
          },
          {
            "physicsTick": 12810,
            "activeTimeMs": 213507.20000004562,
            "position": [
              70.49249900119875,
              32.6,
              0.4989718402279727
            ]
          },
          {
            "physicsTick": 12811,
            "activeTimeMs": 213524.20000004562,
            "position": [
              70.49249900119875,
              32.6,
              0.4989718402279727
            ]
          },
          {
            "physicsTick": 12812,
            "activeTimeMs": 213542.9000000337,
            "position": [
              70.49249900119875,
              32.6,
              0.4989718402279727
            ]
          },
          {
            "physicsTick": 12813,
            "activeTimeMs": 213563.9000000337,
            "position": [
              70.49249900119875,
              32.6,
              0.4989718402279727
            ]
          },
          {
            "physicsTick": 12814,
            "activeTimeMs": 213580.60000003668,
            "position": [
              70.49249900119875,
              32.6,
              0.4989718402279727
            ]
          },
          {
            "physicsTick": 12816,
            "activeTimeMs": 213607.00000004264,
            "position": [
              70.49249900119875,
              32.6,
              0.4989718402279727
            ]
          },
          {
            "physicsTick": 12817,
            "activeTimeMs": 213628.60000003668,
            "position": [
              70.49249900119875,
              32.6,
              0.4989718402279727
            ]
          },
          {
            "physicsTick": 12819,
            "activeTimeMs": 213654.9000000337,
            "position": [
              70.49249900119875,
              32.6,
              0.4989718402279727
            ]
          },
          {
            "physicsTick": 12820,
            "activeTimeMs": 213672.20000004562,
            "position": [
              70.49249900119875,
              32.6,
              0.4989718402279727
            ]
          },
          {
            "physicsTick": 12821,
            "activeTimeMs": 213692.00000004264,
            "position": [
              70.49249900119875,
              32.6,
              0.4989718402279727
            ]
          },
          {
            "physicsTick": 12823,
            "activeTimeMs": 213719.30000003966,
            "position": [
              70.49249900119875,
              32.6,
              0.4989718402279727
            ]
          },
          {
            "physicsTick": 12824,
            "activeTimeMs": 213736.00000004264,
            "position": [
              70.49249900119875,
              32.6,
              0.4989718402279727
            ]
          },
          {
            "physicsTick": 12825,
            "activeTimeMs": 213756.20000004562,
            "position": [
              70.49249900119875,
              32.6,
              0.4989718402279727
            ]
          },
          {
            "physicsTick": 12826,
            "activeTimeMs": 213773.20000004562,
            "position": [
              70.49249900119875,
              32.6,
              0.4989718402279727
            ]
          },
          {
            "physicsTick": 12827,
            "activeTimeMs": 213796.4000000337,
            "position": [
              70.49249900119875,
              32.6,
              0.4989718402279727
            ]
          },
          {
            "physicsTick": 12829,
            "activeTimeMs": 213820.70000004562,
            "position": [
              70.49249900119875,
              32.6,
              0.4989718402279727
            ]
          },
          {
            "physicsTick": 12830,
            "activeTimeMs": 213837.80000003966,
            "position": [
              70.49249900119875,
              32.6,
              0.4989718402279727
            ]
          },
          {
            "physicsTick": 12831,
            "activeTimeMs": 213855.20000004562,
            "position": [
              70.49249900119875,
              32.6,
              0.4989718402279727
            ]
          },
          {
            "physicsTick": 12832,
            "activeTimeMs": 213878.10000003668,
            "position": [
              70.49249900119875,
              32.6,
              0.4989718402279727
            ]
          },
          {
            "physicsTick": 12834,
            "activeTimeMs": 213902.80000003966,
            "position": [
              70.49249900119875,
              32.6,
              0.4989718402279727
            ]
          },
          {
            "physicsTick": 12835,
            "activeTimeMs": 213923.80000003966,
            "position": [
              70.49249900119875,
              32.6,
              0.4989718402279727
            ]
          },
          {
            "physicsTick": 12836,
            "activeTimeMs": 213940.80000003966,
            "position": [
              70.49249900119875,
              32.6,
              0.4989718402279727
            ]
          },
          {
            "physicsTick": 12838,
            "activeTimeMs": 213967.20000004562,
            "position": [
              70.49249900119875,
              32.6,
              0.4989718402279727
            ]
          },
          {
            "physicsTick": 12839,
            "activeTimeMs": 213989.60000003668,
            "position": [
              70.49249900119875,
              32.6,
              0.4989718402279727
            ]
          },
          {
            "physicsTick": 12840,
            "activeTimeMs": 214013.4000000337,
            "position": [
              70.49249900119875,
              32.6,
              0.4989718402279727
            ]
          },
          {
            "physicsTick": 12841,
            "activeTimeMs": 214030.9000000337,
            "position": [
              70.49249900119875,
              32.6,
              0.4989718402279727
            ]
          },
          {
            "physicsTick": 12843,
            "activeTimeMs": 214052.50000004264,
            "position": [
              70.49249900119875,
              32.6,
              0.4989718402279727
            ]
          },
          {
            "physicsTick": 12844,
            "activeTimeMs": 214071.60000003668,
            "position": [
              70.49249900119875,
              32.6,
              0.4989718402279727
            ]
          },
          {
            "physicsTick": 12845,
            "activeTimeMs": 214092.30000003966,
            "position": [
              70.49249900119875,
              32.6,
              0.4989718402279727
            ]
          },
          {
            "physicsTick": 12846,
            "activeTimeMs": 214114.10000003668,
            "position": [
              70.49249900119875,
              32.6,
              0.4989718402279727
            ]
          }
        ],
        "generatorVersion": 11,
        "renderPipeline": {
          "drawUnit": "chunk-render-category",
          "batchMode": "category",
          "vertexLayout": "float16-uv-uint16-index",
          "shaderMode": "voxel-array-chunks",
          "backend": "webgl2"
        },
        "experiments": {
          "requested": {
            "renderer": "webgl2",
            "wasm": true,
            "simd": true
          },
          "kernels": [
            "w02",
            "w03",
            "w04",
            "w05",
            "w06"
          ],
          "renderer": {
            "requestedRenderer": "webgl2",
            "effectiveRenderer": "webgl2",
            "rendererStatus": "matched"
          },
          "workers": [
            {
              "epoch": "seedlands:classic-canonical-runtime-v11:1",
              "lane": "fluid",
              "index": 0,
              "status": "off",
              "requestedArtifact": "simd",
              "effectiveArtifact": "off",
              "selected": [],
              "reason": "no-selected-kernel"
            },
            {
              "epoch": "seedlands:classic-canonical-runtime-v11:1",
              "lane": "general",
              "index": 1,
              "status": "matched",
              "requestedArtifact": "simd",
              "effectiveArtifact": "simd",
              "selected": [
                "w02",
                "w03",
                "w04",
                "w05",
                "w06"
              ],
              "artifactSha256": "c1a763778c4eb4873772cf480c758f8b18cbc77beee80c933dda6b2fd19e4b2c"
            }
          ]
        },
        "serverRevision": 1,
        "voxelAtOrigin": 42,
        "serverPlayerPosition": [
          70.49249900119875,
          32.6,
          0.4989718402279727
        ],
        "serverPlayerVelocity": [
          0,
          0,
          0
        ],
        "prediction": {
          "pendingFrames": 0,
          "lastResetReason": "authority-resync",
          "resetCounts": {
            "input-interrupted": 41,
            "authority-resync": 538,
            "collision-history-missing": 123,
            "movement-mode-changed": 4
          },
          "presentationOffset": {
            "x": 0,
            "y": 0,
            "z": 0
          }
        },
        "serverWorldTime": 20.453999999994764,
        "performance": {
          "scenarioId": "default",
          "frame": {
            "count": 1200,
            "p50Ms": 16.899999991059303,
            "p95Ms": 27.200000002980232,
            "p99Ms": 30.80000001192093,
            "maxMs": 152.70000000298023,
            "longFrameCount": 6,
            "lastLongFrameMs": 38.5
          },
          "chunkVisible": {
            "count": 111,
            "p50Ms": 1261.199999988079,
            "p95Ms": 15730.199999988079,
            "p99Ms": 16813.20000000298,
            "maxMs": 17046.09999999404
          },
          "completedChunkTraces": 111,
          "traceEventCount": 1468,
          "maxMeshCommitsInFrame": 1,
          "maxMeshPartsInFrame": 2,
          "visibleAfterPostrender": true,
          "incidents": 32,
          "droppedEvents": 0,
          "uploadQueueDepth": 0,
          "estimatedMeshBytes": 6323240
        },
        "compute": {
          "workerCount": 2,
          "fluidWorkerCount": 1,
          "generalWorkerCount": 1,
          "running": 0,
          "queued": 0,
          "queuedBytes": 0,
          "cancellationRequests": 0,
          "staleResults": 0,
          "failedTasks": 0,
          "completedTasks": 259,
          "submittedTasks": 259,
          "submittedBytes": 102137856,
          "maxQueued": 1,
          "maxQueuedBytes": 0,
          "workerTaskDuration": {
            "fluid": {
              "count": 128,
              "capacity": 256,
              "samplesMs": [
                0.5,
                0.6000000089406967,
                0.4000000059604645,
                0.5,
                0.30000001192092896,
                0.4000000059604645,
                0.20000000298023224,
                0.09999999403953552,
                0.20000000298023224,
                0.19999998807907104,
                0.09999999403953552,
                0.20000000298023224,
                0.10000000894069672,
                0.09999999403953552,
                0.20000000298023224,
                0.5,
                0.4000000059604645,
                0.7000000029802322,
                0.5,
                0.3999999910593033,
                0.29999999701976776,
                0.4000000059604645,
                0.29999999701976776,
                0.30000001192092896,
                0.20000000298023224,
                0.29999999701976776,
                0.29999999701976776,
                0.09999999403953552,
                0,
                0.09999999403953552,
                0,
                0,
                0.09999999403953552,
                0.10000000894069672,
                0.10000000894069672,
                0.19999998807907104,
                0.20000000298023224,
                0.29999999701976776,
                0.29999999701976776,
                0.09999999403953552,
                0.09999999403953552,
                0.20000000298023224,
                0.20000000298023224,
                0.20000000298023224,
                0,
                0,
                0.09999999403953552,
                0.10000000894069672,
                0.09999999403953552,
                0.20000000298023224,
                0.20000000298023224,
                0.10000000894069672,
                0.09999999403953552,
                0.20000000298023224,
                0.10000000894069672,
                0.10000000894069672,
                0.20000000298023224,
                0.20000000298023224,
                0.19999998807907104,
                0,
                0.09999999403953552,
                0.20000000298023224,
                0.19999998807907104,
                0.20000000298023224,
                0.09999999403953552,
                0,
                0.09999999403953552,
                0.20000000298023224,
                0.10000000894069672,
                0.10000000894069672,
                0.20000000298023224,
                0.10000000894069672,
                0.09999999403953552,
                0.20000000298023224,
                0.09999999403953552,
                0.09999999403953552,
                0.20000000298023224,
                0.09999999403953552,
                0.20000000298023224,
                0.10000000894069672,
                0.10000000894069672,
                0.20000000298023224,
                0.09999999403953552,
                0.09999999403953552,
                0.10000000894069672,
                0.20000000298023224,
                0.20000000298023224,
                0.19999998807907104,
                0.09999999403953552,
                0.20000000298023224,
                0.19999998807907104,
                0.29999999701976776,
                0.29999999701976776,
                0.20000000298023224,
                0.20000000298023224,
                0.29999999701976776,
                0.20000000298023224,
                0.30000001192092896,
                0.30000001192092896,
                0.20000000298023224,
                0.30000001192092896,
                0.20000000298023224,
                0.20000000298023224,
                0.20000000298023224,
                0.29999999701976776,
                0.6000000089406967,
                0.19999998807907104,
                0.5,
                0.29999999701976776,
                0.19999998807907104,
                0.20000000298023224,
                0.20000000298023224,
                0.20000000298023224,
                0.30000001192092896,
                0.29999999701976776,
                0.20000000298023224,
                0.19999998807907104,
                0.20000000298023224,
                0.20000000298023224,
                0.19999998807907104,
                0.20000000298023224,
                0.20000000298023224,
                0.09999999403953552,
                0.20000000298023224,
                0,
                0.20000000298023224,
                0,
                0
              ]
            },
            "general": {
              "count": 131,
              "capacity": 256,
              "samplesMs": [
                1602.7999999970198,
                322,
                251.20000000298023,
                41.5,
                42.5,
                45,
                45.29999999701977,
                45.900000005960464,
                49.20000000298023,
                51.5,
                43.79999999701977,
                45.1000000089407,
                48.70000000298023,
                49.6000000089407,
                51.099999994039536,
                52.5,
                52.30000001192093,
                85.19999998807907,
                85.5,
                94.5,
                94.20000000298023,
                95.29999999701977,
                97.40000000596046,
                95.69999998807907,
                87,
                88.09999999403954,
                93.8999999910593,
                96.59999999403954,
                97.79999999701977,
                99.29999999701977,
                98.90000000596046,
                332,
                330.1000000089407,
                275.70000000298023,
                44.599999994039536,
                278.30000001192093,
                271.1000000089407,
                275.20000000298023,
                320.59999999403954,
                251.20000000298023,
                232.1000000089407,
                223.09999999403954,
                233.90000000596046,
                276.1000000089407,
                274.20000000298023,
                319.20000000298023,
                326.90000000596046,
                259.8999999910593,
                230.79999999701977,
                244.1000000089407,
                239.29999999701977,
                291.09999999403954,
                245.1000000089407,
                276.1000000089407,
                347.79999999701977,
                224.69999998807907,
                236,
                281.1000000089407,
                274.3999999910593,
                231.40000000596046,
                225.20000000298023,
                277.09999999403954,
                268.59999999403954,
                234.90000000596046,
                221.20000000298023,
                275.5,
                270.80000001192093,
                224.29999999701977,
                221,
                276.29999999701977,
                271.6000000089407,
                250.70000000298023,
                222.20000000298023,
                277.19999998807907,
                271.6000000089407,
                225.90000000596046,
                221.5,
                279.19999998807907,
                277.29999999701977,
                228.09999999403954,
                223.59999999403954,
                271.59999999403954,
                236.79999999701977,
                274.79999999701977,
                325.20000000298023,
                237,
                247.29999999701977,
                269.19999998807907,
                264.1000000089407,
                223.70000000298023,
                227.29999999701977,
                267.29999999701977,
                262.70000000298023,
                223.79999999701977,
                225.5,
                272.5,
                233.8999999910593,
                263.8999999910593,
                226.09999999403954,
                270.3999999910593,
                278.1000000089407,
                223.70000000298023,
                269.80000001192093,
                226.5,
                254.20000000298023,
                266.1000000089407,
                269.90000000596046,
                275.8999999910593,
                223.59999999403954,
                225.59999999403954,
                227.5,
                264.40000000596046,
                274.40000000596046,
                228.19999998807907,
                269.20000000298023,
                276.5,
                267.80000001192093,
                299.3999999910593,
                268.3999999910593,
                273.29999999701977,
                265.6000000089407,
                269.70000000298023,
                270.79999999701977,
                273.8999999910593,
                265.70000000298023,
                271.79999999701977,
                267.70000000298023,
                259.8999999910593,
                125.6000000089407,
                266.79999999701977,
                220.20000000298023
              ]
            }
          },
          "workerKernelStates": [
            {
              "epoch": "seedlands:classic-canonical-runtime-v11:1",
              "lane": "fluid",
              "index": 0,
              "status": "off",
              "requestedArtifact": "simd",
              "effectiveArtifact": "off",
              "selected": [],
              "reason": "no-selected-kernel"
            },
            {
              "epoch": "seedlands:classic-canonical-runtime-v11:1",
              "lane": "general",
              "index": 1,
              "status": "matched",
              "requestedArtifact": "simd",
              "effectiveArtifact": "simd",
              "selected": [
                "w02",
                "w03",
                "w04",
                "w05",
                "w06"
              ],
              "artifactSha256": "c1a763778c4eb4873772cf480c758f8b18cbc77beee80c933dda6b2fd19e4b2c"
            }
          ],
          "workerActivity": [
            {
              "lane": "fluid",
              "index": 0,
              "status": "idle",
              "taskId": null,
              "taskCategory": null,
              "taskAgeMs": null,
              "sampledAtMs": 87115.5,
              "completedTasks": 128,
              "lastTaskDurationMs": 0,
              "kernel": null
            },
            {
              "lane": "general",
              "index": 1,
              "status": "idle",
              "taskId": null,
              "taskCategory": null,
              "taskAgeMs": null,
              "sampledAtMs": 90648.20000000298,
              "completedTasks": 131,
              "lastTaskDurationMs": 220.20000000298023,
              "kernel": {
                "calls": 2149,
                "failures": 0,
                "memoryBytes": 18874368,
                "durationMs": 9.500000044703484,
                "failed": false
              }
            }
          ]
        },
        "fluidFeedback": {
          "count": 0,
          "pending": false,
          "pendingSample": null,
          "p50Ms": 0,
          "p95Ms": 0,
          "p99Ms": 0,
          "maxMs": 0,
          "samples": []
        },
        "waterTransitions": {
          "activeCount": 0,
          "active": [],
          "recent": [
            {
              "chunkKey": "2,0,0",
              "targetRevision": 5,
              "traceId": "trace-66",
              "geometry": {
                "mode": "surface-morph",
                "patchCount": 46,
                "retainedPatchCount": 0,
                "addedPatchCount": 46,
                "removedPatchCount": 0,
                "visibleWaterMeshCount": 1,
                "opacityCrossfade": false
              },
              "progress": 1,
              "frameCount": 9,
              "completed": true,
              "superseded": false,
              "progressSamples": [
                0,
                0.14611111109455427,
                0.29000000001655685,
                0.43666666663355297,
                0.5938888889220025,
                0.738333333366447,
                0.8755555555224419,
                1,
                1
              ]
            },
            {
              "chunkKey": "2,0,-1",
              "targetRevision": 9,
              "traceId": "trace-76",
              "geometry": {
                "mode": "surface-morph",
                "patchCount": 116,
                "retainedPatchCount": 0,
                "addedPatchCount": 116,
                "removedPatchCount": 0,
                "visibleWaterMeshCount": 1,
                "opacityCrossfade": false
              },
              "progress": 1,
              "frameCount": 9,
              "completed": true,
              "superseded": false,
              "progressSamples": [
                0,
                0.14722222222222223,
                0.29500000004967053,
                0.46944444444444444,
                0.6444444444444445,
                0.7900000000165568,
                0.9388888888888889,
                1,
                1
              ]
            },
            {
              "chunkKey": "2,1,-1",
              "targetRevision": 0,
              "traceId": "trace-69",
              "geometry": {
                "mode": "surface-morph",
                "patchCount": 24,
                "retainedPatchCount": 0,
                "addedPatchCount": 24,
                "removedPatchCount": 0,
                "visibleWaterMeshCount": 1,
                "opacityCrossfade": false
              },
              "progress": 1,
              "frameCount": 9,
              "completed": true,
              "superseded": false,
              "progressSamples": [
                0,
                0.14666666669978035,
                0.28777777784400516,
                0.4461111111773385,
                0.5877777778440052,
                0.726666666732894,
                0.8661111111442248,
                1,
                1
              ]
            },
            {
              "chunkKey": "2,0,0",
              "targetRevision": 24,
              "traceId": "trace-70",
              "geometry": {
                "mode": "surface-morph",
                "patchCount": 753,
                "retainedPatchCount": 45,
                "addedPatchCount": 707,
                "removedPatchCount": 1,
                "visibleWaterMeshCount": 1,
                "opacityCrossfade": false
              },
              "progress": 1,
              "frameCount": 9,
              "completed": true,
              "superseded": false,
              "progressSamples": [
                0,
                0.14833333326710596,
                0.29111111106144055,
                0.4327777777281072,
                0.5816666666004393,
                0.7205555554893281,
                0.8633333332836628,
                1,
                1
              ]
            },
            {
              "chunkKey": "1,0,0",
              "targetRevision": 34,
              "traceId": "trace-71",
              "geometry": {
                "mode": "surface-morph",
                "patchCount": 224,
                "retainedPatchCount": 0,
                "addedPatchCount": 224,
                "removedPatchCount": 0,
                "visibleWaterMeshCount": 1,
                "opacityCrossfade": false
              },
              "progress": 1,
              "frameCount": 10,
              "completed": true,
              "superseded": false,
              "progressSamples": [
                0,
                0.13499999998344314,
                0.275,
                0.4122222222387791,
                0.536666666633553,
                0.6727777777446641,
                0.8205555555721123,
                0.9461111110945543,
                1,
                1
              ]
            },
            {
              "chunkKey": "1,1,0",
              "targetRevision": 0,
              "traceId": "trace-72",
              "geometry": {
                "mode": "surface-morph",
                "patchCount": 9,
                "retainedPatchCount": 0,
                "addedPatchCount": 9,
                "removedPatchCount": 0,
                "visibleWaterMeshCount": 1,
                "opacityCrossfade": false
              },
              "progress": 1,
              "frameCount": 10,
              "completed": true,
              "superseded": false,
              "progressSamples": [
                0,
                0.15,
                0.28777777776122093,
                0.4211111110945543,
                0.5638888888888889,
                0.7005555555224419,
                0.8283333333002196,
                0.9594444444610013,
                1,
                1
              ]
            },
            {
              "chunkKey": "1,0,-1",
              "targetRevision": 8,
              "traceId": "trace-73",
              "geometry": {
                "mode": "surface-morph",
                "patchCount": 78,
                "retainedPatchCount": 0,
                "addedPatchCount": 78,
                "removedPatchCount": 0,
                "visibleWaterMeshCount": 1,
                "opacityCrossfade": false
              },
              "progress": 1,
              "frameCount": 10,
              "completed": true,
              "superseded": false,
              "progressSamples": [
                0,
                0.13944444441133075,
                0.27722222217255166,
                0.40333333330021964,
                0.5516666666501098,
                0.6922222221891086,
                0.8227777777446641,
                0.9577777777281072,
                1,
                1
              ]
            },
            {
              "chunkKey": "2,0,-1",
              "targetRevision": 34,
              "traceId": "trace-77",
              "geometry": {
                "mode": "surface-morph",
                "patchCount": 577,
                "retainedPatchCount": 113,
                "addedPatchCount": 461,
                "removedPatchCount": 3,
                "visibleWaterMeshCount": 1,
                "opacityCrossfade": false
              },
              "progress": 1,
              "frameCount": 9,
              "completed": true,
              "superseded": false,
              "progressSamples": [
                0,
                0.14888888887233204,
                0.3,
                0.4516666666501098,
                0.6050000000331137,
                0.7483333333498902,
                0.8938888889220026,
                1,
                1
              ]
            },
            {
              "chunkKey": "2,0,0",
              "targetRevision": 39,
              "traceId": "trace-86",
              "geometry": {
                "mode": "surface-morph",
                "patchCount": 912,
                "retainedPatchCount": 573,
                "addedPatchCount": 160,
                "removedPatchCount": 179,
                "visibleWaterMeshCount": 1,
                "opacityCrossfade": false
              },
              "progress": 1,
              "frameCount": 9,
              "completed": true,
              "superseded": false,
              "progressSamples": [
                0,
                0.13277777772810723,
                0.28166666660043926,
                0.42166666661699614,
                0.5666666666666667,
                0.7161111110614405,
                0.8799999999503295,
                1,
                1
              ]
            },
            {
              "chunkKey": "1,0,0",
              "targetRevision": 42,
              "traceId": "trace-88",
              "geometry": {
                "mode": "surface-morph",
                "patchCount": 238,
                "retainedPatchCount": 187,
                "addedPatchCount": 14,
                "removedPatchCount": 37,
                "visibleWaterMeshCount": 1,
                "opacityCrossfade": false
              },
              "progress": 1,
              "frameCount": 9,
              "completed": true,
              "superseded": false,
              "progressSamples": [
                0,
                0.1433333333167765,
                0.2816666666832235,
                0.43222222220566536,
                0.5677777777943346,
                0.723888888872332,
                0.8661111110614406,
                1,
                1
              ]
            },
            {
              "chunkKey": "2,1,-1",
              "targetRevision": 0,
              "traceId": "trace-81",
              "geometry": {
                "mode": "surface-morph",
                "patchCount": 24,
                "retainedPatchCount": 0,
                "addedPatchCount": 0,
                "removedPatchCount": 24,
                "visibleWaterMeshCount": 1,
                "opacityCrossfade": false
              },
              "progress": 1,
              "frameCount": 9,
              "completed": true,
              "superseded": false,
              "progressSamples": [
                0,
                0.15388888890544575,
                0.29333333331677647,
                0.42999999995032945,
                0.5872222222387791,
                0.7316666666832236,
                0.8744444443947739,
                1,
                1
              ]
            },
            {
              "chunkKey": "1,1,0",
              "targetRevision": 0,
              "traceId": "trace-82",
              "geometry": {
                "mode": "surface-morph",
                "patchCount": 9,
                "retainedPatchCount": 0,
                "addedPatchCount": 0,
                "removedPatchCount": 9,
                "visibleWaterMeshCount": 1,
                "opacityCrossfade": false
              },
              "progress": 1,
              "frameCount": 9,
              "completed": true,
              "superseded": false,
              "progressSamples": [
                0,
                0.17277777782744833,
                0.31444444449411496,
                0.4638888888888889,
                0.6327777778108915,
                0.7744444444775581,
                0.9227777778274483,
                1,
                1
              ]
            },
            {
              "chunkKey": "2,0,-1",
              "targetRevision": 63,
              "traceId": "trace-90",
              "geometry": {
                "mode": "surface-morph",
                "patchCount": 579,
                "retainedPatchCount": 451,
                "addedPatchCount": 5,
                "removedPatchCount": 123,
                "visibleWaterMeshCount": 1,
                "opacityCrossfade": false
              },
              "progress": 1,
              "frameCount": 9,
              "completed": true,
              "superseded": false,
              "progressSamples": [
                0,
                0.15388888890544575,
                0.30500000003311367,
                0.45555555555555555,
                0.598888888872332,
                0.7427777777943346,
                0.8844444444610013,
                1,
                1
              ]
            },
            {
              "chunkKey": "2,0,0",
              "targetRevision": 79,
              "traceId": "trace-87",
              "geometry": {
                "mode": "surface-morph",
                "patchCount": 751,
                "retainedPatchCount": 548,
                "addedPatchCount": 18,
                "removedPatchCount": 185,
                "visibleWaterMeshCount": 1,
                "opacityCrossfade": false
              },
              "progress": 1,
              "frameCount": 9,
              "completed": true,
              "superseded": false,
              "progressSamples": [
                0,
                0.14222222227189277,
                0.2905555555389987,
                0.42555555560522607,
                0.5677777777943346,
                0.7244444444775582,
                0.8683333333167765,
                1,
                1
              ]
            },
            {
              "chunkKey": "1,0,0",
              "targetRevision": 79,
              "traceId": "trace-94",
              "geometry": {
                "mode": "surface-morph",
                "patchCount": 202,
                "retainedPatchCount": 173,
                "addedPatchCount": 1,
                "removedPatchCount": 28,
                "visibleWaterMeshCount": 1,
                "opacityCrossfade": false
              },
              "progress": 1,
              "frameCount": 9,
              "completed": true,
              "superseded": false,
              "progressSamples": [
                0,
                0.15555555555555556,
                0.3077777778108915,
                0.46277777784400514,
                0.6066666666832236,
                0.7455555555721124,
                0.8844444444610013,
                1,
                1
              ]
            },
            {
              "chunkKey": "2,0,-1",
              "targetRevision": 88,
              "traceId": "trace-96",
              "geometry": {
                "mode": "surface-morph",
                "patchCount": 462,
                "retainedPatchCount": 356,
                "addedPatchCount": 6,
                "removedPatchCount": 100,
                "visibleWaterMeshCount": 1,
                "opacityCrossfade": false
              },
              "progress": 1,
              "frameCount": 9,
              "completed": true,
              "superseded": false,
              "progressSamples": [
                0,
                0.14888888887233204,
                0.29444444444444445,
                0.4338888888557752,
                0.5716666666169962,
                0.712777777761221,
                0.8572222222056654,
                1,
                1
              ]
            },
            {
              "chunkKey": "1,0,-1",
              "targetRevision": 13,
              "traceId": "trace-92",
              "geometry": {
                "mode": "surface-morph",
                "patchCount": 78,
                "retainedPatchCount": 57,
                "addedPatchCount": 0,
                "removedPatchCount": 21,
                "visibleWaterMeshCount": 1,
                "opacityCrossfade": false
              },
              "progress": 1,
              "frameCount": 10,
              "completed": true,
              "superseded": false,
              "progressSamples": [
                0,
                0.13388888893855944,
                0.2822222222884496,
                0.4155555556217829,
                0.5583333333333333,
                0.701111111127668,
                0.8366666667163372,
                0.9850000000662273,
                1,
                1
              ]
            },
            {
              "chunkKey": "2,0,0",
              "targetRevision": 100,
              "traceId": "trace-99",
              "geometry": {
                "mode": "surface-morph",
                "patchCount": 601,
                "retainedPatchCount": 419,
                "addedPatchCount": 35,
                "removedPatchCount": 147,
                "visibleWaterMeshCount": 1,
                "opacityCrossfade": false
              },
              "progress": 1,
              "frameCount": 10,
              "completed": true,
              "superseded": false,
              "progressSamples": [
                0,
                0.1344444444610013,
                0.2822222222056654,
                0.4155555555389987,
                0.560555555505885,
                0.7022222221725517,
                0.8427777777943346,
                0.9911111110614406,
                1,
                1
              ]
            },
            {
              "chunkKey": "1,0,0",
              "targetRevision": 100,
              "traceId": "trace-101",
              "geometry": {
                "mode": "surface-morph",
                "patchCount": 182,
                "retainedPatchCount": 164,
                "addedPatchCount": 8,
                "removedPatchCount": 10,
                "visibleWaterMeshCount": 1,
                "opacityCrossfade": false
              },
              "progress": 1,
              "frameCount": 10,
              "completed": true,
              "superseded": false,
              "progressSamples": [
                0,
                0.13055555555555556,
                0.27166666669978035,
                0.39888888887233204,
                0.5527777777777778,
                0.6833333333333333,
                0.8161111111442249,
                0.9466666666997804,
                1,
                1
              ]
            },
            {
              "chunkKey": "2,0,-1",
              "targetRevision": 110,
              "traceId": "trace-103",
              "geometry": {
                "mode": "surface-morph",
                "patchCount": 368,
                "retainedPatchCount": 119,
                "addedPatchCount": 6,
                "removedPatchCount": 243,
                "visibleWaterMeshCount": 1,
                "opacityCrossfade": false
              },
              "progress": 1,
              "frameCount": 9,
              "completed": true,
              "superseded": false,
              "progressSamples": [
                0,
                0.13388888885577518,
                0.30277777777777776,
                0.44277777779433464,
                0.5822222222056653,
                0.7361111111111112,
                0.8833333333333333,
                1,
                1
              ]
            },
            {
              "chunkKey": "1,0,-1",
              "targetRevision": 21,
              "traceId": "trace-98",
              "geometry": {
                "mode": "surface-morph",
                "patchCount": 60,
                "retainedPatchCount": 22,
                "addedPatchCount": 3,
                "removedPatchCount": 35,
                "visibleWaterMeshCount": 1,
                "opacityCrossfade": false
              },
              "progress": 1,
              "frameCount": 9,
              "completed": true,
              "superseded": false,
              "progressSamples": [
                0,
                0.1411111110614406,
                0.3066666666004393,
                0.4511111110448837,
                0.6016666666501098,
                0.7455555554893282,
                0.8922222221891085,
                1,
                1
              ]
            },
            {
              "chunkKey": "2,0,0",
              "targetRevision": 120,
              "traceId": "trace-106",
              "geometry": {
                "mode": "surface-morph",
                "patchCount": 460,
                "retainedPatchCount": 123,
                "addedPatchCount": 6,
                "removedPatchCount": 331,
                "visibleWaterMeshCount": 1,
                "opacityCrossfade": false
              },
              "progress": 1,
              "frameCount": 10,
              "completed": true,
              "superseded": false,
              "progressSamples": [
                0,
                0.13944444449411497,
                0.2683333333167765,
                0.40111111112766795,
                0.537222222238779,
                0.673888888872332,
                0.8022222222553359,
                0.9349999999834432,
                1,
                1
              ]
            },
            {
              "chunkKey": "1,0,0",
              "targetRevision": 111,
              "traceId": "trace-102",
              "geometry": {
                "mode": "surface-morph",
                "patchCount": 172,
                "retainedPatchCount": 0,
                "addedPatchCount": 0,
                "removedPatchCount": 172,
                "visibleWaterMeshCount": 1,
                "opacityCrossfade": false
              },
              "progress": 1,
              "frameCount": 8,
              "completed": true,
              "superseded": false,
              "progressSamples": [
                0,
                0.26222222223877906,
                0.4600000000662274,
                0.6372222222387791,
                0.7844444444610013,
                0.9277777777777778,
                1,
                1
              ]
            },
            {
              "chunkKey": "2,0,-1",
              "targetRevision": 120,
              "traceId": "trace-104",
              "geometry": {
                "mode": "surface-morph",
                "patchCount": 125,
                "retainedPatchCount": 0,
                "addedPatchCount": 0,
                "removedPatchCount": 125,
                "visibleWaterMeshCount": 1,
                "opacityCrossfade": false
              },
              "progress": 1,
              "frameCount": 10,
              "completed": true,
              "superseded": false,
              "progressSamples": [
                0,
                0.1505555556052261,
                0.2850000000662274,
                0.41388888888888886,
                0.55,
                0.7,
                0.8277777777777777,
                0.9644444444941149,
                1,
                1
              ]
            },
            {
              "chunkKey": "1,0,-1",
              "targetRevision": 24,
              "traceId": "trace-105",
              "geometry": {
                "mode": "surface-morph",
                "patchCount": 25,
                "retainedPatchCount": 0,
                "addedPatchCount": 0,
                "removedPatchCount": 25,
                "visibleWaterMeshCount": 1,
                "opacityCrossfade": false
              },
              "progress": 1,
              "frameCount": 9,
              "completed": true,
              "superseded": false,
              "progressSamples": [
                0,
                0.15333333338300387,
                0.3233333333498902,
                0.45999999998344315,
                0.6016666666501098,
                0.7483333333498902,
                0.8983333333498902,
                1,
                1
              ]
            },
            {
              "chunkKey": "2,0,0",
              "targetRevision": 123,
              "traceId": "trace-107",
              "geometry": {
                "mode": "surface-morph",
                "patchCount": 129,
                "retainedPatchCount": 0,
                "addedPatchCount": 0,
                "removedPatchCount": 129,
                "visibleWaterMeshCount": 1,
                "opacityCrossfade": false
              },
              "progress": 1,
              "frameCount": 10,
              "completed": true,
              "superseded": false,
              "progressSamples": [
                0,
                0.14000000001655685,
                0.27611111112766795,
                0.42166666669978037,
                0.5766666666501098,
                0.7199999999668864,
                0.8455555555721124,
                0.9861111111111112,
                1,
                1
              ]
            }
          ]
        },
        "ui": {
          "runtime": "svelte5",
          "shellPublishCount": 63,
          "hudPublishCount": 211,
          "interactionPublishCount": 315,
          "debugProjectionCount": 402,
          "debugPublishCount": 404,
          "staleUpdateCount": 0,
          "coalescedUpdateCount": 20844,
          "domCommitCount": 903,
          "projectionDurationMs": 893.5999999642372,
          "publishDurationMs": 17.900000154972076,
          "domCommitDurationMs": 1194.1000001877546,
          "debugProjectionRate": 3.2684518405879577,
          "totalPublishRate": 8.024049268643436
        },
        "gameplay": {
          "entityCount": 5,
          "worldItemCount": 0,
          "creatureCount": 4,
          "npcCount": 0,
          "nearbyVisitedBucketCount": 27,
          "nearbyCandidateCount": 2,
          "nearbyReturnedCount": 2,
          "inventoryOperationCount": 35,
          "gameplayEventCount": 3784,
          "snapshotBytes": 54498,
          "retainedActorCount": 4,
          "activeActorCount": 2,
          "behaviorEvaluationCount": 0,
          "navigationPlanCount": 0,
          "navigationExpandedNodeCount": 0,
          "pathRecomputeCount": 0,
          "actionCompletionCount": 13,
          "actionFailureCount": 0,
          "actionInterruptionCount": 0,
          "perceptionLineOfSightCheckCount": 0,
          "simulationTime": 214,
          "presentedEntityCount": 4
        },
        "breakingOverlay": null,
        "viewmodel": {
          "isolatedLayer": true
        },
        "visualEffects": {
          "activeLocalLights": 0,
          "shadowedLocalLights": 0,
          "localLightLimit": 0,
          "localShadowLimit": 0,
          "sunShadows": false,
          "sunShadowResolution": 0,
          "reflectionEnabled": false,
          "reflectionActive": false,
          "reflectionResolution": 0,
          "reflectionFrameInterval": 0,
          "reflectionRenderCount": 0,
          "waterPlaneY": null,
          "postProcessing": false,
          "shadowUpdateCount": 0,
          "shadowStableFrameCount": 5484,
          "blockLightReady": true,
          "blockLightSourceRevision": 142,
          "blockLightRebuildCount": 1240
        },
        "water": {
          "bodyFraction": 0,
          "wading": false,
          "swimming": false,
          "cameraSubmerged": false,
          "cameraDepth": null,
          "waterSurfaceY": null,
          "underwaterBlend": 0
        }
      },
      "logicEvidence": []
    },
    {
      "schemaVersion": 1,
      "status": "FAIL",
      "attempt": 0,
      "test": "非 Classic Playbook 从锁定 production artifact 启动并消费自定义 worldgen/voxel/presentation",
      "project": "chromium",
      "benchmark": false,
      "stages": {},
      "errors": [],
      "current": null,
      "logicEvidence": []
    }
  ]
}
