{
  "schemaVersion": 1,
  "status": "FAIL",
  "attempts": [
    {
      "schemaVersion": 1,
      "status": "FAIL",
      "attempt": 0,
      "test": "Classic 生产旅程以真实输入完成 C0-C5，并复用同一运行时性能场景",
      "project": "chromium",
      "benchmark": false,
      "stages": {
        "C0": {
          "status": "PASS",
          "observation": "Production preview loaded the fixed seed with a stamped Classic composition, Authority/logic/persistence/compute Workers, consumed Wasm bytes and an actual WebGL2 context."
        },
        "C1": {
          "status": "PASS",
          "observation": "Pointer Lock mouse movement changed the route, then held W+Space crossed from Chunk 0 to Chunk 1 and Authority acknowledged it."
        },
        "C2": {
          "status": "PASS",
          "observation": "Mouse mining produced visible drops; movement picked them up; E opened inventory and real 2x2 pointer interactions produced planks, sticks, a wood sword and a workbench."
        },
        "C3": {
          "status": "PASS",
          "observation": "Right click placed crafted planks with a consumed mesh commit; inventory food restored health; held real mouse input buffered and completed the wood-sword second combo hit before defeating the fixed creature; a crafted workbench was placed, opened through the station runtime, then dismantled and recovered through real actions."
        }
      },
      "errors": [
        "Error: \u001b[2mexpect(\u001b[22m\u001b[31mreceived\u001b[39m\u001b[2m).\u001b[22mnot\u001b[2m.\u001b[22mtoEqual\u001b[2m(\u001b[22m\u001b[32mexpected\u001b[39m\u001b[2m) // deep equality\u001b[22m\n\nExpected: not \u001b[32m[93, 94]\u001b[39m\n\n\nCall Log:\n- Timeout 5000ms exceeded while waiting on the predicate"
      ],
      "current": {
        "frameMs": 16.599999994039536,
        "player": [
          70.49250030517578,
          32.599998474121094,
          0.49733904004096985
        ],
        "viewAngles": [
          -90.12999999999998,
          -27.44
        ],
        "streamCenter": [
          2,
          0
        ],
        "loadedChunks": 24,
        "renderedChunks": 14,
        "generationQueue": 0,
        "meshingQueue": 0,
        "deferredRemeshes": 0,
        "onGround": true,
        "colliding": false,
        "interactionAttempts": 14,
        "mutationCount": 4256,
        "worldRevision": 142,
        "structuralEventCount": 142,
        "remeshSchedulingCount": 137,
        "lastCommitMutationCount": 2,
        "lastCommitMeshChunkCount": 4,
        "storageBytes": 33945691,
        "worldTime": 20.153999999995463,
        "timePaused": false,
        "quality": "low",
        "triangles": 90332,
        "drawCalls": 26,
        "blockLightBricks": 24,
        "blockLightAllocatedBytes": 6291456,
        "blockLightRebuildCount": 1251,
        "collisionDebug": {
          "enabled": false,
          "entityCount": 0,
          "meshCount": 0,
          "materialCount": 0,
          "visibleBatchCount": 0,
          "vertexCapacity": 0,
          "buildCount": 0,
          "authorityRequestCount": 0
        },
        "runtime": "authority-worker",
        "workers": {
          "total": 5,
          "authority": 1,
          "logic": 1,
          "persistence": 1,
          "fluid": 1,
          "general": 1
        },
        "authority": {
          "physicsHz": 60,
          "paused": true,
          "physicsTick": 12395,
          "integratedPhysicsTimeMs": 206583.33333330465,
          "acknowledgedInputSequence": 5589,
          "physicsDebtMs": 16.366666711168364,
          "activeTimeMs": 206599.70000001582,
          "commitSequence": 53133,
          "physicsCost": {
            "count": 12395,
            "capacity": 256,
            "samplesMs": [
              0.3999999910593033,
              0.3999999910593033,
              0.5,
              0.4000000059604645,
              0.5,
              0.5,
              0.29999999701976776,
              0.3999999910593033,
              0.4000000059604645,
              0.6000000089406967,
              0.3999999910593033,
              0.4000000059604645,
              0.29999999701976776,
              0.4000000059604645,
              0.30000001192092896,
              0.5,
              0.4000000059604645,
              0.29999999701976776,
              0.5999999940395355,
              0.5,
              0.5,
              0.5,
              0.5999999940395355,
              0.5,
              0.4000000059604645,
              0.29999999701976776,
              0.3999999910593033,
              0.4000000059604645,
              0.5,
              0.5,
              0.4000000059604645,
              0.4000000059604645,
              0.4000000059604645,
              0.3999999910593033,
              0.6000000089406967,
              0.4000000059604645,
              0.5,
              0.4000000059604645,
              0.5,
              0.5,
              0.29999999701976776,
              0.29999999701976776,
              0.5,
              0.5999999940395355,
              0.5,
              0.5,
              0.5,
              0.4000000059604645,
              0.5,
              0.7000000029802322,
              0.4000000059604645,
              0.5,
              0.4000000059604645,
              0.5999999940395355,
              0.4000000059604645,
              0.5,
              0.4000000059604645,
              0.29999999701976776,
              0.4000000059604645,
              0.5,
              0.29999999701976776,
              0.5,
              0.4000000059604645,
              0.29999999701976776,
              0.29999999701976776,
              0.4000000059604645,
              0.5,
              0.3999999910593033,
              0.4000000059604645,
              0.4000000059604645,
              0.3999999910593033,
              0.3999999910593033,
              0.5,
              0.5999999940395355,
              0.5999999940395355,
              0.4000000059604645,
              0.29999999701976776,
              0.3999999910593033,
              0.30000001192092896,
              0.30000001192092896,
              0.5,
              0.3999999910593033,
              0.4000000059604645,
              0.5,
              0.4000000059604645,
              0.5,
              0.29999999701976776,
              0.5,
              0.4000000059604645,
              0.5,
              0.3999999910593033,
              0.29999999701976776,
              0.30000001192092896,
              0.5,
              0.3999999910593033,
              0.4000000059604645,
              0.3999999910593033,
              0.3999999910593033,
              0.5,
              0.3999999910593033,
              0.3999999910593033,
              0.29999999701976776,
              0.29999999701976776,
              1,
              0.4000000059604645,
              0.29999999701976776,
              0.3999999910593033,
              0.3999999910593033,
              0.3999999910593033,
              0.29999999701976776,
              0.4000000059604645,
              0.29999999701976776,
              0.29999999701976776,
              0.4000000059604645,
              0.3999999910593033,
              0.4000000059604645,
              0.5,
              0.29999999701976776,
              0.4000000059604645,
              0.5,
              0.29999999701976776,
              0.4000000059604645,
              0.3999999910593033,
              0.29999999701976776,
              0.4000000059604645,
              0.3999999910593033,
              0.5,
              0.3999999910593033,
              0.3999999910593033,
              0.3999999910593033,
              0.3999999910593033,
              0.29999999701976776,
              0.5,
              0.4000000059604645,
              0.3999999910593033,
              0.4000000059604645,
              0.30000001192092896,
              0.30000001192092896,
              0.4000000059604645,
              0.29999999701976776,
              0.30000001192092896,
              0.4000000059604645,
              0.29999999701976776,
              0.5,
              0.7000000029802322,
              0.3999999910593033,
              0.5,
              0.30000001192092896,
              0.4000000059604645,
              0.5999999940395355,
              0.29999999701976776,
              0.30000001192092896,
              0.4000000059604645,
              0.4000000059604645,
              0.29999999701976776,
              0.3999999910593033,
              0.4000000059604645,
              0.4000000059604645,
              0.4000000059604645,
              0.4000000059604645,
              0.5,
              0.3999999910593033,
              0.4000000059604645,
              0.4000000059604645,
              0.4000000059604645,
              0.4000000059604645,
              0.3999999910593033,
              0.4000000059604645,
              0.5,
              0.4000000059604645,
              0.3999999910593033,
              0.3999999910593033,
              0.4000000059604645,
              0.5,
              0.4000000059604645,
              0.4000000059604645,
              0.4000000059604645,
              0.5,
              0.4000000059604645,
              0.4000000059604645,
              0.4000000059604645,
              0.4000000059604645,
              0.4000000059604645,
              0.4000000059604645,
              0.5,
              0.4000000059604645,
              0.30000001192092896,
              0.4000000059604645,
              0.5,
              0.4000000059604645,
              0.3999999910593033,
              0.4000000059604645,
              0.3999999910593033,
              0.29999999701976776,
              0.4000000059604645,
              0.5,
              0.4000000059604645,
              0.4000000059604645,
              0.5,
              0.29999999701976776,
              0.5,
              0.5,
              0.4000000059604645,
              0.29999999701976776,
              0.4000000059604645,
              0.3999999910593033,
              0.5,
              0.3999999910593033,
              0.29999999701976776,
              0.3999999910593033,
              0.5,
              0.4000000059604645,
              0.3999999910593033,
              0.29999999701976776,
              0.5,
              0.5,
              0.4000000059604645,
              0.3999999910593033,
              0.5,
              0.4000000059604645,
              0.29999999701976776,
              0.4000000059604645,
              0.29999999701976776,
              0.29999999701976776,
              0.4000000059604645,
              0.29999999701976776,
              0.3999999910593033,
              0.5,
              0.30000001192092896,
              0.4000000059604645,
              0.4000000059604645,
              0.29999999701976776,
              0.29999999701976776,
              0.4000000059604645,
              0.29999999701976776,
              0.29999999701976776,
              0.3999999910593033,
              0.30000001192092896,
              0.5,
              0.5,
              0.5999999940395355,
              0.3999999910593033,
              0.4000000059604645,
              0.5,
              0.5,
              0.4000000059604645,
              0.4000000059604645,
              0.4000000059604645,
              0.29999999701976776,
              0.30000001192092896,
              0.29999999701976776,
              0.4000000059604645,
              0.5,
              0.4000000059604645,
              0.4000000059604645,
              0.4000000059604645
            ]
          },
          "fluid": {
            "pendingCellCount": 0,
            "inFlightLeaseCount": 0,
            "acceptedCandidateCount": 128,
            "rejectedCandidateCount": 0,
            "returnedLeaseCount": 0,
            "issuedLeaseCount": 128,
            "settledLeaseCount": 128
          },
          "residency": {
            "residentCount": 59,
            "target": 256,
            "hardLimit": 2048,
            "pinnedCount": 38,
            "dirtyCount": 0,
            "evictableCleanCount": 21,
            "evictionCount": 0,
            "rejectedAdmissionCount": 0,
            "oversubscribed": false,
            "autoSaveInFlight": false,
            "autoSaveFailureCount": 0,
            "nextRetryActiveTimeMs": 0,
            "lastSaveError": null
          },
          "bodies": {
            "total": 4,
            "actors": 4,
            "worldItems": 0,
            "nearPlayer": 1
          },
          "snapshotRejections": {
            "wrong-epoch": 0,
            "duplicate": 12,
            "physics-tick-regressed": 0,
            "commit-regressed": 0,
            "ack-regressed": 0
          }
        },
        "logic": {
          "blockStartedCount": 0,
          "blockCompletedCount": 0,
          "observationInFlight": true,
          "pendingObservationCount": 0,
          "submittedObservationCount": 2834,
          "receivedBatchCount": 2833,
          "completedBatchCount": 2833,
          "rejectedBatchCount": 0,
          "lastRoundTripMs": 0.29999999701976776
        },
        "trajectory": [
          {
            "physicsTick": 12057,
            "activeTimeMs": 200963.20000001582,
            "position": [
              69.09144322161588,
              32.6,
              0.5082285494554332
            ]
          },
          {
            "physicsTick": 12058,
            "activeTimeMs": 200981.30000000985,
            "position": [
              69.13310988828255,
              32.6,
              0.506186766584892
            ]
          },
          {
            "physicsTick": 12060,
            "activeTimeMs": 201006.00000001283,
            "position": [
              69.25810988828255,
              32.6,
              0.5021032008438098
            ]
          },
          {
            "physicsTick": 12061,
            "activeTimeMs": 201022.70000001582,
            "position": [
              69.3136654438381,
              32.6,
              0.5021032008438098
            ]
          },
          {
            "physicsTick": 12062,
            "activeTimeMs": 201043.80000000985,
            "position": [
              69.35533211050478,
              32.6,
              0.5021032008438098
            ]
          },
          {
            "physicsTick": 12064,
            "activeTimeMs": 201067.30000000985,
            "position": [
              69.39699877717143,
              32.6,
              0.5021032008438098
            ]
          },
          {
            "physicsTick": 12065,
            "activeTimeMs": 201086.50000001283,
            "position": [
              69.39699877717143,
              32.6,
              0.5021032008438098
            ]
          },
          {
            "physicsTick": 12066,
            "activeTimeMs": 201107.00000001283,
            "position": [
              69.39699877717143,
              32.6,
              0.5021032008438098
            ]
          },
          {
            "physicsTick": 12067,
            "activeTimeMs": 201124.30000000985,
            "position": [
              69.39699877717143,
              32.6,
              0.5021032008438098
            ]
          },
          {
            "physicsTick": 12068,
            "activeTimeMs": 201141.20000001582,
            "position": [
              69.39699877717143,
              32.6,
              0.5021032008438098
            ]
          },
          {
            "physicsTick": 12069,
            "activeTimeMs": 201158.00000001283,
            "position": [
              69.39699877717143,
              32.6,
              0.5021032008438098
            ]
          },
          {
            "physicsTick": 12070,
            "activeTimeMs": 201175.00000001283,
            "position": [
              69.39699877717143,
              32.6,
              0.5021032008438098
            ]
          },
          {
            "physicsTick": 12071,
            "activeTimeMs": 201196.10000002178,
            "position": [
              69.41088766606032,
              32.6,
              0.5004016507967899
            ]
          },
          {
            "physicsTick": 12073,
            "activeTimeMs": 201222.9000000188,
            "position": [
              69.48033211050476,
              32.6,
              0.49699855070275
            ]
          },
          {
            "physicsTick": 12074,
            "activeTimeMs": 201242.60000002178,
            "position": [
              69.53588766606032,
              32.6,
              0.49529700065573007
            ]
          },
          {
            "physicsTick": 12076,
            "activeTimeMs": 201269.9000000188,
            "position": [
              69.66088766606032,
              32.6,
              0.49359545060871013
            ]
          },
          {
            "physicsTick": 12077,
            "activeTimeMs": 201292.50000001283,
            "position": [
              69.70255433272699,
              32.6,
              0.49359545060871013
            ]
          },
          {
            "physicsTick": 12079,
            "activeTimeMs": 201317.50000001283,
            "position": [
              69.74422099939365,
              32.6,
              0.49359545060871013
            ]
          },
          {
            "physicsTick": 12080,
            "activeTimeMs": 201339.70000001582,
            "position": [
              69.77199877717142,
              32.6,
              0.4937656200610801
            ]
          },
          {
            "physicsTick": 12081,
            "activeTimeMs": 201358.4000000188,
            "position": [
              69.81366544383809,
              32.6,
              0.4939357895134501
            ]
          },
          {
            "physicsTick": 12082,
            "activeTimeMs": 201379.4000000188,
            "position": [
              69.86922099939365,
              32.6,
              0.49410595896582005
            ]
          },
          {
            "physicsTick": 12084,
            "activeTimeMs": 201403.20000001582,
            "position": [
              70.01366525078689,
              32.6,
              0.49444629787056
            ]
          },
          {
            "physicsTick": 12085,
            "activeTimeMs": 201427.20000001582,
            "position": [
              70.08866505773568,
              32.6,
              0.49461646732292996
            ]
          },
          {
            "physicsTick": 12087,
            "activeTimeMs": 201454.4000000188,
            "position": [
              70.23866467163327,
              32.6,
              0.4949568062276699
            ]
          },
          {
            "physicsTick": 12088,
            "activeTimeMs": 201475.10000002178,
            "position": [
              70.31366447858207,
              32.6,
              0.4951269756800399
            ]
          },
          {
            "physicsTick": 12089,
            "activeTimeMs": 201492.10000002178,
            "position": [
              70.38866428553087,
              32.6,
              0.49529714513240986
            ]
          },
          {
            "physicsTick": 12091,
            "activeTimeMs": 201518.10000002178,
            "position": [
              70.49249900000258,
              32.6,
              0.49563748176822375
            ]
          },
          {
            "physicsTick": 12092,
            "activeTimeMs": 201541.70000001582,
            "position": [
              70.49249900007506,
              32.6,
              0.4958076389693126
            ]
          },
          {
            "physicsTick": 12093,
            "activeTimeMs": 201564.4000000188,
            "position": [
              70.49249900007506,
              32.6,
              0.49597779617040155
            ]
          },
          {
            "physicsTick": 12094,
            "activeTimeMs": 201581.80000000985,
            "position": [
              70.49249900007506,
              32.6,
              0.4961479533714905
            ]
          },
          {
            "physicsTick": 12096,
            "activeTimeMs": 201606.30000000985,
            "position": [
              70.49249900007506,
              32.6,
              0.49648826777366833
            ]
          },
          {
            "physicsTick": 12097,
            "activeTimeMs": 201627.30000000985,
            "position": [
              70.49249900007506,
              32.6,
              0.49665842497475726
            ]
          },
          {
            "physicsTick": 12099,
            "activeTimeMs": 201654.50000001283,
            "position": [
              70.49249900007506,
              32.6,
              0.4969987393769351
            ]
          },
          {
            "physicsTick": 12100,
            "activeTimeMs": 201674.70000001582,
            "position": [
              70.49249900007506,
              32.6,
              0.49716889657802404
            ]
          },
          {
            "physicsTick": 12102,
            "activeTimeMs": 201703.20000001582,
            "position": [
              70.49249900007506,
              32.6,
              0.49733905377911297
            ]
          },
          {
            "physicsTick": 12103,
            "activeTimeMs": 201724.4000000188,
            "position": [
              70.49249900007506,
              32.6,
              0.49733905377911297
            ]
          },
          {
            "physicsTick": 12104,
            "activeTimeMs": 201741.10000002178,
            "position": [
              70.49249900007506,
              32.6,
              0.49733905377911297
            ]
          },
          {
            "physicsTick": 12105,
            "activeTimeMs": 201764.60000002178,
            "position": [
              70.49249900007506,
              32.6,
              0.49733905377911297
            ]
          },
          {
            "physicsTick": 12107,
            "activeTimeMs": 201787.70000001582,
            "position": [
              70.49249900007506,
              32.6,
              0.49733905377911297
            ]
          },
          {
            "physicsTick": 12108,
            "activeTimeMs": 201805.60000002178,
            "position": [
              70.49249900007506,
              32.6,
              0.49733905377911297
            ]
          },
          {
            "physicsTick": 12109,
            "activeTimeMs": 201822.4000000188,
            "position": [
              70.49249900007506,
              32.6,
              0.49733905377911297
            ]
          },
          {
            "physicsTick": 12110,
            "activeTimeMs": 201844.20000001582,
            "position": [
              70.49249900007506,
              32.6,
              0.49733905377911297
            ]
          },
          {
            "physicsTick": 12112,
            "activeTimeMs": 201870.10000002178,
            "position": [
              70.49249900007506,
              32.6,
              0.49733905377911297
            ]
          },
          {
            "physicsTick": 12113,
            "activeTimeMs": 201891.20000001582,
            "position": [
              70.49249900007506,
              32.6,
              0.49733905377911297
            ]
          },
          {
            "physicsTick": 12114,
            "activeTimeMs": 201907.9000000188,
            "position": [
              70.49249900007506,
              32.6,
              0.49733905377911297
            ]
          },
          {
            "physicsTick": 12116,
            "activeTimeMs": 201933.9000000188,
            "position": [
              70.49249900007506,
              32.6,
              0.49733905377911297
            ]
          },
          {
            "physicsTick": 12117,
            "activeTimeMs": 201957.9000000188,
            "position": [
              70.49249900007506,
              32.6,
              0.49733905377911297
            ]
          },
          {
            "physicsTick": 12118,
            "activeTimeMs": 201980.80000000985,
            "position": [
              70.49249900007506,
              32.6,
              0.49733905377911297
            ]
          },
          {
            "physicsTick": 12120,
            "activeTimeMs": 202006.10000002178,
            "position": [
              70.49249900007506,
              32.6,
              0.49733905377911297
            ]
          },
          {
            "physicsTick": 12121,
            "activeTimeMs": 202027.20000001582,
            "position": [
              70.49249900007506,
              32.6,
              0.49733905377911297
            ]
          },
          {
            "physicsTick": 12123,
            "activeTimeMs": 202055.10000002178,
            "position": [
              70.49249900007506,
              32.6,
              0.49733905377911297
            ]
          },
          {
            "physicsTick": 12124,
            "activeTimeMs": 202074.70000001582,
            "position": [
              70.49249900007506,
              32.6,
              0.49733905377911297
            ]
          },
          {
            "physicsTick": 12125,
            "activeTimeMs": 202091.50000001283,
            "position": [
              70.49249900007506,
              32.6,
              0.49733905377911297
            ]
          },
          {
            "physicsTick": 12127,
            "activeTimeMs": 202118.4000000188,
            "position": [
              70.49249900007506,
              32.6,
              0.49733905377911297
            ]
          },
          {
            "physicsTick": 12128,
            "activeTimeMs": 202141.20000001582,
            "position": [
              70.49249900007506,
              32.6,
              0.49733905377911297
            ]
          },
          {
            "physicsTick": 12129,
            "activeTimeMs": 202163.60000002178,
            "position": [
              70.49249900007506,
              32.6,
              0.49733905377911297
            ]
          },
          {
            "physicsTick": 12131,
            "activeTimeMs": 202190.60000002178,
            "position": [
              70.49249900007506,
              32.6,
              0.49733905377911297
            ]
          },
          {
            "physicsTick": 12132,
            "activeTimeMs": 202212.4000000188,
            "position": [
              70.49249900007506,
              32.6,
              0.49733905377911297
            ]
          },
          {
            "physicsTick": 12134,
            "activeTimeMs": 202235.20000001582,
            "position": [
              70.49249900007506,
              32.6,
              0.49733905377911297
            ]
          },
          {
            "physicsTick": 12135,
            "activeTimeMs": 202254.9000000188,
            "position": [
              70.49249900007506,
              32.6,
              0.49733905377911297
            ]
          },
          {
            "physicsTick": 12136,
            "activeTimeMs": 202275.4000000188,
            "position": [
              70.49249900007506,
              32.6,
              0.49733905377911297
            ]
          },
          {
            "physicsTick": 12138,
            "activeTimeMs": 202300.4000000188,
            "position": [
              70.49249900007506,
              32.6,
              0.49733905377911297
            ]
          },
          {
            "physicsTick": 12139,
            "activeTimeMs": 202318.4000000188,
            "position": [
              70.49249900007506,
              32.6,
              0.49733905377911297
            ]
          },
          {
            "physicsTick": 12140,
            "activeTimeMs": 202341.30000000985,
            "position": [
              70.49249900007506,
              32.6,
              0.49733905377911297
            ]
          },
          {
            "physicsTick": 12141,
            "activeTimeMs": 202363.20000001582,
            "position": [
              70.49249900007506,
              32.6,
              0.49733905377911297
            ]
          },
          {
            "physicsTick": 12142,
            "activeTimeMs": 202380.20000001582,
            "position": [
              70.49249900007506,
              32.6,
              0.49733905377911297
            ]
          },
          {
            "physicsTick": 12143,
            "activeTimeMs": 202397.20000001582,
            "position": [
              70.49249900007506,
              32.6,
              0.49733905377911297
            ]
          },
          {
            "physicsTick": 12145,
            "activeTimeMs": 202423.00000001283,
            "position": [
              70.49249900007506,
              32.6,
              0.49733905377911297
            ]
          },
          {
            "physicsTick": 12146,
            "activeTimeMs": 202444.30000000985,
            "position": [
              70.49249900007506,
              32.6,
              0.49733905377911297
            ]
          },
          {
            "physicsTick": 12148,
            "activeTimeMs": 202470.20000001582,
            "position": [
              70.49249900007506,
              32.6,
              0.49733905377911297
            ]
          },
          {
            "physicsTick": 12149,
            "activeTimeMs": 202491.20000001582,
            "position": [
              70.49249900007506,
              32.6,
              0.49733905377911297
            ]
          },
          {
            "physicsTick": 12150,
            "activeTimeMs": 202507.9000000188,
            "position": [
              70.49249900007506,
              32.6,
              0.49733905377911297
            ]
          },
          {
            "physicsTick": 12151,
            "activeTimeMs": 202530.9000000188,
            "position": [
              70.49249900007506,
              32.6,
              0.49733905377911297
            ]
          },
          {
            "physicsTick": 12152,
            "activeTimeMs": 202547.60000002178,
            "position": [
              70.49249900007506,
              32.6,
              0.49733905377911297
            ]
          },
          {
            "physicsTick": 12153,
            "activeTimeMs": 202564.60000002178,
            "position": [
              70.49249900007506,
              32.6,
              0.49733905377911297
            ]
          },
          {
            "physicsTick": 12155,
            "activeTimeMs": 202590.20000001582,
            "position": [
              70.49249900007506,
              32.6,
              0.49733905377911297
            ]
          },
          {
            "physicsTick": 12156,
            "activeTimeMs": 202611.70000001582,
            "position": [
              70.49249900007506,
              32.6,
              0.49733905377911297
            ]
          },
          {
            "physicsTick": 12158,
            "activeTimeMs": 202638.4000000188,
            "position": [
              70.49249900007506,
              32.6,
              0.49733905377911297
            ]
          },
          {
            "physicsTick": 12159,
            "activeTimeMs": 202658.50000001283,
            "position": [
              70.49249900007506,
              32.6,
              0.49733905377911297
            ]
          },
          {
            "physicsTick": 12161,
            "activeTimeMs": 202686.50000001283,
            "position": [
              70.49249900007506,
              32.6,
              0.49733905377911297
            ]
          },
          {
            "physicsTick": 12162,
            "activeTimeMs": 202706.4000000188,
            "position": [
              70.49249900007506,
              32.6,
              0.49733905377911297
            ]
          },
          {
            "physicsTick": 12163,
            "activeTimeMs": 202724.60000002178,
            "position": [
              70.49249900007506,
              32.6,
              0.49733905377911297
            ]
          },
          {
            "physicsTick": 12164,
            "activeTimeMs": 202749.10000002178,
            "position": [
              70.49249900007506,
              32.6,
              0.49733905377911297
            ]
          },
          {
            "physicsTick": 12166,
            "activeTimeMs": 202774.60000002178,
            "position": [
              70.49249900007506,
              32.6,
              0.49733905377911297
            ]
          },
          {
            "physicsTick": 12167,
            "activeTimeMs": 202796.70000001582,
            "position": [
              70.49249900007506,
              32.6,
              0.49733905377911297
            ]
          },
          {
            "physicsTick": 12169,
            "activeTimeMs": 202823.20000001582,
            "position": [
              70.49249900007506,
              32.6,
              0.49733905377911297
            ]
          },
          {
            "physicsTick": 12170,
            "activeTimeMs": 202848.70000001582,
            "position": [
              70.49249900007506,
              32.6,
              0.49733905377911297
            ]
          },
          {
            "physicsTick": 12172,
            "activeTimeMs": 202871.50000001283,
            "position": [
              70.49249900007506,
              32.6,
              0.49733905377911297
            ]
          },
          {
            "physicsTick": 12173,
            "activeTimeMs": 202891.10000002178,
            "position": [
              70.49249900007506,
              32.6,
              0.49733905377911297
            ]
          },
          {
            "physicsTick": 12174,
            "activeTimeMs": 202908.00000001283,
            "position": [
              70.49249900007506,
              32.6,
              0.49733905377911297
            ]
          },
          {
            "physicsTick": 12175,
            "activeTimeMs": 202925.80000000985,
            "position": [
              70.49249900007506,
              32.6,
              0.49733905377911297
            ]
          },
          {
            "physicsTick": 12176,
            "activeTimeMs": 202946.80000000985,
            "position": [
              70.49249900007506,
              32.6,
              0.49733905377911297
            ]
          },
          {
            "physicsTick": 12177,
            "activeTimeMs": 202965.20000001582,
            "position": [
              70.49249900007506,
              32.6,
              0.49733905377911297
            ]
          },
          {
            "physicsTick": 12179,
            "activeTimeMs": 202989.70000001582,
            "position": [
              70.49249900007506,
              32.6,
              0.49733905377911297
            ]
          },
          {
            "physicsTick": 12180,
            "activeTimeMs": 203011.00000001283,
            "position": [
              70.49249900007506,
              32.6,
              0.49733905377911297
            ]
          },
          {
            "physicsTick": 12182,
            "activeTimeMs": 203038.20000001582,
            "position": [
              70.49249900007506,
              32.6,
              0.49733905377911297
            ]
          },
          {
            "physicsTick": 12183,
            "activeTimeMs": 203059.60000002178,
            "position": [
              70.49249900007506,
              32.6,
              0.49733905377911297
            ]
          },
          {
            "physicsTick": 12185,
            "activeTimeMs": 203086.70000001582,
            "position": [
              70.49249900007506,
              32.6,
              0.49733905377911297
            ]
          },
          {
            "physicsTick": 12186,
            "activeTimeMs": 203107.80000000985,
            "position": [
              70.49249900007506,
              32.6,
              0.49733905377911297
            ]
          },
          {
            "physicsTick": 12188,
            "activeTimeMs": 203133.50000001283,
            "position": [
              70.49249900007506,
              32.6,
              0.49733905377911297
            ]
          },
          {
            "physicsTick": 12189,
            "activeTimeMs": 203158.00000001283,
            "position": [
              70.49249900007506,
              32.6,
              0.49733905377911297
            ]
          },
          {
            "physicsTick": 12190,
            "activeTimeMs": 203180.60000002178,
            "position": [
              70.49249900007506,
              32.6,
              0.49733905377911297
            ]
          },
          {
            "physicsTick": 12192,
            "activeTimeMs": 203204.4000000188,
            "position": [
              70.49249900007506,
              32.6,
              0.49733905377911297
            ]
          },
          {
            "physicsTick": 12193,
            "activeTimeMs": 203222.20000001582,
            "position": [
              70.49249900007506,
              32.6,
              0.49733905377911297
            ]
          },
          {
            "physicsTick": 12194,
            "activeTimeMs": 203244.20000001582,
            "position": [
              70.49249900007506,
              32.6,
              0.49733905377911297
            ]
          },
          {
            "physicsTick": 12196,
            "activeTimeMs": 203270.70000001582,
            "position": [
              70.49249900007506,
              32.6,
              0.49733905377911297
            ]
          },
          {
            "physicsTick": 12197,
            "activeTimeMs": 203291.30000000985,
            "position": [
              70.49249900007506,
              32.6,
              0.49733905377911297
            ]
          },
          {
            "physicsTick": 12198,
            "activeTimeMs": 203316.10000002178,
            "position": [
              70.49249900007506,
              32.6,
              0.49733905377911297
            ]
          },
          {
            "physicsTick": 12200,
            "activeTimeMs": 203341.20000001582,
            "position": [
              70.49249900007506,
              32.6,
              0.49733905377911297
            ]
          },
          {
            "physicsTick": 12201,
            "activeTimeMs": 203364.4000000188,
            "position": [
              70.49249900007506,
              32.6,
              0.49733905377911297
            ]
          },
          {
            "physicsTick": 12203,
            "activeTimeMs": 203389.4000000188,
            "position": [
              70.49249900007506,
              32.6,
              0.49733905377911297
            ]
          },
          {
            "physicsTick": 12204,
            "activeTimeMs": 203412.00000001283,
            "position": [
              70.49249900007506,
              32.6,
              0.49733905377911297
            ]
          },
          {
            "physicsTick": 12206,
            "activeTimeMs": 203438.20000001582,
            "position": [
              70.49249900007506,
              32.6,
              0.49733905377911297
            ]
          },
          {
            "physicsTick": 12207,
            "activeTimeMs": 203458.80000000985,
            "position": [
              70.49249900007506,
              32.6,
              0.49733905377911297
            ]
          },
          {
            "physicsTick": 12209,
            "activeTimeMs": 203483.70000001582,
            "position": [
              70.49249900007506,
              32.6,
              0.49733905377911297
            ]
          },
          {
            "physicsTick": 12210,
            "activeTimeMs": 203507.70000001582,
            "position": [
              70.49249900007506,
              32.6,
              0.49733905377911297
            ]
          },
          {
            "physicsTick": 12211,
            "activeTimeMs": 203524.60000002178,
            "position": [
              70.49249900007506,
              32.6,
              0.49733905377911297
            ]
          },
          {
            "physicsTick": 12212,
            "activeTimeMs": 203549.20000001582,
            "position": [
              70.49249900007506,
              32.6,
              0.49733905377911297
            ]
          },
          {
            "physicsTick": 12214,
            "activeTimeMs": 203574.60000002178,
            "position": [
              70.49249900007506,
              32.6,
              0.49733905377911297
            ]
          },
          {
            "physicsTick": 12215,
            "activeTimeMs": 203596.70000001582,
            "position": [
              70.49249900007506,
              32.6,
              0.49733905377911297
            ]
          },
          {
            "physicsTick": 12217,
            "activeTimeMs": 203623.10000002178,
            "position": [
              70.49249900007506,
              32.6,
              0.49733905377911297
            ]
          },
          {
            "physicsTick": 12218,
            "activeTimeMs": 203643.80000000985,
            "position": [
              70.49249900007506,
              32.6,
              0.49733905377911297
            ]
          },
          {
            "physicsTick": 12220,
            "activeTimeMs": 203671.4000000188,
            "position": [
              70.49249900007506,
              32.6,
              0.49733905377911297
            ]
          },
          {
            "physicsTick": 12221,
            "activeTimeMs": 203691.20000001582,
            "position": [
              70.49249900007506,
              32.6,
              0.49733905377911297
            ]
          },
          {
            "physicsTick": 12223,
            "activeTimeMs": 203718.30000000985,
            "position": [
              70.49249900007506,
              32.6,
              0.49733905377911297
            ]
          },
          {
            "physicsTick": 12224,
            "activeTimeMs": 203741.70000001582,
            "position": [
              70.49249900007506,
              32.6,
              0.49733905377911297
            ]
          },
          {
            "physicsTick": 12225,
            "activeTimeMs": 203764.20000001582,
            "position": [
              70.49249900007506,
              32.6,
              0.49733905377911297
            ]
          },
          {
            "physicsTick": 12227,
            "activeTimeMs": 203790.9000000188,
            "position": [
              70.49249900007506,
              32.6,
              0.49733905377911297
            ]
          },
          {
            "physicsTick": 12228,
            "activeTimeMs": 203812.20000001582,
            "position": [
              70.49249900007506,
              32.6,
              0.49733905377911297
            ]
          },
          {
            "physicsTick": 12230,
            "activeTimeMs": 203838.60000002178,
            "position": [
              70.49249900007506,
              32.6,
              0.49733905377911297
            ]
          },
          {
            "physicsTick": 12231,
            "activeTimeMs": 203858.9000000188,
            "position": [
              70.49249900007506,
              32.6,
              0.49733905377911297
            ]
          },
          {
            "physicsTick": 12232,
            "activeTimeMs": 203875.9000000188,
            "position": [
              70.49249900007506,
              32.6,
              0.49733905377911297
            ]
          },
          {
            "physicsTick": 12234,
            "activeTimeMs": 203902.50000001283,
            "position": [
              70.49249900007506,
              32.6,
              0.49733905377911297
            ]
          },
          {
            "physicsTick": 12235,
            "activeTimeMs": 203925.20000001582,
            "position": [
              70.49249900007506,
              32.6,
              0.49733905377911297
            ]
          },
          {
            "physicsTick": 12236,
            "activeTimeMs": 203942.4000000188,
            "position": [
              70.49249900007506,
              32.6,
              0.49733905377911297
            ]
          },
          {
            "physicsTick": 12237,
            "activeTimeMs": 203963.20000001582,
            "position": [
              70.49249900007506,
              32.6,
              0.49733905377911297
            ]
          },
          {
            "physicsTick": 12238,
            "activeTimeMs": 203980.60000002178,
            "position": [
              70.49249900007506,
              32.6,
              0.49733905377911297
            ]
          },
          {
            "physicsTick": 12240,
            "activeTimeMs": 204006.10000002178,
            "position": [
              70.49249900007506,
              32.6,
              0.49733905377911297
            ]
          },
          {
            "physicsTick": 12241,
            "activeTimeMs": 204023.20000001582,
            "position": [
              70.49249900007506,
              32.6,
              0.49733905377911297
            ]
          },
          {
            "physicsTick": 12242,
            "activeTimeMs": 204043.9000000188,
            "position": [
              70.49249900007506,
              32.6,
              0.49733905377911297
            ]
          },
          {
            "physicsTick": 12244,
            "activeTimeMs": 204068.70000001582,
            "position": [
              70.49249900007506,
              32.6,
              0.49733905377911297
            ]
          },
          {
            "physicsTick": 12245,
            "activeTimeMs": 204092.00000001283,
            "position": [
              70.49249900007506,
              32.6,
              0.49733905377911297
            ]
          },
          {
            "physicsTick": 12247,
            "activeTimeMs": 204118.10000002178,
            "position": [
              70.49249900007506,
              32.6,
              0.49733905377911297
            ]
          },
          {
            "physicsTick": 12248,
            "activeTimeMs": 204139.30000000985,
            "position": [
              70.49249900007506,
              32.6,
              0.49733905377911297
            ]
          },
          {
            "physicsTick": 12249,
            "activeTimeMs": 204158.4000000188,
            "position": [
              70.49249900007506,
              32.6,
              0.49733905377911297
            ]
          },
          {
            "physicsTick": 12250,
            "activeTimeMs": 204180.30000000985,
            "position": [
              70.49249900007506,
              32.6,
              0.49733905377911297
            ]
          },
          {
            "physicsTick": 12251,
            "activeTimeMs": 204197.10000002178,
            "position": [
              70.49249900007506,
              32.6,
              0.49733905377911297
            ]
          },
          {
            "physicsTick": 12253,
            "activeTimeMs": 204221.30000000985,
            "position": [
              70.49249900007506,
              32.6,
              0.49733905377911297
            ]
          },
          {
            "physicsTick": 12254,
            "activeTimeMs": 204242.60000002178,
            "position": [
              70.49249900007506,
              32.6,
              0.49733905377911297
            ]
          },
          {
            "physicsTick": 12255,
            "activeTimeMs": 204259.70000001582,
            "position": [
              70.49249900007506,
              32.6,
              0.49733905377911297
            ]
          },
          {
            "physicsTick": 12257,
            "activeTimeMs": 204286.4000000188,
            "position": [
              70.49249900007506,
              32.6,
              0.49733905377911297
            ]
          },
          {
            "physicsTick": 12258,
            "activeTimeMs": 204306.60000002178,
            "position": [
              70.49249900007506,
              32.6,
              0.49733905377911297
            ]
          },
          {
            "physicsTick": 12259,
            "activeTimeMs": 204325.70000001582,
            "position": [
              70.49249900007506,
              32.6,
              0.49733905377911297
            ]
          },
          {
            "physicsTick": 12260,
            "activeTimeMs": 204348.70000001582,
            "position": [
              70.49249900007506,
              32.6,
              0.49733905377911297
            ]
          },
          {
            "physicsTick": 12262,
            "activeTimeMs": 204374.10000002178,
            "position": [
              70.49249900007506,
              32.6,
              0.49733905377911297
            ]
          },
          {
            "physicsTick": 12263,
            "activeTimeMs": 204391.30000000985,
            "position": [
              70.49249900007506,
              32.6,
              0.49733905377911297
            ]
          },
          {
            "physicsTick": 12264,
            "activeTimeMs": 204410.70000001582,
            "position": [
              70.49249900007506,
              32.6,
              0.49733905377911297
            ]
          },
          {
            "physicsTick": 12265,
            "activeTimeMs": 204428.9000000188,
            "position": [
              70.49249900007506,
              32.6,
              0.49733905377911297
            ]
          },
          {
            "physicsTick": 12267,
            "activeTimeMs": 204454.80000000985,
            "position": [
              70.49249900007506,
              32.6,
              0.49733905377911297
            ]
          },
          {
            "physicsTick": 12268,
            "activeTimeMs": 204474.9000000188,
            "position": [
              70.49249900007506,
              32.6,
              0.49733905377911297
            ]
          },
          {
            "physicsTick": 12269,
            "activeTimeMs": 204492.10000002178,
            "position": [
              70.49249900007506,
              32.6,
              0.49733905377911297
            ]
          },
          {
            "physicsTick": 12271,
            "activeTimeMs": 204518.00000001283,
            "position": [
              70.49249900007506,
              32.6,
              0.49733905377911297
            ]
          },
          {
            "physicsTick": 12272,
            "activeTimeMs": 204541.4000000188,
            "position": [
              70.49249900007506,
              32.6,
              0.49733905377911297
            ]
          },
          {
            "physicsTick": 12273,
            "activeTimeMs": 204564.9000000188,
            "position": [
              70.49249900007506,
              32.6,
              0.49733905377911297
            ]
          },
          {
            "physicsTick": 12275,
            "activeTimeMs": 204589.70000001582,
            "position": [
              70.49249900007506,
              32.6,
              0.49733905377911297
            ]
          },
          {
            "physicsTick": 12276,
            "activeTimeMs": 204610.60000002178,
            "position": [
              70.49249900007506,
              32.6,
              0.49733905377911297
            ]
          },
          {
            "physicsTick": 12277,
            "activeTimeMs": 204627.50000001283,
            "position": [
              70.49249900007506,
              32.6,
              0.49733905377911297
            ]
          },
          {
            "physicsTick": 12279,
            "activeTimeMs": 204654.4000000188,
            "position": [
              70.49249900007506,
              32.6,
              0.49733905377911297
            ]
          },
          {
            "physicsTick": 12280,
            "activeTimeMs": 204671.30000000985,
            "position": [
              70.49249900007506,
              32.6,
              0.49733905377911297
            ]
          },
          {
            "physicsTick": 12281,
            "activeTimeMs": 204691.9000000188,
            "position": [
              70.49249900007506,
              32.6,
              0.49733905377911297
            ]
          },
          {
            "physicsTick": 12282,
            "activeTimeMs": 204708.80000000985,
            "position": [
              70.49249900007506,
              32.6,
              0.49733905377911297
            ]
          },
          {
            "physicsTick": 12283,
            "activeTimeMs": 204731.20000001582,
            "position": [
              70.49249900007506,
              32.6,
              0.49733905377911297
            ]
          },
          {
            "physicsTick": 12285,
            "activeTimeMs": 204758.00000001283,
            "position": [
              70.49249900007506,
              32.6,
              0.49733905377911297
            ]
          },
          {
            "physicsTick": 12286,
            "activeTimeMs": 204780.60000002178,
            "position": [
              70.49249900007506,
              32.6,
              0.49733905377911297
            ]
          },
          {
            "physicsTick": 12288,
            "activeTimeMs": 204806.00000001283,
            "position": [
              70.49249900007506,
              32.6,
              0.49733905377911297
            ]
          },
          {
            "physicsTick": 12289,
            "activeTimeMs": 204827.20000001582,
            "position": [
              70.49249900007506,
              32.6,
              0.49733905377911297
            ]
          },
          {
            "physicsTick": 12291,
            "activeTimeMs": 204850.70000001582,
            "position": [
              70.49249900007506,
              32.6,
              0.49733905377911297
            ]
          },
          {
            "physicsTick": 12292,
            "activeTimeMs": 204870.50000001283,
            "position": [
              70.49249900007506,
              32.6,
              0.49733905377911297
            ]
          },
          {
            "physicsTick": 12293,
            "activeTimeMs": 204891.9000000188,
            "position": [
              70.49249900007506,
              32.6,
              0.49733905377911297
            ]
          },
          {
            "physicsTick": 12295,
            "activeTimeMs": 204918.80000000985,
            "position": [
              70.49249900007506,
              32.6,
              0.49733905377911297
            ]
          },
          {
            "physicsTick": 12296,
            "activeTimeMs": 204940.70000001582,
            "position": [
              70.49249900007506,
              32.6,
              0.49733905377911297
            ]
          },
          {
            "physicsTick": 12297,
            "activeTimeMs": 204957.50000001283,
            "position": [
              70.49249900007506,
              32.6,
              0.49733905377911297
            ]
          },
          {
            "physicsTick": 12298,
            "activeTimeMs": 204980.50000001283,
            "position": [
              70.49249900007506,
              32.6,
              0.49733905377911297
            ]
          },
          {
            "physicsTick": 12300,
            "activeTimeMs": 205005.70000001582,
            "position": [
              70.49249900007506,
              32.6,
              0.49733905377911297
            ]
          },
          {
            "physicsTick": 12301,
            "activeTimeMs": 205023.10000002178,
            "position": [
              70.49249900007506,
              32.6,
              0.49733905377911297
            ]
          },
          {
            "physicsTick": 12302,
            "activeTimeMs": 205042.4000000188,
            "position": [
              70.49249900007506,
              32.6,
              0.49733905377911297
            ]
          },
          {
            "physicsTick": 12304,
            "activeTimeMs": 205071.00000001283,
            "position": [
              70.49249900007506,
              32.6,
              0.49733905377911297
            ]
          },
          {
            "physicsTick": 12305,
            "activeTimeMs": 205092.50000001283,
            "position": [
              70.49249900007506,
              32.6,
              0.49733905377911297
            ]
          },
          {
            "physicsTick": 12307,
            "activeTimeMs": 205118.00000001283,
            "position": [
              70.49249900007506,
              32.6,
              0.49733905377911297
            ]
          },
          {
            "physicsTick": 12308,
            "activeTimeMs": 205141.9000000188,
            "position": [
              70.49249900007506,
              32.6,
              0.49733905377911297
            ]
          },
          {
            "physicsTick": 12309,
            "activeTimeMs": 205163.10000002178,
            "position": [
              70.49249900007506,
              32.6,
              0.49733905377911297
            ]
          },
          {
            "physicsTick": 12310,
            "activeTimeMs": 205181.20000001582,
            "position": [
              70.49249900007506,
              32.6,
              0.49733905377911297
            ]
          },
          {
            "physicsTick": 12312,
            "activeTimeMs": 205205.9000000188,
            "position": [
              70.49249900007506,
              32.6,
              0.49733905377911297
            ]
          },
          {
            "physicsTick": 12313,
            "activeTimeMs": 205228.60000002178,
            "position": [
              70.49249900007506,
              32.6,
              0.49733905377911297
            ]
          },
          {
            "physicsTick": 12315,
            "activeTimeMs": 205253.9000000188,
            "position": [
              70.49249900007506,
              32.6,
              0.49733905377911297
            ]
          },
          {
            "physicsTick": 12316,
            "activeTimeMs": 205275.20000001582,
            "position": [
              70.49249900007506,
              32.6,
              0.49733905377911297
            ]
          },
          {
            "physicsTick": 12318,
            "activeTimeMs": 205303.10000002178,
            "position": [
              70.49249900007506,
              32.6,
              0.49733905377911297
            ]
          },
          {
            "physicsTick": 12319,
            "activeTimeMs": 205325.70000001582,
            "position": [
              70.49249900007506,
              32.6,
              0.49733905377911297
            ]
          },
          {
            "physicsTick": 12320,
            "activeTimeMs": 205347.9000000188,
            "position": [
              70.49249900007506,
              32.6,
              0.49733905377911297
            ]
          },
          {
            "physicsTick": 12322,
            "activeTimeMs": 205374.20000001582,
            "position": [
              70.49249900007506,
              32.6,
              0.49733905377911297
            ]
          },
          {
            "physicsTick": 12323,
            "activeTimeMs": 205396.70000001582,
            "position": [
              70.49249900007506,
              32.6,
              0.49733905377911297
            ]
          },
          {
            "physicsTick": 12325,
            "activeTimeMs": 205422.20000001582,
            "position": [
              70.49249900007506,
              32.6,
              0.49733905377911297
            ]
          },
          {
            "physicsTick": 12326,
            "activeTimeMs": 205439.30000000985,
            "position": [
              70.49249900007506,
              32.6,
              0.49733905377911297
            ]
          },
          {
            "physicsTick": 12327,
            "activeTimeMs": 205459.00000001283,
            "position": [
              70.49249900007506,
              32.6,
              0.49733905377911297
            ]
          },
          {
            "physicsTick": 12328,
            "activeTimeMs": 205483.20000001582,
            "position": [
              70.49249900007506,
              32.6,
              0.49733905377911297
            ]
          },
          {
            "physicsTick": 12330,
            "activeTimeMs": 205501.80000000985,
            "position": [
              70.49249900007506,
              32.6,
              0.49733905377911297
            ]
          },
          {
            "physicsTick": 12331,
            "activeTimeMs": 205525.70000001582,
            "position": [
              70.49249900007506,
              32.6,
              0.49733905377911297
            ]
          },
          {
            "physicsTick": 12332,
            "activeTimeMs": 205547.60000002178,
            "position": [
              70.49249900007506,
              32.6,
              0.49733905377911297
            ]
          },
          {
            "physicsTick": 12334,
            "activeTimeMs": 205574.50000001283,
            "position": [
              70.49249900007506,
              32.6,
              0.49733905377911297
            ]
          },
          {
            "physicsTick": 12335,
            "activeTimeMs": 205596.20000001582,
            "position": [
              70.49249900007506,
              32.6,
              0.49733905377911297
            ]
          },
          {
            "physicsTick": 12337,
            "activeTimeMs": 205622.80000000985,
            "position": [
              70.49249900007506,
              32.6,
              0.49733905377911297
            ]
          },
          {
            "physicsTick": 12338,
            "activeTimeMs": 205643.80000000985,
            "position": [
              70.49249900007506,
              32.6,
              0.49733905377911297
            ]
          },
          {
            "physicsTick": 12340,
            "activeTimeMs": 205671.20000001582,
            "position": [
              70.49249900007506,
              32.6,
              0.49733905377911297
            ]
          },
          {
            "physicsTick": 12341,
            "activeTimeMs": 205691.20000001582,
            "position": [
              70.49249900007506,
              32.6,
              0.49733905377911297
            ]
          },
          {
            "physicsTick": 12343,
            "activeTimeMs": 205718.4000000188,
            "position": [
              70.49249900007506,
              32.6,
              0.49733905377911297
            ]
          },
          {
            "physicsTick": 12344,
            "activeTimeMs": 205741.20000001582,
            "position": [
              70.49249900007506,
              32.6,
              0.49733905377911297
            ]
          },
          {
            "physicsTick": 12345,
            "activeTimeMs": 205763.20000001582,
            "position": [
              70.49249900007506,
              32.6,
              0.49733905377911297
            ]
          },
          {
            "physicsTick": 12346,
            "activeTimeMs": 205781.30000000985,
            "position": [
              70.49249900007506,
              32.6,
              0.49733905377911297
            ]
          },
          {
            "physicsTick": 12348,
            "activeTimeMs": 205806.00000001283,
            "position": [
              70.49249900007506,
              32.6,
              0.49733905377911297
            ]
          },
          {
            "physicsTick": 12349,
            "activeTimeMs": 205823.4000000188,
            "position": [
              70.49249900007506,
              32.6,
              0.49733905377911297
            ]
          },
          {
            "physicsTick": 12350,
            "activeTimeMs": 205843.9000000188,
            "position": [
              70.49249900007506,
              32.6,
              0.49733905377911297
            ]
          },
          {
            "physicsTick": 12352,
            "activeTimeMs": 205871.00000001283,
            "position": [
              70.49249900007506,
              32.6,
              0.49733905377911297
            ]
          },
          {
            "physicsTick": 12353,
            "activeTimeMs": 205890.80000000985,
            "position": [
              70.49249900007506,
              32.6,
              0.49733905377911297
            ]
          },
          {
            "physicsTick": 12355,
            "activeTimeMs": 205918.80000000985,
            "position": [
              70.49249900007506,
              32.6,
              0.49733905377911297
            ]
          },
          {
            "physicsTick": 12356,
            "activeTimeMs": 205941.00000001283,
            "position": [
              70.49249900007506,
              32.6,
              0.49733905377911297
            ]
          },
          {
            "physicsTick": 12357,
            "activeTimeMs": 205964.70000001582,
            "position": [
              70.49249900007506,
              32.6,
              0.49733905377911297
            ]
          },
          {
            "physicsTick": 12359,
            "activeTimeMs": 205990.70000001582,
            "position": [
              70.49249900007506,
              32.6,
              0.49733905377911297
            ]
          },
          {
            "physicsTick": 12360,
            "activeTimeMs": 206011.4000000188,
            "position": [
              70.49249900007506,
              32.6,
              0.49733905377911297
            ]
          },
          {
            "physicsTick": 12361,
            "activeTimeMs": 206028.9000000188,
            "position": [
              70.49249900007506,
              32.6,
              0.49733905377911297
            ]
          },
          {
            "physicsTick": 12363,
            "activeTimeMs": 206053.9000000188,
            "position": [
              70.49249900007506,
              32.6,
              0.49733905377911297
            ]
          },
          {
            "physicsTick": 12364,
            "activeTimeMs": 206075.9000000188,
            "position": [
              70.49249900007506,
              32.6,
              0.49733905377911297
            ]
          },
          {
            "physicsTick": 12366,
            "activeTimeMs": 206100.20000001582,
            "position": [
              70.49249900007506,
              32.6,
              0.49733905377911297
            ]
          },
          {
            "physicsTick": 12367,
            "activeTimeMs": 206118.30000000985,
            "position": [
              70.49249900007506,
              32.6,
              0.49733905377911297
            ]
          },
          {
            "physicsTick": 12368,
            "activeTimeMs": 206142.30000000985,
            "position": [
              70.49249900007506,
              32.6,
              0.49733905377911297
            ]
          },
          {
            "physicsTick": 12369,
            "activeTimeMs": 206163.70000001582,
            "position": [
              70.49249900007506,
              32.6,
              0.49733905377911297
            ]
          },
          {
            "physicsTick": 12370,
            "activeTimeMs": 206181.20000001582,
            "position": [
              70.49249900007506,
              32.6,
              0.49733905377911297
            ]
          },
          {
            "physicsTick": 12372,
            "activeTimeMs": 206205.10000002178,
            "position": [
              70.49249900007506,
              32.6,
              0.49733905377911297
            ]
          },
          {
            "physicsTick": 12373,
            "activeTimeMs": 206222.20000001582,
            "position": [
              70.49249900007506,
              32.6,
              0.49733905377911297
            ]
          },
          {
            "physicsTick": 12374,
            "activeTimeMs": 206244.00000001283,
            "position": [
              70.49249900007506,
              32.6,
              0.49733905377911297
            ]
          },
          {
            "physicsTick": 12376,
            "activeTimeMs": 206271.00000001283,
            "position": [
              70.49249900007506,
              32.6,
              0.49733905377911297
            ]
          },
          {
            "physicsTick": 12377,
            "activeTimeMs": 206291.10000002178,
            "position": [
              70.49249900007506,
              32.6,
              0.49733905377911297
            ]
          },
          {
            "physicsTick": 12379,
            "activeTimeMs": 206317.60000002178,
            "position": [
              70.49249900007506,
              32.6,
              0.49733905377911297
            ]
          },
          {
            "physicsTick": 12380,
            "activeTimeMs": 206342.10000002178,
            "position": [
              70.49249900007506,
              32.6,
              0.49733905377911297
            ]
          },
          {
            "physicsTick": 12381,
            "activeTimeMs": 206362.4000000188,
            "position": [
              70.49249900007506,
              32.6,
              0.49733905377911297
            ]
          },
          {
            "physicsTick": 12382,
            "activeTimeMs": 206380.00000001283,
            "position": [
              70.49249900007506,
              32.6,
              0.49733905377911297
            ]
          },
          {
            "physicsTick": 12384,
            "activeTimeMs": 206405.70000001582,
            "position": [
              70.49249900007506,
              32.6,
              0.49733905377911297
            ]
          },
          {
            "physicsTick": 12385,
            "activeTimeMs": 206423.20000001582,
            "position": [
              70.49249900007506,
              32.6,
              0.49733905377911297
            ]
          },
          {
            "physicsTick": 12386,
            "activeTimeMs": 206443.70000001582,
            "position": [
              70.49249900007506,
              32.6,
              0.49733905377911297
            ]
          },
          {
            "physicsTick": 12388,
            "activeTimeMs": 206471.20000001582,
            "position": [
              70.49249900007506,
              32.6,
              0.49733905377911297
            ]
          },
          {
            "physicsTick": 12389,
            "activeTimeMs": 206490.70000001582,
            "position": [
              70.49249900007506,
              32.6,
              0.49733905377911297
            ]
          },
          {
            "physicsTick": 12390,
            "activeTimeMs": 206515.50000001283,
            "position": [
              70.49249900007506,
              32.6,
              0.49733905377911297
            ]
          },
          {
            "physicsTick": 12391,
            "activeTimeMs": 206532.70000001582,
            "position": [
              70.49249900007506,
              32.6,
              0.49733905377911297
            ]
          },
          {
            "physicsTick": 12393,
            "activeTimeMs": 206557.70000001582,
            "position": [
              70.49249900007506,
              32.6,
              0.49733905377911297
            ]
          },
          {
            "physicsTick": 12394,
            "activeTimeMs": 206575.20000001582,
            "position": [
              70.49249900007506,
              32.6,
              0.49733905377911297
            ]
          },
          {
            "physicsTick": 12395,
            "activeTimeMs": 206595.50000001283,
            "position": [
              70.49249900007506,
              32.6,
              0.49733905377911297
            ]
          },
          {
            "physicsTick": 12395,
            "activeTimeMs": 206599.70000001582,
            "position": [
              70.49249900007506,
              32.6,
              0.49733905377911297
            ]
          }
        ],
        "generatorVersion": 11,
        "renderPipeline": {
          "drawUnit": "chunk-render-category",
          "batchMode": "category",
          "vertexLayout": "float16-uv-uint16-index",
          "shaderMode": "voxel-array-chunks",
          "backend": "webgl2"
        },
        "experiments": {
          "requested": {
            "renderer": "webgl2",
            "wasm": true,
            "simd": true
          },
          "kernels": [
            "w02",
            "w03",
            "w04",
            "w05",
            "w06"
          ],
          "renderer": {
            "requestedRenderer": "webgl2",
            "effectiveRenderer": "webgl2",
            "rendererStatus": "matched"
          },
          "workers": [
            {
              "epoch": "seedlands:classic-canonical-runtime-v11:1",
              "lane": "fluid",
              "index": 0,
              "status": "off",
              "requestedArtifact": "simd",
              "effectiveArtifact": "off",
              "selected": [],
              "reason": "no-selected-kernel"
            },
            {
              "epoch": "seedlands:classic-canonical-runtime-v11:1",
              "lane": "general",
              "index": 1,
              "status": "matched",
              "requestedArtifact": "simd",
              "effectiveArtifact": "simd",
              "selected": [
                "w02",
                "w03",
                "w04",
                "w05",
                "w06"
              ],
              "artifactSha256": "c1a763778c4eb4873772cf480c758f8b18cbc77beee80c933dda6b2fd19e4b2c"
            }
          ]
        },
        "serverRevision": 1,
        "voxelAtOrigin": 42,
        "serverPlayerPosition": [
          70.49249900007506,
          32.6,
          0.49733905377911297
        ],
        "serverPlayerVelocity": [
          0,
          0,
          0
        ],
        "prediction": {
          "pendingFrames": 0,
          "lastResetReason": "authority-resync",
          "resetCounts": {
            "input-interrupted": 15,
            "authority-resync": 499,
            "collision-history-missing": 123,
            "large-error": 1,
            "movement-mode-changed": 4
          },
          "presentationOffset": {
            "x": 0,
            "y": 0,
            "z": 0
          }
        },
        "serverWorldTime": 20.153999999995463,
        "performance": {
          "scenarioId": "default",
          "frame": {
            "count": 1200,
            "p50Ms": 17.5,
            "p95Ms": 27.69999998807907,
            "p99Ms": 34.099999994039536,
            "maxMs": 150.40000000596046,
            "longFrameCount": 14,
            "lastLongFrameMs": 36.099999994039536
          },
          "chunkVisible": {
            "count": 109,
            "p50Ms": 1253.5,
            "p95Ms": 15468,
            "p99Ms": 16502.70000000298,
            "maxMs": 16750.79999999702
          },
          "completedChunkTraces": 109,
          "traceEventCount": 1462,
          "maxMeshCommitsInFrame": 1,
          "maxMeshPartsInFrame": 2,
          "visibleAfterPostrender": true,
          "incidents": 32,
          "droppedEvents": 0,
          "uploadQueueDepth": 0,
          "estimatedMeshBytes": 6323240
        },
        "compute": {
          "workerCount": 2,
          "fluidWorkerCount": 1,
          "generalWorkerCount": 1,
          "running": 0,
          "queued": 0,
          "queuedBytes": 0,
          "cancellationRequests": 0,
          "staleResults": 0,
          "failedTasks": 0,
          "completedTasks": 259,
          "submittedTasks": 259,
          "submittedBytes": 102137856,
          "maxQueued": 1,
          "maxQueuedBytes": 0,
          "workerTaskDuration": {
            "fluid": {
              "count": 128,
              "capacity": 256,
              "samplesMs": [
                0.5,
                0.5,
                0.29999999701976776,
                0.5999999940395355,
                0.3999999910593033,
                0.3999999910593033,
                0.20000000298023224,
                0.20000000298023224,
                0.20000000298023224,
                0.19999998807907104,
                0.20000000298023224,
                0.10000000894069672,
                0.10000000894069672,
                0.10000000894069672,
                0.29999999701976776,
                0.4000000059604645,
                0.29999999701976776,
                0.4000000059604645,
                0.4000000059604645,
                0.3999999910593033,
                0.29999999701976776,
                0.4000000059604645,
                0.29999999701976776,
                0.19999998807907104,
                0.20000000298023224,
                0.20000000298023224,
                0.29999999701976776,
                0.20000000298023224,
                0,
                0.10000000894069672,
                0,
                0,
                0.10000000894069672,
                0.10000000894069672,
                0.09999999403953552,
                0.20000000298023224,
                0.20000000298023224,
                0.20000000298023224,
                0.29999999701976776,
                0.20000000298023224,
                0.09999999403953552,
                0.20000000298023224,
                0,
                0.20000000298023224,
                0.09999999403953552,
                0.10000000894069672,
                0.10000000894069672,
                0.10000000894069672,
                0.09999999403953552,
                0.10000000894069672,
                0.09999999403953552,
                0.09999999403953552,
                0.09999999403953552,
                0.10000000894069672,
                0.09999999403953552,
                0.20000000298023224,
                0.10000000894069672,
                0.20000000298023224,
                0.09999999403953552,
                0.09999999403953552,
                0.10000000894069672,
                0.09999999403953552,
                0.09999999403953552,
                0,
                0.09999999403953552,
                0.09999999403953552,
                0.09999999403953552,
                0.20000000298023224,
                0.09999999403953552,
                0.10000000894069672,
                0.20000000298023224,
                0.20000000298023224,
                0.09999999403953552,
                0.20000000298023224,
                0.19999998807907104,
                0,
                0.09999999403953552,
                0.10000000894069672,
                0.10000000894069672,
                0.20000000298023224,
                0.20000000298023224,
                0.09999999403953552,
                0.10000000894069672,
                0.10000000894069672,
                0.09999999403953552,
                0.10000000894069672,
                0.20000000298023224,
                0.20000000298023224,
                0.09999999403953552,
                0.09999999403953552,
                0.19999998807907104,
                0.20000000298023224,
                0.09999999403953552,
                0.20000000298023224,
                0.20000000298023224,
                0.20000000298023224,
                0.19999998807907104,
                0.20000000298023224,
                0.29999999701976776,
                0.29999999701976776,
                0.20000000298023224,
                0.29999999701976776,
                0.20000000298023224,
                0.30000001192092896,
                0.29999999701976776,
                0.20000000298023224,
                0.20000000298023224,
                0.29999999701976776,
                0.20000000298023224,
                0.20000000298023224,
                0.19999998807907104,
                0.20000000298023224,
                0.20000000298023224,
                0.29999999701976776,
                0.09999999403953552,
                0.4000000059604645,
                0.29999999701976776,
                0.09999999403953552,
                0.20000000298023224,
                0.10000000894069672,
                0.20000000298023224,
                0.20000000298023224,
                0.09999999403953552,
                0.20000000298023224,
                0,
                0,
                0,
                0
              ]
            },
            "general": {
              "count": 131,
              "capacity": 256,
              "samplesMs": [
                1546.7000000029802,
                320.59999999403954,
                226.1000000089407,
                41.1000000089407,
                42.400000005960464,
                43.599999994039536,
                43,
                45.29999999701977,
                47,
                49.5,
                42.19999998807907,
                44,
                43.5,
                44.599999994039536,
                43.19999998807907,
                45.29999999701977,
                49.1000000089407,
                86.70000000298023,
                85.20000000298023,
                94.29999999701977,
                95.90000000596046,
                95.70000000298023,
                98.09999999403954,
                98.70000000298023,
                88.1000000089407,
                89.20000000298023,
                94.09999999403954,
                97.80000001192093,
                98.40000000596046,
                99,
                102.59999999403954,
                327.20000000298023,
                323.79999999701977,
                299.30000001192093,
                42,
                278.69999998807907,
                275.29999999701977,
                277.59999999403954,
                318.70000000298023,
                226,
                223.1000000089407,
                222,
                223.79999999701977,
                272,
                266.6000000089407,
                316.5,
                319.19999998807907,
                231.09999999403954,
                234,
                236.70000000298023,
                232.8999999910593,
                288.30000001192093,
                232.1000000089407,
                268.70000000298023,
                324,
                232.79999999701977,
                229,
                281.70000000298023,
                277,
                231.70000000298023,
                232.90000000596046,
                277,
                271.59999999403954,
                235.70000000298023,
                223.09999999403954,
                275.69999998807907,
                270.29999999701977,
                227.90000000596046,
                221.79999999701977,
                271.90000000596046,
                268.5,
                248,
                217.70000000298023,
                271.80000001192093,
                267.70000000298023,
                219.30000001192093,
                216.6000000089407,
                274.29999999701977,
                273,
                226.40000000596046,
                218.5,
                272.8999999910593,
                234.59999999403954,
                272.5,
                331.5,
                239.29999999701977,
                256.59999999403954,
                267.59999999403954,
                264.1000000089407,
                225.1000000089407,
                237.40000000596046,
                266.20000000298023,
                261,
                221.5,
                224.19999998807907,
                272.8999999910593,
                233.29999999701977,
                263.90000000596046,
                221,
                267.09999999403954,
                276.70000000298023,
                224.09999999403954,
                270.79999999701977,
                226.79999999701977,
                253.29999999701977,
                265.20000000298023,
                269,
                275.5,
                226.1000000089407,
                225.40000000596046,
                228.70000000298023,
                265.29999999701977,
                272,
                227.70000000298023,
                268.20000000298023,
                277.6000000089407,
                266.70000000298023,
                300.1000000089407,
                268.3999999910593,
                273.5,
                264.3999999910593,
                268.8999999910593,
                269.29999999701977,
                274.19999998807907,
                265.1000000089407,
                273.59999999403954,
                266.20000000298023,
                260.40000000596046,
                124.70000000298023,
                267.1000000089407,
                220
              ]
            }
          },
          "workerKernelStates": [
            {
              "epoch": "seedlands:classic-canonical-runtime-v11:1",
              "lane": "fluid",
              "index": 0,
              "status": "off",
              "requestedArtifact": "simd",
              "effectiveArtifact": "off",
              "selected": [],
              "reason": "no-selected-kernel"
            },
            {
              "epoch": "seedlands:classic-canonical-runtime-v11:1",
              "lane": "general",
              "index": 1,
              "status": "matched",
              "requestedArtifact": "simd",
              "effectiveArtifact": "simd",
              "selected": [
                "w02",
                "w03",
                "w04",
                "w05",
                "w06"
              ],
              "artifactSha256": "c1a763778c4eb4873772cf480c758f8b18cbc77beee80c933dda6b2fd19e4b2c"
            }
          ],
          "workerActivity": [
            {
              "lane": "fluid",
              "index": 0,
              "status": "idle",
              "taskId": null,
              "taskCategory": null,
              "taskAgeMs": null,
              "sampledAtMs": 87144.5,
              "completedTasks": 128,
              "lastTaskDurationMs": 0,
              "kernel": null
            },
            {
              "lane": "general",
              "index": 1,
              "status": "idle",
              "taskId": null,
              "taskCategory": null,
              "taskAgeMs": null,
              "sampledAtMs": 90788.79999999702,
              "completedTasks": 131,
              "lastTaskDurationMs": 220,
              "kernel": {
                "calls": 2149,
                "failures": 0,
                "memoryBytes": 18874368,
                "durationMs": 11.200000077486038,
                "failed": false
              }
            }
          ]
        },
        "fluidFeedback": {
          "count": 0,
          "pending": false,
          "pendingSample": null,
          "p50Ms": 0,
          "p95Ms": 0,
          "p99Ms": 0,
          "maxMs": 0,
          "samples": []
        },
        "waterTransitions": {
          "activeCount": 0,
          "active": [],
          "recent": [
            {
              "chunkKey": "2,0,0",
              "targetRevision": 5,
              "traceId": "trace-66",
              "geometry": {
                "mode": "surface-morph",
                "patchCount": 46,
                "retainedPatchCount": 0,
                "addedPatchCount": 46,
                "removedPatchCount": 0,
                "visibleWaterMeshCount": 1,
                "opacityCrossfade": false
              },
              "progress": 1,
              "frameCount": 9,
              "completed": true,
              "superseded": false,
              "progressSamples": [
                0,
                0.14166666666666666,
                0.2899999999337726,
                0.43111111107799743,
                0.5744444443947739,
                0.7305555555555555,
                0.8788888888226615,
                1,
                1
              ]
            },
            {
              "chunkKey": "2,0,-1",
              "targetRevision": 9,
              "traceId": "trace-77",
              "geometry": {
                "mode": "surface-morph",
                "patchCount": 116,
                "retainedPatchCount": 0,
                "addedPatchCount": 116,
                "removedPatchCount": 0,
                "visibleWaterMeshCount": 1,
                "opacityCrossfade": false
              },
              "progress": 1,
              "frameCount": 9,
              "completed": true,
              "superseded": false,
              "progressSamples": [
                0,
                0.14611111109455427,
                0.2844444443782171,
                0.4399999999337726,
                0.6149999999337726,
                0.7661111110614406,
                0.9022222221725517,
                1,
                1
              ]
            },
            {
              "chunkKey": "2,1,-1",
              "targetRevision": 0,
              "traceId": "trace-69",
              "geometry": {
                "mode": "surface-morph",
                "patchCount": 24,
                "retainedPatchCount": 0,
                "addedPatchCount": 24,
                "removedPatchCount": 0,
                "visibleWaterMeshCount": 1,
                "opacityCrossfade": false
              },
              "progress": 1,
              "frameCount": 10,
              "completed": true,
              "superseded": false,
              "progressSamples": [
                0,
                0.1433333333167765,
                0.2827777778108915,
                0.41444444441133077,
                0.5661111111442249,
                0.7,
                0.8388888888888889,
                0.9777777777777777,
                1,
                1
              ]
            },
            {
              "chunkKey": "2,0,0",
              "targetRevision": 24,
              "traceId": "trace-70",
              "geometry": {
                "mode": "surface-morph",
                "patchCount": 753,
                "retainedPatchCount": 45,
                "addedPatchCount": 707,
                "removedPatchCount": 1,
                "visibleWaterMeshCount": 1,
                "opacityCrossfade": false
              },
              "progress": 1,
              "frameCount": 9,
              "completed": true,
              "superseded": false,
              "progressSamples": [
                0,
                0.1616666667163372,
                0.3111111111111111,
                0.46111111111111114,
                0.6038888889054458,
                0.7494444444775581,
                0.8822222222056654,
                1,
                1
              ]
            },
            {
              "chunkKey": "1,0,0",
              "targetRevision": 33,
              "traceId": "trace-80",
              "geometry": {
                "mode": "surface-morph",
                "patchCount": 213,
                "retainedPatchCount": 0,
                "addedPatchCount": 213,
                "removedPatchCount": 0,
                "visibleWaterMeshCount": 1,
                "opacityCrossfade": false
              },
              "progress": 1,
              "frameCount": 10,
              "completed": true,
              "superseded": false,
              "progressSamples": [
                0,
                0.13999999993377263,
                0.2811111110779974,
                0.4177777777115504,
                0.5533333333002196,
                0.6961111110945543,
                0.8261111110448838,
                0.9544444444278876,
                1,
                1
              ]
            },
            {
              "chunkKey": "1,1,0",
              "targetRevision": 0,
              "traceId": "trace-72",
              "geometry": {
                "mode": "surface-morph",
                "patchCount": 9,
                "retainedPatchCount": 0,
                "addedPatchCount": 9,
                "removedPatchCount": 0,
                "visibleWaterMeshCount": 1,
                "opacityCrossfade": false
              },
              "progress": 1,
              "frameCount": 10,
              "completed": true,
              "superseded": false,
              "progressSamples": [
                0,
                0.14888888887233204,
                0.29333333331677647,
                0.42166666669978037,
                0.563333333366447,
                0.7033333333830039,
                0.8305555555555556,
                0.9555555555555556,
                1,
                1
              ]
            },
            {
              "chunkKey": "1,0,-1",
              "targetRevision": 8,
              "traceId": "trace-73",
              "geometry": {
                "mode": "surface-morph",
                "patchCount": 78,
                "retainedPatchCount": 0,
                "addedPatchCount": 78,
                "removedPatchCount": 0,
                "visibleWaterMeshCount": 1,
                "opacityCrossfade": false
              },
              "progress": 1,
              "frameCount": 10,
              "completed": true,
              "superseded": false,
              "progressSamples": [
                0,
                0.14000000001655685,
                0.2827777778108915,
                0.40611111116078163,
                0.5450000000496705,
                0.6755555556052261,
                0.7961111110945542,
                0.939444444494115,
                1,
                1
              ]
            },
            {
              "chunkKey": "2,0,-1",
              "targetRevision": 34,
              "traceId": "trace-78",
              "geometry": {
                "mode": "surface-morph",
                "patchCount": 577,
                "retainedPatchCount": 113,
                "addedPatchCount": 461,
                "removedPatchCount": 3,
                "visibleWaterMeshCount": 1,
                "opacityCrossfade": false
              },
              "progress": 1,
              "frameCount": 9,
              "completed": true,
              "superseded": false,
              "progressSamples": [
                0,
                0.16055555558866924,
                0.30055555560522607,
                0.4544444444278876,
                0.5938888889220025,
                0.7361111111111112,
                0.8794444444278876,
                1,
                1
              ]
            },
            {
              "chunkKey": "2,0,0",
              "targetRevision": 40,
              "traceId": "trace-79",
              "geometry": {
                "mode": "surface-morph",
                "patchCount": 912,
                "retainedPatchCount": 573,
                "addedPatchCount": 160,
                "removedPatchCount": 179,
                "visibleWaterMeshCount": 1,
                "opacityCrossfade": false
              },
              "progress": 1,
              "frameCount": 9,
              "completed": true,
              "superseded": false,
              "progressSamples": [
                0,
                0.1411111110614406,
                0.2794444444278876,
                0.42166666661699614,
                0.562777777761221,
                0.7183333333167765,
                0.8655555555389987,
                1,
                1
              ]
            },
            {
              "chunkKey": "1,0,0",
              "targetRevision": 44,
              "traceId": "trace-81",
              "geometry": {
                "mode": "surface-morph",
                "patchCount": 237,
                "retainedPatchCount": 174,
                "addedPatchCount": 24,
                "removedPatchCount": 39,
                "visibleWaterMeshCount": 1,
                "opacityCrossfade": false
              },
              "progress": 1,
              "frameCount": 9,
              "completed": true,
              "superseded": false,
              "progressSamples": [
                0,
                0.1388888888888889,
                0.2911111111442248,
                0.4294444444278876,
                0.5772222222553359,
                0.7099999999834432,
                0.8577777778108915,
                1,
                1
              ]
            },
            {
              "chunkKey": "2,1,-1",
              "targetRevision": 0,
              "traceId": "trace-83",
              "geometry": {
                "mode": "surface-morph",
                "patchCount": 24,
                "retainedPatchCount": 0,
                "addedPatchCount": 0,
                "removedPatchCount": 24,
                "visibleWaterMeshCount": 1,
                "opacityCrossfade": false
              },
              "progress": 1,
              "frameCount": 9,
              "completed": true,
              "superseded": false,
              "progressSamples": [
                0,
                0.1449999999668863,
                0.2827777778108915,
                0.42444444447755814,
                0.5794444444278876,
                0.713333333366447,
                0.8650000000165569,
                1,
                1
              ]
            },
            {
              "chunkKey": "1,1,0",
              "targetRevision": 0,
              "traceId": "trace-84",
              "geometry": {
                "mode": "surface-morph",
                "patchCount": 9,
                "retainedPatchCount": 0,
                "addedPatchCount": 0,
                "removedPatchCount": 9,
                "visibleWaterMeshCount": 1,
                "opacityCrossfade": false
              },
              "progress": 1,
              "frameCount": 9,
              "completed": true,
              "superseded": false,
              "progressSamples": [
                0,
                0.14888888887233204,
                0.286666666633553,
                0.461666666633553,
                0.6099999999834431,
                0.7505555555224419,
                0.8911111110614406,
                1,
                1
              ]
            },
            {
              "chunkKey": "2,0,-1",
              "targetRevision": 64,
              "traceId": "trace-90",
              "geometry": {
                "mode": "surface-morph",
                "patchCount": 579,
                "retainedPatchCount": 446,
                "addedPatchCount": 5,
                "removedPatchCount": 128,
                "visibleWaterMeshCount": 1,
                "opacityCrossfade": false
              },
              "progress": 1,
              "frameCount": 10,
              "completed": true,
              "superseded": false,
              "progressSamples": [
                0,
                0.15111111112766795,
                0.29000000001655685,
                0.4344444444610013,
                0.5683333333167765,
                0.7055555555555556,
                0.8466666666997804,
                0.9844444444610013,
                1,
                1
              ]
            },
            {
              "chunkKey": "2,0,0",
              "targetRevision": 80,
              "traceId": "trace-88",
              "geometry": {
                "mode": "surface-morph",
                "patchCount": 752,
                "retainedPatchCount": 544,
                "addedPatchCount": 19,
                "removedPatchCount": 189,
                "visibleWaterMeshCount": 1,
                "opacityCrossfade": false
              },
              "progress": 1,
              "frameCount": 9,
              "completed": true,
              "superseded": false,
              "progressSamples": [
                0,
                0.1427777777115504,
                0.2799999999503295,
                0.43111111107799743,
                0.5716666666169962,
                0.7266666666501098,
                0.8622222221559949,
                1,
                1
              ]
            },
            {
              "chunkKey": "1,0,0",
              "targetRevision": 81,
              "traceId": "trace-94",
              "geometry": {
                "mode": "surface-morph",
                "patchCount": 200,
                "retainedPatchCount": 173,
                "addedPatchCount": 2,
                "removedPatchCount": 25,
                "visibleWaterMeshCount": 1,
                "opacityCrossfade": false
              },
              "progress": 1,
              "frameCount": 10,
              "completed": true,
              "superseded": false,
              "progressSamples": [
                0,
                0.14222222218910854,
                0.27611111112766795,
                0.4327777778108915,
                0.5683333333167765,
                0.6994444444775582,
                0.8511111111276679,
                0.9872222222387791,
                1,
                1
              ]
            },
            {
              "chunkKey": "2,0,-1",
              "targetRevision": 91,
              "traceId": "trace-91",
              "geometry": {
                "mode": "surface-morph",
                "patchCount": 463,
                "retainedPatchCount": 362,
                "addedPatchCount": 12,
                "removedPatchCount": 89,
                "visibleWaterMeshCount": 1,
                "opacityCrossfade": false
              },
              "progress": 1,
              "frameCount": 8,
              "completed": true,
              "superseded": false,
              "progressSamples": [
                0,
                0.23111111107799742,
                0.3911111110614406,
                0.5383333332836628,
                0.6833333333333333,
                0.8399999999337726,
                1,
                1
              ]
            },
            {
              "chunkKey": "1,0,-1",
              "targetRevision": 13,
              "traceId": "trace-92",
              "geometry": {
                "mode": "surface-morph",
                "patchCount": 78,
                "retainedPatchCount": 57,
                "addedPatchCount": 0,
                "removedPatchCount": 21,
                "visibleWaterMeshCount": 1,
                "opacityCrossfade": false
              },
              "progress": 1,
              "frameCount": 10,
              "completed": true,
              "superseded": false,
              "progressSamples": [
                0,
                0.13222222220566537,
                0.2811111110779974,
                0.41500000001655685,
                0.560555555505885,
                0.7016666666501098,
                0.8438888888392183,
                0.9849999999834431,
                1,
                1
              ]
            },
            {
              "chunkKey": "2,0,0",
              "targetRevision": 100,
              "traceId": "trace-98",
              "geometry": {
                "mode": "surface-morph",
                "patchCount": 598,
                "retainedPatchCount": 419,
                "addedPatchCount": 35,
                "removedPatchCount": 144,
                "visibleWaterMeshCount": 1,
                "opacityCrossfade": false
              },
              "progress": 1,
              "frameCount": 9,
              "completed": true,
              "superseded": false,
              "progressSamples": [
                0,
                0.15777777772810725,
                0.301111111127668,
                0.44499999996688633,
                0.5822222222056653,
                0.7288888889054458,
                0.8588888888557752,
                1,
                1
              ]
            },
            {
              "chunkKey": "1,0,0",
              "targetRevision": 100,
              "traceId": "trace-100",
              "geometry": {
                "mode": "surface-morph",
                "patchCount": 183,
                "retainedPatchCount": 164,
                "addedPatchCount": 8,
                "removedPatchCount": 11,
                "visibleWaterMeshCount": 1,
                "opacityCrossfade": false
              },
              "progress": 1,
              "frameCount": 9,
              "completed": true,
              "superseded": false,
              "progressSamples": [
                0,
                0.13944444441133075,
                0.2788888889054457,
                0.4166666666666667,
                0.5483333333498902,
                0.7083333333333334,
                0.85,
                1,
                1
              ]
            },
            {
              "chunkKey": "2,0,-1",
              "targetRevision": 111,
              "traceId": "trace-102",
              "geometry": {
                "mode": "surface-morph",
                "patchCount": 380,
                "retainedPatchCount": 94,
                "addedPatchCount": 6,
                "removedPatchCount": 280,
                "visibleWaterMeshCount": 1,
                "opacityCrossfade": false
              },
              "progress": 1,
              "frameCount": 10,
              "completed": true,
              "superseded": false,
              "progressSamples": [
                0,
                0.14444444444444443,
                0.2844444444610013,
                0.43777777776122095,
                0.5733333333498902,
                0.7161111111442248,
                0.85,
                0.9877777777612209,
                1,
                1
              ]
            },
            {
              "chunkKey": "1,0,-1",
              "targetRevision": 22,
              "traceId": "trace-97",
              "geometry": {
                "mode": "surface-morph",
                "patchCount": 60,
                "retainedPatchCount": 20,
                "addedPatchCount": 3,
                "removedPatchCount": 37,
                "visibleWaterMeshCount": 1,
                "opacityCrossfade": false
              },
              "progress": 1,
              "frameCount": 10,
              "completed": true,
              "superseded": false,
              "progressSamples": [
                0,
                0.1361111111111111,
                0.28888888888888886,
                0.41444444441133077,
                0.562777777761221,
                0.6955555554893281,
                0.8266666666501098,
                0.9588888888557752,
                1,
                1
              ]
            },
            {
              "chunkKey": "2,0,0",
              "targetRevision": 122,
              "traceId": "trace-99",
              "geometry": {
                "mode": "surface-morph",
                "patchCount": 454,
                "retainedPatchCount": 30,
                "addedPatchCount": 0,
                "removedPatchCount": 424,
                "visibleWaterMeshCount": 1,
                "opacityCrossfade": false
              },
              "progress": 1,
              "frameCount": 10,
              "completed": true,
              "superseded": false,
              "progressSamples": [
                0,
                0.12777777777777777,
                0.2766666666501098,
                0.4088888889385594,
                0.564444444494115,
                0.698888888872332,
                0.838333333366447,
                0.9761111111276679,
                1,
                1
              ]
            },
            {
              "chunkKey": "1,0,0",
              "targetRevision": 111,
              "traceId": "trace-101",
              "geometry": {
                "mode": "surface-morph",
                "patchCount": 172,
                "retainedPatchCount": 0,
                "addedPatchCount": 0,
                "removedPatchCount": 172,
                "visibleWaterMeshCount": 1,
                "opacityCrossfade": false
              },
              "progress": 1,
              "frameCount": 10,
              "completed": true,
              "superseded": false,
              "progressSamples": [
                0,
                0.12833333338300387,
                0.275,
                0.40111111112766795,
                0.5344444444610013,
                0.6527777777777778,
                0.7922222222718928,
                0.9150000000165568,
                1,
                1
              ]
            },
            {
              "chunkKey": "2,0,-1",
              "targetRevision": 120,
              "traceId": "trace-103",
              "geometry": {
                "mode": "surface-morph",
                "patchCount": 100,
                "retainedPatchCount": 0,
                "addedPatchCount": 0,
                "removedPatchCount": 100,
                "visibleWaterMeshCount": 1,
                "opacityCrossfade": false
              },
              "progress": 1,
              "frameCount": 4,
              "completed": true,
              "superseded": false,
              "progressSamples": [
                0,
                0.7799999999503294,
                1,
                1
              ]
            },
            {
              "chunkKey": "1,0,-1",
              "targetRevision": 24,
              "traceId": "trace-104",
              "geometry": {
                "mode": "surface-morph",
                "patchCount": 23,
                "retainedPatchCount": 0,
                "addedPatchCount": 0,
                "removedPatchCount": 23,
                "visibleWaterMeshCount": 1,
                "opacityCrossfade": false
              },
              "progress": 1,
              "frameCount": 10,
              "completed": true,
              "superseded": false,
              "progressSamples": [
                0,
                0.13833333336644701,
                0.2838888888557752,
                0.43111111107799743,
                0.5699999999668863,
                0.6994444444775582,
                0.8433333333167765,
                0.9655555555389987,
                1,
                1
              ]
            },
            {
              "chunkKey": "2,0,0",
              "targetRevision": 123,
              "traceId": "trace-105",
              "geometry": {
                "mode": "surface-morph",
                "patchCount": 30,
                "retainedPatchCount": 0,
                "addedPatchCount": 0,
                "removedPatchCount": 30,
                "visibleWaterMeshCount": 1,
                "opacityCrossfade": false
              },
              "progress": 1,
              "frameCount": 10,
              "completed": true,
              "superseded": false,
              "progressSamples": [
                0,
                0.12833333338300387,
                0.26555555553899873,
                0.39500000004967056,
                0.5316666666832235,
                0.687222222238779,
                0.8283333333830039,
                0.9533333333830039,
                1,
                1
              ]
            }
          ]
        },
        "ui": {
          "runtime": "svelte5",
          "shellPublishCount": 63,
          "hudPublishCount": 195,
          "interactionPublishCount": 316,
          "debugProjectionCount": 364,
          "debugPublishCount": 366,
          "staleUpdateCount": 0,
          "coalescedUpdateCount": 19119,
          "domCommitCount": 861,
          "projectionDurationMs": 829.9000000059605,
          "publishDurationMs": 15.39999994635582,
          "domCommitDurationMs": 1112.900000050664,
          "debugProjectionRate": 3.83317026476418,
          "totalPublishRate": 9.837058497143435
        },
        "gameplay": {
          "entityCount": 5,
          "worldItemCount": 0,
          "creatureCount": 4,
          "npcCount": 0,
          "nearbyVisitedBucketCount": 27,
          "nearbyCandidateCount": 2,
          "nearbyReturnedCount": 2,
          "inventoryOperationCount": 35,
          "gameplayEventCount": 3633,
          "snapshotBytes": 54486,
          "retainedActorCount": 4,
          "activeActorCount": 2,
          "behaviorEvaluationCount": 0,
          "navigationPlanCount": 0,
          "navigationExpandedNodeCount": 0,
          "pathRecomputeCount": 0,
          "actionCompletionCount": 12,
          "actionFailureCount": 0,
          "actionInterruptionCount": 1,
          "perceptionLineOfSightCheckCount": 0,
          "simulationTime": 206.5,
          "presentedEntityCount": 4
        },
        "breakingOverlay": null,
        "viewmodel": {
          "isolatedLayer": true
        },
        "visualEffects": {
          "activeLocalLights": 0,
          "shadowedLocalLights": 0,
          "localLightLimit": 0,
          "localShadowLimit": 0,
          "sunShadows": false,
          "sunShadowResolution": 0,
          "reflectionEnabled": false,
          "reflectionActive": false,
          "reflectionResolution": 0,
          "reflectionFrameInterval": 0,
          "reflectionRenderCount": 0,
          "waterPlaneY": null,
          "postProcessing": false,
          "shadowUpdateCount": 0,
          "shadowStableFrameCount": 5035,
          "blockLightReady": true,
          "blockLightSourceRevision": 142,
          "blockLightRebuildCount": 1251
        },
        "water": {
          "bodyFraction": 0,
          "wading": false,
          "swimming": false,
          "cameraSubmerged": false,
          "cameraDepth": null,
          "waterSurfaceY": null,
          "underwaterBlend": 0
        }
      },
      "logicEvidence": []
    },
    {
      "schemaVersion": 1,
      "status": "FAIL",
      "attempt": 0,
      "test": "非 Classic Playbook 从锁定 production artifact 启动并消费自定义 worldgen/voxel/presentation",
      "project": "chromium",
      "benchmark": false,
      "stages": {},
      "errors": [],
      "current": null,
      "logicEvidence": []
    }
  ]
}
