{
  "schemaVersion": 1,
  "status": "FAIL",
  "attempts": [
    {
      "schemaVersion": 1,
      "status": "FAIL",
      "attempt": 0,
      "test": "Classic 生产旅程以真实输入完成 C0-C5，并复用同一运行时性能场景",
      "project": "chromium",
      "benchmark": false,
      "stages": {
        "C0": {
          "status": "PASS",
          "observation": "Production preview loaded the fixed seed with a stamped Classic composition, Authority/logic/persistence/compute Workers, consumed Wasm bytes and an actual WebGL2 context."
        },
        "C1": {
          "status": "PASS",
          "observation": "Pointer Lock mouse movement changed the route, then held W+Space crossed from Chunk 0 to Chunk 1 and Authority acknowledged it."
        },
        "C2": {
          "status": "PASS",
          "observation": "Mouse mining produced visible drops; movement picked them up; E opened inventory and real 2x2 pointer interactions produced planks, sticks, a wood sword and a workbench."
        },
        "C3": {
          "status": "PASS",
          "observation": "Right click placed crafted planks with a consumed mesh commit; inventory food restored health; held real mouse input buffered and completed the wood-sword second combo hit before defeating the fixed creature; a crafted workbench was placed, opened through the station runtime, then dismantled and recovered through real actions."
        }
      },
      "errors": [
        "Error: \u001b[2mexpect(\u001b[22m\u001b[31mreceived\u001b[39m\u001b[2m).\u001b[22mtoBe\u001b[2m(\u001b[22m\u001b[32mexpected\u001b[39m\u001b[2m) // Object.is equality\u001b[22m\n\nExpected: \u001b[32mtrue\u001b[39m\nReceived: \u001b[31mfalse\u001b[39m\n\nCall Log:\n- Timeout 20000ms exceeded while waiting on the predicate"
      ],
      "current": {
        "frameMs": 17.700000017881393,
        "player": [
          94.45094299316406,
          32.599998474121094,
          -0.6545403003692627
        ],
        "viewAngles": [
          1097.549999999999,
          -27.96
        ],
        "streamCenter": [
          2,
          -1
        ],
        "loadedChunks": 30,
        "renderedChunks": 18,
        "generationQueue": 0,
        "meshingQueue": 0,
        "deferredRemeshes": 0,
        "onGround": true,
        "colliding": false,
        "interactionAttempts": 26,
        "mutationCount": 4271,
        "worldRevision": 154,
        "structuralEventCount": 154,
        "remeshSchedulingCount": 149,
        "lastCommitMutationCount": 1,
        "lastCommitMeshChunkCount": 2,
        "storageBytes": 40292837,
        "worldTime": 23.86199999998682,
        "timePaused": false,
        "quality": "low",
        "triangles": 111858,
        "drawCalls": 33,
        "blockLightBricks": 30,
        "blockLightAllocatedBytes": 7864320,
        "blockLightRebuildCount": 1862,
        "collisionDebug": {
          "enabled": false,
          "entityCount": 0,
          "meshCount": 0,
          "materialCount": 0,
          "visibleBatchCount": 0,
          "vertexCapacity": 0,
          "buildCount": 0,
          "authorityRequestCount": 0
        },
        "runtime": "authority-worker",
        "workers": {
          "total": 5,
          "authority": 1,
          "logic": 1,
          "persistence": 1,
          "fluid": 1,
          "general": 1
        },
        "authority": {
          "physicsHz": 60,
          "paused": true,
          "physicsTick": 17955,
          "integratedPhysicsTimeMs": 299249.9999999822,
          "acknowledgedInputSequence": 11187,
          "physicsDebtMs": 22.000000120024197,
          "activeTimeMs": 299272.0000001022,
          "commitSequence": 100938,
          "physicsCost": {
            "count": 17955,
            "capacity": 256,
            "samplesMs": [
              0.5,
              0.30000001192092896,
              0.5,
              0.29999998211860657,
              0.29999998211860657,
              0.30000001192092896,
              0.3999999761581421,
              0.4000000059604645,
              0.30000001192092896,
              0.29999998211860657,
              0.5,
              0.5,
              0.29999998211860657,
              0.4000000059604645,
              0.5,
              0.3999999761581421,
              0.4000000059604645,
              0.30000001192092896,
              0.4000000059604645,
              0.4000000059604645,
              0.5,
              0.4000000059604645,
              0.4000000059604645,
              0.5,
              0.4000000059604645,
              0.30000001192092896,
              0.4000000059604645,
              0.4000000059604645,
              0.4000000059604645,
              0.5,
              0.4000000059604645,
              0.3999999761581421,
              0.5,
              0.3999999761581421,
              0.4000000059604645,
              0.29999998211860657,
              0.3999999761581421,
              0.4000000059604645,
              0.30000001192092896,
              0.4000000059604645,
              0.4000000059604645,
              0.5,
              0.4000000059604645,
              0.5,
              0.4000000059604645,
              0.4000000059604645,
              0.3999999761581421,
              0.4000000059604645,
              0.30000001192092896,
              0.4000000059604645,
              0.4000000059604645,
              0.4000000059604645,
              0.4000000059604645,
              0.5,
              0.3999999761581421,
              0.4000000059604645,
              0.3999999761581421,
              0.4000000059604645,
              0.30000001192092896,
              0.4000000059604645,
              0.29999998211860657,
              0.4000000059604645,
              0.30000001192092896,
              0.29999998211860657,
              0.5,
              0.3999999761581421,
              0.29999998211860657,
              0.4000000059604645,
              0.5,
              0.4000000059604645,
              0.4000000059604645,
              0.4000000059604645,
              0.19999998807907104,
              0.4000000059604645,
              0.29999998211860657,
              0.29999998211860657,
              0.29999998211860657,
              0.4000000059604645,
              0.5,
              0.4000000059604645,
              0.29999998211860657,
              0.30000001192092896,
              0.4000000059604645,
              0.4000000059604645,
              0.5,
              0.5,
              0.5999999940395355,
              0.4000000059604645,
              0.4000000059604645,
              0.3999999761581421,
              0.5,
              0.4000000059604645,
              0.5,
              0.4000000059604645,
              0.4000000059604645,
              0.5,
              0.29999998211860657,
              0.4000000059604645,
              0.5,
              0.3999999761581421,
              0.30000001192092896,
              0.4000000059604645,
              0.30000001192092896,
              0.4000000059604645,
              0.30000001192092896,
              0.5,
              0.5,
              0.4000000059604645,
              0.3999999761581421,
              0.4000000059604645,
              0.4000000059604645,
              0.29999998211860657,
              0.30000001192092896,
              0.3999999761581421,
              0.4000000059604645,
              0.29999998211860657,
              0.4000000059604645,
              0.4000000059604645,
              0.4000000059604645,
              0.3999999761581421,
              0.4000000059604645,
              0.4000000059604645,
              0.5,
              0.3999999761581421,
              0.5,
              0.4000000059604645,
              0.4000000059604645,
              0.3999999761581421,
              0.4000000059604645,
              0.4000000059604645,
              0.4000000059604645,
              0.4000000059604645,
              0.4000000059604645,
              0.4000000059604645,
              0.4000000059604645,
              0.30000001192092896,
              0.5999999940395355,
              0.5,
              0.3999999761581421,
              0.30000001192092896,
              0.5,
              0.4000000059604645,
              0.4000000059604645,
              0.3999999761581421,
              0.4000000059604645,
              0.4000000059604645,
              0.5,
              0.5,
              0.5,
              0.4000000059604645,
              0.5,
              0.19999998807907104,
              0.30000001192092896,
              0.30000001192092896,
              0.4000000059604645,
              0.30000001192092896,
              0.5,
              0.4000000059604645,
              0.4000000059604645,
              0.3999999761581421,
              0.3999999761581421,
              0.5,
              0.4000000059604645,
              0.4000000059604645,
              0.5,
              0.29999998211860657,
              0.30000001192092896,
              0.30000001192092896,
              0.29999998211860657,
              0.3999999761581421,
              0.30000001192092896,
              0.5,
              0.4000000059604645,
              0.3999999761581421,
              0.3999999761581421,
              0.4000000059604645,
              0.4000000059604645,
              0.5,
              0.30000001192092896,
              0.4000000059604645,
              0.4000000059604645,
              0.4000000059604645,
              0.29999998211860657,
              0.4000000059604645,
              0.4000000059604645,
              0.3999999761581421,
              0.5,
              0.4000000059604645,
              0.4000000059604645,
              0.4000000059604645,
              0.4000000059604645,
              0.6000000238418579,
              0.4000000059604645,
              0.5,
              0.4000000059604645,
              0.4000000059604645,
              0.4000000059604645,
              0.29999998211860657,
              0.4000000059604645,
              0.5,
              0.4000000059604645,
              0.29999998211860657,
              0.4000000059604645,
              0.5,
              0.4000000059604645,
              0.4000000059604645,
              0.4000000059604645,
              0.4000000059604645,
              0.5,
              0.5,
              0.4000000059604645,
              0.30000001192092896,
              0.4000000059604645,
              0.5,
              0.3999999761581421,
              0.4000000059604645,
              0.3999999761581421,
              0.5,
              0.4000000059604645,
              0.4000000059604645,
              0.5,
              0.30000001192092896,
              0.4000000059604645,
              0.5,
              0.4000000059604645,
              0.4000000059604645,
              0.4000000059604645,
              0.4000000059604645,
              0.4000000059604645,
              0.4000000059604645,
              0.4000000059604645,
              0.4000000059604645,
              0.3999999761581421,
              0.5,
              0.4000000059604645,
              0.5,
              0.30000001192092896,
              0.4000000059604645,
              0.5,
              0.5,
              0.4000000059604645,
              0.4000000059604645,
              0.5,
              0.4000000059604645,
              0.5,
              0.4000000059604645,
              0.29999998211860657,
              0.4000000059604645,
              0.4000000059604645,
              0.30000001192092896,
              0.3999999761581421,
              0.4000000059604645,
              0.3999999761581421,
              0.4000000059604645,
              0.4000000059604645,
              0.3999999761581421
            ]
          },
          "fluid": {
            "pendingCellCount": 0,
            "inFlightLeaseCount": 0,
            "acceptedCandidateCount": 128,
            "rejectedCandidateCount": 0,
            "returnedLeaseCount": 0,
            "issuedLeaseCount": 128,
            "settledLeaseCount": 128
          },
          "residency": {
            "residentCount": 65,
            "target": 256,
            "hardLimit": 2048,
            "pinnedCount": 38,
            "dirtyCount": 0,
            "evictableCleanCount": 27,
            "evictionCount": 0,
            "rejectedAdmissionCount": 0,
            "oversubscribed": false,
            "autoSaveInFlight": false,
            "autoSaveFailureCount": 0,
            "nextRetryActiveTimeMs": 0,
            "lastSaveError": null
          },
          "bodies": {
            "total": 8,
            "actors": 8,
            "worldItems": 0,
            "nearPlayer": 3
          },
          "snapshotRejections": {
            "wrong-epoch": 0,
            "duplicate": 3609,
            "physics-tick-regressed": 0,
            "commit-regressed": 0,
            "ack-regressed": 0
          }
        },
        "logic": {
          "blockStartedCount": 0,
          "blockCompletedCount": 0,
          "observationInFlight": true,
          "pendingObservationCount": 0,
          "submittedObservationCount": 4687,
          "receivedBatchCount": 4686,
          "completedBatchCount": 4686,
          "rejectedBatchCount": 0,
          "lastRoundTripMs": 0.20000001788139343
        },
        "trajectory": [
          {
            "physicsTick": 17619,
            "activeTimeMs": 293660.0000001022,
            "position": [
              94.45094541979219,
              32.6,
              -0.6545403172740075
            ]
          },
          {
            "physicsTick": 17620,
            "activeTimeMs": 293681.30000011413,
            "position": [
              94.45094541979219,
              32.6,
              -0.6545403172740075
            ]
          },
          {
            "physicsTick": 17621,
            "activeTimeMs": 293698.0000001022,
            "position": [
              94.45094541979219,
              32.6,
              -0.6545403172740075
            ]
          },
          {
            "physicsTick": 17623,
            "activeTimeMs": 293721.10000009625,
            "position": [
              94.45094541979219,
              32.6,
              -0.6545403172740075
            ]
          },
          {
            "physicsTick": 17624,
            "activeTimeMs": 293740.0000001022,
            "position": [
              94.45094541979219,
              32.6,
              -0.6545403172740075
            ]
          },
          {
            "physicsTick": 17625,
            "activeTimeMs": 293760.2000000903,
            "position": [
              94.45094541979219,
              32.6,
              -0.6545403172740075
            ]
          },
          {
            "physicsTick": 17627,
            "activeTimeMs": 293788.10000009625,
            "position": [
              94.45094541979219,
              32.6,
              -0.6545403172740075
            ]
          },
          {
            "physicsTick": 17628,
            "activeTimeMs": 293809.0000001022,
            "position": [
              94.45094541979219,
              32.6,
              -0.6545403172740075
            ]
          },
          {
            "physicsTick": 17629,
            "activeTimeMs": 293826.2000000903,
            "position": [
              94.45094541979219,
              32.6,
              -0.6545403172740075
            ]
          },
          {
            "physicsTick": 17631,
            "activeTimeMs": 293850.7000000903,
            "position": [
              94.45094541979219,
              32.6,
              -0.6545403172740075
            ]
          },
          {
            "physicsTick": 17632,
            "activeTimeMs": 293875.4000001082,
            "position": [
              94.45094541979219,
              32.6,
              -0.6545403172740075
            ]
          },
          {
            "physicsTick": 17633,
            "activeTimeMs": 293898.9000001082,
            "position": [
              94.45094541979219,
              32.6,
              -0.6545403172740075
            ]
          },
          {
            "physicsTick": 17635,
            "activeTimeMs": 293924.60000009625,
            "position": [
              94.45094541979219,
              32.6,
              -0.6545403172740075
            ]
          },
          {
            "physicsTick": 17636,
            "activeTimeMs": 293944.30000011413,
            "position": [
              94.45094541979219,
              32.6,
              -0.6545403172740075
            ]
          },
          {
            "physicsTick": 17638,
            "activeTimeMs": 293972.7000000903,
            "position": [
              94.45094541979219,
              32.6,
              -0.6545403172740075
            ]
          },
          {
            "physicsTick": 17639,
            "activeTimeMs": 293992.30000011413,
            "position": [
              94.45094541979219,
              32.6,
              -0.6545403172740075
            ]
          },
          {
            "physicsTick": 17640,
            "activeTimeMs": 294010.30000011413,
            "position": [
              94.45094541979219,
              32.6,
              -0.6545403172740075
            ]
          },
          {
            "physicsTick": 17642,
            "activeTimeMs": 294035.2000000903,
            "position": [
              94.45094541979219,
              32.6,
              -0.6545403172740075
            ]
          },
          {
            "physicsTick": 17643,
            "activeTimeMs": 294059.7000000903,
            "position": [
              94.45094541979219,
              32.6,
              -0.6545403172740075
            ]
          },
          {
            "physicsTick": 17644,
            "activeTimeMs": 294081.60000009625,
            "position": [
              94.45094541979219,
              32.6,
              -0.6545403172740075
            ]
          },
          {
            "physicsTick": 17646,
            "activeTimeMs": 294107.80000011413,
            "position": [
              94.45094541979219,
              32.6,
              -0.6545403172740075
            ]
          },
          {
            "physicsTick": 17647,
            "activeTimeMs": 294129.2000000903,
            "position": [
              94.45094541979219,
              32.6,
              -0.6545403172740075
            ]
          },
          {
            "physicsTick": 17649,
            "activeTimeMs": 294154.2000000903,
            "position": [
              94.45094541979219,
              32.6,
              -0.6545403172740075
            ]
          },
          {
            "physicsTick": 17650,
            "activeTimeMs": 294171.30000011413,
            "position": [
              94.45094541979219,
              32.6,
              -0.6545403172740075
            ]
          },
          {
            "physicsTick": 17651,
            "activeTimeMs": 294193.10000009625,
            "position": [
              94.45094541979219,
              32.6,
              -0.6545403172740075
            ]
          },
          {
            "physicsTick": 17653,
            "activeTimeMs": 294218.80000011413,
            "position": [
              94.45094541979219,
              32.6,
              -0.6545403172740075
            ]
          },
          {
            "physicsTick": 17654,
            "activeTimeMs": 294241.5000001022,
            "position": [
              94.45094541979219,
              32.6,
              -0.6545403172740075
            ]
          },
          {
            "physicsTick": 17656,
            "activeTimeMs": 294267.4000001082,
            "position": [
              94.45094541979219,
              32.6,
              -0.6545403172740075
            ]
          },
          {
            "physicsTick": 17657,
            "activeTimeMs": 294289.4000001082,
            "position": [
              94.45094541979219,
              32.6,
              -0.6545403172740075
            ]
          },
          {
            "physicsTick": 17658,
            "activeTimeMs": 294308.5000001022,
            "position": [
              94.45094541979219,
              32.6,
              -0.6545403172740075
            ]
          },
          {
            "physicsTick": 17659,
            "activeTimeMs": 294329.0000001022,
            "position": [
              94.45094541979219,
              32.6,
              -0.6545403172740075
            ]
          },
          {
            "physicsTick": 17661,
            "activeTimeMs": 294356.9000001082,
            "position": [
              94.45094541979219,
              32.6,
              -0.6545403172740075
            ]
          },
          {
            "physicsTick": 17662,
            "activeTimeMs": 294377.5000001022,
            "position": [
              94.45094541979219,
              32.6,
              -0.6545403172740075
            ]
          },
          {
            "physicsTick": 17663,
            "activeTimeMs": 294394.2000000903,
            "position": [
              94.45094541979219,
              32.6,
              -0.6545403172740075
            ]
          },
          {
            "physicsTick": 17665,
            "activeTimeMs": 294419.80000011413,
            "position": [
              94.45094541979219,
              32.6,
              -0.6545403172740075
            ]
          },
          {
            "physicsTick": 17666,
            "activeTimeMs": 294443.2000000903,
            "position": [
              94.45094541979219,
              32.6,
              -0.6545403172740075
            ]
          },
          {
            "physicsTick": 17667,
            "activeTimeMs": 294465.4000001082,
            "position": [
              94.45094541979219,
              32.6,
              -0.6545403172740075
            ]
          },
          {
            "physicsTick": 17669,
            "activeTimeMs": 294483.5000001022,
            "position": [
              94.45094541979219,
              32.6,
              -0.6545403172740075
            ]
          },
          {
            "physicsTick": 17670,
            "activeTimeMs": 294507.30000011413,
            "position": [
              94.45094541979219,
              32.6,
              -0.6545403172740075
            ]
          },
          {
            "physicsTick": 17671,
            "activeTimeMs": 294528.7000000903,
            "position": [
              94.45094541979219,
              32.6,
              -0.6545403172740075
            ]
          },
          {
            "physicsTick": 17673,
            "activeTimeMs": 294555.9000001082,
            "position": [
              94.45094541979219,
              32.6,
              -0.6545403172740075
            ]
          },
          {
            "physicsTick": 17674,
            "activeTimeMs": 294572.80000011413,
            "position": [
              94.45094541979219,
              32.6,
              -0.6545403172740075
            ]
          },
          {
            "physicsTick": 17675,
            "activeTimeMs": 294593.30000011413,
            "position": [
              94.45094541979219,
              32.6,
              -0.6545403172740075
            ]
          },
          {
            "physicsTick": 17677,
            "activeTimeMs": 294619.9000001082,
            "position": [
              94.45094541979219,
              32.6,
              -0.6545403172740075
            ]
          },
          {
            "physicsTick": 17678,
            "activeTimeMs": 294643.30000011413,
            "position": [
              94.45094541979219,
              32.6,
              -0.6545403172740075
            ]
          },
          {
            "physicsTick": 17680,
            "activeTimeMs": 294666.7000000903,
            "position": [
              94.45094541979219,
              32.6,
              -0.6545403172740075
            ]
          },
          {
            "physicsTick": 17681,
            "activeTimeMs": 294691.7000000903,
            "position": [
              94.45094541979219,
              32.6,
              -0.6545403172740075
            ]
          },
          {
            "physicsTick": 17682,
            "activeTimeMs": 294712.60000009625,
            "position": [
              94.45094541979219,
              32.6,
              -0.6545403172740075
            ]
          },
          {
            "physicsTick": 17683,
            "activeTimeMs": 294729.7000000903,
            "position": [
              94.45094541979219,
              32.6,
              -0.6545403172740075
            ]
          },
          {
            "physicsTick": 17685,
            "activeTimeMs": 294752.4000001082,
            "position": [
              94.45094541979219,
              32.6,
              -0.6545403172740075
            ]
          },
          {
            "physicsTick": 17686,
            "activeTimeMs": 294772.9000001082,
            "position": [
              94.45094541979219,
              32.6,
              -0.6545403172740075
            ]
          },
          {
            "physicsTick": 17687,
            "activeTimeMs": 294793.30000011413,
            "position": [
              94.45094541979219,
              32.6,
              -0.6545403172740075
            ]
          },
          {
            "physicsTick": 17689,
            "activeTimeMs": 294818.10000009625,
            "position": [
              94.45094541979219,
              32.6,
              -0.6545403172740075
            ]
          },
          {
            "physicsTick": 17690,
            "activeTimeMs": 294835.0000001022,
            "position": [
              94.45094541979219,
              32.6,
              -0.6545403172740075
            ]
          },
          {
            "physicsTick": 17691,
            "activeTimeMs": 294856.2000000903,
            "position": [
              94.45094541979219,
              32.6,
              -0.6545403172740075
            ]
          },
          {
            "physicsTick": 17692,
            "activeTimeMs": 294875.4000001082,
            "position": [
              94.45094541979219,
              32.6,
              -0.6545403172740075
            ]
          },
          {
            "physicsTick": 17693,
            "activeTimeMs": 294897.30000011413,
            "position": [
              94.45094541979219,
              32.6,
              -0.6545403172740075
            ]
          },
          {
            "physicsTick": 17695,
            "activeTimeMs": 294924.2000000903,
            "position": [
              94.45094541979219,
              32.6,
              -0.6545403172740075
            ]
          },
          {
            "physicsTick": 17696,
            "activeTimeMs": 294945.2000000903,
            "position": [
              94.45094541979219,
              32.6,
              -0.6545403172740075
            ]
          },
          {
            "physicsTick": 17698,
            "activeTimeMs": 294972.10000009625,
            "position": [
              94.45094541979219,
              32.6,
              -0.6545403172740075
            ]
          },
          {
            "physicsTick": 17699,
            "activeTimeMs": 294992.80000011413,
            "position": [
              94.45094541979219,
              32.6,
              -0.6545403172740075
            ]
          },
          {
            "physicsTick": 17700,
            "activeTimeMs": 295010.0000001022,
            "position": [
              94.45094541979219,
              32.6,
              -0.6545403172740075
            ]
          },
          {
            "physicsTick": 17702,
            "activeTimeMs": 295035.0000001022,
            "position": [
              94.45094541979219,
              32.6,
              -0.6545403172740075
            ]
          },
          {
            "physicsTick": 17703,
            "activeTimeMs": 295057.2000000903,
            "position": [
              94.45094541979219,
              32.6,
              -0.6545403172740075
            ]
          },
          {
            "physicsTick": 17704,
            "activeTimeMs": 295083.10000009625,
            "position": [
              94.45094541979219,
              32.6,
              -0.6545403172740075
            ]
          },
          {
            "physicsTick": 17706,
            "activeTimeMs": 295107.7000000903,
            "position": [
              94.45094541979219,
              32.6,
              -0.6545403172740075
            ]
          },
          {
            "physicsTick": 17707,
            "activeTimeMs": 295129.4000001082,
            "position": [
              94.45094541979219,
              32.6,
              -0.6545403172740075
            ]
          },
          {
            "physicsTick": 17709,
            "activeTimeMs": 295156.2000000903,
            "position": [
              94.45094541979219,
              32.6,
              -0.6545403172740075
            ]
          },
          {
            "physicsTick": 17710,
            "activeTimeMs": 295176.4000001082,
            "position": [
              94.45094541979219,
              32.6,
              -0.6545403172740075
            ]
          },
          {
            "physicsTick": 17711,
            "activeTimeMs": 295194.10000009625,
            "position": [
              94.45094541979219,
              32.6,
              -0.6545403172740075
            ]
          },
          {
            "physicsTick": 17713,
            "activeTimeMs": 295219.4000001082,
            "position": [
              94.45094541979219,
              32.6,
              -0.6545403172740075
            ]
          },
          {
            "physicsTick": 17714,
            "activeTimeMs": 295244.2000000903,
            "position": [
              94.45094541979219,
              32.6,
              -0.6545403172740075
            ]
          },
          {
            "physicsTick": 17715,
            "activeTimeMs": 295264.9000001082,
            "position": [
              94.45094541979219,
              32.6,
              -0.6545403172740075
            ]
          },
          {
            "physicsTick": 17716,
            "activeTimeMs": 295282.5000001022,
            "position": [
              94.45094541979219,
              32.6,
              -0.6545403172740075
            ]
          },
          {
            "physicsTick": 17718,
            "activeTimeMs": 295305.9000001082,
            "position": [
              94.45094541979219,
              32.6,
              -0.6545403172740075
            ]
          },
          {
            "physicsTick": 17719,
            "activeTimeMs": 295325.10000009625,
            "position": [
              94.45094541979219,
              32.6,
              -0.6545403172740075
            ]
          },
          {
            "physicsTick": 17720,
            "activeTimeMs": 295345.2000000903,
            "position": [
              94.45094541979219,
              32.6,
              -0.6545403172740075
            ]
          },
          {
            "physicsTick": 17722,
            "activeTimeMs": 295369.9000001082,
            "position": [
              94.45094541979219,
              32.6,
              -0.6545403172740075
            ]
          },
          {
            "physicsTick": 17723,
            "activeTimeMs": 295387.80000011413,
            "position": [
              94.45094541979219,
              32.6,
              -0.6545403172740075
            ]
          },
          {
            "physicsTick": 17724,
            "activeTimeMs": 295408.10000009625,
            "position": [
              94.45094541979219,
              32.6,
              -0.6545403172740075
            ]
          },
          {
            "physicsTick": 17725,
            "activeTimeMs": 295427.4000001082,
            "position": [
              94.45094541979219,
              32.6,
              -0.6545403172740075
            ]
          },
          {
            "physicsTick": 17727,
            "activeTimeMs": 295451.60000009625,
            "position": [
              94.45094541979219,
              32.6,
              -0.6545403172740075
            ]
          },
          {
            "physicsTick": 17728,
            "activeTimeMs": 295473.4000001082,
            "position": [
              94.45094541979219,
              32.6,
              -0.6545403172740075
            ]
          },
          {
            "physicsTick": 17729,
            "activeTimeMs": 295498.60000009625,
            "position": [
              94.45094541979219,
              32.6,
              -0.6545403172740075
            ]
          },
          {
            "physicsTick": 17731,
            "activeTimeMs": 295524.80000011413,
            "position": [
              94.45094541979219,
              32.6,
              -0.6545403172740075
            ]
          },
          {
            "physicsTick": 17732,
            "activeTimeMs": 295544.7000000903,
            "position": [
              94.45094541979219,
              32.6,
              -0.6545403172740075
            ]
          },
          {
            "physicsTick": 17734,
            "activeTimeMs": 295571.7000000903,
            "position": [
              94.45094541979219,
              32.6,
              -0.6545403172740075
            ]
          },
          {
            "physicsTick": 17735,
            "activeTimeMs": 295594.2000000903,
            "position": [
              94.45094541979219,
              32.6,
              -0.6545403172740075
            ]
          },
          {
            "physicsTick": 17737,
            "activeTimeMs": 295619.9000001082,
            "position": [
              94.45094541979219,
              32.6,
              -0.6545403172740075
            ]
          },
          {
            "physicsTick": 17738,
            "activeTimeMs": 295643.5000001022,
            "position": [
              94.45094541979219,
              32.6,
              -0.6545403172740075
            ]
          },
          {
            "physicsTick": 17740,
            "activeTimeMs": 295668.0000001022,
            "position": [
              94.45094541979219,
              32.6,
              -0.6545403172740075
            ]
          },
          {
            "physicsTick": 17741,
            "activeTimeMs": 295690.5000001022,
            "position": [
              94.45094541979219,
              32.6,
              -0.6545403172740075
            ]
          },
          {
            "physicsTick": 17742,
            "activeTimeMs": 295708.0000001022,
            "position": [
              94.45094541979219,
              32.6,
              -0.6545403172740075
            ]
          },
          {
            "physicsTick": 17743,
            "activeTimeMs": 295728.9000001082,
            "position": [
              94.45094541979219,
              32.6,
              -0.6545403172740075
            ]
          },
          {
            "physicsTick": 17745,
            "activeTimeMs": 295755.9000001082,
            "position": [
              94.45094541979219,
              32.6,
              -0.6545403172740075
            ]
          },
          {
            "physicsTick": 17746,
            "activeTimeMs": 295772.80000011413,
            "position": [
              94.45094541979219,
              32.6,
              -0.6545403172740075
            ]
          },
          {
            "physicsTick": 17747,
            "activeTimeMs": 295792.9000001082,
            "position": [
              94.45094541979219,
              32.6,
              -0.6545403172740075
            ]
          },
          {
            "physicsTick": 17749,
            "activeTimeMs": 295820.10000009625,
            "position": [
              94.45094541979219,
              32.6,
              -0.6545403172740075
            ]
          },
          {
            "physicsTick": 17750,
            "activeTimeMs": 295841.4000001082,
            "position": [
              94.45094541979219,
              32.6,
              -0.6545403172740075
            ]
          },
          {
            "physicsTick": 17752,
            "activeTimeMs": 295867.4000001082,
            "position": [
              94.45094541979219,
              32.6,
              -0.6545403172740075
            ]
          },
          {
            "physicsTick": 17753,
            "activeTimeMs": 295891.9000001082,
            "position": [
              94.45094541979219,
              32.6,
              -0.6545403172740075
            ]
          },
          {
            "physicsTick": 17754,
            "activeTimeMs": 295913.10000009625,
            "position": [
              94.45094541979219,
              32.6,
              -0.6545403172740075
            ]
          },
          {
            "physicsTick": 17756,
            "activeTimeMs": 295936.80000011413,
            "position": [
              94.45094541979219,
              32.6,
              -0.6545403172740075
            ]
          },
          {
            "physicsTick": 17757,
            "activeTimeMs": 295953.5000001022,
            "position": [
              94.45094541979219,
              32.6,
              -0.6545403172740075
            ]
          },
          {
            "physicsTick": 17758,
            "activeTimeMs": 295971.9000001082,
            "position": [
              94.45094541979219,
              32.6,
              -0.6545403172740075
            ]
          },
          {
            "physicsTick": 17759,
            "activeTimeMs": 295994.2000000903,
            "position": [
              94.45094541979219,
              32.6,
              -0.6545403172740075
            ]
          },
          {
            "physicsTick": 17761,
            "activeTimeMs": 296020.10000009625,
            "position": [
              94.45094541979219,
              32.6,
              -0.6545403172740075
            ]
          },
          {
            "physicsTick": 17762,
            "activeTimeMs": 296042.80000011413,
            "position": [
              94.45094541979219,
              32.6,
              -0.6545403172740075
            ]
          },
          {
            "physicsTick": 17763,
            "activeTimeMs": 296064.2000000903,
            "position": [
              94.45094541979219,
              32.6,
              -0.6545403172740075
            ]
          },
          {
            "physicsTick": 17764,
            "activeTimeMs": 296081.2000000903,
            "position": [
              94.45094541979219,
              32.6,
              -0.6545403172740075
            ]
          },
          {
            "physicsTick": 17765,
            "activeTimeMs": 296098.10000009625,
            "position": [
              94.45094541979219,
              32.6,
              -0.6545403172740075
            ]
          },
          {
            "physicsTick": 17767,
            "activeTimeMs": 296122.0000001022,
            "position": [
              94.45094541979219,
              32.6,
              -0.6545403172740075
            ]
          },
          {
            "physicsTick": 17768,
            "activeTimeMs": 296140.0000001022,
            "position": [
              94.45094541979219,
              32.6,
              -0.6545403172740075
            ]
          },
          {
            "physicsTick": 17769,
            "activeTimeMs": 296160.80000011413,
            "position": [
              94.45094541979219,
              32.6,
              -0.6545403172740075
            ]
          },
          {
            "physicsTick": 17770,
            "activeTimeMs": 296177.60000009625,
            "position": [
              94.45094541979219,
              32.6,
              -0.6545403172740075
            ]
          },
          {
            "physicsTick": 17772,
            "activeTimeMs": 296204.4000001082,
            "position": [
              94.45094541979219,
              32.6,
              -0.6545403172740075
            ]
          },
          {
            "physicsTick": 17773,
            "activeTimeMs": 296226.2000000903,
            "position": [
              94.45094541979219,
              32.6,
              -0.6545403172740075
            ]
          },
          {
            "physicsTick": 17774,
            "activeTimeMs": 296243.10000009625,
            "position": [
              94.45094541979219,
              32.6,
              -0.6545403172740075
            ]
          },
          {
            "physicsTick": 17776,
            "activeTimeMs": 296266.9000001082,
            "position": [
              94.45094541979219,
              32.6,
              -0.6545403172740075
            ]
          },
          {
            "physicsTick": 17777,
            "activeTimeMs": 296292.2000000903,
            "position": [
              94.45094541979219,
              32.6,
              -0.6545403172740075
            ]
          },
          {
            "physicsTick": 17778,
            "activeTimeMs": 296312.30000011413,
            "position": [
              94.45094541979219,
              32.6,
              -0.6545403172740075
            ]
          },
          {
            "physicsTick": 17779,
            "activeTimeMs": 296329.4000001082,
            "position": [
              94.45094541979219,
              32.6,
              -0.6545403172740075
            ]
          },
          {
            "physicsTick": 17781,
            "activeTimeMs": 296355.9000001082,
            "position": [
              94.45094541979219,
              32.6,
              -0.6545403172740075
            ]
          },
          {
            "physicsTick": 17782,
            "activeTimeMs": 296377.60000009625,
            "position": [
              94.45094541979219,
              32.6,
              -0.6545403172740075
            ]
          },
          {
            "physicsTick": 17784,
            "activeTimeMs": 296401.5000001022,
            "position": [
              94.45094541979219,
              32.6,
              -0.6545403172740075
            ]
          },
          {
            "physicsTick": 17785,
            "activeTimeMs": 296426.5000001022,
            "position": [
              94.45094541979219,
              32.6,
              -0.6545403172740075
            ]
          },
          {
            "physicsTick": 17786,
            "activeTimeMs": 296448.2000000903,
            "position": [
              94.45094541979219,
              32.6,
              -0.6545403172740075
            ]
          },
          {
            "physicsTick": 17788,
            "activeTimeMs": 296476.10000009625,
            "position": [
              94.45094541979219,
              32.6,
              -0.6545403172740075
            ]
          },
          {
            "physicsTick": 17789,
            "activeTimeMs": 296498.60000009625,
            "position": [
              94.45094541979219,
              32.6,
              -0.6545403172740075
            ]
          },
          {
            "physicsTick": 17791,
            "activeTimeMs": 296523.10000009625,
            "position": [
              94.45094541979219,
              32.6,
              -0.6545403172740075
            ]
          },
          {
            "physicsTick": 17792,
            "activeTimeMs": 296540.10000009625,
            "position": [
              94.45094541979219,
              32.6,
              -0.6545403172740075
            ]
          },
          {
            "physicsTick": 17793,
            "activeTimeMs": 296561.0000001022,
            "position": [
              94.45094541979219,
              32.6,
              -0.6545403172740075
            ]
          },
          {
            "physicsTick": 17795,
            "activeTimeMs": 296588.10000009625,
            "position": [
              94.45094541979219,
              32.6,
              -0.6545403172740075
            ]
          },
          {
            "physicsTick": 17796,
            "activeTimeMs": 296608.5000001022,
            "position": [
              94.45094541979219,
              32.6,
              -0.6545403172740075
            ]
          },
          {
            "physicsTick": 17797,
            "activeTimeMs": 296626.4000001082,
            "position": [
              94.45094541979219,
              32.6,
              -0.6545403172740075
            ]
          },
          {
            "physicsTick": 17799,
            "activeTimeMs": 296651.2000000903,
            "position": [
              94.45094541979219,
              32.6,
              -0.6545403172740075
            ]
          },
          {
            "physicsTick": 17800,
            "activeTimeMs": 296675.10000009625,
            "position": [
              94.45094541979219,
              32.6,
              -0.6545403172740075
            ]
          },
          {
            "physicsTick": 17801,
            "activeTimeMs": 296698.10000009625,
            "position": [
              94.45094541979219,
              32.6,
              -0.6545403172740075
            ]
          },
          {
            "physicsTick": 17803,
            "activeTimeMs": 296724.5000001022,
            "position": [
              94.45094541979219,
              32.6,
              -0.6545403172740075
            ]
          },
          {
            "physicsTick": 17804,
            "activeTimeMs": 296744.2000000903,
            "position": [
              94.45094541979219,
              32.6,
              -0.6545403172740075
            ]
          },
          {
            "physicsTick": 17805,
            "activeTimeMs": 296760.9000001082,
            "position": [
              94.45094541979219,
              32.6,
              -0.6545403172740075
            ]
          },
          {
            "physicsTick": 17807,
            "activeTimeMs": 296788.0000001022,
            "position": [
              94.45094541979219,
              32.6,
              -0.6545403172740075
            ]
          },
          {
            "physicsTick": 17808,
            "activeTimeMs": 296809.0000001022,
            "position": [
              94.45094541979219,
              32.6,
              -0.6545403172740075
            ]
          },
          {
            "physicsTick": 17809,
            "activeTimeMs": 296833.10000009625,
            "position": [
              94.45094541979219,
              32.6,
              -0.6545403172740075
            ]
          },
          {
            "physicsTick": 17811,
            "activeTimeMs": 296851.4000001082,
            "position": [
              94.45094541979219,
              32.6,
              -0.6545403172740075
            ]
          },
          {
            "physicsTick": 17812,
            "activeTimeMs": 296876.0000001022,
            "position": [
              94.45094541979219,
              32.6,
              -0.6545403172740075
            ]
          },
          {
            "physicsTick": 17813,
            "activeTimeMs": 296898.5000001022,
            "position": [
              94.45094541979219,
              32.6,
              -0.6545403172740075
            ]
          },
          {
            "physicsTick": 17815,
            "activeTimeMs": 296923.9000001082,
            "position": [
              94.45094541979219,
              32.6,
              -0.6545403172740075
            ]
          },
          {
            "physicsTick": 17816,
            "activeTimeMs": 296941.10000009625,
            "position": [
              94.45094541979219,
              32.6,
              -0.6545403172740075
            ]
          },
          {
            "physicsTick": 17817,
            "activeTimeMs": 296960.7000000903,
            "position": [
              94.45094541979219,
              32.6,
              -0.6545403172740075
            ]
          },
          {
            "physicsTick": 17819,
            "activeTimeMs": 296987.30000011413,
            "position": [
              94.45094541979219,
              32.6,
              -0.6545403172740075
            ]
          },
          {
            "physicsTick": 17820,
            "activeTimeMs": 297004.5000001022,
            "position": [
              94.45094541979219,
              32.6,
              -0.6545403172740075
            ]
          },
          {
            "physicsTick": 17821,
            "activeTimeMs": 297026.9000001082,
            "position": [
              94.45094541979219,
              32.6,
              -0.6545403172740075
            ]
          },
          {
            "physicsTick": 17823,
            "activeTimeMs": 297051.2000000903,
            "position": [
              94.45094541979219,
              32.6,
              -0.6545403172740075
            ]
          },
          {
            "physicsTick": 17824,
            "activeTimeMs": 297074.80000011413,
            "position": [
              94.45094541979219,
              32.6,
              -0.6545403172740075
            ]
          },
          {
            "physicsTick": 17825,
            "activeTimeMs": 297097.30000011413,
            "position": [
              94.45094541979219,
              32.6,
              -0.6545403172740075
            ]
          },
          {
            "physicsTick": 17827,
            "activeTimeMs": 297124.2000000903,
            "position": [
              94.45094541979219,
              32.6,
              -0.6545403172740075
            ]
          },
          {
            "physicsTick": 17828,
            "activeTimeMs": 297145.5000001022,
            "position": [
              94.45094541979219,
              32.6,
              -0.6545403172740075
            ]
          },
          {
            "physicsTick": 17830,
            "activeTimeMs": 297169.5000001022,
            "position": [
              94.45094541979219,
              32.6,
              -0.6545403172740075
            ]
          },
          {
            "physicsTick": 17831,
            "activeTimeMs": 297188.0000001022,
            "position": [
              94.45094541979219,
              32.6,
              -0.6545403172740075
            ]
          },
          {
            "physicsTick": 17832,
            "activeTimeMs": 297205.10000009625,
            "position": [
              94.45094541979219,
              32.6,
              -0.6545403172740075
            ]
          },
          {
            "physicsTick": 17833,
            "activeTimeMs": 297226.10000009625,
            "position": [
              94.45094541979219,
              32.6,
              -0.6545403172740075
            ]
          },
          {
            "physicsTick": 17834,
            "activeTimeMs": 297243.10000009625,
            "position": [
              94.45094541979219,
              32.6,
              -0.6545403172740075
            ]
          },
          {
            "physicsTick": 17835,
            "activeTimeMs": 297264.60000009625,
            "position": [
              94.45094541979219,
              32.6,
              -0.6545403172740075
            ]
          },
          {
            "physicsTick": 17836,
            "activeTimeMs": 297282.4000001082,
            "position": [
              94.45094541979219,
              32.6,
              -0.6545403172740075
            ]
          },
          {
            "physicsTick": 17838,
            "activeTimeMs": 297307.30000011413,
            "position": [
              94.45094541979219,
              32.6,
              -0.6545403172740075
            ]
          },
          {
            "physicsTick": 17839,
            "activeTimeMs": 297324.60000009625,
            "position": [
              94.45094541979219,
              32.6,
              -0.6545403172740075
            ]
          },
          {
            "physicsTick": 17840,
            "activeTimeMs": 297345.5000001022,
            "position": [
              94.45094541979219,
              32.6,
              -0.6545403172740075
            ]
          },
          {
            "physicsTick": 17842,
            "activeTimeMs": 297371.0000001022,
            "position": [
              94.45094541979219,
              32.6,
              -0.6545403172740075
            ]
          },
          {
            "physicsTick": 17843,
            "activeTimeMs": 297388.80000011413,
            "position": [
              94.45094541979219,
              32.6,
              -0.6545403172740075
            ]
          },
          {
            "physicsTick": 17844,
            "activeTimeMs": 297408.7000000903,
            "position": [
              94.45094541979219,
              32.6,
              -0.6545403172740075
            ]
          },
          {
            "physicsTick": 17845,
            "activeTimeMs": 297425.7000000903,
            "position": [
              94.45094541979219,
              32.6,
              -0.6545403172740075
            ]
          },
          {
            "physicsTick": 17846,
            "activeTimeMs": 297442.5000001022,
            "position": [
              94.45094541979219,
              32.6,
              -0.6545403172740075
            ]
          },
          {
            "physicsTick": 17847,
            "activeTimeMs": 297459.7000000903,
            "position": [
              94.45094541979219,
              32.6,
              -0.6545403172740075
            ]
          },
          {
            "physicsTick": 17848,
            "activeTimeMs": 297481.7000000903,
            "position": [
              94.45094541979219,
              32.6,
              -0.6545403172740075
            ]
          },
          {
            "physicsTick": 17850,
            "activeTimeMs": 297507.9000001082,
            "position": [
              94.45094541979219,
              32.6,
              -0.6545403172740075
            ]
          },
          {
            "physicsTick": 17851,
            "activeTimeMs": 297529.60000009625,
            "position": [
              94.45094541979219,
              32.6,
              -0.6545403172740075
            ]
          },
          {
            "physicsTick": 17853,
            "activeTimeMs": 297555.9000001082,
            "position": [
              94.45094541979219,
              32.6,
              -0.6545403172740075
            ]
          },
          {
            "physicsTick": 17854,
            "activeTimeMs": 297577.10000009625,
            "position": [
              94.45094541979219,
              32.6,
              -0.6545403172740075
            ]
          },
          {
            "physicsTick": 17856,
            "activeTimeMs": 297604.30000011413,
            "position": [
              94.45094541979219,
              32.6,
              -0.6545403172740075
            ]
          },
          {
            "physicsTick": 17857,
            "activeTimeMs": 297627.30000011413,
            "position": [
              94.45094541979219,
              32.6,
              -0.6545403172740075
            ]
          },
          {
            "physicsTick": 17859,
            "activeTimeMs": 297650.2000000903,
            "position": [
              94.45094541979219,
              32.6,
              -0.6545403172740075
            ]
          },
          {
            "physicsTick": 17860,
            "activeTimeMs": 297674.7000000903,
            "position": [
              94.45094541979219,
              32.6,
              -0.6545403172740075
            ]
          },
          {
            "physicsTick": 17861,
            "activeTimeMs": 297691.9000001082,
            "position": [
              94.45094541979219,
              32.6,
              -0.6545403172740075
            ]
          },
          {
            "physicsTick": 17862,
            "activeTimeMs": 297713.0000001022,
            "position": [
              94.45094541979219,
              32.6,
              -0.6545403172740075
            ]
          },
          {
            "physicsTick": 17864,
            "activeTimeMs": 297739.60000009625,
            "position": [
              94.45094541979219,
              32.6,
              -0.6545403172740075
            ]
          },
          {
            "physicsTick": 17865,
            "activeTimeMs": 297760.60000009625,
            "position": [
              94.45094541979219,
              32.6,
              -0.6545403172740075
            ]
          },
          {
            "physicsTick": 17866,
            "activeTimeMs": 297777.4000001082,
            "position": [
              94.45094541979219,
              32.6,
              -0.6545403172740075
            ]
          },
          {
            "physicsTick": 17868,
            "activeTimeMs": 297804.30000011413,
            "position": [
              94.45094541979219,
              32.6,
              -0.6545403172740075
            ]
          },
          {
            "physicsTick": 17869,
            "activeTimeMs": 297827.30000011413,
            "position": [
              94.45094541979219,
              32.6,
              -0.6545403172740075
            ]
          },
          {
            "physicsTick": 17871,
            "activeTimeMs": 297850.7000000903,
            "position": [
              94.45094541979219,
              32.6,
              -0.6545403172740075
            ]
          },
          {
            "physicsTick": 17872,
            "activeTimeMs": 297875.10000009625,
            "position": [
              94.45094541979219,
              32.6,
              -0.6545403172740075
            ]
          },
          {
            "physicsTick": 17873,
            "activeTimeMs": 297891.80000011413,
            "position": [
              94.45094541979219,
              32.6,
              -0.6545403172740075
            ]
          },
          {
            "physicsTick": 17874,
            "activeTimeMs": 297912.9000001082,
            "position": [
              94.45094541979219,
              32.6,
              -0.6545403172740075
            ]
          },
          {
            "physicsTick": 17875,
            "activeTimeMs": 297930.0000001022,
            "position": [
              94.45094541979219,
              32.6,
              -0.6545403172740075
            ]
          },
          {
            "physicsTick": 17877,
            "activeTimeMs": 297953.4000001082,
            "position": [
              94.45094541979219,
              32.6,
              -0.6545403172740075
            ]
          },
          {
            "physicsTick": 17878,
            "activeTimeMs": 297973.10000009625,
            "position": [
              94.45094541979219,
              32.6,
              -0.6545403172740075
            ]
          },
          {
            "physicsTick": 17879,
            "activeTimeMs": 297992.30000011413,
            "position": [
              94.45094541979219,
              32.6,
              -0.6545403172740075
            ]
          },
          {
            "physicsTick": 17880,
            "activeTimeMs": 298009.10000009625,
            "position": [
              94.45094541979219,
              32.6,
              -0.6545403172740075
            ]
          },
          {
            "physicsTick": 17881,
            "activeTimeMs": 298026.0000001022,
            "position": [
              94.45094541979219,
              32.6,
              -0.6545403172740075
            ]
          },
          {
            "physicsTick": 17883,
            "activeTimeMs": 298051.60000009625,
            "position": [
              94.45094541979219,
              32.6,
              -0.6545403172740075
            ]
          },
          {
            "physicsTick": 17884,
            "activeTimeMs": 298074.60000009625,
            "position": [
              94.45094541979219,
              32.6,
              -0.6545403172740075
            ]
          },
          {
            "physicsTick": 17885,
            "activeTimeMs": 298092.2000000903,
            "position": [
              94.45094541979219,
              32.6,
              -0.6545403172740075
            ]
          },
          {
            "physicsTick": 17886,
            "activeTimeMs": 298112.5000001022,
            "position": [
              94.45094541979219,
              32.6,
              -0.6545403172740075
            ]
          },
          {
            "physicsTick": 17888,
            "activeTimeMs": 298139.60000009625,
            "position": [
              94.45094541979219,
              32.6,
              -0.6545403172740075
            ]
          },
          {
            "physicsTick": 17889,
            "activeTimeMs": 298160.5000001022,
            "position": [
              94.45094541979219,
              32.6,
              -0.6545403172740075
            ]
          },
          {
            "physicsTick": 17891,
            "activeTimeMs": 298188.7000000903,
            "position": [
              94.45094541979219,
              32.6,
              -0.6545403172740075
            ]
          },
          {
            "physicsTick": 17892,
            "activeTimeMs": 298209.10000009625,
            "position": [
              94.45094541979219,
              32.6,
              -0.6545403172740075
            ]
          },
          {
            "physicsTick": 17893,
            "activeTimeMs": 298226.0000001022,
            "position": [
              94.45094541979219,
              32.6,
              -0.6545403172740075
            ]
          },
          {
            "physicsTick": 17894,
            "activeTimeMs": 298243.0000001022,
            "position": [
              94.45094541979219,
              32.6,
              -0.6545403172740075
            ]
          },
          {
            "physicsTick": 17896,
            "activeTimeMs": 298267.60000009625,
            "position": [
              94.45094541979219,
              32.6,
              -0.6545403172740075
            ]
          },
          {
            "physicsTick": 17897,
            "activeTimeMs": 298292.4000001082,
            "position": [
              94.45094541979219,
              32.6,
              -0.6545403172740075
            ]
          },
          {
            "physicsTick": 17898,
            "activeTimeMs": 298313.10000009625,
            "position": [
              94.45094541979219,
              32.6,
              -0.6545403172740075
            ]
          },
          {
            "physicsTick": 17900,
            "activeTimeMs": 298337.5000001022,
            "position": [
              94.45094541979219,
              32.6,
              -0.6545403172740075
            ]
          },
          {
            "physicsTick": 17901,
            "activeTimeMs": 298355.7000000903,
            "position": [
              94.45094541979219,
              32.6,
              -0.6545403172740075
            ]
          },
          {
            "physicsTick": 17902,
            "activeTimeMs": 298377.30000011413,
            "position": [
              94.45094541979219,
              32.6,
              -0.6545403172740075
            ]
          },
          {
            "physicsTick": 17904,
            "activeTimeMs": 298404.2000000903,
            "position": [
              94.45094541979219,
              32.6,
              -0.6545403172740075
            ]
          },
          {
            "physicsTick": 17905,
            "activeTimeMs": 298427.0000001022,
            "position": [
              94.45094541979219,
              32.6,
              -0.6545403172740075
            ]
          },
          {
            "physicsTick": 17906,
            "activeTimeMs": 298449.5000001022,
            "position": [
              94.45094541979219,
              32.6,
              -0.6545403172740075
            ]
          },
          {
            "physicsTick": 17908,
            "activeTimeMs": 298475.30000011413,
            "position": [
              94.45094541979219,
              32.6,
              -0.6545403172740075
            ]
          },
          {
            "physicsTick": 17909,
            "activeTimeMs": 298492.30000011413,
            "position": [
              94.45094541979219,
              32.6,
              -0.6545403172740075
            ]
          },
          {
            "physicsTick": 17910,
            "activeTimeMs": 298513.0000001022,
            "position": [
              94.45094541979219,
              32.6,
              -0.6545403172740075
            ]
          },
          {
            "physicsTick": 17912,
            "activeTimeMs": 298539.60000009625,
            "position": [
              94.45094541979219,
              32.6,
              -0.6545403172740075
            ]
          },
          {
            "physicsTick": 17913,
            "activeTimeMs": 298560.9000001082,
            "position": [
              94.45094541979219,
              32.6,
              -0.6545403172740075
            ]
          },
          {
            "physicsTick": 17915,
            "activeTimeMs": 298587.4000001082,
            "position": [
              94.45094541979219,
              32.6,
              -0.6545403172740075
            ]
          },
          {
            "physicsTick": 17916,
            "activeTimeMs": 298609.30000011413,
            "position": [
              94.45094541979219,
              32.6,
              -0.6545403172740075
            ]
          },
          {
            "physicsTick": 17917,
            "activeTimeMs": 298626.5000001022,
            "position": [
              94.45094541979219,
              32.6,
              -0.6545403172740075
            ]
          },
          {
            "physicsTick": 17918,
            "activeTimeMs": 298643.60000009625,
            "position": [
              94.45094541979219,
              32.6,
              -0.6545403172740075
            ]
          },
          {
            "physicsTick": 17920,
            "activeTimeMs": 298666.7000000903,
            "position": [
              94.45094541979219,
              32.6,
              -0.6545403172740075
            ]
          },
          {
            "physicsTick": 17921,
            "activeTimeMs": 298692.4000001082,
            "position": [
              94.45094541979219,
              32.6,
              -0.6545403172740075
            ]
          },
          {
            "physicsTick": 17922,
            "activeTimeMs": 298714.0000001022,
            "position": [
              94.45094541979219,
              32.6,
              -0.6545403172740075
            ]
          },
          {
            "physicsTick": 17924,
            "activeTimeMs": 298738.80000011413,
            "position": [
              94.45094541979219,
              32.6,
              -0.6545403172740075
            ]
          },
          {
            "physicsTick": 17925,
            "activeTimeMs": 298760.7000000903,
            "position": [
              94.45094541979219,
              32.6,
              -0.6545403172740075
            ]
          },
          {
            "physicsTick": 17927,
            "activeTimeMs": 298787.9000001082,
            "position": [
              94.45094541979219,
              32.6,
              -0.6545403172740075
            ]
          },
          {
            "physicsTick": 17928,
            "activeTimeMs": 298810.30000011413,
            "position": [
              94.45094541979219,
              32.6,
              -0.6545403172740075
            ]
          },
          {
            "physicsTick": 17930,
            "activeTimeMs": 298834.9000001082,
            "position": [
              94.45094541979219,
              32.6,
              -0.6545403172740075
            ]
          },
          {
            "physicsTick": 17931,
            "activeTimeMs": 298859.4000001082,
            "position": [
              94.45094541979219,
              32.6,
              -0.6545403172740075
            ]
          },
          {
            "physicsTick": 17932,
            "activeTimeMs": 298876.30000011413,
            "position": [
              94.45094541979219,
              32.6,
              -0.6545403172740075
            ]
          },
          {
            "physicsTick": 17933,
            "activeTimeMs": 298897.0000001022,
            "position": [
              94.45094541979219,
              32.6,
              -0.6545403172740075
            ]
          },
          {
            "physicsTick": 17935,
            "activeTimeMs": 298924.80000011413,
            "position": [
              94.45094541979219,
              32.6,
              -0.6545403172740075
            ]
          },
          {
            "physicsTick": 17936,
            "activeTimeMs": 298945.4000001082,
            "position": [
              94.45094541979219,
              32.6,
              -0.6545403172740075
            ]
          },
          {
            "physicsTick": 17938,
            "activeTimeMs": 298970.0000001022,
            "position": [
              94.45094541979219,
              32.6,
              -0.6545403172740075
            ]
          },
          {
            "physicsTick": 17939,
            "activeTimeMs": 298988.0000001022,
            "position": [
              94.45094541979219,
              32.6,
              -0.6545403172740075
            ]
          },
          {
            "physicsTick": 17940,
            "activeTimeMs": 299008.5000001022,
            "position": [
              94.45094541979219,
              32.6,
              -0.6545403172740075
            ]
          },
          {
            "physicsTick": 17941,
            "activeTimeMs": 299026.7000000903,
            "position": [
              94.45094541979219,
              32.6,
              -0.6545403172740075
            ]
          },
          {
            "physicsTick": 17943,
            "activeTimeMs": 299050.4000001082,
            "position": [
              94.45094541979219,
              32.6,
              -0.6545403172740075
            ]
          },
          {
            "physicsTick": 17944,
            "activeTimeMs": 299067.30000011413,
            "position": [
              94.45094541979219,
              32.6,
              -0.6545403172740075
            ]
          },
          {
            "physicsTick": 17945,
            "activeTimeMs": 299092.5000001022,
            "position": [
              94.45094541979219,
              32.6,
              -0.6545403172740075
            ]
          },
          {
            "physicsTick": 17946,
            "activeTimeMs": 299112.2000000903,
            "position": [
              94.45094541979219,
              32.6,
              -0.6545403172740075
            ]
          },
          {
            "physicsTick": 17947,
            "activeTimeMs": 299129.2000000903,
            "position": [
              94.45094541979219,
              32.6,
              -0.6545403172740075
            ]
          },
          {
            "physicsTick": 17949,
            "activeTimeMs": 299156.60000009625,
            "position": [
              94.45094541979219,
              32.6,
              -0.6545403172740075
            ]
          },
          {
            "physicsTick": 17950,
            "activeTimeMs": 299177.5000001022,
            "position": [
              94.45094541979219,
              32.6,
              -0.6545403172740075
            ]
          },
          {
            "physicsTick": 17952,
            "activeTimeMs": 299204.80000011413,
            "position": [
              94.45094541979219,
              32.6,
              -0.6545403172740075
            ]
          },
          {
            "physicsTick": 17953,
            "activeTimeMs": 299227.5000001022,
            "position": [
              94.45094541979219,
              32.6,
              -0.6545403172740075
            ]
          },
          {
            "physicsTick": 17955,
            "activeTimeMs": 299250.7000000903,
            "position": [
              94.45094541979219,
              32.6,
              -0.6545403172740075
            ]
          },
          {
            "physicsTick": 17955,
            "activeTimeMs": 299272.0000001022,
            "position": [
              94.45094541979219,
              32.6,
              -0.6545403172740075
            ]
          }
        ],
        "generatorVersion": 11,
        "renderPipeline": {
          "drawUnit": "chunk-render-category",
          "batchMode": "category",
          "vertexLayout": "float16-uv-uint16-index",
          "shaderMode": "voxel-array-chunks",
          "backend": "webgl2"
        },
        "experiments": {
          "requested": {
            "renderer": "webgl2",
            "wasm": true,
            "simd": true
          },
          "kernels": [
            "w02",
            "w03",
            "w04",
            "w05",
            "w06"
          ],
          "renderer": {
            "requestedRenderer": "webgl2",
            "effectiveRenderer": "webgl2",
            "rendererStatus": "matched"
          },
          "workers": [
            {
              "epoch": "seedlands:classic-canonical-runtime-v11:1",
              "lane": "fluid",
              "index": 0,
              "status": "off",
              "requestedArtifact": "simd",
              "effectiveArtifact": "off",
              "selected": [],
              "reason": "no-selected-kernel"
            },
            {
              "epoch": "seedlands:classic-canonical-runtime-v11:1",
              "lane": "general",
              "index": 1,
              "status": "matched",
              "requestedArtifact": "simd",
              "effectiveArtifact": "simd",
              "selected": [
                "w02",
                "w03",
                "w04",
                "w05",
                "w06"
              ],
              "artifactSha256": "c1a763778c4eb4873772cf480c758f8b18cbc77beee80c933dda6b2fd19e4b2c"
            }
          ]
        },
        "serverRevision": 1,
        "voxelAtOrigin": 42,
        "serverPlayerPosition": [
          94.45094541979219,
          32.6,
          -0.6545403172740075
        ],
        "serverPlayerVelocity": [
          0,
          0,
          0
        ],
        "prediction": {
          "pendingFrames": 0,
          "lastResetReason": "authority-resync",
          "resetCounts": {
            "input-interrupted": 131,
            "authority-resync": 903,
            "collision-history-missing": 131,
            "movement-mode-changed": 20
          },
          "presentationOffset": {
            "x": 0,
            "y": 0,
            "z": 0
          }
        },
        "serverWorldTime": 23.86199999998682,
        "performance": {
          "scenarioId": "default",
          "frame": {
            "count": 1200,
            "p50Ms": 16.69999998807907,
            "p95Ms": 18.399999976158142,
            "p99Ms": 20.400000005960464,
            "maxMs": 22,
            "longFrameCount": 0,
            "lastLongFrameMs": 0
          },
          "chunkVisible": {
            "count": 146,
            "p50Ms": 981.1999999880791,
            "p95Ms": 15478.90000000596,
            "p99Ms": 17195.80000001192,
            "maxMs": 17429.5
          },
          "completedChunkTraces": 146,
          "traceEventCount": 1871,
          "maxMeshCommitsInFrame": 1,
          "maxMeshPartsInFrame": 2,
          "visibleAfterPostrender": true,
          "incidents": 32,
          "droppedEvents": 5515,
          "uploadQueueDepth": 0,
          "estimatedMeshBytes": 7830060
        },
        "compute": {
          "workerCount": 2,
          "fluidWorkerCount": 1,
          "generalWorkerCount": 1,
          "running": 0,
          "queued": 0,
          "queuedBytes": 0,
          "cancellationRequests": 0,
          "staleResults": 0,
          "failedTasks": 0,
          "completedTasks": 297,
          "submittedTasks": 297,
          "submittedBytes": 125730816,
          "maxQueued": 1,
          "maxQueuedBytes": 0,
          "workerTaskDuration": {
            "fluid": {
              "count": 128,
              "capacity": 256,
              "samplesMs": [
                0.5,
                0.4000000059604645,
                0.5,
                0.4000000059604645,
                0.4000000059604645,
                0.4000000059604645,
                0.09999999403953552,
                0.19999998807907104,
                0.19999998807907104,
                0.20000001788139343,
                0.19999998807907104,
                0.09999999403953552,
                0.09999999403953552,
                0.09999999403953552,
                0.30000001192092896,
                0.30000001192092896,
                0.29999998211860657,
                0.3999999761581421,
                0.20000001788139343,
                0.30000001192092896,
                0.4000000059604645,
                0.5999999940395355,
                0.4000000059604645,
                0.30000001192092896,
                0.19999998807907104,
                0.19999998807907104,
                0.30000001192092896,
                0.30000001192092896,
                0.19999998807907104,
                0.09999999403953552,
                0.10000002384185791,
                0,
                0.09999999403953552,
                0.09999999403953552,
                0.19999998807907104,
                0.20000001788139343,
                0.30000001192092896,
                0.4000000059604645,
                0.30000001192092896,
                0.19999998807907104,
                0.09999999403953552,
                0.10000002384185791,
                0.10000002384185791,
                0.10000002384185791,
                0.20000001788139343,
                0.09999999403953552,
                0.09999999403953552,
                0.09999999403953552,
                0.09999999403953552,
                0.09999999403953552,
                0.09999999403953552,
                0.09999999403953552,
                0,
                0.09999999403953552,
                0.09999999403953552,
                0.09999999403953552,
                0.09999999403953552,
                0.10000002384185791,
                0.19999998807907104,
                0,
                0.10000002384185791,
                0.09999999403953552,
                0,
                0.09999999403953552,
                0.10000002384185791,
                0.09999999403953552,
                0.19999998807907104,
                0.10000002384185791,
                0.20000001788139343,
                0.09999999403953552,
                0.09999999403953552,
                0,
                0.09999999403953552,
                0,
                0.09999999403953552,
                0.09999999403953552,
                0.09999999403953552,
                0.19999998807907104,
                0.20000001788139343,
                0.19999998807907104,
                0.19999998807907104,
                0.20000001788139343,
                0.09999999403953552,
                0.10000002384185791,
                0.09999999403953552,
                0.09999999403953552,
                0.19999998807907104,
                0.09999999403953552,
                0.20000001788139343,
                0.19999998807907104,
                0.09999999403953552,
                0.09999999403953552,
                0.29999998211860657,
                0.30000001192092896,
                0.20000001788139343,
                0.20000001788139343,
                0.29999998211860657,
                0.29999998211860657,
                0.30000001192092896,
                0.19999998807907104,
                0.3999999761581421,
                0.4000000059604645,
                0.30000001192092896,
                0.30000001192092896,
                0.19999998807907104,
                0.29999998211860657,
                0.19999998807907104,
                0.19999998807907104,
                0.29999998211860657,
                0.29999998211860657,
                0.29999998211860657,
                0.29999998211860657,
                0.29999998211860657,
                0.19999998807907104,
                0.19999998807907104,
                0.09999999403953552,
                0.19999998807907104,
                0.20000001788139343,
                0.09999999403953552,
                0.30000001192092896,
                0.30000001192092896,
                0.19999998807907104,
                0.20000001788139343,
                0.09999999403953552,
                0,
                0,
                0.09999999403953552,
                0
              ]
            },
            "general": {
              "count": 169,
              "capacity": 256,
              "samplesMs": [
                1579.2000000178814,
                330,
                228.7999999821186,
                41.19999998807907,
                41.900000005960464,
                44.79999998211861,
                42.80000001192093,
                44,
                46.79999998211861,
                49.69999998807907,
                42.19999998807907,
                43,
                43.099999994039536,
                43.19999998807907,
                43,
                46.400000005960464,
                49.599999994039536,
                84.69999998807907,
                84.90000000596046,
                94.19999998807907,
                95.19999998807907,
                96.30000001192093,
                96.90000000596046,
                96.7000000178814,
                86.90000000596046,
                89.7999999821186,
                96.09999999403954,
                99.2000000178814,
                97.60000002384186,
                101.5,
                100.30000001192093,
                331.40000000596046,
                330.39999997615814,
                281.19999998807907,
                46.79999998211861,
                282.90000000596046,
                272,
                288.90000000596046,
                324.5,
                227.89999997615814,
                246.90000000596046,
                227.2999999821186,
                235.90000000596046,
                276.09999999403954,
                273.39999997615814,
                318,
                321.39999997615814,
                232.09999999403954,
                256.30000001192093,
                239.30000001192093,
                235.2999999821186,
                285.2000000178814,
                229.90000000596046,
                268.40000000596046,
                339.2999999821186,
                221.5,
                231.09999999403954,
                280.2000000178814,
                272.69999998807907,
                228.69999998807907,
                221.80000001192093,
                290.60000002384186,
                267.90000000596046,
                219,
                216.19999998807907,
                289.80000001192093,
                266.60000002384186,
                222.2999999821186,
                216.40000000596046,
                272.69999998807907,
                266.2999999821186,
                218.7999999821186,
                215.40000000596046,
                287.59999999403954,
                267.19999998807907,
                217.80000001192093,
                217.5,
                271.7000000178814,
                270.7000000178814,
                218.19999998807907,
                215.90000000596046,
                270.5,
                225.10000002384186,
                271.80000001192093,
                331.80000001192093,
                232.7000000178814,
                237,
                268.59999999403954,
                264.7999999821186,
                227.30000001192093,
                227.69999998807907,
                267,
                261.09999999403954,
                221.09999999403954,
                236.40000000596046,
                269.2999999821186,
                224.40000000596046,
                262.89999997615814,
                223.80000001192093,
                274.09999999403954,
                283.5,
                227.30000001192093,
                270.90000000596046,
                229.2000000178814,
                248.10000002384186,
                266.30000001192093,
                269.90000000596046,
                276,
                226.09999999403954,
                225.2999999821186,
                229.30000001192093,
                264.59999999403954,
                272.09999999403954,
                229,
                268.7000000178814,
                280.90000000596046,
                272.2000000178814,
                272.30000001192093,
                296.7000000178814,
                275.10000002384186,
                261.2999999821186,
                265.40000000596046,
                266.69999998807907,
                275.90000000596046,
                268.19999998807907,
                272.40000000596046,
                265,
                269.69999998807907,
                266.80000001192093,
                261.09999999403954,
                126.10000002384186,
                267.60000002384186,
                220.5,
                276.7000000178814,
                147.80000001192093,
                265.90000000596046,
                221,
                260.30000001192093,
                124.80000001192093,
                264.5,
                241.5,
                266,
                124.30000001192093,
                266.39999997615814,
                221.09999999403954,
                262,
                123.90000000596046,
                321.90000000596046,
                235.7999999821186,
                317.5,
                328.10000002384186,
                252.80000001192093,
                240.90000000596046,
                268.40000000596046,
                220,
                279.69999998807907,
                148.89999997615814,
                264.30000001192093,
                127.5,
                261.89999997615814,
                125.40000000596046,
                261.2999999821186,
                151.7000000178814,
                259.69999998807907,
                124.39999997615814,
                259.30000001192093,
                127,
                261,
                129.5
              ]
            }
          },
          "workerKernelStates": [
            {
              "epoch": "seedlands:classic-canonical-runtime-v11:1",
              "lane": "fluid",
              "index": 0,
              "status": "off",
              "requestedArtifact": "simd",
              "effectiveArtifact": "off",
              "selected": [],
              "reason": "no-selected-kernel"
            },
            {
              "epoch": "seedlands:classic-canonical-runtime-v11:1",
              "lane": "general",
              "index": 1,
              "status": "matched",
              "requestedArtifact": "simd",
              "effectiveArtifact": "simd",
              "selected": [
                "w02",
                "w03",
                "w04",
                "w05",
                "w06"
              ],
              "artifactSha256": "c1a763778c4eb4873772cf480c758f8b18cbc77beee80c933dda6b2fd19e4b2c"
            }
          ],
          "workerActivity": [
            {
              "lane": "fluid",
              "index": 0,
              "status": "idle",
              "taskId": null,
              "taskCategory": null,
              "taskAgeMs": null,
              "sampledAtMs": 92098.5,
              "completedTasks": 128,
              "lastTaskDurationMs": 0,
              "kernel": null
            },
            {
              "lane": "general",
              "index": 1,
              "status": "idle",
              "taskId": null,
              "taskCategory": null,
              "taskAgeMs": null,
              "sampledAtMs": 233723.70000001788,
              "completedTasks": 169,
              "lastTaskDurationMs": 129.5,
              "kernel": {
                "calls": 2973,
                "failures": 0,
                "memoryBytes": 18874368,
                "durationMs": 14.799999982118607,
                "failed": false
              }
            }
          ]
        },
        "fluidFeedback": {
          "count": 0,
          "pending": false,
          "pendingSample": null,
          "p50Ms": 0,
          "p95Ms": 0,
          "p99Ms": 0,
          "maxMs": 0,
          "samples": []
        },
        "waterTransitions": {
          "activeCount": 0,
          "active": [],
          "recent": [
            {
              "chunkKey": "2,0,0",
              "targetRevision": 5,
              "traceId": "trace-66",
              "geometry": {
                "mode": "surface-morph",
                "patchCount": 46,
                "retainedPatchCount": 0,
                "addedPatchCount": 46,
                "removedPatchCount": 0,
                "visibleWaterMeshCount": 1,
                "opacityCrossfade": false
              },
              "progress": 1,
              "frameCount": 9,
              "completed": true,
              "superseded": false,
              "progressSamples": [
                0,
                0.14888888895511626,
                0.30277777777777776,
                0.44944444447755816,
                0.6100000000662273,
                0.7566666666004392,
                0.9005555555224418,
                1,
                1
              ]
            },
            {
              "chunkKey": "2,0,-1",
              "targetRevision": 10,
              "traceId": "trace-68",
              "geometry": {
                "mode": "surface-morph",
                "patchCount": 124,
                "retainedPatchCount": 0,
                "addedPatchCount": 124,
                "removedPatchCount": 0,
                "visibleWaterMeshCount": 1,
                "opacityCrossfade": false
              },
              "progress": 1,
              "frameCount": 9,
              "completed": true,
              "superseded": false,
              "progressSamples": [
                0,
                0.1461111111773385,
                0.28444444454378554,
                0.4461111111773385,
                0.6055555555555555,
                0.7511111112104522,
                0.8938888889220026,
                1,
                1
              ]
            },
            {
              "chunkKey": "2,1,-1",
              "targetRevision": 0,
              "traceId": "trace-69",
              "geometry": {
                "mode": "surface-morph",
                "patchCount": 24,
                "retainedPatchCount": 0,
                "addedPatchCount": 24,
                "removedPatchCount": 0,
                "visibleWaterMeshCount": 1,
                "opacityCrossfade": false
              },
              "progress": 1,
              "frameCount": 9,
              "completed": true,
              "superseded": false,
              "progressSamples": [
                0,
                0.1411111111442248,
                0.28888888888888886,
                0.43666666663355297,
                0.5833333333333334,
                0.7149999999337726,
                0.8605555555886693,
                1,
                1
              ]
            },
            {
              "chunkKey": "2,0,0",
              "targetRevision": 23,
              "traceId": "trace-70",
              "geometry": {
                "mode": "surface-morph",
                "patchCount": 699,
                "retainedPatchCount": 45,
                "addedPatchCount": 653,
                "removedPatchCount": 1,
                "visibleWaterMeshCount": 1,
                "opacityCrossfade": false
              },
              "progress": 1,
              "frameCount": 9,
              "completed": true,
              "superseded": false,
              "progressSamples": [
                0,
                0.1522222222553359,
                0.2905555556217829,
                0.4411111111442248,
                0.5722222222222222,
                0.7166666666666667,
                0.8700000001324548,
                1,
                1
              ]
            },
            {
              "chunkKey": "1,0,0",
              "targetRevision": 33,
              "traceId": "trace-79",
              "geometry": {
                "mode": "surface-morph",
                "patchCount": 213,
                "retainedPatchCount": 0,
                "addedPatchCount": 213,
                "removedPatchCount": 0,
                "visibleWaterMeshCount": 1,
                "opacityCrossfade": false
              },
              "progress": 1,
              "frameCount": 10,
              "completed": true,
              "superseded": false,
              "progressSamples": [
                0,
                0.13944444441133075,
                0.27944444451067185,
                0.42166666669978037,
                0.5600000000662274,
                0.6838888888557751,
                0.8199999999668863,
                0.948333333267106,
                1,
                1
              ]
            },
            {
              "chunkKey": "1,1,0",
              "targetRevision": 0,
              "traceId": "trace-72",
              "geometry": {
                "mode": "surface-morph",
                "patchCount": 9,
                "retainedPatchCount": 0,
                "addedPatchCount": 9,
                "removedPatchCount": 0,
                "visibleWaterMeshCount": 1,
                "opacityCrossfade": false
              },
              "progress": 1,
              "frameCount": 10,
              "completed": true,
              "superseded": false,
              "progressSamples": [
                0,
                0.14222222218910854,
                0.27722222208976743,
                0.4222222222222222,
                0.5588888888557751,
                0.7005555555224419,
                0.8288888888226615,
                0.9777777777777777,
                1,
                1
              ]
            },
            {
              "chunkKey": "1,0,-1",
              "targetRevision": 8,
              "traceId": "trace-73",
              "geometry": {
                "mode": "surface-morph",
                "patchCount": 78,
                "retainedPatchCount": 0,
                "addedPatchCount": 78,
                "removedPatchCount": 0,
                "visibleWaterMeshCount": 1,
                "opacityCrossfade": false
              },
              "progress": 1,
              "frameCount": 10,
              "completed": true,
              "superseded": false,
              "progressSamples": [
                0,
                0.14111111097865633,
                0.2716666665342119,
                0.40444444434510335,
                0.536666666633553,
                0.6949999999668863,
                0.8266666665673256,
                0.9638888888888889,
                1,
                1
              ]
            },
            {
              "chunkKey": "2,0,-1",
              "targetRevision": 33,
              "traceId": "trace-83",
              "geometry": {
                "mode": "surface-morph",
                "patchCount": 577,
                "retainedPatchCount": 121,
                "addedPatchCount": 453,
                "removedPatchCount": 3,
                "visibleWaterMeshCount": 1,
                "opacityCrossfade": false
              },
              "progress": 1,
              "frameCount": 9,
              "completed": true,
              "superseded": false,
              "progressSamples": [
                0,
                0.16166666679912142,
                0.3100000000662274,
                0.4461111111773385,
                0.5888888888888889,
                0.7366666667991214,
                0.8700000001324548,
                1,
                1
              ]
            },
            {
              "chunkKey": "2,0,0",
              "targetRevision": 38,
              "traceId": "trace-88",
              "geometry": {
                "mode": "surface-morph",
                "patchCount": 911,
                "retainedPatchCount": 519,
                "addedPatchCount": 213,
                "removedPatchCount": 179,
                "visibleWaterMeshCount": 1,
                "opacityCrossfade": false
              },
              "progress": 1,
              "frameCount": 9,
              "completed": true,
              "superseded": false,
              "progressSamples": [
                0,
                0.1361111111111111,
                0.27611111104488373,
                0.43000000003311367,
                0.5877777778440052,
                0.738333333366447,
                0.8783333333002197,
                1,
                1
              ]
            },
            {
              "chunkKey": "1,0,0",
              "targetRevision": 42,
              "traceId": "trace-80",
              "geometry": {
                "mode": "surface-morph",
                "patchCount": 238,
                "retainedPatchCount": 176,
                "addedPatchCount": 25,
                "removedPatchCount": 37,
                "visibleWaterMeshCount": 1,
                "opacityCrossfade": false
              },
              "progress": 1,
              "frameCount": 9,
              "completed": true,
              "superseded": false,
              "progressSamples": [
                0,
                0.14444444444444443,
                0.2861111111111111,
                0.4233333332671059,
                0.5722222222222222,
                0.7,
                0.8544444445106718,
                1,
                1
              ]
            },
            {
              "chunkKey": "2,1,-1",
              "targetRevision": 0,
              "traceId": "trace-82",
              "geometry": {
                "mode": "surface-morph",
                "patchCount": 24,
                "retainedPatchCount": 0,
                "addedPatchCount": 0,
                "removedPatchCount": 24,
                "visibleWaterMeshCount": 1,
                "opacityCrossfade": false
              },
              "progress": 1,
              "frameCount": 9,
              "completed": true,
              "superseded": false,
              "progressSamples": [
                0,
                0.14555555565489664,
                0.2911111111442248,
                0.4261111112104522,
                0.588333333366447,
                0.7205555556548966,
                0.863333333366447,
                1,
                1
              ]
            },
            {
              "chunkKey": "1,1,0",
              "targetRevision": 0,
              "traceId": "trace-84",
              "geometry": {
                "mode": "surface-morph",
                "patchCount": 9,
                "retainedPatchCount": 0,
                "addedPatchCount": 0,
                "removedPatchCount": 9,
                "visibleWaterMeshCount": 1,
                "opacityCrossfade": false
              },
              "progress": 1,
              "frameCount": 9,
              "completed": true,
              "superseded": false,
              "progressSamples": [
                0,
                0.15499999986754523,
                0.30111111104488375,
                0.4527777777777778,
                0.6016666665673256,
                0.7427777777115504,
                0.8938888887564341,
                1,
                1
              ]
            },
            {
              "chunkKey": "2,0,-1",
              "targetRevision": 61,
              "traceId": "trace-91",
              "geometry": {
                "mode": "surface-morph",
                "patchCount": 579,
                "retainedPatchCount": 451,
                "addedPatchCount": 5,
                "removedPatchCount": 123,
                "visibleWaterMeshCount": 1,
                "opacityCrossfade": false
              },
              "progress": 1,
              "frameCount": 10,
              "completed": true,
              "superseded": false,
              "progressSamples": [
                0,
                0.1488888887895478,
                0.28055555555555556,
                0.4266666665673256,
                0.55,
                0.6877777776784367,
                0.8372222221559948,
                0.9966666665342119,
                1,
                1
              ]
            },
            {
              "chunkKey": "1,0,-1",
              "targetRevision": 8,
              "traceId": "trace-86",
              "geometry": {
                "mode": "surface-morph",
                "patchCount": 78,
                "retainedPatchCount": 76,
                "addedPatchCount": 0,
                "removedPatchCount": 2,
                "visibleWaterMeshCount": 1,
                "opacityCrossfade": false
              },
              "progress": 1,
              "frameCount": 9,
              "completed": true,
              "superseded": false,
              "progressSamples": [
                0,
                0.13388888885577518,
                0.27833333330021964,
                0.42111111101177,
                0.5666666666666667,
                0.7016666665673256,
                0.8405555554562145,
                1,
                1
              ]
            },
            {
              "chunkKey": "2,0,0",
              "targetRevision": 77,
              "traceId": "trace-94",
              "geometry": {
                "mode": "surface-morph",
                "patchCount": 751,
                "retainedPatchCount": 559,
                "addedPatchCount": 19,
                "removedPatchCount": 173,
                "visibleWaterMeshCount": 1,
                "opacityCrossfade": false
              },
              "progress": 1,
              "frameCount": 9,
              "completed": true,
              "superseded": false,
              "progressSamples": [
                0,
                0.14944444447755814,
                0.28888888888888886,
                0.43000000003311367,
                0.5838888888557752,
                0.7277777777777777,
                0.8661111111442248,
                1,
                1
              ]
            },
            {
              "chunkKey": "1,0,0",
              "targetRevision": 79,
              "traceId": "trace-90",
              "geometry": {
                "mode": "surface-morph",
                "patchCount": 202,
                "retainedPatchCount": 173,
                "addedPatchCount": 1,
                "removedPatchCount": 28,
                "visibleWaterMeshCount": 1,
                "opacityCrossfade": false
              },
              "progress": 1,
              "frameCount": 9,
              "completed": true,
              "superseded": false,
              "progressSamples": [
                0,
                0.15055555552244188,
                0.30666666676600773,
                0.4588888888557752,
                0.6061111110779974,
                0.7561111110779974,
                0.9005555555224418,
                1,
                1
              ]
            },
            {
              "chunkKey": "2,0,-1",
              "targetRevision": 88,
              "traceId": "trace-92",
              "geometry": {
                "mode": "surface-morph",
                "patchCount": 462,
                "retainedPatchCount": 356,
                "addedPatchCount": 6,
                "removedPatchCount": 100,
                "visibleWaterMeshCount": 1,
                "opacityCrossfade": false
              },
              "progress": 1,
              "frameCount": 9,
              "completed": true,
              "superseded": false,
              "progressSamples": [
                0,
                0.15166666673289406,
                0.2961111111773385,
                0.45666666676600776,
                0.5944444444444444,
                0.7472222222222222,
                0.8816666667660077,
                1,
                1
              ]
            },
            {
              "chunkKey": "1,0,-1",
              "targetRevision": 13,
              "traceId": "trace-93",
              "geometry": {
                "mode": "surface-morph",
                "patchCount": 76,
                "retainedPatchCount": 57,
                "addedPatchCount": 0,
                "removedPatchCount": 19,
                "visibleWaterMeshCount": 1,
                "opacityCrossfade": false
              },
              "progress": 1,
              "frameCount": 9,
              "completed": true,
              "superseded": false,
              "progressSamples": [
                0,
                0.15111111121045218,
                0.2911111111442248,
                0.44388888892200257,
                0.5794444445106718,
                0.7211111111773385,
                0.8583333333333333,
                1,
                1
              ]
            },
            {
              "chunkKey": "2,0,0",
              "targetRevision": 100,
              "traceId": "trace-95",
              "geometry": {
                "mode": "surface-morph",
                "patchCount": 613,
                "retainedPatchCount": 419,
                "addedPatchCount": 35,
                "removedPatchCount": 159,
                "visibleWaterMeshCount": 1,
                "opacityCrossfade": false
              },
              "progress": 1,
              "frameCount": 10,
              "completed": true,
              "superseded": false,
              "progressSamples": [
                0,
                0.1361111111111111,
                0.2766666665673256,
                0.4161111111442248,
                0.5505555555224418,
                0.7122222221559948,
                0.8433333332339923,
                0.9888888888888889,
                1,
                1
              ]
            },
            {
              "chunkKey": "1,0,0",
              "targetRevision": 100,
              "traceId": "trace-96",
              "geometry": {
                "mode": "surface-morph",
                "patchCount": 182,
                "retainedPatchCount": 164,
                "addedPatchCount": 8,
                "removedPatchCount": 10,
                "visibleWaterMeshCount": 1,
                "opacityCrossfade": false
              },
              "progress": 1,
              "frameCount": 9,
              "completed": true,
              "superseded": false,
              "progressSamples": [
                0,
                0.14777777791023256,
                0.30277777777777776,
                0.47000000013245474,
                0.6138888888888889,
                0.7661111111442248,
                0.9333333333333333,
                1,
                1
              ]
            },
            {
              "chunkKey": "2,0,-1",
              "targetRevision": 110,
              "traceId": "trace-97",
              "geometry": {
                "mode": "surface-morph",
                "patchCount": 368,
                "retainedPatchCount": 119,
                "addedPatchCount": 6,
                "removedPatchCount": 243,
                "visibleWaterMeshCount": 1,
                "opacityCrossfade": false
              },
              "progress": 1,
              "frameCount": 9,
              "completed": true,
              "superseded": false,
              "progressSamples": [
                0,
                0.16555555562178295,
                0.30944444437821705,
                0.461666666633553,
                0.6288888888226615,
                0.7761111110448837,
                0.9361111111111111,
                1,
                1
              ]
            },
            {
              "chunkKey": "1,0,-1",
              "targetRevision": 20,
              "traceId": "trace-98",
              "geometry": {
                "mode": "surface-morph",
                "patchCount": 60,
                "retainedPatchCount": 22,
                "addedPatchCount": 3,
                "removedPatchCount": 35,
                "visibleWaterMeshCount": 1,
                "opacityCrossfade": false
              },
              "progress": 1,
              "frameCount": 9,
              "completed": true,
              "superseded": false,
              "progressSamples": [
                0,
                0.15055555552244188,
                0.3177777777115504,
                0.4649999999337726,
                0.625,
                0.772777777744664,
                0.9149999999337726,
                1,
                1
              ]
            },
            {
              "chunkKey": "2,0,0",
              "targetRevision": 110,
              "traceId": "trace-99",
              "geometry": {
                "mode": "surface-morph",
                "patchCount": 478,
                "retainedPatchCount": 419,
                "addedPatchCount": 24,
                "removedPatchCount": 35,
                "visibleWaterMeshCount": 1,
                "opacityCrossfade": false
              },
              "progress": 1,
              "frameCount": 9,
              "completed": true,
              "superseded": false,
              "progressSamples": [
                0,
                0.14555555548932816,
                0.30611111107799743,
                0.45333333330021963,
                0.5955555554893281,
                0.7449999999668863,
                0.888333333366447,
                1,
                1
              ]
            },
            {
              "chunkKey": "1,0,0",
              "targetRevision": 103,
              "traceId": "trace-100",
              "geometry": {
                "mode": "surface-morph",
                "patchCount": 175,
                "retainedPatchCount": 169,
                "addedPatchCount": 3,
                "removedPatchCount": 3,
                "visibleWaterMeshCount": 1,
                "opacityCrossfade": false
              },
              "progress": 1,
              "frameCount": 9,
              "completed": true,
              "superseded": false,
              "progressSamples": [
                0,
                0.14388888892200258,
                0.2911111111442248,
                0.44555555565489663,
                0.5916666666666667,
                0.72888888898823,
                0.8788888889882299,
                1,
                1
              ]
            },
            {
              "chunkKey": "2,0,0",
              "targetRevision": 115,
              "traceId": "trace-105",
              "geometry": {
                "mode": "surface-morph",
                "patchCount": 465,
                "retainedPatchCount": 357,
                "addedPatchCount": 22,
                "removedPatchCount": 86,
                "visibleWaterMeshCount": 1,
                "opacityCrossfade": false
              },
              "progress": 1,
              "frameCount": 10,
              "completed": true,
              "superseded": false,
              "progressSamples": [
                0,
                0.14388888875643413,
                0.2905555554562145,
                0.42611111104488375,
                0.5672222221891086,
                0.7005555555224419,
                0.8377777776784368,
                0.9711111110117701,
                1,
                1
              ]
            },
            {
              "chunkKey": "1,0,0",
              "targetRevision": 111,
              "traceId": "trace-101",
              "geometry": {
                "mode": "surface-morph",
                "patchCount": 172,
                "retainedPatchCount": 0,
                "addedPatchCount": 0,
                "removedPatchCount": 172,
                "visibleWaterMeshCount": 1,
                "opacityCrossfade": false
              },
              "progress": 1,
              "frameCount": 10,
              "completed": true,
              "superseded": false,
              "progressSamples": [
                0,
                0.13055555555555556,
                0.2699999999668863,
                0.40666666660043926,
                0.5372222221559948,
                0.6744444444775581,
                0.8149999999337726,
                0.9427777777115504,
                1,
                1
              ]
            },
            {
              "chunkKey": "2,0,-1",
              "targetRevision": 120,
              "traceId": "trace-103",
              "geometry": {
                "mode": "surface-morph",
                "patchCount": 125,
                "retainedPatchCount": 0,
                "addedPatchCount": 0,
                "removedPatchCount": 125,
                "visibleWaterMeshCount": 1,
                "opacityCrossfade": false
              },
              "progress": 1,
              "frameCount": 10,
              "completed": true,
              "superseded": false,
              "progressSamples": [
                0,
                0.13111111107799742,
                0.30111111104488375,
                0.43555555558866926,
                0.5744444444775582,
                0.7011111110448838,
                0.8638888888888889,
                0.9983333332671059,
                1,
                1
              ]
            },
            {
              "chunkKey": "1,0,-1",
              "targetRevision": 24,
              "traceId": "trace-104",
              "geometry": {
                "mode": "surface-morph",
                "patchCount": 25,
                "retainedPatchCount": 0,
                "addedPatchCount": 0,
                "removedPatchCount": 25,
                "visibleWaterMeshCount": 1,
                "opacityCrossfade": false
              },
              "progress": 1,
              "frameCount": 10,
              "completed": true,
              "superseded": false,
              "progressSamples": [
                0,
                0.13000000003311368,
                0.2727777777446641,
                0.4094444443782171,
                0.5433333332339922,
                0.6677777777115504,
                0.82111111101177,
                0.9527777777777777,
                1,
                1
              ]
            },
            {
              "chunkKey": "2,0,0",
              "targetRevision": 123,
              "traceId": "trace-106",
              "geometry": {
                "mode": "surface-morph",
                "patchCount": 379,
                "retainedPatchCount": 0,
                "addedPatchCount": 0,
                "removedPatchCount": 379,
                "visibleWaterMeshCount": 1,
                "opacityCrossfade": false
              },
              "progress": 1,
              "frameCount": 5,
              "completed": true,
              "superseded": false,
              "progressSamples": [
                0,
                0.6044444445106718,
                0.8649999999337726,
                1,
                1
              ]
            }
          ]
        },
        "ui": {
          "runtime": "svelte5",
          "shellPublishCount": 124,
          "hudPublishCount": 391,
          "interactionPublishCount": 665,
          "debugProjectionCount": 742,
          "debugPublishCount": 744,
          "staleUpdateCount": 0,
          "coalescedUpdateCount": 39222,
          "domCommitCount": 1724,
          "projectionDurationMs": 1777.6999999582767,
          "publishDurationMs": 34.90000021457672,
          "domCommitDurationMs": 1799.699999898672,
          "debugProjectionRate": 2.8068982939366816,
          "totalPublishRate": 7.256211400406584
        },
        "gameplay": {
          "entityCount": 9,
          "worldItemCount": 0,
          "creatureCount": 8,
          "npcCount": 0,
          "nearbyVisitedBucketCount": 27,
          "nearbyCandidateCount": 2,
          "nearbyReturnedCount": 2,
          "inventoryOperationCount": 36,
          "gameplayEventCount": 5537,
          "snapshotBytes": 60616,
          "retainedActorCount": 8,
          "activeActorCount": 5,
          "behaviorEvaluationCount": 0,
          "navigationPlanCount": 0,
          "navigationExpandedNodeCount": 0,
          "pathRecomputeCount": 0,
          "actionCompletionCount": 12,
          "actionFailureCount": 0,
          "actionInterruptionCount": 0,
          "perceptionLineOfSightCheckCount": 0,
          "simulationTime": 299.2,
          "presentedEntityCount": 8
        },
        "breakingOverlay": null,
        "viewmodel": {
          "isolatedLayer": true
        },
        "visualEffects": {
          "activeLocalLights": 0,
          "shadowedLocalLights": 0,
          "localLightLimit": 0,
          "localShadowLimit": 0,
          "sunShadows": false,
          "sunShadowResolution": 0,
          "reflectionEnabled": false,
          "reflectionActive": false,
          "reflectionResolution": 0,
          "reflectionFrameInterval": 0,
          "reflectionRenderCount": 0,
          "waterPlaneY": null,
          "postProcessing": false,
          "shadowUpdateCount": 0,
          "shadowStableFrameCount": 10209,
          "blockLightReady": true,
          "blockLightSourceRevision": 154,
          "blockLightRebuildCount": 1862
        },
        "water": {
          "bodyFraction": 0,
          "wading": false,
          "swimming": false,
          "cameraSubmerged": false,
          "cameraDepth": null,
          "waterSurfaceY": null,
          "underwaterBlend": 0
        }
      },
      "restoreEvidence": {
        "before": {
          "v2Equipment": {
            "phase": "started",
            "steps": [],
            "snapshot": {
              "runtimeEpoch": "seedlands:classic-canonical-runtime-v11:1",
              "gameplayRevision": 54720,
              "actor": {
                "entityId": "player-1",
                "epoch": 1,
                "lifetime": 1
              },
              "inventoryRevision": 35,
              "slots": [
                {
                  "itemId": "workbench",
                  "count": 1
                },
                null,
                {
                  "itemId": "stick",
                  "count": 3
                },
                null,
                {
                  "itemId": "wood-sword",
                  "count": 1
                },
                null,
                null,
                null,
                {
                  "itemId": "plank",
                  "count": 7
                },
                null,
                null,
                null,
                null,
                null,
                null,
                null,
                null,
                null,
                null,
                null,
                null,
                null,
                null,
                null,
                null,
                null,
                null,
                null,
                null,
                null,
                null,
                null,
                null,
                null,
                null,
                null
              ],
              "armor": {
                "helmet": null,
                "chestplate": null,
                "leggings": null,
                "boots": null
              },
              "cursor": {
                "version": 1,
                "revision": 26,
                "stack": null,
                "origin": null,
                "craftingGrid": [
                  null,
                  null,
                  null,
                  null
                ]
              },
              "player": {
                "health": 18,
                "lifecycle": "alive"
              },
              "armorPoints": 0
            }
          }
        }
      },
      "logicEvidence": []
    },
    {
      "schemaVersion": 1,
      "status": "FAIL",
      "attempt": 0,
      "test": "非 Classic Playbook 从锁定 production artifact 启动并消费自定义 worldgen/voxel/presentation",
      "project": "chromium",
      "benchmark": false,
      "stages": {},
      "errors": [],
      "current": null,
      "logicEvidence": []
    }
  ]
}
