{
  "schemaVersion": 1,
  "status": "FAIL",
  "attempts": [
    {
      "schemaVersion": 1,
      "status": "FAIL",
      "attempt": 0,
      "test": "Classic 生产旅程以真实输入完成 C0-C5，并复用同一运行时性能场景",
      "project": "chromium",
      "benchmark": false,
      "stages": {
        "C0": {
          "status": "PASS",
          "observation": "Production preview loaded the fixed seed with a stamped Classic composition, Authority/logic/persistence/compute Workers, consumed Wasm bytes and an actual WebGL2 context."
        },
        "C1": {
          "status": "PASS",
          "observation": "Pointer Lock mouse movement changed the route, then held W+Space crossed from Chunk 0 to Chunk 1 and Authority acknowledged it."
        },
        "C2": {
          "status": "PASS",
          "observation": "Mouse mining produced visible drops; movement picked them up; E opened inventory and real 2x2 pointer interactions produced planks, sticks, a wood sword and a workbench."
        },
        "C3": {
          "status": "PASS",
          "observation": "Right click placed crafted planks with a consumed mesh commit; inventory food restored health; held real mouse input buffered and completed the wood-sword second combo hit before defeating the fixed creature; a crafted workbench was placed, opened through the station runtime, then dismantled and recovered through real actions."
        }
      },
      "errors": [
        "Error: \u001b[2mexpect(\u001b[22m\u001b[31mreceived\u001b[39m\u001b[2m).\u001b[22mtoBe\u001b[2m(\u001b[22m\u001b[32mexpected\u001b[39m\u001b[2m) // Object.is equality\u001b[22m\n\nExpected: \u001b[32mtrue\u001b[39m\nReceived: \u001b[31mfalse\u001b[39m\n\nCall Log:\n- Timeout 20000ms exceeded while waiting on the predicate"
      ],
      "current": {
        "frameMs": 16.5,
        "player": [
          67.47733306884766,
          34.70000076293945,
          0.42802944779396057
        ],
        "viewAngles": [
          -28.249999999999982,
          -32.64000000000001
        ],
        "streamCenter": [
          2,
          0
        ],
        "loadedChunks": 24,
        "renderedChunks": 13,
        "generationQueue": 0,
        "meshingQueue": 0,
        "deferredRemeshes": 0,
        "onGround": false,
        "colliding": false,
        "interactionAttempts": 12,
        "mutationCount": 4254,
        "worldRevision": 141,
        "structuralEventCount": 141,
        "remeshSchedulingCount": 136,
        "lastCommitMutationCount": 6,
        "lastCommitMeshChunkCount": 2,
        "storageBytes": 32991680,
        "worldTime": 20.451999999994783,
        "timePaused": false,
        "quality": "low",
        "triangles": 90308,
        "drawCalls": 25,
        "blockLightBricks": 24,
        "blockLightAllocatedBytes": 6291456,
        "blockLightRebuildCount": 1184,
        "collisionDebug": {
          "enabled": false,
          "entityCount": 0,
          "meshCount": 0,
          "materialCount": 0,
          "visibleBatchCount": 0,
          "vertexCapacity": 0,
          "buildCount": 0,
          "authorityRequestCount": 0
        },
        "runtime": "authority-worker",
        "workers": {
          "total": 5,
          "authority": 1,
          "logic": 1,
          "persistence": 1,
          "fluid": 1,
          "general": 1
        },
        "authority": {
          "physicsHz": 60,
          "paused": true,
          "physicsTick": 12842,
          "integratedPhysicsTimeMs": 214033.3333333003,
          "acknowledgedInputSequence": 6034,
          "physicsDebtMs": 12.966666679742048,
          "activeTimeMs": 214046.29999998005,
          "commitSequence": 55936,
          "physicsCost": {
            "count": 12842,
            "capacity": 256,
            "samplesMs": [
              0.19999998807907104,
              0.09999999403953552,
              0.29999999701976776,
              0.29999999701976776,
              0.20000000298023224,
              0.19999998807907104,
              0.20000000298023224,
              0.30000001192092896,
              0.30000001192092896,
              0.29999999701976776,
              0.29999999701976776,
              0.3999999910593033,
              0.5,
              0.20000000298023224,
              0.5,
              0.29999999701976776,
              0.20000000298023224,
              0.29999999701976776,
              0.29999999701976776,
              0.20000000298023224,
              0.4000000059604645,
              0.29999999701976776,
              0.20000000298023224,
              0.20000000298023224,
              0.20000000298023224,
              0.4000000059604645,
              0.29999999701976776,
              0.4000000059604645,
              0.29999999701976776,
              0.3999999910593033,
              0.29999999701976776,
              0.3999999910593033,
              0.29999999701976776,
              0.3999999910593033,
              0.29999999701976776,
              0.20000000298023224,
              0.30000001192092896,
              0.29999999701976776,
              0.30000001192092896,
              0.30000001192092896,
              0.20000000298023224,
              0.29999999701976776,
              0.29999999701976776,
              0.20000000298023224,
              0.20000000298023224,
              0.4000000059604645,
              0.19999998807907104,
              0.29999999701976776,
              0.4000000059604645,
              0.29999999701976776,
              0.29999999701976776,
              0.20000000298023224,
              0.4000000059604645,
              0.3999999910593033,
              0.29999999701976776,
              0.4000000059604645,
              0.29999999701976776,
              0.19999998807907104,
              0.29999999701976776,
              0.29999999701976776,
              0.29999999701976776,
              0.3999999910593033,
              0.29999999701976776,
              0.29999999701976776,
              0.10000000894069672,
              0.29999999701976776,
              0.20000000298023224,
              0.3999999910593033,
              0.10000000894069672,
              0.19999998807907104,
              0.19999998807907104,
              0.30000001192092896,
              0.29999999701976776,
              0.29999999701976776,
              0.20000000298023224,
              0.20000000298023224,
              0.20000000298023224,
              0.20000000298023224,
              0.4000000059604645,
              0.20000000298023224,
              0.29999999701976776,
              0.20000000298023224,
              0.29999999701976776,
              0.29999999701976776,
              0.29999999701976776,
              0.29999999701976776,
              0.29999999701976776,
              0.29999999701976776,
              0.29999999701976776,
              0.29999999701976776,
              0.29999999701976776,
              0.20000000298023224,
              0.29999999701976776,
              0.4000000059604645,
              0.29999999701976776,
              0.3999999910593033,
              0.29999999701976776,
              0.29999999701976776,
              0.29999999701976776,
              0.19999998807907104,
              0.20000000298023224,
              0.29999999701976776,
              0.29999999701976776,
              0.30000001192092896,
              0.29999999701976776,
              0.29999999701976776,
              0.29999999701976776,
              0.29999999701976776,
              0.20000000298023224,
              0.29999999701976776,
              0.3999999910593033,
              0.4000000059604645,
              0.4000000059604645,
              0.30000001192092896,
              0.4000000059604645,
              0.29999999701976776,
              0.3999999910593033,
              0.4000000059604645,
              0.29999999701976776,
              0.29999999701976776,
              0.3999999910593033,
              0.29999999701976776,
              0.29999999701976776,
              0.29999999701976776,
              0.19999998807907104,
              0.20000000298023224,
              0.20000000298023224,
              0.20000000298023224,
              0.30000001192092896,
              0.29999999701976776,
              0.20000000298023224,
              0.20000000298023224,
              0.29999999701976776,
              0.29999999701976776,
              0.20000000298023224,
              0.20000000298023224,
              0.19999998807907104,
              0.3999999910593033,
              0.29999999701976776,
              0.20000000298023224,
              0.29999999701976776,
              0.19999998807907104,
              0.29999999701976776,
              0.20000000298023224,
              0.29999999701976776,
              0.20000000298023224,
              0.4000000059604645,
              0.29999999701976776,
              0.30000001192092896,
              0.30000001192092896,
              0.3999999910593033,
              0.3999999910593033,
              0.4000000059604645,
              0.19999998807907104,
              0.30000001192092896,
              0.29999999701976776,
              0.29999999701976776,
              0.29999999701976776,
              0.30000001192092896,
              0.29999999701976776,
              0.4000000059604645,
              0.29999999701976776,
              0.29999999701976776,
              0.30000001192092896,
              0.20000000298023224,
              0.29999999701976776,
              0.30000001192092896,
              0.29999999701976776,
              0.3999999910593033,
              0.29999999701976776,
              0.20000000298023224,
              0.4000000059604645,
              0.20000000298023224,
              0.29999999701976776,
              0.19999998807907104,
              0.19999998807907104,
              0.20000000298023224,
              0.29999999701976776,
              0.30000001192092896,
              0.29999999701976776,
              0.29999999701976776,
              0.30000001192092896,
              0.20000000298023224,
              0.30000001192092896,
              0.20000000298023224,
              0.20000000298023224,
              0.20000000298023224,
              0.30000001192092896,
              0.29999999701976776,
              0.20000000298023224,
              0.10000000894069672,
              0.30000001192092896,
              0.29999999701976776,
              0.29999999701976776,
              0.19999998807907104,
              0.20000000298023224,
              0.20000000298023224,
              0.30000001192092896,
              0.30000001192092896,
              0.29999999701976776,
              0.29999999701976776,
              0.29999999701976776,
              0.29999999701976776,
              0.29999999701976776,
              0.29999999701976776,
              0.20000000298023224,
              0.4000000059604645,
              0.6000000089406967,
              0.29999999701976776,
              0.29999999701976776,
              0.29999999701976776,
              0.4000000059604645,
              0.29999999701976776,
              0.29999999701976776,
              0.29999999701976776,
              0.20000000298023224,
              0.4000000059604645,
              0.29999999701976776,
              0.20000000298023224,
              0.20000000298023224,
              0.20000000298023224,
              0.29999999701976776,
              0.20000000298023224,
              0.29999999701976776,
              0.30000001192092896,
              0.29999999701976776,
              0.29999999701976776,
              0.4000000059604645,
              0.3999999910593033,
              0.4000000059604645,
              0.29999999701976776,
              0.19999998807907104,
              0.29999999701976776,
              0.20000000298023224,
              0.29999999701976776,
              0.29999999701976776,
              0.30000001192092896,
              0.20000000298023224,
              0.29999999701976776,
              0.29999999701976776,
              0.29999999701976776,
              0.20000000298023224,
              0.20000000298023224,
              0.29999999701976776,
              0.20000000298023224,
              0.30000001192092896,
              0.3999999910593033,
              0.29999999701976776,
              0.20000000298023224,
              0.20000000298023224,
              0.29999999701976776,
              0.30000001192092896,
              0.29999999701976776,
              0.29999999701976776,
              0.4000000059604645,
              0.29999999701976776
            ]
          },
          "fluid": {
            "pendingCellCount": 0,
            "inFlightLeaseCount": 0,
            "acceptedCandidateCount": 128,
            "rejectedCandidateCount": 0,
            "returnedLeaseCount": 0,
            "issuedLeaseCount": 128,
            "settledLeaseCount": 128
          },
          "residency": {
            "residentCount": 59,
            "target": 256,
            "hardLimit": 2048,
            "pinnedCount": 38,
            "dirtyCount": 0,
            "evictableCleanCount": 21,
            "evictionCount": 0,
            "rejectedAdmissionCount": 0,
            "oversubscribed": false,
            "autoSaveInFlight": false,
            "autoSaveFailureCount": 0,
            "nextRetryActiveTimeMs": 0,
            "lastSaveError": null
          },
          "bodies": {
            "total": 4,
            "actors": 4,
            "worldItems": 0,
            "nearPlayer": 1
          },
          "snapshotRejections": {
            "wrong-epoch": 0,
            "duplicate": 85,
            "physics-tick-regressed": 0,
            "commit-regressed": 0,
            "ack-regressed": 0
          }
        },
        "logic": {
          "blockStartedCount": 0,
          "blockCompletedCount": 0,
          "observationInFlight": true,
          "pendingObservationCount": 0,
          "submittedObservationCount": 2978,
          "receivedBatchCount": 2977,
          "completedBatchCount": 2977,
          "rejectedBatchCount": 0,
          "lastRoundTripMs": 0.20000000298023224
        },
        "trajectory": [
          {
            "physicsTick": 12507,
            "activeTimeMs": 208458.59999999197,
            "position": [
              67.47733613801189,
              34.700001000000036,
              0.4280294621806095
            ]
          },
          {
            "physicsTick": 12508,
            "activeTimeMs": 208476.79999998005,
            "position": [
              67.47733613801189,
              34.700001000000036,
              0.4280294621806095
            ]
          },
          {
            "physicsTick": 12510,
            "activeTimeMs": 208501.29999998005,
            "position": [
              67.47733613801189,
              34.700001000000036,
              0.4280294621806095
            ]
          },
          {
            "physicsTick": 12511,
            "activeTimeMs": 208521.79999998005,
            "position": [
              67.47733613801189,
              34.700001000000036,
              0.4280294621806095
            ]
          },
          {
            "physicsTick": 12512,
            "activeTimeMs": 208539.59999999197,
            "position": [
              67.47733613801189,
              34.700001000000036,
              0.4280294621806095
            ]
          },
          {
            "physicsTick": 12513,
            "activeTimeMs": 208563.399999989,
            "position": [
              67.47733613801189,
              34.700001000000036,
              0.4280294621806095
            ]
          },
          {
            "physicsTick": 12514,
            "activeTimeMs": 208581.399999989,
            "position": [
              67.47733613801189,
              34.700001000000036,
              0.4280294621806095
            ]
          },
          {
            "physicsTick": 12516,
            "activeTimeMs": 208602.09999999197,
            "position": [
              67.47733613801189,
              34.700001000000036,
              0.4280294621806095
            ]
          },
          {
            "physicsTick": 12517,
            "activeTimeMs": 208629.399999989,
            "position": [
              67.47733613801189,
              34.700001000000036,
              0.4280294621806095
            ]
          },
          {
            "physicsTick": 12519,
            "activeTimeMs": 208651.899999989,
            "position": [
              67.47733613801189,
              34.700001000000036,
              0.4280294621806095
            ]
          },
          {
            "physicsTick": 12520,
            "activeTimeMs": 208675.29999998005,
            "position": [
              67.47733613801189,
              34.700001000000036,
              0.4280294621806095
            ]
          },
          {
            "physicsTick": 12522,
            "activeTimeMs": 208700.49999998303,
            "position": [
              67.47733613801189,
              34.700001000000036,
              0.4280294621806095
            ]
          },
          {
            "physicsTick": 12523,
            "activeTimeMs": 208717.899999989,
            "position": [
              67.47733613801189,
              34.700001000000036,
              0.4280294621806095
            ]
          },
          {
            "physicsTick": 12524,
            "activeTimeMs": 208739.699999986,
            "position": [
              67.47733613801189,
              34.700001000000036,
              0.4280294621806095
            ]
          },
          {
            "physicsTick": 12525,
            "activeTimeMs": 208764.399999989,
            "position": [
              67.47733613801189,
              34.700001000000036,
              0.4280294621806095
            ]
          },
          {
            "physicsTick": 12526,
            "activeTimeMs": 208782.199999986,
            "position": [
              67.47733613801189,
              34.700001000000036,
              0.4280294621806095
            ]
          },
          {
            "physicsTick": 12528,
            "activeTimeMs": 208803.09999999197,
            "position": [
              67.47733613801189,
              34.700001000000036,
              0.4280294621806095
            ]
          },
          {
            "physicsTick": 12529,
            "activeTimeMs": 208828.99999998303,
            "position": [
              67.47733613801189,
              34.700001000000036,
              0.4280294621806095
            ]
          },
          {
            "physicsTick": 12530,
            "activeTimeMs": 208845.79999998005,
            "position": [
              67.47733613801189,
              34.700001000000036,
              0.4280294621806095
            ]
          },
          {
            "physicsTick": 12532,
            "activeTimeMs": 208866.79999998005,
            "position": [
              67.47733613801189,
              34.700001000000036,
              0.4280294621806095
            ]
          },
          {
            "physicsTick": 12533,
            "activeTimeMs": 208883.699999986,
            "position": [
              67.47733613801189,
              34.700001000000036,
              0.4280294621806095
            ]
          },
          {
            "physicsTick": 12534,
            "activeTimeMs": 208900.699999986,
            "position": [
              67.47733613801189,
              34.700001000000036,
              0.4280294621806095
            ]
          },
          {
            "physicsTick": 12535,
            "activeTimeMs": 208923.09999999197,
            "position": [
              67.47733613801189,
              34.700001000000036,
              0.4280294621806095
            ]
          },
          {
            "physicsTick": 12536,
            "activeTimeMs": 208943.09999999197,
            "position": [
              67.47733613801189,
              34.700001000000036,
              0.4280294621806095
            ]
          },
          {
            "physicsTick": 12537,
            "activeTimeMs": 208963.199999986,
            "position": [
              67.47733613801189,
              34.700001000000036,
              0.4280294621806095
            ]
          },
          {
            "physicsTick": 12538,
            "activeTimeMs": 208980.59999999197,
            "position": [
              67.47733613801189,
              34.700001000000036,
              0.4280294621806095
            ]
          },
          {
            "physicsTick": 12539,
            "activeTimeMs": 208997.49999998303,
            "position": [
              67.47733613801189,
              34.700001000000036,
              0.4280294621806095
            ]
          },
          {
            "physicsTick": 12541,
            "activeTimeMs": 209017.899999989,
            "position": [
              67.47733613801189,
              34.700001000000036,
              0.4280294621806095
            ]
          },
          {
            "physicsTick": 12542,
            "activeTimeMs": 209035.199999986,
            "position": [
              67.47733613801189,
              34.700001000000036,
              0.4280294621806095
            ]
          },
          {
            "physicsTick": 12543,
            "activeTimeMs": 209059.49999998303,
            "position": [
              67.47733613801189,
              34.700001000000036,
              0.4280294621806095
            ]
          },
          {
            "physicsTick": 12545,
            "activeTimeMs": 209083.699999986,
            "position": [
              67.47733613801189,
              34.700001000000036,
              0.4280294621806095
            ]
          },
          {
            "physicsTick": 12546,
            "activeTimeMs": 209100.99999998303,
            "position": [
              67.47733613801189,
              34.700001000000036,
              0.4280294621806095
            ]
          },
          {
            "physicsTick": 12547,
            "activeTimeMs": 209122.29999998005,
            "position": [
              67.47733613801189,
              34.700001000000036,
              0.4280294621806095
            ]
          },
          {
            "physicsTick": 12548,
            "activeTimeMs": 209139.199999986,
            "position": [
              67.47733613801189,
              34.700001000000036,
              0.4280294621806095
            ]
          },
          {
            "physicsTick": 12549,
            "activeTimeMs": 209163.199999986,
            "position": [
              67.47733613801189,
              34.700001000000036,
              0.4280294621806095
            ]
          },
          {
            "physicsTick": 12551,
            "activeTimeMs": 209186.59999999197,
            "position": [
              67.47733613801189,
              34.700001000000036,
              0.4280294621806095
            ]
          },
          {
            "physicsTick": 12552,
            "activeTimeMs": 209212.399999989,
            "position": [
              67.47733613801189,
              34.700001000000036,
              0.4280294621806095
            ]
          },
          {
            "physicsTick": 12554,
            "activeTimeMs": 209235.199999986,
            "position": [
              67.47733613801189,
              34.700001000000036,
              0.4280294621806095
            ]
          },
          {
            "physicsTick": 12555,
            "activeTimeMs": 209259.49999998303,
            "position": [
              67.47733613801189,
              34.700001000000036,
              0.4280294621806095
            ]
          },
          {
            "physicsTick": 12556,
            "activeTimeMs": 209283.199999986,
            "position": [
              67.47733613801189,
              34.700001000000036,
              0.4280294621806095
            ]
          },
          {
            "physicsTick": 12558,
            "activeTimeMs": 209308.59999999197,
            "position": [
              67.47733613801189,
              34.700001000000036,
              0.4280294621806095
            ]
          },
          {
            "physicsTick": 12559,
            "activeTimeMs": 209331.09999999197,
            "position": [
              67.47733613801189,
              34.700001000000036,
              0.4280294621806095
            ]
          },
          {
            "physicsTick": 12560,
            "activeTimeMs": 209349.199999986,
            "position": [
              67.47733613801189,
              34.700001000000036,
              0.4280294621806095
            ]
          },
          {
            "physicsTick": 12562,
            "activeTimeMs": 209371.59999999197,
            "position": [
              67.47733613801189,
              34.700001000000036,
              0.4280294621806095
            ]
          },
          {
            "physicsTick": 12563,
            "activeTimeMs": 209397.49999998303,
            "position": [
              67.47733613801189,
              34.700001000000036,
              0.4280294621806095
            ]
          },
          {
            "physicsTick": 12565,
            "activeTimeMs": 209417.99999998303,
            "position": [
              67.47733613801189,
              34.700001000000036,
              0.4280294621806095
            ]
          },
          {
            "physicsTick": 12566,
            "activeTimeMs": 209446.399999989,
            "position": [
              67.47733613801189,
              34.700001000000036,
              0.4280294621806095
            ]
          },
          {
            "physicsTick": 12568,
            "activeTimeMs": 209466.899999989,
            "position": [
              67.47733613801189,
              34.700001000000036,
              0.4280294621806095
            ]
          },
          {
            "physicsTick": 12569,
            "activeTimeMs": 209484.699999986,
            "position": [
              67.47733613801189,
              34.700001000000036,
              0.4280294621806095
            ]
          },
          {
            "physicsTick": 12570,
            "activeTimeMs": 209507.29999998005,
            "position": [
              67.47733613801189,
              34.700001000000036,
              0.4280294621806095
            ]
          },
          {
            "physicsTick": 12572,
            "activeTimeMs": 209533.59999999197,
            "position": [
              67.47733613801189,
              34.700001000000036,
              0.4280294621806095
            ]
          },
          {
            "physicsTick": 12573,
            "activeTimeMs": 209553.79999998005,
            "position": [
              67.47733613801189,
              34.700001000000036,
              0.4280294621806095
            ]
          },
          {
            "physicsTick": 12574,
            "activeTimeMs": 209571.199999986,
            "position": [
              67.47733613801189,
              34.700001000000036,
              0.4280294621806095
            ]
          },
          {
            "physicsTick": 12575,
            "activeTimeMs": 209597.49999998303,
            "position": [
              67.47733613801189,
              34.700001000000036,
              0.4280294621806095
            ]
          },
          {
            "physicsTick": 12577,
            "activeTimeMs": 209618.399999989,
            "position": [
              67.47733613801189,
              34.700001000000036,
              0.4280294621806095
            ]
          },
          {
            "physicsTick": 12578,
            "activeTimeMs": 209635.199999986,
            "position": [
              67.47733613801189,
              34.700001000000036,
              0.4280294621806095
            ]
          },
          {
            "physicsTick": 12579,
            "activeTimeMs": 209651.899999989,
            "position": [
              67.47733613801189,
              34.700001000000036,
              0.4280294621806095
            ]
          },
          {
            "physicsTick": 12580,
            "activeTimeMs": 209673.79999998005,
            "position": [
              67.47733613801189,
              34.700001000000036,
              0.4280294621806095
            ]
          },
          {
            "physicsTick": 12581,
            "activeTimeMs": 209699.09999999197,
            "position": [
              67.47733613801189,
              34.700001000000036,
              0.4280294621806095
            ]
          },
          {
            "physicsTick": 12583,
            "activeTimeMs": 209723.09999999197,
            "position": [
              67.47733613801189,
              34.700001000000036,
              0.4280294621806095
            ]
          },
          {
            "physicsTick": 12584,
            "activeTimeMs": 209747.09999999197,
            "position": [
              67.47733613801189,
              34.700001000000036,
              0.4280294621806095
            ]
          },
          {
            "physicsTick": 12585,
            "activeTimeMs": 209763.99999998303,
            "position": [
              67.47733613801189,
              34.700001000000036,
              0.4280294621806095
            ]
          },
          {
            "physicsTick": 12587,
            "activeTimeMs": 209786.59999999197,
            "position": [
              67.47733613801189,
              34.700001000000036,
              0.4280294621806095
            ]
          },
          {
            "physicsTick": 12588,
            "activeTimeMs": 209811.99999998303,
            "position": [
              67.47733613801189,
              34.700001000000036,
              0.4280294621806095
            ]
          },
          {
            "physicsTick": 12590,
            "activeTimeMs": 209834.59999999197,
            "position": [
              67.47733613801189,
              34.700001000000036,
              0.4280294621806095
            ]
          },
          {
            "physicsTick": 12591,
            "activeTimeMs": 209851.79999998005,
            "position": [
              67.47733613801189,
              34.700001000000036,
              0.4280294621806095
            ]
          },
          {
            "physicsTick": 12592,
            "activeTimeMs": 209868.59999999197,
            "position": [
              67.47733613801189,
              34.700001000000036,
              0.4280294621806095
            ]
          },
          {
            "physicsTick": 12593,
            "activeTimeMs": 209890.59999999197,
            "position": [
              67.47733613801189,
              34.700001000000036,
              0.4280294621806095
            ]
          },
          {
            "physicsTick": 12595,
            "activeTimeMs": 209917.29999998005,
            "position": [
              67.47733613801189,
              34.700001000000036,
              0.4280294621806095
            ]
          },
          {
            "physicsTick": 12596,
            "activeTimeMs": 209940.199999986,
            "position": [
              67.47733613801189,
              34.700001000000036,
              0.4280294621806095
            ]
          },
          {
            "physicsTick": 12597,
            "activeTimeMs": 209961.899999989,
            "position": [
              67.47733613801189,
              34.700001000000036,
              0.4280294621806095
            ]
          },
          {
            "physicsTick": 12598,
            "activeTimeMs": 209981.199999986,
            "position": [
              67.47733613801189,
              34.700001000000036,
              0.4280294621806095
            ]
          },
          {
            "physicsTick": 12600,
            "activeTimeMs": 210002.49999998303,
            "position": [
              67.47733613801189,
              34.700001000000036,
              0.4280294621806095
            ]
          },
          {
            "physicsTick": 12601,
            "activeTimeMs": 210029.699999986,
            "position": [
              67.47733613801189,
              34.700001000000036,
              0.4280294621806095
            ]
          },
          {
            "physicsTick": 12602,
            "activeTimeMs": 210049.79999998005,
            "position": [
              67.47733613801189,
              34.700001000000036,
              0.4280294621806095
            ]
          },
          {
            "physicsTick": 12604,
            "activeTimeMs": 210067.399999989,
            "position": [
              67.47733613801189,
              34.700001000000036,
              0.4280294621806095
            ]
          },
          {
            "physicsTick": 12605,
            "activeTimeMs": 210092.49999998303,
            "position": [
              67.47733613801189,
              34.700001000000036,
              0.4280294621806095
            ]
          },
          {
            "physicsTick": 12606,
            "activeTimeMs": 210114.399999989,
            "position": [
              67.47733613801189,
              34.700001000000036,
              0.4280294621806095
            ]
          },
          {
            "physicsTick": 12607,
            "activeTimeMs": 210132.699999986,
            "position": [
              67.47733613801189,
              34.700001000000036,
              0.4280294621806095
            ]
          },
          {
            "physicsTick": 12609,
            "activeTimeMs": 210154.79999998005,
            "position": [
              67.47733613801189,
              34.700001000000036,
              0.4280294621806095
            ]
          },
          {
            "physicsTick": 12610,
            "activeTimeMs": 210181.79999998005,
            "position": [
              67.47733613801189,
              34.700001000000036,
              0.4280294621806095
            ]
          },
          {
            "physicsTick": 12612,
            "activeTimeMs": 210202.899999989,
            "position": [
              67.47733613801189,
              34.700001000000036,
              0.4280294621806095
            ]
          },
          {
            "physicsTick": 12613,
            "activeTimeMs": 210227.09999999197,
            "position": [
              67.47733613801189,
              34.700001000000036,
              0.4280294621806095
            ]
          },
          {
            "physicsTick": 12615,
            "activeTimeMs": 210251.899999989,
            "position": [
              67.47733613801189,
              34.700001000000036,
              0.4280294621806095
            ]
          },
          {
            "physicsTick": 12616,
            "activeTimeMs": 210268.59999999197,
            "position": [
              67.47733613801189,
              34.700001000000036,
              0.4280294621806095
            ]
          },
          {
            "physicsTick": 12617,
            "activeTimeMs": 210291.09999999197,
            "position": [
              67.47733613801189,
              34.700001000000036,
              0.4280294621806095
            ]
          },
          {
            "physicsTick": 12618,
            "activeTimeMs": 210313.79999998005,
            "position": [
              67.47733613801189,
              34.700001000000036,
              0.4280294621806095
            ]
          },
          {
            "physicsTick": 12619,
            "activeTimeMs": 210331.09999999197,
            "position": [
              67.47733613801189,
              34.700001000000036,
              0.4280294621806095
            ]
          },
          {
            "physicsTick": 12620,
            "activeTimeMs": 210347.99999998303,
            "position": [
              67.47733613801189,
              34.700001000000036,
              0.4280294621806095
            ]
          },
          {
            "physicsTick": 12622,
            "activeTimeMs": 210369.899999989,
            "position": [
              67.47733613801189,
              34.700001000000036,
              0.4280294621806095
            ]
          },
          {
            "physicsTick": 12623,
            "activeTimeMs": 210387.29999998005,
            "position": [
              67.47733613801189,
              34.700001000000036,
              0.4280294621806095
            ]
          },
          {
            "physicsTick": 12624,
            "activeTimeMs": 210409.99999998303,
            "position": [
              67.47733613801189,
              34.700001000000036,
              0.4280294621806095
            ]
          },
          {
            "physicsTick": 12625,
            "activeTimeMs": 210426.699999986,
            "position": [
              67.47733613801189,
              34.700001000000036,
              0.4280294621806095
            ]
          },
          {
            "physicsTick": 12626,
            "activeTimeMs": 210445.199999986,
            "position": [
              67.47733613801189,
              34.700001000000036,
              0.4280294621806095
            ]
          },
          {
            "physicsTick": 12628,
            "activeTimeMs": 210466.99999998303,
            "position": [
              67.47733613801189,
              34.700001000000036,
              0.4280294621806095
            ]
          },
          {
            "physicsTick": 12629,
            "activeTimeMs": 210489.899999989,
            "position": [
              67.47733613801189,
              34.700001000000036,
              0.4280294621806095
            ]
          },
          {
            "physicsTick": 12630,
            "activeTimeMs": 210508.79999998005,
            "position": [
              67.47733613801189,
              34.700001000000036,
              0.4280294621806095
            ]
          },
          {
            "physicsTick": 12631,
            "activeTimeMs": 210532.79999998005,
            "position": [
              67.47733613801189,
              34.700001000000036,
              0.4280294621806095
            ]
          },
          {
            "physicsTick": 12633,
            "activeTimeMs": 210555.99999998303,
            "position": [
              67.47733613801189,
              34.700001000000036,
              0.4280294621806095
            ]
          },
          {
            "physicsTick": 12634,
            "activeTimeMs": 210579.399999989,
            "position": [
              67.47733613801189,
              34.700001000000036,
              0.4280294621806095
            ]
          },
          {
            "physicsTick": 12636,
            "activeTimeMs": 210601.99999998303,
            "position": [
              67.47733613801189,
              34.700001000000036,
              0.4280294621806095
            ]
          },
          {
            "physicsTick": 12637,
            "activeTimeMs": 210627.09999999197,
            "position": [
              67.47733613801189,
              34.700001000000036,
              0.4280294621806095
            ]
          },
          {
            "physicsTick": 12639,
            "activeTimeMs": 210651.79999998005,
            "position": [
              67.47733613801189,
              34.700001000000036,
              0.4280294621806095
            ]
          },
          {
            "physicsTick": 12640,
            "activeTimeMs": 210676.399999989,
            "position": [
              67.47733613801189,
              34.700001000000036,
              0.4280294621806095
            ]
          },
          {
            "physicsTick": 12642,
            "activeTimeMs": 210700.199999986,
            "position": [
              67.47733613801189,
              34.700001000000036,
              0.4280294621806095
            ]
          },
          {
            "physicsTick": 12643,
            "activeTimeMs": 210717.09999999197,
            "position": [
              67.47733613801189,
              34.700001000000036,
              0.4280294621806095
            ]
          },
          {
            "physicsTick": 12644,
            "activeTimeMs": 210738.59999999197,
            "position": [
              67.47733613801189,
              34.700001000000036,
              0.4280294621806095
            ]
          },
          {
            "physicsTick": 12645,
            "activeTimeMs": 210755.399999989,
            "position": [
              67.47733613801189,
              34.700001000000036,
              0.4280294621806095
            ]
          },
          {
            "physicsTick": 12646,
            "activeTimeMs": 210782.29999998005,
            "position": [
              67.47733613801189,
              34.700001000000036,
              0.4280294621806095
            ]
          },
          {
            "physicsTick": 12648,
            "activeTimeMs": 210802.79999998005,
            "position": [
              67.47733613801189,
              34.700001000000036,
              0.4280294621806095
            ]
          },
          {
            "physicsTick": 12649,
            "activeTimeMs": 210828.99999998303,
            "position": [
              67.47733613801189,
              34.700001000000036,
              0.4280294621806095
            ]
          },
          {
            "physicsTick": 12651,
            "activeTimeMs": 210851.699999986,
            "position": [
              67.47733613801189,
              34.700001000000036,
              0.4280294621806095
            ]
          },
          {
            "physicsTick": 12652,
            "activeTimeMs": 210873.99999998303,
            "position": [
              67.47733613801189,
              34.700001000000036,
              0.4280294621806095
            ]
          },
          {
            "physicsTick": 12653,
            "activeTimeMs": 210892.699999986,
            "position": [
              67.47733613801189,
              34.700001000000036,
              0.4280294621806095
            ]
          },
          {
            "physicsTick": 12655,
            "activeTimeMs": 210916.79999998005,
            "position": [
              67.47733613801189,
              34.700001000000036,
              0.4280294621806095
            ]
          },
          {
            "physicsTick": 12656,
            "activeTimeMs": 210939.09999999197,
            "position": [
              67.47733613801189,
              34.700001000000036,
              0.4280294621806095
            ]
          },
          {
            "physicsTick": 12657,
            "activeTimeMs": 210963.699999986,
            "position": [
              67.47733613801189,
              34.700001000000036,
              0.4280294621806095
            ]
          },
          {
            "physicsTick": 12658,
            "activeTimeMs": 210981.699999986,
            "position": [
              67.47733613801189,
              34.700001000000036,
              0.4280294621806095
            ]
          },
          {
            "physicsTick": 12660,
            "activeTimeMs": 211002.29999998005,
            "position": [
              67.47733613801189,
              34.700001000000036,
              0.4280294621806095
            ]
          },
          {
            "physicsTick": 12661,
            "activeTimeMs": 211029.59999999197,
            "position": [
              67.47733613801189,
              34.700001000000036,
              0.4280294621806095
            ]
          },
          {
            "physicsTick": 12663,
            "activeTimeMs": 211051.09999999197,
            "position": [
              67.47733613801189,
              34.700001000000036,
              0.4280294621806095
            ]
          },
          {
            "physicsTick": 12664,
            "activeTimeMs": 211075.199999986,
            "position": [
              67.47733613801189,
              34.700001000000036,
              0.4280294621806095
            ]
          },
          {
            "physicsTick": 12665,
            "activeTimeMs": 211098.899999989,
            "position": [
              67.47733613801189,
              34.700001000000036,
              0.4280294621806095
            ]
          },
          {
            "physicsTick": 12667,
            "activeTimeMs": 211122.99999998303,
            "position": [
              67.47733613801189,
              34.700001000000036,
              0.4280294621806095
            ]
          },
          {
            "physicsTick": 12668,
            "activeTimeMs": 211148.59999999197,
            "position": [
              67.47733613801189,
              34.700001000000036,
              0.4280294621806095
            ]
          },
          {
            "physicsTick": 12670,
            "activeTimeMs": 211170.59999999197,
            "position": [
              67.47733613801189,
              34.700001000000036,
              0.4280294621806095
            ]
          },
          {
            "physicsTick": 12671,
            "activeTimeMs": 211197.399999989,
            "position": [
              67.47733613801189,
              34.700001000000036,
              0.4280294621806095
            ]
          },
          {
            "physicsTick": 12673,
            "activeTimeMs": 211218.399999989,
            "position": [
              67.47733613801189,
              34.700001000000036,
              0.4280294621806095
            ]
          },
          {
            "physicsTick": 12674,
            "activeTimeMs": 211235.199999986,
            "position": [
              67.47733613801189,
              34.700001000000036,
              0.4280294621806095
            ]
          },
          {
            "physicsTick": 12675,
            "activeTimeMs": 211260.399999989,
            "position": [
              67.47733613801189,
              34.700001000000036,
              0.4280294621806095
            ]
          },
          {
            "physicsTick": 12676,
            "activeTimeMs": 211277.79999998005,
            "position": [
              67.47733613801189,
              34.700001000000036,
              0.4280294621806095
            ]
          },
          {
            "physicsTick": 12678,
            "activeTimeMs": 211300.899999989,
            "position": [
              67.47733613801189,
              34.700001000000036,
              0.4280294621806095
            ]
          },
          {
            "physicsTick": 12679,
            "activeTimeMs": 211318.09999999197,
            "position": [
              67.47733613801189,
              34.700001000000036,
              0.4280294621806095
            ]
          },
          {
            "physicsTick": 12680,
            "activeTimeMs": 211339.49999998303,
            "position": [
              67.47733613801189,
              34.700001000000036,
              0.4280294621806095
            ]
          },
          {
            "physicsTick": 12681,
            "activeTimeMs": 211364.79999998005,
            "position": [
              67.47733613801189,
              34.700001000000036,
              0.4280294621806095
            ]
          },
          {
            "physicsTick": 12683,
            "activeTimeMs": 211386.899999989,
            "position": [
              67.47733613801189,
              34.700001000000036,
              0.4280294621806095
            ]
          },
          {
            "physicsTick": 12684,
            "activeTimeMs": 211410.79999998005,
            "position": [
              67.47733613801189,
              34.700001000000036,
              0.4280294621806095
            ]
          },
          {
            "physicsTick": 12685,
            "activeTimeMs": 211430.399999989,
            "position": [
              67.47733613801189,
              34.700001000000036,
              0.4280294621806095
            ]
          },
          {
            "physicsTick": 12687,
            "activeTimeMs": 211450.899999989,
            "position": [
              67.47733613801189,
              34.700001000000036,
              0.4280294621806095
            ]
          },
          {
            "physicsTick": 12688,
            "activeTimeMs": 211475.09999999197,
            "position": [
              67.47733613801189,
              34.700001000000036,
              0.4280294621806095
            ]
          },
          {
            "physicsTick": 12689,
            "activeTimeMs": 211492.99999998303,
            "position": [
              67.47733613801189,
              34.700001000000036,
              0.4280294621806095
            ]
          },
          {
            "physicsTick": 12690,
            "activeTimeMs": 211515.29999998005,
            "position": [
              67.47733613801189,
              34.700001000000036,
              0.4280294621806095
            ]
          },
          {
            "physicsTick": 12691,
            "activeTimeMs": 211532.399999989,
            "position": [
              67.47733613801189,
              34.700001000000036,
              0.4280294621806095
            ]
          },
          {
            "physicsTick": 12693,
            "activeTimeMs": 211555.59999999197,
            "position": [
              67.47733613801189,
              34.700001000000036,
              0.4280294621806095
            ]
          },
          {
            "physicsTick": 12694,
            "activeTimeMs": 211580.79999998005,
            "position": [
              67.47733613801189,
              34.700001000000036,
              0.4280294621806095
            ]
          },
          {
            "physicsTick": 12696,
            "activeTimeMs": 211603.199999986,
            "position": [
              67.47733613801189,
              34.700001000000036,
              0.4280294621806095
            ]
          },
          {
            "physicsTick": 12697,
            "activeTimeMs": 211629.199999986,
            "position": [
              67.47733613801189,
              34.700001000000036,
              0.4280294621806095
            ]
          },
          {
            "physicsTick": 12699,
            "activeTimeMs": 211650.29999998005,
            "position": [
              67.47733613801189,
              34.700001000000036,
              0.4280294621806095
            ]
          },
          {
            "physicsTick": 12700,
            "activeTimeMs": 211674.199999986,
            "position": [
              67.47733613801189,
              34.700001000000036,
              0.4280294621806095
            ]
          },
          {
            "physicsTick": 12701,
            "activeTimeMs": 211698.199999986,
            "position": [
              67.47733613801189,
              34.700001000000036,
              0.4280294621806095
            ]
          },
          {
            "physicsTick": 12703,
            "activeTimeMs": 211723.49999998303,
            "position": [
              67.47733613801189,
              34.700001000000036,
              0.4280294621806095
            ]
          },
          {
            "physicsTick": 12704,
            "activeTimeMs": 211748.99999998303,
            "position": [
              67.47733613801189,
              34.700001000000036,
              0.4280294621806095
            ]
          },
          {
            "physicsTick": 12706,
            "activeTimeMs": 211769.899999989,
            "position": [
              67.47733613801189,
              34.700001000000036,
              0.4280294621806095
            ]
          },
          {
            "physicsTick": 12707,
            "activeTimeMs": 211797.09999999197,
            "position": [
              67.47733613801189,
              34.700001000000036,
              0.4280294621806095
            ]
          },
          {
            "physicsTick": 12709,
            "activeTimeMs": 211818.399999989,
            "position": [
              67.47733613801189,
              34.700001000000036,
              0.4280294621806095
            ]
          },
          {
            "physicsTick": 12710,
            "activeTimeMs": 211845.199999986,
            "position": [
              67.47733613801189,
              34.700001000000036,
              0.4280294621806095
            ]
          },
          {
            "physicsTick": 12712,
            "activeTimeMs": 211868.399999989,
            "position": [
              67.47733613801189,
              34.700001000000036,
              0.4280294621806095
            ]
          },
          {
            "physicsTick": 12713,
            "activeTimeMs": 211890.29999998005,
            "position": [
              67.47733613801189,
              34.700001000000036,
              0.4280294621806095
            ]
          },
          {
            "physicsTick": 12715,
            "activeTimeMs": 211917.79999998005,
            "position": [
              67.47733613801189,
              34.700001000000036,
              0.4280294621806095
            ]
          },
          {
            "physicsTick": 12716,
            "activeTimeMs": 211939.09999999197,
            "position": [
              67.47733613801189,
              34.700001000000036,
              0.4280294621806095
            ]
          },
          {
            "physicsTick": 12717,
            "activeTimeMs": 211964.699999986,
            "position": [
              67.47733613801189,
              34.700001000000036,
              0.4280294621806095
            ]
          },
          {
            "physicsTick": 12718,
            "activeTimeMs": 211981.59999999197,
            "position": [
              67.47733613801189,
              34.700001000000036,
              0.4280294621806095
            ]
          },
          {
            "physicsTick": 12720,
            "activeTimeMs": 212003.199999986,
            "position": [
              67.47733613801189,
              34.700001000000036,
              0.4280294621806095
            ]
          },
          {
            "physicsTick": 12721,
            "activeTimeMs": 212026.59999999197,
            "position": [
              67.47733613801189,
              34.700001000000036,
              0.4280294621806095
            ]
          },
          {
            "physicsTick": 12722,
            "activeTimeMs": 212049.899999989,
            "position": [
              67.47733613801189,
              34.700001000000036,
              0.4280294621806095
            ]
          },
          {
            "physicsTick": 12724,
            "activeTimeMs": 212077.399999989,
            "position": [
              67.47733613801189,
              34.700001000000036,
              0.4280294621806095
            ]
          },
          {
            "physicsTick": 12726,
            "activeTimeMs": 212100.399999989,
            "position": [
              67.47733613801189,
              34.700001000000036,
              0.4280294621806095
            ]
          },
          {
            "physicsTick": 12727,
            "activeTimeMs": 212123.49999998303,
            "position": [
              67.47733613801189,
              34.700001000000036,
              0.4280294621806095
            ]
          },
          {
            "physicsTick": 12728,
            "activeTimeMs": 212148.899999989,
            "position": [
              67.47733613801189,
              34.700001000000036,
              0.4280294621806095
            ]
          },
          {
            "physicsTick": 12730,
            "activeTimeMs": 212171.79999998005,
            "position": [
              67.47733613801189,
              34.700001000000036,
              0.4280294621806095
            ]
          },
          {
            "physicsTick": 12731,
            "activeTimeMs": 212197.49999998303,
            "position": [
              67.47733613801189,
              34.700001000000036,
              0.4280294621806095
            ]
          },
          {
            "physicsTick": 12733,
            "activeTimeMs": 212218.199999986,
            "position": [
              67.47733613801189,
              34.700001000000036,
              0.4280294621806095
            ]
          },
          {
            "physicsTick": 12734,
            "activeTimeMs": 212245.399999989,
            "position": [
              67.47733613801189,
              34.700001000000036,
              0.4280294621806095
            ]
          },
          {
            "physicsTick": 12735,
            "activeTimeMs": 212266.49999998303,
            "position": [
              67.47733613801189,
              34.700001000000036,
              0.4280294621806095
            ]
          },
          {
            "physicsTick": 12737,
            "activeTimeMs": 212292.59999999197,
            "position": [
              67.47733613801189,
              34.700001000000036,
              0.4280294621806095
            ]
          },
          {
            "physicsTick": 12738,
            "activeTimeMs": 212314.29999998005,
            "position": [
              67.47733613801189,
              34.700001000000036,
              0.4280294621806095
            ]
          },
          {
            "physicsTick": 12739,
            "activeTimeMs": 212332.199999986,
            "position": [
              67.47733613801189,
              34.700001000000036,
              0.4280294621806095
            ]
          },
          {
            "physicsTick": 12740,
            "activeTimeMs": 212348.899999989,
            "position": [
              67.47733613801189,
              34.700001000000036,
              0.4280294621806095
            ]
          },
          {
            "physicsTick": 12742,
            "activeTimeMs": 212371.399999989,
            "position": [
              67.47733613801189,
              34.700001000000036,
              0.4280294621806095
            ]
          },
          {
            "physicsTick": 12743,
            "activeTimeMs": 212397.29999998005,
            "position": [
              67.47733613801189,
              34.700001000000036,
              0.4280294621806095
            ]
          },
          {
            "physicsTick": 12745,
            "activeTimeMs": 212418.29999998005,
            "position": [
              67.47733613801189,
              34.700001000000036,
              0.4280294621806095
            ]
          },
          {
            "physicsTick": 12746,
            "activeTimeMs": 212445.899999989,
            "position": [
              67.47733613801189,
              34.700001000000036,
              0.4280294621806095
            ]
          },
          {
            "physicsTick": 12748,
            "activeTimeMs": 212467.09999999197,
            "position": [
              67.47733613801189,
              34.700001000000036,
              0.4280294621806095
            ]
          },
          {
            "physicsTick": 12749,
            "activeTimeMs": 212493.899999989,
            "position": [
              67.47733613801189,
              34.700001000000036,
              0.4280294621806095
            ]
          },
          {
            "physicsTick": 12750,
            "activeTimeMs": 212516.399999989,
            "position": [
              67.47733613801189,
              34.700001000000036,
              0.4280294621806095
            ]
          },
          {
            "physicsTick": 12752,
            "activeTimeMs": 212539.699999986,
            "position": [
              67.47733613801189,
              34.700001000000036,
              0.4280294621806095
            ]
          },
          {
            "physicsTick": 12753,
            "activeTimeMs": 212562.59999999197,
            "position": [
              67.47733613801189,
              34.700001000000036,
              0.4280294621806095
            ]
          },
          {
            "physicsTick": 12755,
            "activeTimeMs": 212586.399999989,
            "position": [
              67.47733613801189,
              34.700001000000036,
              0.4280294621806095
            ]
          },
          {
            "physicsTick": 12756,
            "activeTimeMs": 212612.699999986,
            "position": [
              67.47733613801189,
              34.700001000000036,
              0.4280294621806095
            ]
          },
          {
            "physicsTick": 12758,
            "activeTimeMs": 212633.49999998303,
            "position": [
              67.47733613801189,
              34.700001000000036,
              0.4280294621806095
            ]
          },
          {
            "physicsTick": 12759,
            "activeTimeMs": 212661.79999998005,
            "position": [
              67.47733613801189,
              34.700001000000036,
              0.4280294621806095
            ]
          },
          {
            "physicsTick": 12761,
            "activeTimeMs": 212684.59999999197,
            "position": [
              67.47733613801189,
              34.700001000000036,
              0.4280294621806095
            ]
          },
          {
            "physicsTick": 12762,
            "activeTimeMs": 212706.699999986,
            "position": [
              67.47733613801189,
              34.700001000000036,
              0.4280294621806095
            ]
          },
          {
            "physicsTick": 12763,
            "activeTimeMs": 212723.59999999197,
            "position": [
              67.47733613801189,
              34.700001000000036,
              0.4280294621806095
            ]
          },
          {
            "physicsTick": 12764,
            "activeTimeMs": 212748.09999999197,
            "position": [
              67.47733613801189,
              34.700001000000036,
              0.4280294621806095
            ]
          },
          {
            "physicsTick": 12766,
            "activeTimeMs": 212770.99999998303,
            "position": [
              67.47733613801189,
              34.700001000000036,
              0.4280294621806095
            ]
          },
          {
            "physicsTick": 12767,
            "activeTimeMs": 212797.29999998005,
            "position": [
              67.47733613801189,
              34.700001000000036,
              0.4280294621806095
            ]
          },
          {
            "physicsTick": 12769,
            "activeTimeMs": 212817.99999998303,
            "position": [
              67.47733613801189,
              34.700001000000036,
              0.4280294621806095
            ]
          },
          {
            "physicsTick": 12770,
            "activeTimeMs": 212834.699999986,
            "position": [
              67.47733613801189,
              34.700001000000036,
              0.4280294621806095
            ]
          },
          {
            "physicsTick": 12771,
            "activeTimeMs": 212858.59999999197,
            "position": [
              67.47733613801189,
              34.700001000000036,
              0.4280294621806095
            ]
          },
          {
            "physicsTick": 12772,
            "activeTimeMs": 212876.59999999197,
            "position": [
              67.47733613801189,
              34.700001000000036,
              0.4280294621806095
            ]
          },
          {
            "physicsTick": 12774,
            "activeTimeMs": 212900.29999998005,
            "position": [
              67.47733613801189,
              34.700001000000036,
              0.4280294621806095
            ]
          },
          {
            "physicsTick": 12775,
            "activeTimeMs": 212922.899999989,
            "position": [
              67.47733613801189,
              34.700001000000036,
              0.4280294621806095
            ]
          },
          {
            "physicsTick": 12776,
            "activeTimeMs": 212940.49999998303,
            "position": [
              67.47733613801189,
              34.700001000000036,
              0.4280294621806095
            ]
          },
          {
            "physicsTick": 12777,
            "activeTimeMs": 212964.79999998005,
            "position": [
              67.47733613801189,
              34.700001000000036,
              0.4280294621806095
            ]
          },
          {
            "physicsTick": 12779,
            "activeTimeMs": 212986.59999999197,
            "position": [
              67.47733613801189,
              34.700001000000036,
              0.4280294621806095
            ]
          },
          {
            "physicsTick": 12780,
            "activeTimeMs": 213012.99999998303,
            "position": [
              67.47733613801189,
              34.700001000000036,
              0.4280294621806095
            ]
          },
          {
            "physicsTick": 12781,
            "activeTimeMs": 213030.399999989,
            "position": [
              67.47733613801189,
              34.700001000000036,
              0.4280294621806095
            ]
          },
          {
            "physicsTick": 12782,
            "activeTimeMs": 213049.699999986,
            "position": [
              67.47733613801189,
              34.700001000000036,
              0.4280294621806095
            ]
          },
          {
            "physicsTick": 12784,
            "activeTimeMs": 213066.79999998005,
            "position": [
              67.47733613801189,
              34.700001000000036,
              0.4280294621806095
            ]
          },
          {
            "physicsTick": 12785,
            "activeTimeMs": 213084.29999998005,
            "position": [
              67.47733613801189,
              34.700001000000036,
              0.4280294621806095
            ]
          },
          {
            "physicsTick": 12786,
            "activeTimeMs": 213105.899999989,
            "position": [
              67.47733613801189,
              34.700001000000036,
              0.4280294621806095
            ]
          },
          {
            "physicsTick": 12787,
            "activeTimeMs": 213124.29999998005,
            "position": [
              67.47733613801189,
              34.700001000000036,
              0.4280294621806095
            ]
          },
          {
            "physicsTick": 12788,
            "activeTimeMs": 213148.79999998005,
            "position": [
              67.47733613801189,
              34.700001000000036,
              0.4280294621806095
            ]
          },
          {
            "physicsTick": 12790,
            "activeTimeMs": 213171.199999986,
            "position": [
              67.47733613801189,
              34.700001000000036,
              0.4280294621806095
            ]
          },
          {
            "physicsTick": 12791,
            "activeTimeMs": 213197.399999989,
            "position": [
              67.47733613801189,
              34.700001000000036,
              0.4280294621806095
            ]
          },
          {
            "physicsTick": 12793,
            "activeTimeMs": 213217.99999998303,
            "position": [
              67.47733613801189,
              34.700001000000036,
              0.4280294621806095
            ]
          },
          {
            "physicsTick": 12794,
            "activeTimeMs": 213234.99999998303,
            "position": [
              67.47733613801189,
              34.700001000000036,
              0.4280294621806095
            ]
          },
          {
            "physicsTick": 12795,
            "activeTimeMs": 213260.699999986,
            "position": [
              67.47733613801189,
              34.700001000000036,
              0.4280294621806095
            ]
          },
          {
            "physicsTick": 12797,
            "activeTimeMs": 213283.49999998303,
            "position": [
              67.47733613801189,
              34.700001000000036,
              0.4280294621806095
            ]
          },
          {
            "physicsTick": 12798,
            "activeTimeMs": 213300.49999998303,
            "position": [
              67.47733613801189,
              34.700001000000036,
              0.4280294621806095
            ]
          },
          {
            "physicsTick": 12799,
            "activeTimeMs": 213323.59999999197,
            "position": [
              67.47733613801189,
              34.700001000000036,
              0.4280294621806095
            ]
          },
          {
            "physicsTick": 12800,
            "activeTimeMs": 213348.29999998005,
            "position": [
              67.47733613801189,
              34.700001000000036,
              0.4280294621806095
            ]
          },
          {
            "physicsTick": 12802,
            "activeTimeMs": 213371.399999989,
            "position": [
              67.47733613801189,
              34.700001000000036,
              0.4280294621806095
            ]
          },
          {
            "physicsTick": 12803,
            "activeTimeMs": 213397.399999989,
            "position": [
              67.47733613801189,
              34.700001000000036,
              0.4280294621806095
            ]
          },
          {
            "physicsTick": 12805,
            "activeTimeMs": 213418.29999998005,
            "position": [
              67.47733613801189,
              34.700001000000036,
              0.4280294621806095
            ]
          },
          {
            "physicsTick": 12806,
            "activeTimeMs": 213434.99999998303,
            "position": [
              67.47733613801189,
              34.700001000000036,
              0.4280294621806095
            ]
          },
          {
            "physicsTick": 12807,
            "activeTimeMs": 213460.59999999197,
            "position": [
              67.47733613801189,
              34.700001000000036,
              0.4280294621806095
            ]
          },
          {
            "physicsTick": 12809,
            "activeTimeMs": 213484.899999989,
            "position": [
              67.47733613801189,
              34.700001000000036,
              0.4280294621806095
            ]
          },
          {
            "physicsTick": 12810,
            "activeTimeMs": 213506.59999999197,
            "position": [
              67.47733613801189,
              34.700001000000036,
              0.4280294621806095
            ]
          },
          {
            "physicsTick": 12811,
            "activeTimeMs": 213523.29999998005,
            "position": [
              67.47733613801189,
              34.700001000000036,
              0.4280294621806095
            ]
          },
          {
            "physicsTick": 12812,
            "activeTimeMs": 213546.99999998303,
            "position": [
              67.47733613801189,
              34.700001000000036,
              0.4280294621806095
            ]
          },
          {
            "physicsTick": 12813,
            "activeTimeMs": 213563.99999998303,
            "position": [
              67.47733613801189,
              34.700001000000036,
              0.4280294621806095
            ]
          },
          {
            "physicsTick": 12814,
            "activeTimeMs": 213581.399999989,
            "position": [
              67.47733613801189,
              34.700001000000036,
              0.4280294621806095
            ]
          },
          {
            "physicsTick": 12816,
            "activeTimeMs": 213603.09999999197,
            "position": [
              67.47733613801189,
              34.700001000000036,
              0.4280294621806095
            ]
          },
          {
            "physicsTick": 12817,
            "activeTimeMs": 213630.09999999197,
            "position": [
              67.47733613801189,
              34.700001000000036,
              0.4280294621806095
            ]
          },
          {
            "physicsTick": 12819,
            "activeTimeMs": 213651.199999986,
            "position": [
              67.47733613801189,
              34.700001000000036,
              0.4280294621806095
            ]
          },
          {
            "physicsTick": 12820,
            "activeTimeMs": 213668.29999998005,
            "position": [
              67.47733613801189,
              34.700001000000036,
              0.4280294621806095
            ]
          },
          {
            "physicsTick": 12821,
            "activeTimeMs": 213690.99999998303,
            "position": [
              67.47733613801189,
              34.700001000000036,
              0.4280294621806095
            ]
          },
          {
            "physicsTick": 12822,
            "activeTimeMs": 213716.29999998005,
            "position": [
              67.47733613801189,
              34.700001000000036,
              0.4280294621806095
            ]
          },
          {
            "physicsTick": 12824,
            "activeTimeMs": 213740.29999998005,
            "position": [
              67.47733613801189,
              34.700001000000036,
              0.4280294621806095
            ]
          },
          {
            "physicsTick": 12825,
            "activeTimeMs": 213763.09999999197,
            "position": [
              67.47733613801189,
              34.700001000000036,
              0.4280294621806095
            ]
          },
          {
            "physicsTick": 12826,
            "activeTimeMs": 213780.199999986,
            "position": [
              67.47733613801189,
              34.700001000000036,
              0.4280294621806095
            ]
          },
          {
            "physicsTick": 12827,
            "activeTimeMs": 213797.49999998303,
            "position": [
              67.47733613801189,
              34.700001000000036,
              0.4280294621806095
            ]
          },
          {
            "physicsTick": 12829,
            "activeTimeMs": 213817.699999986,
            "position": [
              67.47733613801189,
              34.700001000000036,
              0.4280294621806095
            ]
          },
          {
            "physicsTick": 12830,
            "activeTimeMs": 213834.99999998303,
            "position": [
              67.47733613801189,
              34.700001000000036,
              0.4280294621806095
            ]
          },
          {
            "physicsTick": 12831,
            "activeTimeMs": 213859.79999998005,
            "position": [
              67.47733613801189,
              34.700001000000036,
              0.4280294621806095
            ]
          },
          {
            "physicsTick": 12833,
            "activeTimeMs": 213884.59999999197,
            "position": [
              67.47733613801189,
              34.700001000000036,
              0.4280294621806095
            ]
          },
          {
            "physicsTick": 12834,
            "activeTimeMs": 213901.59999999197,
            "position": [
              67.47733613801189,
              34.700001000000036,
              0.4280294621806095
            ]
          },
          {
            "physicsTick": 12835,
            "activeTimeMs": 213923.09999999197,
            "position": [
              67.47733613801189,
              34.700001000000036,
              0.4280294621806095
            ]
          },
          {
            "physicsTick": 12836,
            "activeTimeMs": 213949.79999998005,
            "position": [
              67.47733613801189,
              34.700001000000036,
              0.4280294621806095
            ]
          },
          {
            "physicsTick": 12838,
            "activeTimeMs": 213970.79999998005,
            "position": [
              67.47733613801189,
              34.700001000000036,
              0.4280294621806095
            ]
          },
          {
            "physicsTick": 12839,
            "activeTimeMs": 213997.99999998303,
            "position": [
              67.47733613801189,
              34.700001000000036,
              0.4280294621806095
            ]
          },
          {
            "physicsTick": 12841,
            "activeTimeMs": 214018.199999986,
            "position": [
              67.47733613801189,
              34.700001000000036,
              0.4280294621806095
            ]
          },
          {
            "physicsTick": 12842,
            "activeTimeMs": 214043.79999998005,
            "position": [
              67.47733613801189,
              34.700001000000036,
              0.4280294621806095
            ]
          },
          {
            "physicsTick": 12842,
            "activeTimeMs": 214046.29999998005,
            "position": [
              67.47733613801189,
              34.700001000000036,
              0.4280294621806095
            ]
          }
        ],
        "generatorVersion": 11,
        "renderPipeline": {
          "drawUnit": "chunk-render-category",
          "batchMode": "category",
          "vertexLayout": "float16-uv-uint16-index",
          "shaderMode": "voxel-array-chunks",
          "backend": "webgl2"
        },
        "experiments": {
          "requested": {
            "renderer": "webgl2",
            "wasm": true,
            "simd": true
          },
          "kernels": [
            "w02",
            "w03",
            "w04",
            "w05",
            "w06"
          ],
          "renderer": {
            "requestedRenderer": "webgl2",
            "effectiveRenderer": "webgl2",
            "rendererStatus": "matched"
          },
          "workers": [
            {
              "epoch": "seedlands:classic-canonical-runtime-v11:1",
              "lane": "fluid",
              "index": 0,
              "status": "off",
              "requestedArtifact": "simd",
              "effectiveArtifact": "off",
              "selected": [],
              "reason": "no-selected-kernel"
            },
            {
              "epoch": "seedlands:classic-canonical-runtime-v11:1",
              "lane": "general",
              "index": 1,
              "status": "matched",
              "requestedArtifact": "simd",
              "effectiveArtifact": "simd",
              "selected": [
                "w02",
                "w03",
                "w04",
                "w05",
                "w06"
              ],
              "artifactSha256": "c1a763778c4eb4873772cf480c758f8b18cbc77beee80c933dda6b2fd19e4b2c"
            }
          ]
        },
        "serverRevision": 1,
        "voxelAtOrigin": 42,
        "serverPlayerPosition": [
          67.47733613801189,
          34.700001000000036,
          0.4280294621806095
        ],
        "serverPlayerVelocity": [
          0,
          0,
          0
        ],
        "prediction": {
          "pendingFrames": 0,
          "lastResetReason": "authority-resync",
          "resetCounts": {
            "input-interrupted": 14,
            "authority-resync": 470,
            "collision-history-missing": 102,
            "movement-mode-changed": 1
          },
          "presentationOffset": {
            "x": 0,
            "y": 0,
            "z": 0
          }
        },
        "serverWorldTime": 20.451999999994783,
        "performance": {
          "scenarioId": "default",
          "frame": {
            "count": 1200,
            "p50Ms": 16.700000002980232,
            "p95Ms": 26.399999991059303,
            "p99Ms": 30.200000002980232,
            "maxMs": 36.20000000298023,
            "longFrameCount": 5,
            "lastLongFrameMs": 33.80000001192093
          },
          "chunkVisible": {
            "count": 103,
            "p50Ms": 1289,
            "p95Ms": 15675.59999999404,
            "p99Ms": 16774,
            "maxMs": 17007.70000000298
          },
          "completedChunkTraces": 103,
          "traceEventCount": 1460,
          "maxMeshCommitsInFrame": 1,
          "maxMeshPartsInFrame": 2,
          "visibleAfterPostrender": true,
          "incidents": 32,
          "droppedEvents": 0,
          "uploadQueueDepth": 0,
          "estimatedMeshBytes": 6321560
        },
        "compute": {
          "workerCount": 2,
          "fluidWorkerCount": 1,
          "generalWorkerCount": 1,
          "running": 0,
          "queued": 0,
          "queuedBytes": 0,
          "cancellationRequests": 0,
          "staleResults": 0,
          "failedTasks": 0,
          "completedTasks": 258,
          "submittedTasks": 258,
          "submittedBytes": 101744640,
          "maxQueued": 1,
          "maxQueuedBytes": 0,
          "workerTaskDuration": {
            "fluid": {
              "count": 128,
              "capacity": 256,
              "samplesMs": [
                0.6000000089406967,
                0.4000000059604645,
                0.30000001192092896,
                0.7000000029802322,
                0.20000000298023224,
                0.4000000059604645,
                0.20000000298023224,
                0.09999999403953552,
                0.20000000298023224,
                0.10000000894069672,
                0.10000000894069672,
                0.19999998807907104,
                0.20000000298023224,
                0.20000000298023224,
                0.20000000298023224,
                0.4000000059604645,
                0.29999999701976776,
                0.5,
                0.7000000029802322,
                0.29999999701976776,
                0.29999999701976776,
                0.4000000059604645,
                0.4000000059604645,
                0.29999999701976776,
                0.29999999701976776,
                0.20000000298023224,
                0.20000000298023224,
                0.20000000298023224,
                0.10000000894069672,
                0.09999999403953552,
                0.20000000298023224,
                0,
                0,
                0.10000000894069672,
                0.20000000298023224,
                0.20000000298023224,
                0.20000000298023224,
                0.29999999701976776,
                0.20000000298023224,
                0.20000000298023224,
                0.10000000894069672,
                0.19999998807907104,
                0.10000000894069672,
                0.20000000298023224,
                0,
                0,
                0.10000000894069672,
                0.09999999403953552,
                0.09999999403953552,
                0.20000000298023224,
                0.09999999403953552,
                0.29999999701976776,
                0,
                0.09999999403953552,
                0.20000000298023224,
                0.09999999403953552,
                0,
                0.09999999403953552,
                0.20000000298023224,
                0.09999999403953552,
                0,
                0.09999999403953552,
                0.10000000894069672,
                0.20000000298023224,
                0.10000000894069672,
                0.09999999403953552,
                0.20000000298023224,
                0.10000000894069672,
                0.09999999403953552,
                0.09999999403953552,
                0.20000000298023224,
                0.20000000298023224,
                0.09999999403953552,
                0.09999999403953552,
                0.09999999403953552,
                0.09999999403953552,
                0.09999999403953552,
                0.20000000298023224,
                0.09999999403953552,
                0.09999999403953552,
                0.19999998807907104,
                0.09999999403953552,
                0.20000000298023224,
                0.20000000298023224,
                0.10000000894069672,
                0.20000000298023224,
                0.10000000894069672,
                0.10000000894069672,
                0.09999999403953552,
                0.20000000298023224,
                0.20000000298023224,
                0.09999999403953552,
                0.09999999403953552,
                0.29999999701976776,
                0.09999999403953552,
                0.20000000298023224,
                0.20000000298023224,
                0.29999999701976776,
                0.30000001192092896,
                0.29999999701976776,
                0.20000000298023224,
                0.30000001192092896,
                0.29999999701976776,
                0.20000000298023224,
                0.20000000298023224,
                0.20000000298023224,
                0.20000000298023224,
                0.20000000298023224,
                0.19999998807907104,
                0.29999999701976776,
                0.19999998807907104,
                0.20000000298023224,
                0.20000000298023224,
                0.29999999701976776,
                0.10000000894069672,
                0.20000000298023224,
                0.20000000298023224,
                0.20000000298023224,
                0.20000000298023224,
                0.20000000298023224,
                0.09999999403953552,
                0.20000000298023224,
                0.20000000298023224,
                0.09999999403953552,
                0,
                0.09999999403953552,
                0,
                0
              ]
            },
            "general": {
              "count": 130,
              "capacity": 256,
              "samplesMs": [
                1554,
                326.20000000298023,
                226.79999999701977,
                41.8999999910593,
                41.599999994039536,
                44.30000001192093,
                43.1000000089407,
                44.29999999701977,
                47.29999999701977,
                50.1000000089407,
                42.6000000089407,
                43.400000005960464,
                42.70000000298023,
                44.5,
                42.6000000089407,
                46.79999999701977,
                50,
                86.1000000089407,
                86.29999999701977,
                94,
                94.6000000089407,
                96,
                97,
                97.70000000298023,
                88.29999999701977,
                91.1000000089407,
                96.20000000298023,
                99.79999999701977,
                100.59999999403954,
                100.5,
                100.09999999403954,
                329.09999999403954,
                280.29999999701977,
                278.09999999403954,
                43.5,
                274.1000000089407,
                282,
                328.59999999403954,
                226.09999999403954,
                250.5,
                223.20000000298023,
                232.20000000298023,
                270.79999999701977,
                272.20000000298023,
                318.79999999701977,
                323.30000001192093,
                234.29999999701977,
                257.70000000298023,
                242.79999999701977,
                236.5,
                287.6000000089407,
                232.19999998807907,
                269.30000001192093,
                328.20000000298023,
                233.30000001192093,
                227.8999999910593,
                280.69999998807907,
                271.8999999910593,
                227,
                228.29999999701977,
                277.29999999701977,
                269.3999999910593,
                230.6000000089407,
                219.20000000298023,
                276.70000000298023,
                268.29999999701977,
                225.20000000298023,
                219.6000000089407,
                278.5,
                270.29999999701977,
                248.59999999403954,
                216.6000000089407,
                274.8999999910593,
                267.6000000089407,
                221.40000000596046,
                217.5,
                275.59999999403954,
                267.5,
                224.59999999403954,
                218.6000000089407,
                272,
                237.90000000596046,
                274.79999999701977,
                323.3999999910593,
                236.09999999403954,
                250.40000000596046,
                269,
                266.1000000089407,
                222.5,
                225.80000001192093,
                267.29999999701977,
                266.6000000089407,
                222.1000000089407,
                223.40000000596046,
                276.6000000089407,
                235.79999999701977,
                263.90000000596046,
                222.80000001192093,
                268.40000000596046,
                278.5,
                225.09999999403954,
                270.09999999403954,
                227.09999999403954,
                254.5,
                267.40000000596046,
                269.09999999403954,
                275.5,
                270.20000000298023,
                226,
                264.79999999701977,
                224.6000000089407,
                225.5,
                269.09999999403954,
                234.79999999701977,
                273.29999999701977,
                270.40000000596046,
                267.79999999701977,
                292.59999999403954,
                268.90000000596046,
                264,
                270.3999999910593,
                275.40000000596046,
                271.29999999701977,
                266.8999999910593,
                273.79999999701977,
                276.40000000596046,
                272.29999999701977,
                265.79999999701977,
                268.90000000596046,
                276.90000000596046
              ]
            }
          },
          "workerKernelStates": [
            {
              "epoch": "seedlands:classic-canonical-runtime-v11:1",
              "lane": "fluid",
              "index": 0,
              "status": "off",
              "requestedArtifact": "simd",
              "effectiveArtifact": "off",
              "selected": [],
              "reason": "no-selected-kernel"
            },
            {
              "epoch": "seedlands:classic-canonical-runtime-v11:1",
              "lane": "general",
              "index": 1,
              "status": "matched",
              "requestedArtifact": "simd",
              "effectiveArtifact": "simd",
              "selected": [
                "w02",
                "w03",
                "w04",
                "w05",
                "w06"
              ],
              "artifactSha256": "c1a763778c4eb4873772cf480c758f8b18cbc77beee80c933dda6b2fd19e4b2c"
            }
          ],
          "workerActivity": [
            {
              "lane": "fluid",
              "index": 0,
              "status": "idle",
              "taskId": null,
              "taskCategory": null,
              "taskAgeMs": null,
              "sampledAtMs": 88650.79999999702,
              "completedTasks": 128,
              "lastTaskDurationMs": 0,
              "kernel": null
            },
            {
              "lane": "general",
              "index": 1,
              "status": "idle",
              "taskId": null,
              "taskCategory": null,
              "taskAgeMs": null,
              "sampledAtMs": 89741,
              "completedTasks": 130,
              "lastTaskDurationMs": 276.90000000596046,
              "kernel": {
                "calls": 2191,
                "failures": 0,
                "memoryBytes": 18874368,
                "durationMs": 10.800000116229057,
                "failed": false
              }
            }
          ]
        },
        "fluidFeedback": {
          "count": 0,
          "pending": false,
          "pendingSample": null,
          "p50Ms": 0,
          "p95Ms": 0,
          "p99Ms": 0,
          "maxMs": 0,
          "samples": []
        },
        "waterTransitions": {
          "activeCount": 0,
          "active": [],
          "recent": [
            {
              "chunkKey": "2,0,0",
              "targetRevision": 5,
              "traceId": "trace-65",
              "geometry": {
                "mode": "surface-morph",
                "patchCount": 46,
                "retainedPatchCount": 0,
                "addedPatchCount": 46,
                "removedPatchCount": 0,
                "visibleWaterMeshCount": 1,
                "opacityCrossfade": false
              },
              "progress": 1,
              "frameCount": 9,
              "completed": true,
              "superseded": false,
              "progressSamples": [
                0,
                0.19277777779433464,
                0.35,
                0.5,
                0.6544444444278876,
                0.7983333333498902,
                0.9466666666169962,
                1,
                1
              ]
            },
            {
              "chunkKey": "2,0,-1",
              "targetRevision": 6,
              "traceId": "trace-76",
              "geometry": {
                "mode": "surface-morph",
                "patchCount": 93,
                "retainedPatchCount": 0,
                "addedPatchCount": 93,
                "removedPatchCount": 0,
                "visibleWaterMeshCount": 1,
                "opacityCrossfade": false
              },
              "progress": 1,
              "frameCount": 10,
              "completed": true,
              "superseded": false,
              "progressSamples": [
                0,
                0.1361111111111111,
                0.29888888887233206,
                0.43666666663355297,
                0.5777777777777777,
                0.7183333333167765,
                0.8538888889054458,
                0.9988888888723321,
                1,
                1
              ]
            },
            {
              "chunkKey": "2,1,-1",
              "targetRevision": 0,
              "traceId": "trace-68",
              "geometry": {
                "mode": "surface-morph",
                "patchCount": 24,
                "retainedPatchCount": 0,
                "addedPatchCount": 24,
                "removedPatchCount": 0,
                "visibleWaterMeshCount": 1,
                "opacityCrossfade": false
              },
              "progress": 1,
              "frameCount": 9,
              "completed": true,
              "superseded": false,
              "progressSamples": [
                0,
                0.14222222218910854,
                0.28055555555555556,
                0.4188888888392184,
                0.55,
                0.6966666666169962,
                0.8555555555555555,
                1,
                1
              ]
            },
            {
              "chunkKey": "2,0,0",
              "targetRevision": 17,
              "traceId": "trace-69",
              "geometry": {
                "mode": "surface-morph",
                "patchCount": 405,
                "retainedPatchCount": 45,
                "addedPatchCount": 359,
                "removedPatchCount": 1,
                "visibleWaterMeshCount": 1,
                "opacityCrossfade": false
              },
              "progress": 1,
              "frameCount": 9,
              "completed": true,
              "superseded": false,
              "progressSamples": [
                0,
                0.14166666666666666,
                0.2683333333995607,
                0.4072222222884496,
                0.5450000000496705,
                0.6827777778108914,
                0.8588888889385594,
                1,
                1
              ]
            },
            {
              "chunkKey": "1,0,0",
              "targetRevision": 27,
              "traceId": "trace-70",
              "geometry": {
                "mode": "surface-morph",
                "patchCount": 101,
                "retainedPatchCount": 0,
                "addedPatchCount": 101,
                "removedPatchCount": 0,
                "visibleWaterMeshCount": 1,
                "opacityCrossfade": false
              },
              "progress": 1,
              "frameCount": 10,
              "completed": true,
              "superseded": false,
              "progressSamples": [
                0,
                0.13166666668322352,
                0.27111111109455427,
                0.4049999999503295,
                0.5572222222056654,
                0.6955555555721123,
                0.8472222222222222,
                0.9833333333333333,
                1,
                1
              ]
            },
            {
              "chunkKey": "1,1,0",
              "targetRevision": 0,
              "traceId": "trace-71",
              "geometry": {
                "mode": "surface-morph",
                "patchCount": 9,
                "retainedPatchCount": 0,
                "addedPatchCount": 9,
                "removedPatchCount": 0,
                "visibleWaterMeshCount": 1,
                "opacityCrossfade": false
              },
              "progress": 1,
              "frameCount": 10,
              "completed": true,
              "superseded": false,
              "progressSamples": [
                0,
                0.1455555555721124,
                0.2766666666501098,
                0.4155555555389987,
                0.5655555555389987,
                0.7066666666832235,
                0.8322222222056653,
                0.9655555555389987,
                1,
                1
              ]
            },
            {
              "chunkKey": "1,0,-1",
              "targetRevision": 3,
              "traceId": "trace-72",
              "geometry": {
                "mode": "surface-morph",
                "patchCount": 29,
                "retainedPatchCount": 0,
                "addedPatchCount": 29,
                "removedPatchCount": 0,
                "visibleWaterMeshCount": 1,
                "opacityCrossfade": false
              },
              "progress": 1,
              "frameCount": 10,
              "completed": true,
              "superseded": false,
              "progressSamples": [
                0,
                0.15999999998344316,
                0.2905555555389987,
                0.42166666669978037,
                0.5555555555555556,
                0.6955555555721123,
                0.8277777777777777,
                0.9583333333333334,
                1,
                1
              ]
            },
            {
              "chunkKey": "2,0,-1",
              "targetRevision": 31,
              "traceId": "trace-77",
              "geometry": {
                "mode": "surface-morph",
                "patchCount": 577,
                "retainedPatchCount": 90,
                "addedPatchCount": 484,
                "removedPatchCount": 3,
                "visibleWaterMeshCount": 1,
                "opacityCrossfade": false
              },
              "progress": 1,
              "frameCount": 10,
              "completed": true,
              "superseded": false,
              "progressSamples": [
                0,
                0.13499999998344314,
                0.2816666666832235,
                0.4122222222387791,
                0.5611111111111111,
                0.6938888889220026,
                0.838333333366447,
                0.9855555555886693,
                1,
                1
              ]
            },
            {
              "chunkKey": "2,0,0",
              "targetRevision": 34,
              "traceId": "trace-78",
              "geometry": {
                "mode": "surface-morph",
                "patchCount": 907,
                "retainedPatchCount": 389,
                "addedPatchCount": 503,
                "removedPatchCount": 15,
                "visibleWaterMeshCount": 1,
                "opacityCrossfade": false
              },
              "progress": 1,
              "frameCount": 9,
              "completed": true,
              "superseded": false,
              "progressSamples": [
                0,
                0.14000000001655685,
                0.2972222222222222,
                0.43833333336644703,
                0.5811111110779974,
                0.7372222222387791,
                0.8738888888723321,
                1,
                1
              ]
            },
            {
              "chunkKey": "1,0,0",
              "targetRevision": 41,
              "traceId": "trace-79",
              "geometry": {
                "mode": "surface-morph",
                "patchCount": 236,
                "retainedPatchCount": 66,
                "addedPatchCount": 135,
                "removedPatchCount": 35,
                "visibleWaterMeshCount": 1,
                "opacityCrossfade": false
              },
              "progress": 1,
              "frameCount": 10,
              "completed": true,
              "superseded": false,
              "progressSamples": [
                0,
                0.1383333332836628,
                0.2777777777777778,
                0.4272222221725517,
                0.5599999999834432,
                0.6916666666666667,
                0.8338888888557752,
                0.9661111110614405,
                1,
                1
              ]
            },
            {
              "chunkKey": "1,0,-1",
              "targetRevision": 8,
              "traceId": "trace-80",
              "geometry": {
                "mode": "surface-morph",
                "patchCount": 78,
                "retainedPatchCount": 27,
                "addedPatchCount": 49,
                "removedPatchCount": 2,
                "visibleWaterMeshCount": 1,
                "opacityCrossfade": false
              },
              "progress": 1,
              "frameCount": 10,
              "completed": true,
              "superseded": false,
              "progressSamples": [
                0,
                0.14388888883921835,
                0.2833333333333333,
                0.40999999998344316,
                0.5483333333498902,
                0.6927777777943346,
                0.8299999999503295,
                0.9677777777943346,
                1,
                1
              ]
            },
            {
              "chunkKey": "2,0,-1",
              "targetRevision": 56,
              "traceId": "trace-82",
              "geometry": {
                "mode": "surface-morph",
                "patchCount": 578,
                "retainedPatchCount": 459,
                "addedPatchCount": 4,
                "removedPatchCount": 115,
                "visibleWaterMeshCount": 1,
                "opacityCrossfade": false
              },
              "progress": 1,
              "frameCount": 10,
              "completed": true,
              "superseded": false,
              "progressSamples": [
                0,
                0.14888888895511626,
                0.2822222222884496,
                0.4238888889551163,
                0.5594444444610013,
                0.7005555556052261,
                0.8327777778108915,
                0.976666666732894,
                1,
                1
              ]
            },
            {
              "chunkKey": "2,1,-1",
              "targetRevision": 0,
              "traceId": "trace-83",
              "geometry": {
                "mode": "surface-morph",
                "patchCount": 24,
                "retainedPatchCount": 0,
                "addedPatchCount": 0,
                "removedPatchCount": 24,
                "visibleWaterMeshCount": 1,
                "opacityCrossfade": false
              },
              "progress": 1,
              "frameCount": 10,
              "completed": true,
              "superseded": false,
              "progressSamples": [
                0,
                0.14166666666666666,
                0.2799999999503295,
                0.41388888888888886,
                0.5561111110779974,
                0.6933333333167765,
                0.837777777761221,
                0.9633333332836628,
                1,
                1
              ]
            },
            {
              "chunkKey": "1,1,0",
              "targetRevision": 0,
              "traceId": "trace-84",
              "geometry": {
                "mode": "surface-morph",
                "patchCount": 9,
                "retainedPatchCount": 0,
                "addedPatchCount": 0,
                "removedPatchCount": 9,
                "visibleWaterMeshCount": 1,
                "opacityCrossfade": false
              },
              "progress": 1,
              "frameCount": 9,
              "completed": true,
              "superseded": false,
              "progressSamples": [
                0,
                0.13666666663355298,
                0.2811111110779974,
                0.41388888888888886,
                0.5516666666501098,
                0.6933333333167765,
                0.8322222222056653,
                1,
                1
              ]
            },
            {
              "chunkKey": "2,0,0",
              "targetRevision": 71,
              "traceId": "trace-85",
              "geometry": {
                "mode": "surface-morph",
                "patchCount": 911,
                "retainedPatchCount": 586,
                "addedPatchCount": 19,
                "removedPatchCount": 306,
                "visibleWaterMeshCount": 1,
                "opacityCrossfade": false
              },
              "progress": 1,
              "frameCount": 12,
              "completed": true,
              "superseded": false,
              "progressSamples": [
                0,
                0.14166666666666666,
                0.2916666666666667,
                0.4233333333498902,
                0.5777777777777777,
                0.7061111110779974,
                0.7311111110779974,
                0.798888888872332,
                0.8911111110614406,
                0.9772222221725517,
                1,
                1
              ]
            },
            {
              "chunkKey": "1,0,0",
              "targetRevision": 76,
              "traceId": "trace-87",
              "geometry": {
                "mode": "surface-morph",
                "patchCount": 203,
                "retainedPatchCount": 176,
                "addedPatchCount": 2,
                "removedPatchCount": 25,
                "visibleWaterMeshCount": 1,
                "opacityCrossfade": false
              },
              "progress": 1,
              "frameCount": 9,
              "completed": true,
              "superseded": false,
              "progressSamples": [
                0,
                0.16888888892200257,
                0.34888888887233205,
                0.48666666663355296,
                0.6722222222222223,
                0.8172222221891086,
                0.9572222222056653,
                1,
                1
              ]
            },
            {
              "chunkKey": "2,0,-1",
              "targetRevision": 80,
              "traceId": "trace-88",
              "geometry": {
                "mode": "surface-morph",
                "patchCount": 472,
                "retainedPatchCount": 385,
                "addedPatchCount": 9,
                "removedPatchCount": 78,
                "visibleWaterMeshCount": 1,
                "opacityCrossfade": false
              },
              "progress": 1,
              "frameCount": 9,
              "completed": true,
              "superseded": false,
              "progressSamples": [
                0,
                0.1361111111111111,
                0.32111111109455426,
                0.4661111110614406,
                0.6061111110779974,
                0.7599999999834431,
                0.9022222221725517,
                1,
                1
              ]
            },
            {
              "chunkKey": "2,0,0",
              "targetRevision": 80,
              "traceId": "trace-89",
              "geometry": {
                "mode": "surface-morph",
                "patchCount": 624,
                "retainedPatchCount": 544,
                "addedPatchCount": 19,
                "removedPatchCount": 61,
                "visibleWaterMeshCount": 1,
                "opacityCrossfade": false
              },
              "progress": 1,
              "frameCount": 10,
              "completed": true,
              "superseded": false,
              "progressSamples": [
                0,
                0.1427777777115504,
                0.28277777772810725,
                0.43666666663355297,
                0.5788888888226615,
                0.7166666666666667,
                0.8583333333333333,
                0.9911111110614406,
                1,
                1
              ]
            },
            {
              "chunkKey": "2,0,-1",
              "targetRevision": 87,
              "traceId": "trace-91",
              "geometry": {
                "mode": "surface-morph",
                "patchCount": 404,
                "retainedPatchCount": 360,
                "addedPatchCount": 10,
                "removedPatchCount": 34,
                "visibleWaterMeshCount": 1,
                "opacityCrossfade": false
              },
              "progress": 1,
              "frameCount": 10,
              "completed": true,
              "superseded": false,
              "progressSamples": [
                0,
                0.1405555555389987,
                0.2844444444610013,
                0.425,
                0.5616666667163372,
                0.6994444444775582,
                0.8411111111442248,
                0.9794444444278876,
                1,
                1
              ]
            },
            {
              "chunkKey": "2,0,0",
              "targetRevision": 93,
              "traceId": "trace-92",
              "geometry": {
                "mode": "surface-morph",
                "patchCount": 584,
                "retainedPatchCount": 481,
                "addedPatchCount": 21,
                "removedPatchCount": 82,
                "visibleWaterMeshCount": 1,
                "opacityCrossfade": false
              },
              "progress": 1,
              "frameCount": 10,
              "completed": true,
              "superseded": false,
              "progressSamples": [
                0,
                0.12666666673289406,
                0.25888888893855944,
                0.39055555562178296,
                0.5227777778274483,
                0.6550000000331136,
                0.7922222222718928,
                0.9300000000331137,
                1,
                1
              ]
            },
            {
              "chunkKey": "1,0,0",
              "targetRevision": 94,
              "traceId": "trace-94",
              "geometry": {
                "mode": "surface-morph",
                "patchCount": 182,
                "retainedPatchCount": 164,
                "addedPatchCount": 4,
                "removedPatchCount": 14,
                "visibleWaterMeshCount": 1,
                "opacityCrossfade": false
              },
              "progress": 1,
              "frameCount": 9,
              "completed": true,
              "superseded": false,
              "progressSamples": [
                0,
                0.14166666666666666,
                0.2811111110779974,
                0.4433333333167765,
                0.588333333366447,
                0.7288888889054458,
                0.8555555555555555,
                1,
                1
              ]
            },
            {
              "chunkKey": "1,0,-1",
              "targetRevision": 18,
              "traceId": "trace-99",
              "geometry": {
                "mode": "surface-morph",
                "patchCount": 78,
                "retainedPatchCount": 43,
                "addedPatchCount": 2,
                "removedPatchCount": 33,
                "visibleWaterMeshCount": 1,
                "opacityCrossfade": false
              },
              "progress": 1,
              "frameCount": 10,
              "completed": true,
              "superseded": false,
              "progressSamples": [
                0,
                0.1361111111111111,
                0.2777777777777778,
                0.42055555548932816,
                0.5549999999503294,
                0.6888888888888889,
                0.8272222221725517,
                0.9794444444278876,
                1,
                1
              ]
            },
            {
              "chunkKey": "2,0,-1",
              "targetRevision": 108,
              "traceId": "trace-101",
              "geometry": {
                "mode": "surface-morph",
                "patchCount": 376,
                "retainedPatchCount": 175,
                "addedPatchCount": 6,
                "removedPatchCount": 195,
                "visibleWaterMeshCount": 1,
                "opacityCrossfade": false
              },
              "progress": 1,
              "frameCount": 10,
              "completed": true,
              "superseded": false,
              "progressSamples": [
                0,
                0.13166666668322352,
                0.2883333332836628,
                0.4211111110945543,
                0.5644444444113308,
                0.7016666666501098,
                0.8383333332836628,
                0.975,
                1,
                1
              ]
            },
            {
              "chunkKey": "2,0,0",
              "targetRevision": 113,
              "traceId": "trace-97",
              "geometry": {
                "mode": "surface-morph",
                "patchCount": 546,
                "retainedPatchCount": 388,
                "addedPatchCount": 44,
                "removedPatchCount": 114,
                "visibleWaterMeshCount": 1,
                "opacityCrossfade": false
              },
              "progress": 1,
              "frameCount": 10,
              "completed": true,
              "superseded": false,
              "progressSamples": [
                0,
                0.12888888890544573,
                0.2722222222222222,
                0.41388888888888886,
                0.5694444444444444,
                0.712777777761221,
                0.8472222222222222,
                0.977222222255336,
                1,
                1
              ]
            },
            {
              "chunkKey": "1,0,0",
              "targetRevision": 109,
              "traceId": "trace-98",
              "geometry": {
                "mode": "surface-morph",
                "patchCount": 170,
                "retainedPatchCount": 76,
                "addedPatchCount": 2,
                "removedPatchCount": 92,
                "visibleWaterMeshCount": 1,
                "opacityCrossfade": false
              },
              "progress": 1,
              "frameCount": 10,
              "completed": true,
              "superseded": false,
              "progressSamples": [
                0,
                0.14000000001655685,
                0.2683333333167765,
                0.41944444444444445,
                0.548888888872332,
                0.6883333332836628,
                0.8522222221725517,
                0.9933333333167765,
                1,
                1
              ]
            },
            {
              "chunkKey": "1,0,-1",
              "targetRevision": 24,
              "traceId": "trace-100",
              "geometry": {
                "mode": "surface-morph",
                "patchCount": 45,
                "retainedPatchCount": 0,
                "addedPatchCount": 0,
                "removedPatchCount": 45,
                "visibleWaterMeshCount": 1,
                "opacityCrossfade": false
              },
              "progress": 1,
              "frameCount": 10,
              "completed": true,
              "superseded": false,
              "progressSamples": [
                0,
                0.13166666668322352,
                0.29666666669978037,
                0.43111111116078166,
                0.5672222222718928,
                0.6966666666997804,
                0.8461111110945543,
                0.973888888872332,
                1,
                1
              ]
            },
            {
              "chunkKey": "2,0,-1",
              "targetRevision": 120,
              "traceId": "trace-102",
              "geometry": {
                "mode": "surface-morph",
                "patchCount": 181,
                "retainedPatchCount": 0,
                "addedPatchCount": 0,
                "removedPatchCount": 181,
                "visibleWaterMeshCount": 1,
                "opacityCrossfade": false
              },
              "progress": 1,
              "frameCount": 10,
              "completed": true,
              "superseded": false,
              "progressSamples": [
                0,
                0.13222222220566537,
                0.2699999999668863,
                0.4016666666501098,
                0.5755555555224419,
                0.7072222222056653,
                0.8527777777777777,
                0.9788888889054458,
                1,
                1
              ]
            },
            {
              "chunkKey": "2,0,0",
              "targetRevision": 123,
              "traceId": "trace-103",
              "geometry": {
                "mode": "surface-morph",
                "patchCount": 432,
                "retainedPatchCount": 0,
                "addedPatchCount": 0,
                "removedPatchCount": 432,
                "visibleWaterMeshCount": 1,
                "opacityCrossfade": false
              },
              "progress": 1,
              "frameCount": 10,
              "completed": true,
              "superseded": false,
              "progressSamples": [
                0,
                0.13000000003311368,
                0.2827777778108915,
                0.4122222222387791,
                0.5538888889054457,
                0.6833333333333333,
                0.8516666666501098,
                0.9849999999834431,
                1,
                1
              ]
            },
            {
              "chunkKey": "1,0,0",
              "targetRevision": 111,
              "traceId": "trace-104",
              "geometry": {
                "mode": "surface-morph",
                "patchCount": 78,
                "retainedPatchCount": 0,
                "addedPatchCount": 0,
                "removedPatchCount": 78,
                "visibleWaterMeshCount": 1,
                "opacityCrossfade": false
              },
              "progress": 1,
              "frameCount": 9,
              "completed": true,
              "superseded": false,
              "progressSamples": [
                0,
                0.13555555550588502,
                0.2744444443947739,
                0.4027777777777778,
                0.561666666633553,
                0.6861111111111111,
                0.8572222222056654,
                1,
                1
              ]
            }
          ]
        },
        "ui": {
          "runtime": "svelte5",
          "shellPublishCount": 54,
          "hudPublishCount": 203,
          "interactionPublishCount": 311,
          "debugProjectionCount": 393,
          "debugPublishCount": 395,
          "staleUpdateCount": 0,
          "coalescedUpdateCount": 20891,
          "domCommitCount": 879,
          "projectionDurationMs": 897.5999999195337,
          "publishDurationMs": 19.89999981224537,
          "domCommitDurationMs": 1200.1999999433756,
          "debugProjectionRate": 3.7685766249937473,
          "totalPublishRate": 9.175664826071733
        },
        "gameplay": {
          "entityCount": 5,
          "worldItemCount": 0,
          "creatureCount": 4,
          "npcCount": 0,
          "nearbyVisitedBucketCount": 27,
          "nearbyCandidateCount": 2,
          "nearbyReturnedCount": 2,
          "inventoryOperationCount": 35,
          "gameplayEventCount": 3776,
          "snapshotBytes": 54114,
          "retainedActorCount": 4,
          "activeActorCount": 2,
          "behaviorEvaluationCount": 0,
          "navigationPlanCount": 0,
          "navigationExpandedNodeCount": 0,
          "pathRecomputeCount": 0,
          "actionCompletionCount": 12,
          "actionFailureCount": 0,
          "actionInterruptionCount": 0,
          "perceptionLineOfSightCheckCount": 0,
          "simulationTime": 214,
          "presentedEntityCount": 4
        },
        "breakingOverlay": null,
        "viewmodel": {
          "isolatedLayer": true
        },
        "visualEffects": {
          "activeLocalLights": 0,
          "shadowedLocalLights": 0,
          "localLightLimit": 0,
          "localShadowLimit": 0,
          "sunShadows": false,
          "sunShadowResolution": 0,
          "reflectionEnabled": false,
          "reflectionActive": false,
          "reflectionResolution": 0,
          "reflectionFrameInterval": 0,
          "reflectionRenderCount": 0,
          "waterPlaneY": null,
          "postProcessing": false,
          "shadowUpdateCount": 0,
          "shadowStableFrameCount": 5523,
          "blockLightReady": true,
          "blockLightSourceRevision": 141,
          "blockLightRebuildCount": 1184
        },
        "water": {
          "bodyFraction": 0,
          "wading": false,
          "swimming": false,
          "cameraSubmerged": false,
          "cameraDepth": null,
          "waterSurfaceY": null,
          "underwaterBlend": 0
        }
      },
      "logicEvidence": []
    },
    {
      "schemaVersion": 1,
      "status": "FAIL",
      "attempt": 0,
      "test": "非 Classic Playbook 从锁定 production artifact 启动并消费自定义 worldgen/voxel/presentation",
      "project": "chromium",
      "benchmark": false,
      "stages": {},
      "errors": [],
      "current": null,
      "logicEvidence": []
    }
  ]
}
