{
  "schemaVersion": 1,
  "status": "FAIL",
  "attempt": 0,
  "test": "Classic 生产旅程以真实输入完成 C0-C5，并复用同一运行时性能场景",
  "project": "chromium",
  "benchmark": false,
  "stages": {
    "C0": {
      "status": "PASS",
      "observation": "Production preview loaded the fixed seed with a stamped Classic composition, Authority/logic/persistence/compute Workers, consumed Wasm bytes and an actual WebGL2 context."
    },
    "C1": {
      "status": "PASS",
      "observation": "Pointer Lock mouse movement changed the route, then held W+Space crossed from Chunk 0 to Chunk 1 and Authority acknowledged it."
    },
    "C2": {
      "status": "PASS",
      "observation": "Mouse mining produced visible drops; movement picked them up; E opened inventory and real 2x2 pointer interactions produced planks, sticks, a wood sword and a workbench."
    },
    "C3": {
      "status": "PASS",
      "observation": "Right click placed crafted planks with a consumed mesh commit; inventory food restored health; held real mouse input buffered and completed the wood-sword second combo hit before defeating the fixed creature; a crafted workbench was placed, opened through the station runtime, then dismantled and recovered through real actions."
    }
  },
  "errors": [
    "Error: Real input route timed out before 78.5,0.5."
  ],
  "current": {
    "frameMs": 16.899999998509884,
    "player": [
      78.58699035644531,
      32.599998474121094,
      0.14358022809028625
    ],
    "viewAngles": [
      -100.14000000000044,
      -20.03000000000001
    ],
    "streamCenter": [
      2,
      0
    ],
    "loadedChunks": 30,
    "renderedChunks": 19,
    "generationQueue": 0,
    "meshingQueue": 0,
    "deferredRemeshes": 0,
    "onGround": true,
    "colliding": false,
    "interactionAttempts": 32,
    "mutationCount": 4277,
    "worldRevision": 160,
    "structuralEventCount": 160,
    "remeshSchedulingCount": 155,
    "lastCommitMutationCount": 1,
    "lastCommitMeshChunkCount": 2,
    "storageBytes": 41878814,
    "worldTime": 1.8999999999854893,
    "timePaused": false,
    "quality": "low",
    "triangles": 110940,
    "drawCalls": 34,
    "blockLightBricks": 30,
    "blockLightAllocatedBytes": 7864320,
    "blockLightRebuildCount": 2244,
    "collisionDebug": {
      "enabled": false,
      "entityCount": 0,
      "meshCount": 0,
      "materialCount": 0,
      "visibleBatchCount": 0,
      "vertexCapacity": 0,
      "buildCount": 0,
      "authorityRequestCount": 0
    },
    "runtime": "authority-worker",
    "workers": {
      "total": 5,
      "authority": 1,
      "logic": 1,
      "persistence": 1,
      "fluid": 1,
      "general": 1
    },
    "authority": {
      "physicsHz": 60,
      "paused": true,
      "physicsTick": 21039,
      "integratedPhysicsTimeMs": 350650.000000042,
      "acknowledgedInputSequence": 14373,
      "physicsDebtMs": 10.399999984307215,
      "activeTimeMs": 350660.40000002633,
      "commitSequence": 139384,
      "physicsCost": {
        "count": 21039,
        "capacity": 256,
        "samplesMs": [
          0.6000000014901161,
          0.6999999992549419,
          0.6999999992549419,
          0.6999999992549419,
          1,
          0.8999999985098839,
          0.7000000029802322,
          0.5,
          0.5,
          0.6000000014901161,
          0.4000000022351742,
          0.6000000014901161,
          0.6000000014901161,
          0.5,
          0.5,
          0.6000000014901161,
          0.5,
          0.5,
          0.5,
          0.4000000022351742,
          0.4000000022351742,
          0.4000000022351742,
          0.5,
          0.5,
          0.6000000014901161,
          0.5,
          0.5,
          0.5,
          0.5,
          0.8999999985098839,
          1,
          0.5,
          0.8999999985098839,
          0.6999999992549419,
          0.5,
          0.5999999977648258,
          0.5,
          0.5,
          0.5,
          0.5,
          0.5,
          0.5999999977648258,
          0.5,
          0.5,
          0.5,
          0.5,
          0.5999999977648258,
          0.5,
          0.6000000014901161,
          0.5,
          0.4000000022351742,
          0.5999999977648258,
          0.6000000014901161,
          0.5999999977648258,
          0.7000000029802322,
          0.5,
          0.5,
          0.8999999985098839,
          0.8000000007450581,
          0.6999999992549419,
          1.1000000014901161,
          0.6000000014901161,
          0.7000000029802322,
          0.8000000007450581,
          0.6999999992549419,
          0.6999999992549419,
          0.5,
          0.7999999970197678,
          0.5,
          0.6000000014901161,
          0.6000000014901161,
          0.5,
          0.6000000014901161,
          0.4000000022351742,
          0.5999999977648258,
          0.6000000014901161,
          0.5,
          0.4000000022351742,
          0.5,
          0.5,
          0.5999999977648258,
          0.4000000022351742,
          0.5,
          0.5,
          0.6999999992549419,
          0.5,
          0.5999999977648258,
          0.5,
          0.5,
          0.5,
          0.5,
          0.4000000022351742,
          0.4000000022351742,
          0.3999999985098839,
          0.5999999977648258,
          0.9000000022351742,
          0.8999999985098839,
          0.8000000007450581,
          1,
          0.8000000007450581,
          0.6000000014901161,
          0.6999999992549419,
          0.8000000007450581,
          0.5999999977648258,
          0.6999999992549419,
          0.7000000029802322,
          0.5999999977648258,
          0.8000000007450581,
          0.6999999992549419,
          0.6000000014901161,
          0.6000000014901161,
          0.5,
          0.5,
          0.3999999985098839,
          0.5,
          0.5,
          0.5,
          0.3999999985098839,
          0.5999999977648258,
          0.5,
          0.6000000014901161,
          0.5,
          0.4000000022351742,
          0.3999999985098839,
          0.5,
          1,
          0.5999999977648258,
          0.6999999992549419,
          0.7000000029802322,
          0.5,
          0.6999999992549419,
          0.6000000014901161,
          0.6000000014901161,
          0.5,
          0.6000000014901161,
          0.6000000014901161,
          0.5999999977648258,
          0.3999999985098839,
          0.5999999977648258,
          0.5999999977648258,
          0.4000000022351742,
          0.3999999985098839,
          0.4000000022351742,
          0.6000000014901161,
          0.5,
          0.5,
          0.5999999977648258,
          0.6000000014901161,
          0.5,
          0.5999999977648258,
          0.5,
          0.6000000014901161,
          0.6000000014901161,
          0.5,
          0.5,
          0.6000000014901161,
          0.6000000014901161,
          0.6000000014901161,
          0.5,
          0.5,
          0.6000000014901161,
          0.4000000022351742,
          0.6000000014901161,
          0.5,
          0.5,
          0.3999999985098839,
          0.5999999977648258,
          0.5,
          0.5999999977648258,
          0.4000000022351742,
          0.5,
          0.5,
          0.6000000014901161,
          0.5,
          0.5,
          0.5,
          0.5,
          0.9000000022351742,
          0.8000000007450581,
          0.7999999970197678,
          0.5999999977648258,
          0.6000000014901161,
          0.6000000014901161,
          0.8000000007450581,
          0.8999999985098839,
          0.6999999992549419,
          0.6999999992549419,
          0.6000000014901161,
          0.5999999977648258,
          0.6999999992549419,
          0.6000000014901161,
          0.5999999977648258,
          0.5999999977648258,
          0.5,
          0.6000000014901161,
          0.6000000014901161,
          0.6999999992549419,
          0.5999999977648258,
          0.5,
          0.5,
          0.5,
          0.5,
          0.5999999977648258,
          0.5,
          0.29999999701976776,
          0.6000000014901161,
          0.3999999985098839,
          0.5,
          0.6000000014901161,
          0.29999999701976776,
          0.4000000022351742,
          0.5,
          0.5,
          0.5999999977648258,
          0.5999999977648258,
          0.6999999992549419,
          0.8999999985098839,
          0.8000000007450581,
          0.5,
          0.5,
          0.6999999992549419,
          0.6000000014901161,
          0.5999999977648258,
          0.5,
          0.6999999992549419,
          0.6000000014901161,
          0.6000000014901161,
          0.6000000014901161,
          0.5,
          0.5,
          0.4000000022351742,
          0.5,
          0.5,
          0.5,
          0.3999999985098839,
          0.5,
          0.4000000022351742,
          0.4000000022351742,
          0.5,
          0.3999999985098839,
          0.3999999985098839,
          0.4000000022351742,
          1,
          0.8000000007450581,
          0.8000000007450581,
          0.9000000022351742,
          0.6999999992549419,
          0.6000000014901161,
          0.9000000022351742,
          0.5999999977648258,
          0.5999999977648258,
          0.6000000014901161,
          0.7999999970197678,
          0.4000000022351742,
          0.6000000014901161,
          0.6000000014901161
        ]
      },
      "fluid": {
        "pendingCellCount": 0,
        "inFlightLeaseCount": 0,
        "acceptedCandidateCount": 128,
        "rejectedCandidateCount": 0,
        "returnedLeaseCount": 0,
        "issuedLeaseCount": 128,
        "settledLeaseCount": 128
      },
      "residency": {
        "residentCount": 67,
        "target": 256,
        "hardLimit": 2048,
        "pinnedCount": 36,
        "dirtyCount": 0,
        "evictableCleanCount": 31,
        "evictionCount": 0,
        "rejectedAdmissionCount": 0,
        "oversubscribed": false,
        "autoSaveInFlight": false,
        "autoSaveFailureCount": 0,
        "nextRetryActiveTimeMs": 0,
        "lastSaveError": null
      },
      "bodies": {
        "total": 11,
        "actors": 11,
        "worldItems": 0,
        "nearPlayer": 6
      },
      "snapshotRejections": {
        "wrong-epoch": 0,
        "duplicate": 8967,
        "physics-tick-regressed": 0,
        "commit-regressed": 0,
        "ack-regressed": 0
      }
    },
    "logic": {
      "blockStartedCount": 0,
      "blockCompletedCount": 0,
      "observationInFlight": true,
      "pendingObservationCount": 0,
      "submittedObservationCount": 5705,
      "receivedBatchCount": 5704,
      "completedBatchCount": 5704,
      "rejectedBatchCount": 0,
      "lastRoundTripMs": 0.09999999776482582
    },
    "trajectory": [
      {
        "physicsTick": 20730,
        "activeTimeMs": 345503.1000000256,
        "position": [
          78.47907282969072,
          32.6,
          0.7473694847739465
        ]
      },
      {
        "physicsTick": 20731,
        "activeTimeMs": 345519.90000002633,
        "position": [
          78.47907282969072,
          32.6,
          0.7473694847739465
        ]
      },
      {
        "physicsTick": 20732,
        "activeTimeMs": 345540.80000002484,
        "position": [
          78.47907282969072,
          32.6,
          0.7473694847739465
        ]
      },
      {
        "physicsTick": 20733,
        "activeTimeMs": 345557.6000000256,
        "position": [
          78.47907282969072,
          32.6,
          0.7473694847739465
        ]
      },
      {
        "physicsTick": 20734,
        "activeTimeMs": 345575.90000002633,
        "position": [
          78.47907282969072,
          32.6,
          0.7473694847739465
        ]
      },
      {
        "physicsTick": 20735,
        "activeTimeMs": 345598.5000000241,
        "position": [
          78.47907282969072,
          32.6,
          0.7473694847739465
        ]
      },
      {
        "physicsTick": 20737,
        "activeTimeMs": 345622.30000002484,
        "position": [
          78.47907282969072,
          32.6,
          0.7473694847739465
        ]
      },
      {
        "physicsTick": 20738,
        "activeTimeMs": 345644.90000002633,
        "position": [
          78.47907282969072,
          32.6,
          0.7473694847739465
        ]
      },
      {
        "physicsTick": 20740,
        "activeTimeMs": 345670.0000000241,
        "position": [
          78.47907282969072,
          32.6,
          0.7473694847739465
        ]
      },
      {
        "physicsTick": 20741,
        "activeTimeMs": 345688.0000000241,
        "position": [
          78.47907282969072,
          32.6,
          0.7473694847739465
        ]
      },
      {
        "physicsTick": 20742,
        "activeTimeMs": 345707.6000000256,
        "position": [
          78.47907282969072,
          32.6,
          0.7473694847739465
        ]
      },
      {
        "physicsTick": 20742,
        "activeTimeMs": 345716.2000000271,
        "position": [
          78.47907282969072,
          32.6,
          0.7473694847739465
        ]
      },
      {
        "physicsTick": 20742,
        "activeTimeMs": 345716.2000000271,
        "position": [
          78.47907282969072,
          32.6,
          0.7473694847739465
        ]
      },
      {
        "physicsTick": 20743,
        "activeTimeMs": 345730.30000002857,
        "position": [
          78.47907282969072,
          32.6,
          0.7473694847739465
        ]
      },
      {
        "physicsTick": 20744,
        "activeTimeMs": 345748.0000000278,
        "position": [
          78.47907282969072,
          32.6,
          0.7473694847739465
        ]
      },
      {
        "physicsTick": 20746,
        "activeTimeMs": 345772.80000002857,
        "position": [
          78.47907282969072,
          32.6,
          0.7473694847739465
        ]
      },
      {
        "physicsTick": 20747,
        "activeTimeMs": 345789.6000000293,
        "position": [
          78.47907282969072,
          32.6,
          0.7473694847739465
        ]
      },
      {
        "physicsTick": 20748,
        "activeTimeMs": 345809.1000000293,
        "position": [
          78.47907282969072,
          32.6,
          0.7473694847739465
        ]
      },
      {
        "physicsTick": 20749,
        "activeTimeMs": 345826.30000002857,
        "position": [
          78.47907282969072,
          32.6,
          0.7473694847739465
        ]
      },
      {
        "physicsTick": 20751,
        "activeTimeMs": 345851.5000000278,
        "position": [
          78.47907282969072,
          32.6,
          0.7473694847739465
        ]
      },
      {
        "physicsTick": 20752,
        "activeTimeMs": 345875.6000000293,
        "position": [
          78.47907282969072,
          32.6,
          0.7473694847739465
        ]
      },
      {
        "physicsTick": 20753,
        "activeTimeMs": 345899.1000000293,
        "position": [
          78.47907282969072,
          32.6,
          0.7473694847739465
        ]
      },
      {
        "physicsTick": 20755,
        "activeTimeMs": 345925.2000000271,
        "position": [
          78.47907282969072,
          32.6,
          0.7473694847739465
        ]
      },
      {
        "physicsTick": 20756,
        "activeTimeMs": 345945.7000000271,
        "position": [
          78.47907282969072,
          32.6,
          0.7473694847739465
        ]
      },
      {
        "physicsTick": 20758,
        "activeTimeMs": 345973.6000000293,
        "position": [
          78.47907282969072,
          32.6,
          0.7473694847739465
        ]
      },
      {
        "physicsTick": 20759,
        "activeTimeMs": 345994.2000000271,
        "position": [
          78.47907282969072,
          32.6,
          0.7473694847739465
        ]
      },
      {
        "physicsTick": 20761,
        "activeTimeMs": 346019.80000002857,
        "position": [
          78.47907282969072,
          32.6,
          0.7473694847739465
        ]
      },
      {
        "physicsTick": 20762,
        "activeTimeMs": 346043.90000003006,
        "position": [
          78.48527040042832,
          32.6,
          0.7334805958850577
        ]
      },
      {
        "physicsTick": 20763,
        "activeTimeMs": 346065.7000000271,
        "position": [
          78.49146797116592,
          32.6,
          0.7057028181072799
        ]
      },
      {
        "physicsTick": 20765,
        "activeTimeMs": 346092.7000000271,
        "position": [
          78.50386311264111,
          32.6,
          0.6084805958850577
        ]
      },
      {
        "physicsTick": 20766,
        "activeTimeMs": 346113.2000000271,
        "position": [
          78.51006068337871,
          32.6,
          0.5390361514406132
        ]
      },
      {
        "physicsTick": 20768,
        "activeTimeMs": 346141.40000003006,
        "position": [
          78.51006068337871,
          32.6,
          0.44181392921839097
        ]
      },
      {
        "physicsTick": 20769,
        "activeTimeMs": 346160.90000003006,
        "position": [
          78.51006068337871,
          32.6,
          0.4140361514406132
        ]
      },
      {
        "physicsTick": 20771,
        "activeTimeMs": 346189.7000000271,
        "position": [
          78.51006068337871,
          32.6,
          0.4001472625517243
        ]
      },
      {
        "physicsTick": 20772,
        "activeTimeMs": 346209.30000002857,
        "position": [
          78.51006068337871,
          32.6,
          0.4001472625517243
        ]
      },
      {
        "physicsTick": 20773,
        "activeTimeMs": 346227.30000002857,
        "position": [
          78.51006068337871,
          32.6,
          0.4001472625517243
        ]
      },
      {
        "physicsTick": 20774,
        "activeTimeMs": 346244.40000003006,
        "position": [
          78.51006068337871,
          32.6,
          0.4001472625517243
        ]
      },
      {
        "physicsTick": 20775,
        "activeTimeMs": 346266.0000000278,
        "position": [
          78.51006068337871,
          32.6,
          0.4001472625517243
        ]
      },
      {
        "physicsTick": 20777,
        "activeTimeMs": 346291.7000000271,
        "position": [
          78.51006068337871,
          32.6,
          0.4001472625517243
        ]
      },
      {
        "physicsTick": 20778,
        "activeTimeMs": 346313.7000000271,
        "position": [
          78.51006068337871,
          32.6,
          0.4001472625517243
        ]
      },
      {
        "physicsTick": 20780,
        "activeTimeMs": 346341.40000003006,
        "position": [
          78.51006068337871,
          32.6,
          0.4001472625517243
        ]
      },
      {
        "physicsTick": 20781,
        "activeTimeMs": 346360.80000002857,
        "position": [
          78.51006068337871,
          32.6,
          0.4001472625517243
        ]
      },
      {
        "physicsTick": 20782,
        "activeTimeMs": 346377.5000000278,
        "position": [
          78.51006068337871,
          32.6,
          0.4001472625517243
        ]
      },
      {
        "physicsTick": 20782,
        "activeTimeMs": 346383.7000000271,
        "position": [
          78.51006068337871,
          32.6,
          0.4001472625517243
        ]
      },
      {
        "physicsTick": 20783,
        "activeTimeMs": 346383.7000000271,
        "position": [
          78.51006068337871,
          32.6,
          0.4001472625517243
        ]
      },
      {
        "physicsTick": 20783,
        "activeTimeMs": 346391.7000000271,
        "position": [
          78.51006068337871,
          32.6,
          0.4001472625517243
        ]
      },
      {
        "physicsTick": 20784,
        "activeTimeMs": 346408.6000000256,
        "position": [
          78.51006068337871,
          32.6,
          0.4001472625517243
        ]
      },
      {
        "physicsTick": 20785,
        "activeTimeMs": 346433.2000000271,
        "position": [
          78.51006068337871,
          32.6,
          0.4001472625517243
        ]
      },
      {
        "physicsTick": 20787,
        "activeTimeMs": 346457.80000002857,
        "position": [
          78.51006068337871,
          32.6,
          0.4001472625517243
        ]
      },
      {
        "physicsTick": 20788,
        "activeTimeMs": 346480.80000002857,
        "position": [
          78.51006068337871,
          32.6,
          0.4001472625517243
        ]
      },
      {
        "physicsTick": 20790,
        "activeTimeMs": 346504.7000000271,
        "position": [
          78.51006068337871,
          32.6,
          0.4001472625517243
        ]
      },
      {
        "physicsTick": 20791,
        "activeTimeMs": 346529.0000000278,
        "position": [
          78.51006068337871,
          32.6,
          0.4001472625517243
        ]
      },
      {
        "physicsTick": 20793,
        "activeTimeMs": 346554.40000002633,
        "position": [
          78.51006068337871,
          32.6,
          0.4001472625517243
        ]
      },
      {
        "physicsTick": 20794,
        "activeTimeMs": 346575.1000000256,
        "position": [
          78.51006068337871,
          32.6,
          0.4001472625517243
        ]
      },
      {
        "physicsTick": 20796,
        "activeTimeMs": 346600.30000002857,
        "position": [
          78.51006068337871,
          32.6,
          0.4001472625517243
        ]
      },
      {
        "physicsTick": 20797,
        "activeTimeMs": 346622.5000000278,
        "position": [
          78.51006068337871,
          32.6,
          0.4001472625517243
        ]
      },
      {
        "physicsTick": 20798,
        "activeTimeMs": 346649.7000000271,
        "position": [
          78.51006068337871,
          32.6,
          0.4001472625517243
        ]
      },
      {
        "physicsTick": 20800,
        "activeTimeMs": 346671.6000000256,
        "position": [
          78.51006068337871,
          32.6,
          0.4001472625517243
        ]
      },
      {
        "physicsTick": 20801,
        "activeTimeMs": 346689.6000000256,
        "position": [
          78.51006068337871,
          32.6,
          0.4001472625517243
        ]
      },
      {
        "physicsTick": 20802,
        "activeTimeMs": 346710.7000000271,
        "position": [
          78.51006068337871,
          32.6,
          0.4001472625517243
        ]
      },
      {
        "physicsTick": 20803,
        "activeTimeMs": 346727.80000002857,
        "position": [
          78.51006068337871,
          32.6,
          0.4001472625517243
        ]
      },
      {
        "physicsTick": 20805,
        "activeTimeMs": 346754.30000002857,
        "position": [
          78.51006068337871,
          32.6,
          0.4001472625517243
        ]
      },
      {
        "physicsTick": 20806,
        "activeTimeMs": 346775.7000000271,
        "position": [
          78.51006068337871,
          32.6,
          0.4001472625517243
        ]
      },
      {
        "physicsTick": 20808,
        "activeTimeMs": 346801.2000000271,
        "position": [
          78.51006068337871,
          32.6,
          0.4001472625517243
        ]
      },
      {
        "physicsTick": 20809,
        "activeTimeMs": 346823.0000000278,
        "position": [
          78.51006068337871,
          32.6,
          0.4001472625517243
        ]
      },
      {
        "physicsTick": 20810,
        "activeTimeMs": 346846.7000000271,
        "position": [
          78.51006068337871,
          32.6,
          0.4001472625517243
        ]
      },
      {
        "physicsTick": 20811,
        "activeTimeMs": 346863.90000002633,
        "position": [
          78.51006068337871,
          32.6,
          0.4001472625517243
        ]
      },
      {
        "physicsTick": 20812,
        "activeTimeMs": 346879.40000002633,
        "position": [
          78.51006068337871,
          32.6,
          0.4001472625517243
        ]
      },
      {
        "physicsTick": 20812,
        "activeTimeMs": 346879.40000002633,
        "position": [
          78.51006068337871,
          32.6,
          0.4001472625517243
        ]
      },
      {
        "physicsTick": 20812,
        "activeTimeMs": 346882.5000000241,
        "position": [
          78.51006068337871,
          32.6,
          0.4001472625517243
        ]
      },
      {
        "physicsTick": 20814,
        "activeTimeMs": 346908.6000000256,
        "position": [
          78.51006068337871,
          32.6,
          0.4001472625517243
        ]
      },
      {
        "physicsTick": 20815,
        "activeTimeMs": 346931.30000002484,
        "position": [
          78.51006068337871,
          32.6,
          0.4001472625517243
        ]
      },
      {
        "physicsTick": 20817,
        "activeTimeMs": 346957.1000000256,
        "position": [
          78.51006068337871,
          32.6,
          0.4001472625517243
        ]
      },
      {
        "physicsTick": 20818,
        "activeTimeMs": 346977.80000002484,
        "position": [
          78.51006068337871,
          32.6,
          0.4001472625517243
        ]
      },
      {
        "physicsTick": 20820,
        "activeTimeMs": 347003.40000002633,
        "position": [
          78.51006068337871,
          32.6,
          0.4001472625517243
        ]
      },
      {
        "physicsTick": 20821,
        "activeTimeMs": 347026.5000000241,
        "position": [
          78.51006068337871,
          32.6,
          0.4001472625517243
        ]
      },
      {
        "physicsTick": 20823,
        "activeTimeMs": 347052.80000002484,
        "position": [
          78.51006068337871,
          32.6,
          0.4001472625517243
        ]
      },
      {
        "physicsTick": 20824,
        "activeTimeMs": 347073.5000000241,
        "position": [
          78.51006068337871,
          32.6,
          0.4001472625517243
        ]
      },
      {
        "physicsTick": 20825,
        "activeTimeMs": 347097.0000000241,
        "position": [
          78.51006068337871,
          32.6,
          0.4001472625517243
        ]
      },
      {
        "physicsTick": 20826,
        "activeTimeMs": 347113.70000002335,
        "position": [
          78.51006068337871,
          32.6,
          0.4001472625517243
        ]
      },
      {
        "physicsTick": 20827,
        "activeTimeMs": 347131.20000002335,
        "position": [
          78.51006068337871,
          32.6,
          0.4001472625517243
        ]
      },
      {
        "physicsTick": 20829,
        "activeTimeMs": 347156.1000000256,
        "position": [
          78.51006068337871,
          32.6,
          0.4001472625517243
        ]
      },
      {
        "physicsTick": 20830,
        "activeTimeMs": 347179.6000000256,
        "position": [
          78.51006068337871,
          32.6,
          0.4001472625517243
        ]
      },
      {
        "physicsTick": 20832,
        "activeTimeMs": 347204.70000002335,
        "position": [
          78.51006068337871,
          32.6,
          0.4001472625517243
        ]
      },
      {
        "physicsTick": 20833,
        "activeTimeMs": 347226.20000002335,
        "position": [
          78.51006068337871,
          32.6,
          0.4001472625517243
        ]
      },
      {
        "physicsTick": 20834,
        "activeTimeMs": 347243.5000000241,
        "position": [
          78.51006068337871,
          32.6,
          0.4001472625517243
        ]
      },
      {
        "physicsTick": 20836,
        "activeTimeMs": 347269.0000000241,
        "position": [
          78.51006068337871,
          32.6,
          0.4001472625517243
        ]
      },
      {
        "physicsTick": 20837,
        "activeTimeMs": 347290.1000000256,
        "position": [
          78.51006068337871,
          32.6,
          0.4001472625517243
        ]
      },
      {
        "physicsTick": 20838,
        "activeTimeMs": 347313.70000002335,
        "position": [
          78.51006068337871,
          32.6,
          0.4001472625517243
        ]
      },
      {
        "physicsTick": 20839,
        "activeTimeMs": 347332.1000000256,
        "position": [
          78.51006068337871,
          32.6,
          0.4001472625517243
        ]
      },
      {
        "physicsTick": 20840,
        "activeTimeMs": 347345.5000000241,
        "position": [
          78.51006068337871,
          32.6,
          0.4001472625517243
        ]
      },
      {
        "physicsTick": 20840,
        "activeTimeMs": 347345.5000000241,
        "position": [
          78.51006068337871,
          32.6,
          0.4001472625517243
        ]
      },
      {
        "physicsTick": 20841,
        "activeTimeMs": 347356.0000000241,
        "position": [
          78.51006068337871,
          32.6,
          0.4001472625517243
        ]
      },
      {
        "physicsTick": 20842,
        "activeTimeMs": 347379.5000000241,
        "position": [
          78.51006068337871,
          32.6,
          0.4001472625517243
        ]
      },
      {
        "physicsTick": 20844,
        "activeTimeMs": 347404.20000002335,
        "position": [
          78.51006068337871,
          32.6,
          0.4001472625517243
        ]
      },
      {
        "physicsTick": 20845,
        "activeTimeMs": 347427.1000000256,
        "position": [
          78.51006068337871,
          32.6,
          0.4001472625517243
        ]
      },
      {
        "physicsTick": 20847,
        "activeTimeMs": 347452.20000002335,
        "position": [
          78.51006068337871,
          32.6,
          0.4001472625517243
        ]
      },
      {
        "physicsTick": 20848,
        "activeTimeMs": 347468.9000000226,
        "position": [
          78.51006068337871,
          32.6,
          0.4001472625517243
        ]
      },
      {
        "physicsTick": 20849,
        "activeTimeMs": 347490.6000000256,
        "position": [
          78.51006068337871,
          32.6,
          0.4001472625517243
        ]
      },
      {
        "physicsTick": 20850,
        "activeTimeMs": 347515.9000000226,
        "position": [
          78.51006068337871,
          32.6,
          0.4001472625517243
        ]
      },
      {
        "physicsTick": 20852,
        "activeTimeMs": 347538.9000000226,
        "position": [
          78.51006068337871,
          32.6,
          0.4001472625517243
        ]
      },
      {
        "physicsTick": 20853,
        "activeTimeMs": 347563.1000000256,
        "position": [
          78.51006068337871,
          32.6,
          0.4001472625517243
        ]
      },
      {
        "physicsTick": 20855,
        "activeTimeMs": 347586.9000000226,
        "position": [
          78.51006068337871,
          32.6,
          0.4001472625517243
        ]
      },
      {
        "physicsTick": 20856,
        "activeTimeMs": 347605.70000002335,
        "position": [
          78.51006068337871,
          32.6,
          0.4001472625517243
        ]
      },
      {
        "physicsTick": 20857,
        "activeTimeMs": 347626.9000000226,
        "position": [
          78.51006068337871,
          32.6,
          0.4001472625517243
        ]
      },
      {
        "physicsTick": 20859,
        "activeTimeMs": 347653.6000000256,
        "position": [
          78.51006068337871,
          32.6,
          0.4001472625517243
        ]
      },
      {
        "physicsTick": 20860,
        "activeTimeMs": 347675.5000000241,
        "position": [
          78.51006068337871,
          32.6,
          0.4001472625517243
        ]
      },
      {
        "physicsTick": 20862,
        "activeTimeMs": 347701.0000000241,
        "position": [
          78.51006068337871,
          32.6,
          0.4001472625517243
        ]
      },
      {
        "physicsTick": 20863,
        "activeTimeMs": 347723.6000000256,
        "position": [
          78.51006068337871,
          32.6,
          0.4001472625517243
        ]
      },
      {
        "physicsTick": 20865,
        "activeTimeMs": 347750.30000002484,
        "position": [
          78.51006068337871,
          32.6,
          0.4001472625517243
        ]
      },
      {
        "physicsTick": 20866,
        "activeTimeMs": 347772.20000002335,
        "position": [
          78.51006068337871,
          32.6,
          0.4001472625517243
        ]
      },
      {
        "physicsTick": 20867,
        "activeTimeMs": 347789.4000000226,
        "position": [
          78.51006068337871,
          32.6,
          0.4001472625517243
        ]
      },
      {
        "physicsTick": 20868,
        "activeTimeMs": 347810.1000000256,
        "position": [
          78.51006068337871,
          32.6,
          0.4001472625517243
        ]
      },
      {
        "physicsTick": 20869,
        "activeTimeMs": 347828.1000000256,
        "position": [
          78.51006068337871,
          32.6,
          0.4001472625517243
        ]
      },
      {
        "physicsTick": 20871,
        "activeTimeMs": 347852.80000002484,
        "position": [
          78.51006068337871,
          32.6,
          0.4001472625517243
        ]
      },
      {
        "physicsTick": 20872,
        "activeTimeMs": 347869.6000000256,
        "position": [
          78.51006068337871,
          32.6,
          0.4001472625517243
        ]
      },
      {
        "physicsTick": 20873,
        "activeTimeMs": 347890.80000002484,
        "position": [
          78.51006068337871,
          32.6,
          0.4001472625517243
        ]
      },
      {
        "physicsTick": 20875,
        "activeTimeMs": 347918.0000000241,
        "position": [
          78.49508457077157,
          32.6,
          0.44181392921839097
        ]
      },
      {
        "physicsTick": 20876,
        "activeTimeMs": 347937.80000002484,
        "position": [
          78.487596514468,
          32.6,
          0.48348059588505765
        ]
      },
      {
        "physicsTick": 20877,
        "activeTimeMs": 347962.70000002335,
        "position": [
          78.48010845816442,
          32.6,
          0.5390361514406132
        ]
      },
      {
        "physicsTick": 20878,
        "activeTimeMs": 347976.0000000241,
        "position": [
          78.48010845816442,
          32.6,
          0.5807028181072799
        ]
      },
      {
        "physicsTick": 20878,
        "activeTimeMs": 347976.0000000241,
        "position": [
          78.48010845816442,
          32.6,
          0.5807028181072799
        ]
      },
      {
        "physicsTick": 20879,
        "activeTimeMs": 347994.5000000241,
        "position": [
          78.48010845816442,
          32.6,
          0.5807028181072799
        ]
      },
      {
        "physicsTick": 20881,
        "activeTimeMs": 348016.80000002484,
        "position": [
          78.48010845816442,
          32.6,
          0.5807028181072799
        ]
      },
      {
        "physicsTick": 20882,
        "activeTimeMs": 348036.20000002335,
        "position": [
          78.48010845816442,
          32.6,
          0.5807028181072799
        ]
      },
      {
        "physicsTick": 20883,
        "activeTimeMs": 348053.40000002633,
        "position": [
          78.48010845816442,
          32.6,
          0.5807028181072799
        ]
      },
      {
        "physicsTick": 20884,
        "activeTimeMs": 348073.70000002335,
        "position": [
          78.48010845816442,
          32.6,
          0.5807028181072799
        ]
      },
      {
        "physicsTick": 20886,
        "activeTimeMs": 348100.90000002633,
        "position": [
          78.48010845816442,
          32.6,
          0.5807028181072799
        ]
      },
      {
        "physicsTick": 20887,
        "activeTimeMs": 348121.80000002484,
        "position": [
          78.48010845816442,
          32.6,
          0.5807028181072799
        ]
      },
      {
        "physicsTick": 20888,
        "activeTimeMs": 348141.0000000241,
        "position": [
          78.48010845816442,
          32.6,
          0.5807028181072799
        ]
      },
      {
        "physicsTick": 20889,
        "activeTimeMs": 348161.90000002633,
        "position": [
          78.48010845816442,
          32.6,
          0.5807028181072799
        ]
      },
      {
        "physicsTick": 20890,
        "activeTimeMs": 348179.40000002633,
        "position": [
          78.48010845816442,
          32.6,
          0.5807028181072799
        ]
      },
      {
        "physicsTick": 20892,
        "activeTimeMs": 348203.30000002484,
        "position": [
          78.48010845816442,
          32.6,
          0.5807028181072799
        ]
      },
      {
        "physicsTick": 20893,
        "activeTimeMs": 348227.20000002335,
        "position": [
          78.48010845816442,
          32.6,
          0.5807028181072799
        ]
      },
      {
        "physicsTick": 20895,
        "activeTimeMs": 348253.40000002633,
        "position": [
          78.48010845816442,
          32.6,
          0.5807028181072799
        ]
      },
      {
        "physicsTick": 20896,
        "activeTimeMs": 348274.70000002335,
        "position": [
          78.48010845816442,
          32.6,
          0.5807028181072799
        ]
      },
      {
        "physicsTick": 20898,
        "activeTimeMs": 348301.30000002484,
        "position": [
          78.48010845816442,
          32.6,
          0.5807028181072799
        ]
      },
      {
        "physicsTick": 20899,
        "activeTimeMs": 348321.30000002484,
        "position": [
          78.48010845816442,
          32.6,
          0.5807028181072799
        ]
      },
      {
        "physicsTick": 20900,
        "activeTimeMs": 348339.30000002484,
        "position": [
          78.48010845816442,
          32.6,
          0.5807028181072799
        ]
      },
      {
        "physicsTick": 20901,
        "activeTimeMs": 348362.30000002484,
        "position": [
          78.48010845816442,
          32.6,
          0.5807028181072799
        ]
      },
      {
        "physicsTick": 20902,
        "activeTimeMs": 348381.0000000241,
        "position": [
          78.48010845816442,
          32.6,
          0.5807028181072799
        ]
      },
      {
        "physicsTick": 20904,
        "activeTimeMs": 348403.20000002335,
        "position": [
          78.48010845816442,
          32.6,
          0.5807028181072799
        ]
      },
      {
        "physicsTick": 20905,
        "activeTimeMs": 348419.90000002633,
        "position": [
          78.48010845816442,
          32.6,
          0.5807028181072799
        ]
      },
      {
        "physicsTick": 20906,
        "activeTimeMs": 348441.90000002633,
        "position": [
          78.48010845816442,
          32.6,
          0.5807028181072799
        ]
      },
      {
        "physicsTick": 20908,
        "activeTimeMs": 348468.70000002335,
        "position": [
          78.48010845816442,
          32.6,
          0.5807028181072799
        ]
      },
      {
        "physicsTick": 20908,
        "activeTimeMs": 348474.5000000241,
        "position": [
          78.48010845816442,
          32.6,
          0.5807028181072799
        ]
      },
      {
        "physicsTick": 20908,
        "activeTimeMs": 348474.5000000241,
        "position": [
          78.48010845816442,
          32.6,
          0.5807028181072799
        ]
      },
      {
        "physicsTick": 20908,
        "activeTimeMs": 348476.20000002335,
        "position": [
          78.48010845816442,
          32.6,
          0.5807028181072799
        ]
      },
      {
        "physicsTick": 20910,
        "activeTimeMs": 348502.40000002633,
        "position": [
          78.48010845816442,
          32.6,
          0.5807028181072799
        ]
      },
      {
        "physicsTick": 20911,
        "activeTimeMs": 348525.90000002633,
        "position": [
          78.48010845816442,
          32.6,
          0.5807028181072799
        ]
      },
      {
        "physicsTick": 20913,
        "activeTimeMs": 348551.40000002633,
        "position": [
          78.48010845816442,
          32.6,
          0.5807028181072799
        ]
      },
      {
        "physicsTick": 20914,
        "activeTimeMs": 348572.80000002484,
        "position": [
          78.48010845816442,
          32.6,
          0.5807028181072799
        ]
      },
      {
        "physicsTick": 20915,
        "activeTimeMs": 348596.6000000256,
        "position": [
          78.48010845816442,
          32.6,
          0.5807028181072799
        ]
      },
      {
        "physicsTick": 20917,
        "activeTimeMs": 348620.6000000256,
        "position": [
          78.48010845816442,
          32.6,
          0.5807028181072799
        ]
      },
      {
        "physicsTick": 20918,
        "activeTimeMs": 348637.80000002484,
        "position": [
          78.48010845816442,
          32.6,
          0.5807028181072799
        ]
      },
      {
        "physicsTick": 20919,
        "activeTimeMs": 348659.20000002335,
        "position": [
          78.48010845816442,
          32.6,
          0.5807028181072799
        ]
      },
      {
        "physicsTick": 20920,
        "activeTimeMs": 348678.20000002335,
        "position": [
          78.48010845816442,
          32.6,
          0.5807028181072799
        ]
      },
      {
        "physicsTick": 20922,
        "activeTimeMs": 348701.80000002484,
        "position": [
          78.48010845816442,
          32.6,
          0.5807028181072799
        ]
      },
      {
        "physicsTick": 20923,
        "activeTimeMs": 348718.6000000256,
        "position": [
          78.48010845816442,
          32.6,
          0.5807028181072799
        ]
      },
      {
        "physicsTick": 20924,
        "activeTimeMs": 348741.70000002335,
        "position": [
          78.48010845816442,
          32.6,
          0.5807028181072799
        ]
      },
      {
        "physicsTick": 20926,
        "activeTimeMs": 348768.1000000256,
        "position": [
          78.48010845816442,
          32.6,
          0.5807028181072799
        ]
      },
      {
        "physicsTick": 20927,
        "activeTimeMs": 348787.80000002484,
        "position": [
          78.48010845816442,
          32.6,
          0.5807028181072799
        ]
      },
      {
        "physicsTick": 20928,
        "activeTimeMs": 348806.40000002633,
        "position": [
          78.48010845816442,
          32.6,
          0.5807028181072799
        ]
      },
      {
        "physicsTick": 20929,
        "activeTimeMs": 348829.90000002633,
        "position": [
          78.48010845816442,
          32.6,
          0.5807028181072799
        ]
      },
      {
        "physicsTick": 20931,
        "activeTimeMs": 348853.90000002633,
        "position": [
          78.48010845816442,
          32.6,
          0.5807028181072799
        ]
      },
      {
        "physicsTick": 20932,
        "activeTimeMs": 348878.40000002633,
        "position": [
          78.48010845816442,
          32.6,
          0.5807028181072799
        ]
      },
      {
        "physicsTick": 20934,
        "activeTimeMs": 348902.20000002335,
        "position": [
          78.48010845816442,
          32.6,
          0.5807028181072799
        ]
      },
      {
        "physicsTick": 20934,
        "activeTimeMs": 348909.90000002633,
        "position": [
          78.48010845816442,
          32.6,
          0.5807028181072799
        ]
      },
      {
        "physicsTick": 20934,
        "activeTimeMs": 348909.90000002633,
        "position": [
          78.48010845816442,
          32.6,
          0.5807028181072799
        ]
      },
      {
        "physicsTick": 20935,
        "activeTimeMs": 348928.90000002633,
        "position": [
          78.48010845816442,
          32.6,
          0.5807028181072799
        ]
      },
      {
        "physicsTick": 20937,
        "activeTimeMs": 348953.90000002633,
        "position": [
          78.48010845816442,
          32.6,
          0.5807028181072799
        ]
      },
      {
        "physicsTick": 20938,
        "activeTimeMs": 348976.30000002857,
        "position": [
          78.48010845816442,
          32.6,
          0.5807028181072799
        ]
      },
      {
        "physicsTick": 20940,
        "activeTimeMs": 349000.40000002633,
        "position": [
          78.48010845816442,
          32.6,
          0.5807028181072799
        ]
      },
      {
        "physicsTick": 20941,
        "activeTimeMs": 349018.1000000256,
        "position": [
          78.48010845816442,
          32.6,
          0.5807028181072799
        ]
      },
      {
        "physicsTick": 20942,
        "activeTimeMs": 349039.30000002857,
        "position": [
          78.48010845816442,
          32.6,
          0.5807028181072799
        ]
      },
      {
        "physicsTick": 20943,
        "activeTimeMs": 349063.80000002857,
        "position": [
          78.48010845816442,
          32.6,
          0.5807028181072799
        ]
      },
      {
        "physicsTick": 20944,
        "activeTimeMs": 349080.90000002633,
        "position": [
          78.48010845816442,
          32.6,
          0.5807028181072799
        ]
      },
      {
        "physicsTick": 20946,
        "activeTimeMs": 349102.40000002633,
        "position": [
          78.48010845816442,
          32.6,
          0.5807028181072799
        ]
      },
      {
        "physicsTick": 20947,
        "activeTimeMs": 349123.0000000278,
        "position": [
          78.48010845816442,
          32.6,
          0.5807028181072799
        ]
      },
      {
        "physicsTick": 20948,
        "activeTimeMs": 349144.2000000271,
        "position": [
          78.48010845816442,
          32.6,
          0.5807028181072799
        ]
      },
      {
        "physicsTick": 20950,
        "activeTimeMs": 349170.0000000278,
        "position": [
          78.48010845816442,
          32.6,
          0.5807028181072799
        ]
      },
      {
        "physicsTick": 20951,
        "activeTimeMs": 349191.6000000256,
        "position": [
          78.48010845816442,
          32.6,
          0.5807028181072799
        ]
      },
      {
        "physicsTick": 20953,
        "activeTimeMs": 349218.1000000256,
        "position": [
          78.48010845816442,
          32.6,
          0.5807028181072799
        ]
      },
      {
        "physicsTick": 20954,
        "activeTimeMs": 349239.30000002857,
        "position": [
          78.48010845816442,
          32.6,
          0.5807028181072799
        ]
      },
      {
        "physicsTick": 20955,
        "activeTimeMs": 349263.80000002857,
        "position": [
          78.48010845816442,
          32.6,
          0.5807028181072799
        ]
      },
      {
        "physicsTick": 20956,
        "activeTimeMs": 349281.0000000278,
        "position": [
          78.48010845816442,
          32.6,
          0.5807028181072799
        ]
      },
      {
        "physicsTick": 20958,
        "activeTimeMs": 349302.40000002633,
        "position": [
          78.48010845816442,
          32.6,
          0.5807028181072799
        ]
      },
      {
        "physicsTick": 20959,
        "activeTimeMs": 349320.80000002857,
        "position": [
          78.48010845816442,
          32.6,
          0.5807028181072799
        ]
      },
      {
        "physicsTick": 20960,
        "activeTimeMs": 349343.80000002857,
        "position": [
          78.48010845816442,
          32.6,
          0.5807028181072799
        ]
      },
      {
        "physicsTick": 20960,
        "activeTimeMs": 349344.0000000278,
        "position": [
          78.48010845816442,
          32.6,
          0.5807028181072799
        ]
      },
      {
        "physicsTick": 20960,
        "activeTimeMs": 349344.0000000278,
        "position": [
          78.48010845816442,
          32.6,
          0.5807028181072799
        ]
      },
      {
        "physicsTick": 20961,
        "activeTimeMs": 349354.6000000293,
        "position": [
          78.48010845816442,
          32.6,
          0.5807028181072799
        ]
      },
      {
        "physicsTick": 20962,
        "activeTimeMs": 349371.5000000278,
        "position": [
          78.48010845816442,
          32.6,
          0.5807028181072799
        ]
      },
      {
        "physicsTick": 20963,
        "activeTimeMs": 349396.0000000278,
        "position": [
          78.48010845816442,
          32.6,
          0.5807028181072799
        ]
      },
      {
        "physicsTick": 20965,
        "activeTimeMs": 349418.2000000271,
        "position": [
          78.48010845816442,
          32.6,
          0.5807028181072799
        ]
      },
      {
        "physicsTick": 20966,
        "activeTimeMs": 349437.5000000278,
        "position": [
          78.48010845816442,
          32.6,
          0.5807028181072799
        ]
      },
      {
        "physicsTick": 20967,
        "activeTimeMs": 349458.2000000271,
        "position": [
          78.48010845816442,
          32.6,
          0.5807028181072799
        ]
      },
      {
        "physicsTick": 20969,
        "activeTimeMs": 349485.0000000278,
        "position": [
          78.48010845816442,
          32.6,
          0.5807028181072799
        ]
      },
      {
        "physicsTick": 20970,
        "activeTimeMs": 349506.90000003006,
        "position": [
          78.48010845816442,
          32.6,
          0.5807028181072799
        ]
      },
      {
        "physicsTick": 20971,
        "activeTimeMs": 349533.0000000278,
        "position": [
          78.48010845816442,
          32.6,
          0.5807028181072799
        ]
      },
      {
        "physicsTick": 20973,
        "activeTimeMs": 349555.30000002857,
        "position": [
          78.48010845816442,
          32.6,
          0.5807028181072799
        ]
      },
      {
        "physicsTick": 20974,
        "activeTimeMs": 349577.7000000271,
        "position": [
          78.48010845816442,
          32.6,
          0.5807028181072799
        ]
      },
      {
        "physicsTick": 20975,
        "activeTimeMs": 349594.80000002857,
        "position": [
          78.48010845816442,
          32.6,
          0.5807028181072799
        ]
      },
      {
        "physicsTick": 20977,
        "activeTimeMs": 349620.0000000278,
        "position": [
          78.48010845816442,
          32.6,
          0.5807028181072799
        ]
      },
      {
        "physicsTick": 20978,
        "activeTimeMs": 349643.30000002857,
        "position": [
          78.48010845816442,
          32.6,
          0.5807028181072799
        ]
      },
      {
        "physicsTick": 20980,
        "activeTimeMs": 349668.0000000278,
        "position": [
          78.48010845816442,
          32.6,
          0.5807028181072799
        ]
      },
      {
        "physicsTick": 20981,
        "activeTimeMs": 349685.90000003006,
        "position": [
          78.48010845816442,
          32.6,
          0.5807028181072799
        ]
      },
      {
        "physicsTick": 20982,
        "activeTimeMs": 349705.5000000278,
        "position": [
          78.49399734705331,
          32.6,
          0.566813929218391
        ]
      },
      {
        "physicsTick": 20983,
        "activeTimeMs": 349725.40000003006,
        "position": [
          78.51181107384473,
          32.6,
          0.5390361514406132
        ]
      },
      {
        "physicsTick": 20984,
        "activeTimeMs": 349748.30000002857,
        "position": [
          78.52962480063614,
          32.6,
          0.49736948477394655
        ]
      },
      {
        "physicsTick": 20986,
        "activeTimeMs": 349774.1000000293,
        "position": [
          78.56525225421898,
          32.6,
          0.3723694847739465
        ]
      },
      {
        "physicsTick": 20987,
        "activeTimeMs": 349796.40000003006,
        "position": [
          78.58306598101039,
          32.6,
          0.29951571934071086
        ]
      },
      {
        "physicsTick": 20989,
        "activeTimeMs": 349821.0000000278,
        "position": [
          78.58699081891291,
          32.6,
          0.19547485514090623
        ]
      },
      {
        "physicsTick": 20990,
        "activeTimeMs": 349842.80000002857,
        "position": [
          78.58699081891291,
          32.6,
          0.16428775637433726
        ]
      },
      {
        "physicsTick": 20992,
        "activeTimeMs": 349870.2000000271,
        "position": [
          78.58699081891291,
          32.6,
          0.14358022550786598
        ]
      },
      {
        "physicsTick": 20993,
        "activeTimeMs": 349890.2000000271,
        "position": [
          78.58699081891291,
          32.6,
          0.14358022550786598
        ]
      },
      {
        "physicsTick": 20995,
        "activeTimeMs": 349917.7000000271,
        "position": [
          78.58699081891291,
          32.6,
          0.14358022550786598
        ]
      },
      {
        "physicsTick": 20996,
        "activeTimeMs": 349937.7000000271,
        "position": [
          78.58699081891291,
          32.6,
          0.14358022550786598
        ]
      },
      {
        "physicsTick": 20997,
        "activeTimeMs": 349955.90000003006,
        "position": [
          78.58699081891291,
          32.6,
          0.14358022550786598
        ]
      },
      {
        "physicsTick": 20998,
        "activeTimeMs": 349978.5000000278,
        "position": [
          78.58699081891291,
          32.6,
          0.14358022550786598
        ]
      },
      {
        "physicsTick": 20999,
        "activeTimeMs": 349994.80000002857,
        "position": [
          78.58699081891291,
          32.6,
          0.14358022550786598
        ]
      },
      {
        "physicsTick": 20999,
        "activeTimeMs": 349994.80000002857,
        "position": [
          78.58699081891291,
          32.6,
          0.14358022550786598
        ]
      },
      {
        "physicsTick": 20999,
        "activeTimeMs": 349996.40000003006,
        "position": [
          78.58699081891291,
          32.6,
          0.14358022550786598
        ]
      },
      {
        "physicsTick": 21000,
        "activeTimeMs": 350013.2000000271,
        "position": [
          78.58699081891291,
          32.6,
          0.14358022550786598
        ]
      },
      {
        "physicsTick": 21001,
        "activeTimeMs": 350031.40000003006,
        "position": [
          78.58699081891291,
          32.6,
          0.14358022550786598
        ]
      },
      {
        "physicsTick": 21003,
        "activeTimeMs": 350053.7000000271,
        "position": [
          78.58699081891291,
          32.6,
          0.14358022550786598
        ]
      },
      {
        "physicsTick": 21004,
        "activeTimeMs": 350070.40000003006,
        "position": [
          78.58699081891291,
          32.6,
          0.14358022550786598
        ]
      },
      {
        "physicsTick": 21005,
        "activeTimeMs": 350093.7000000271,
        "position": [
          78.58699081891291,
          32.6,
          0.14358022550786598
        ]
      },
      {
        "physicsTick": 21007,
        "activeTimeMs": 350118.40000003006,
        "position": [
          78.58699081891291,
          32.6,
          0.14358022550786598
        ]
      },
      {
        "physicsTick": 21008,
        "activeTimeMs": 350140.40000003006,
        "position": [
          78.58699081891291,
          32.6,
          0.14358022550786598
        ]
      },
      {
        "physicsTick": 21010,
        "activeTimeMs": 350167.6000000293,
        "position": [
          78.58699081891291,
          32.6,
          0.14358022550786598
        ]
      },
      {
        "physicsTick": 21011,
        "activeTimeMs": 350189.2000000271,
        "position": [
          78.58699081891291,
          32.6,
          0.14358022550786598
        ]
      },
      {
        "physicsTick": 21012,
        "activeTimeMs": 350212.40000003006,
        "position": [
          78.58699081891291,
          32.6,
          0.14358022550786598
        ]
      },
      {
        "physicsTick": 21013,
        "activeTimeMs": 350231.7000000271,
        "position": [
          78.58699081891291,
          32.6,
          0.14358022550786598
        ]
      },
      {
        "physicsTick": 21015,
        "activeTimeMs": 350254.40000003006,
        "position": [
          78.58699081891291,
          32.6,
          0.14358022550786598
        ]
      },
      {
        "physicsTick": 21016,
        "activeTimeMs": 350272.7000000271,
        "position": [
          78.58699081891291,
          32.6,
          0.14358022550786598
        ]
      },
      {
        "physicsTick": 21017,
        "activeTimeMs": 350293.7000000271,
        "position": [
          78.58699081891291,
          32.6,
          0.14358022550786598
        ]
      },
      {
        "physicsTick": 21018,
        "activeTimeMs": 350316.0000000278,
        "position": [
          78.58699081891291,
          32.6,
          0.14358022550786598
        ]
      },
      {
        "physicsTick": 21020,
        "activeTimeMs": 350335.0000000278,
        "position": [
          78.58699081891291,
          32.6,
          0.14358022550786598
        ]
      },
      {
        "physicsTick": 21021,
        "activeTimeMs": 350352.1000000293,
        "position": [
          78.58699081891291,
          32.6,
          0.14358022550786598
        ]
      },
      {
        "physicsTick": 21022,
        "activeTimeMs": 350372.6000000293,
        "position": [
          78.58699081891291,
          32.6,
          0.14358022550786598
        ]
      },
      {
        "physicsTick": 21023,
        "activeTimeMs": 350398.5000000278,
        "position": [
          78.58699081891291,
          32.6,
          0.14358022550786598
        ]
      },
      {
        "physicsTick": 21025,
        "activeTimeMs": 350423.0000000278,
        "position": [
          78.58699081891291,
          32.6,
          0.14358022550786598
        ]
      },
      {
        "physicsTick": 21025,
        "activeTimeMs": 350427.5000000278,
        "position": [
          78.58699081891291,
          32.6,
          0.14358022550786598
        ]
      },
      {
        "physicsTick": 21025,
        "activeTimeMs": 350427.5000000278,
        "position": [
          78.58699081891291,
          32.6,
          0.14358022550786598
        ]
      },
      {
        "physicsTick": 21026,
        "activeTimeMs": 350447.7000000271,
        "position": [
          78.58699081891291,
          32.6,
          0.14358022550786598
        ]
      },
      {
        "physicsTick": 21028,
        "activeTimeMs": 350471.0000000278,
        "position": [
          78.58699081891291,
          32.6,
          0.14358022550786598
        ]
      },
      {
        "physicsTick": 21029,
        "activeTimeMs": 350495.2000000271,
        "position": [
          78.58699081891291,
          32.6,
          0.14358022550786598
        ]
      },
      {
        "physicsTick": 21031,
        "activeTimeMs": 350520.2000000271,
        "position": [
          78.58699081891291,
          32.6,
          0.14358022550786598
        ]
      },
      {
        "physicsTick": 21032,
        "activeTimeMs": 350542.30000002857,
        "position": [
          78.58699081891291,
          32.6,
          0.14358022550786598
        ]
      },
      {
        "physicsTick": 21034,
        "activeTimeMs": 350569.1000000293,
        "position": [
          78.58699081891291,
          32.6,
          0.14358022550786598
        ]
      },
      {
        "physicsTick": 21035,
        "activeTimeMs": 350589.90000002633,
        "position": [
          78.58699081891291,
          32.6,
          0.14358022550786598
        ]
      },
      {
        "physicsTick": 21036,
        "activeTimeMs": 350613.0000000278,
        "position": [
          78.58699081891291,
          32.6,
          0.14358022550786598
        ]
      },
      {
        "physicsTick": 21037,
        "activeTimeMs": 350633.2000000271,
        "position": [
          78.58699081891291,
          32.6,
          0.14358022550786598
        ]
      },
      {
        "physicsTick": 21039,
        "activeTimeMs": 350654.1000000293,
        "position": [
          78.58699081891291,
          32.6,
          0.14358022550786598
        ]
      },
      {
        "physicsTick": 21039,
        "activeTimeMs": 350660.40000002633,
        "position": [
          78.58699081891291,
          32.6,
          0.14358022550786598
        ]
      }
    ],
    "generatorVersion": 11,
    "renderPipeline": {
      "drawUnit": "chunk-render-category",
      "batchMode": "category",
      "vertexLayout": "float16-uv-uint16-index",
      "shaderMode": "voxel-array-chunks",
      "backend": "webgl2"
    },
    "experiments": {
      "requested": {
        "renderer": "webgl2",
        "wasm": true,
        "simd": true
      },
      "kernels": [
        "w02",
        "w03",
        "w04",
        "w05",
        "w06"
      ],
      "renderer": {
        "requestedRenderer": "webgl2",
        "effectiveRenderer": "webgl2",
        "rendererStatus": "matched"
      },
      "workers": [
        {
          "epoch": "seedlands:classic-canonical-runtime-v11:1",
          "lane": "fluid",
          "index": 0,
          "status": "off",
          "requestedArtifact": "simd",
          "effectiveArtifact": "off",
          "selected": [],
          "reason": "no-selected-kernel"
        },
        {
          "epoch": "seedlands:classic-canonical-runtime-v11:1",
          "lane": "general",
          "index": 1,
          "status": "matched",
          "requestedArtifact": "simd",
          "effectiveArtifact": "simd",
          "selected": [
            "w02",
            "w03",
            "w04",
            "w05",
            "w06"
          ],
          "artifactSha256": "c1a763778c4eb4873772cf480c758f8b18cbc77beee80c933dda6b2fd19e4b2c"
        }
      ]
    },
    "serverRevision": 1,
    "voxelAtOrigin": 42,
    "serverPlayerPosition": [
      78.58699081891291,
      32.6,
      0.14358022550786598
    ],
    "serverPlayerVelocity": [
      0,
      0,
      0
    ],
    "prediction": {
      "pendingFrames": 0,
      "lastResetReason": "authority-resync",
      "resetCounts": {
        "input-interrupted": 283,
        "collision-history-missing": 126,
        "authority-resync": 1068,
        "movement-mode-changed": 26
      },
      "presentationOffset": {
        "x": 0,
        "y": 0,
        "z": 0
      }
    },
    "serverWorldTime": 1.9019999999854882,
    "performance": {
      "scenarioId": "default",
      "frame": {
        "count": 1200,
        "p50Ms": 16.699999999254942,
        "p95Ms": 18.699999999254942,
        "p99Ms": 22.5,
        "maxMs": 29.400000002235174,
        "longFrameCount": 0,
        "lastLongFrameMs": 0
      },
      "chunkVisible": {
        "count": 163,
        "p50Ms": 942.3999999985099,
        "p95Ms": 15909.900000002235,
        "p99Ms": 17857.10000000149,
        "maxMs": 18108.5
      },
      "completedChunkTraces": 163,
      "traceEventCount": 2043,
      "maxMeshCommitsInFrame": 1,
      "maxMeshPartsInFrame": 2,
      "visibleAfterPostrender": true,
      "incidents": 32,
      "droppedEvents": 9038,
      "uploadQueueDepth": 0,
      "estimatedMeshBytes": 7765800
    },
    "compute": {
      "workerCount": 2,
      "fluidWorkerCount": 1,
      "generalWorkerCount": 1,
      "running": 0,
      "queued": 0,
      "queuedBytes": 0,
      "cancellationRequests": 0,
      "staleResults": 0,
      "failedTasks": 0,
      "completedTasks": 315,
      "submittedTasks": 315,
      "submittedBytes": 137134080,
      "maxQueued": 1,
      "maxQueuedBytes": 0,
      "workerTaskDuration": {
        "fluid": {
          "count": 128,
          "capacity": 256,
          "samplesMs": [
            0.3999999985098839,
            0.5,
            0.4000000022351742,
            0.6000000014901161,
            0.30000000074505806,
            0.29999999701976776,
            0.20000000298023224,
            0.10000000149011612,
            0.09999999776482582,
            0.09999999776482582,
            0,
            0.19999999925494194,
            0.10000000149011612,
            0.09999999776482582,
            0.30000000074505806,
            0.3999999985098839,
            0.30000000074505806,
            0.5,
            0.30000000074505806,
            0.3999999985098839,
            0.30000000074505806,
            0.4000000022351742,
            0.30000000074505806,
            0.19999999925494194,
            0.3999999985098839,
            0.19999999925494194,
            0.19999999925494194,
            0.10000000149011612,
            0.10000000149011612,
            0.09999999776482582,
            0.10000000149011612,
            0.09999999776482582,
            0,
            0.09999999776482582,
            0.19999999925494194,
            0.20000000298023224,
            0.20000000298023224,
            0.5,
            0.19999999925494194,
            0.19999999925494194,
            0,
            0.10000000149011612,
            0.19999999925494194,
            0.10000000149011612,
            0.10000000149011612,
            0.19999999925494194,
            0.10000000149011612,
            0.09999999776482582,
            0.10000000149011612,
            0.10000000149011612,
            0.09999999776482582,
            0,
            0.09999999776482582,
            0.09999999776482582,
            0.09999999776482582,
            0.10000000149011612,
            0.10000000149011612,
            0,
            0.09999999776482582,
            0.10000000149011612,
            0.10000000149011612,
            0.09999999776482582,
            0,
            0.10000000149011612,
            0.10000000149011612,
            0.19999999925494194,
            0.09999999776482582,
            0.10000000149011612,
            0.10000000149011612,
            0.10000000149011612,
            0.10000000149011612,
            0.09999999776482582,
            0.10000000149011612,
            0.10000000149011612,
            0.20000000298023224,
            0.10000000149011612,
            0.10000000149011612,
            0.10000000149011612,
            0.19999999925494194,
            0.09999999776482582,
            0.19999999925494194,
            0.10000000149011612,
            0.10000000149011612,
            0.19999999925494194,
            0.10000000149011612,
            0.10000000149011612,
            0.19999999925494194,
            0.19999999925494194,
            0,
            0.30000000074505806,
            0.10000000149011612,
            0.09999999776482582,
            0.19999999925494194,
            0.19999999925494194,
            0.19999999925494194,
            0.09999999776482582,
            0.19999999925494194,
            0.30000000074505806,
            0.19999999925494194,
            0.19999999925494194,
            0.19999999925494194,
            0.19999999925494194,
            0.19999999925494194,
            0.30000000074505806,
            0.30000000074505806,
            0.30000000074505806,
            0.19999999925494194,
            0.19999999925494194,
            0.30000000074505806,
            0.30000000074505806,
            0.19999999925494194,
            0.19999999925494194,
            0.20000000298023224,
            0.09999999776482582,
            0.19999999925494194,
            0.10000000149011612,
            0.20000000298023224,
            0.20000000298023224,
            0.19999999925494194,
            0.19999999925494194,
            0.19999999925494194,
            0.19999999925494194,
            0.10000000149011612,
            0.19999999925494194,
            0,
            0.10000000149011612,
            0.10000000149011612,
            0
          ]
        },
        "general": {
          "count": 187,
          "capacity": 256,
          "samplesMs": [
            1616.0999999977648,
            335.30000000074506,
            235.29999999701977,
            336.5999999977648,
            41.30000000074506,
            42,
            44.399999998509884,
            43.30000000074506,
            43.900000002235174,
            48.30000000074506,
            50.30000000074506,
            42.599999997764826,
            44.399999998509884,
            46.80000000074506,
            45.19999999925494,
            44.899999998509884,
            47.19999999925494,
            50.30000000074506,
            87.89999999850988,
            86.59999999776483,
            94.80000000074506,
            95.80000000074506,
            95.60000000149012,
            94.5,
            96.59999999776483,
            87.89999999850988,
            88.89999999850988,
            94.60000000149012,
            97.60000000149012,
            98.19999999925494,
            98.80000000074506,
            99.30000000074506,
            347,
            274.0999999977648,
            279.3999999985099,
            44.100000001490116,
            273.3999999985099,
            296.9000000022352,
            343.19999999925494,
            231.19999999925494,
            233.29999999701977,
            233.90000000223517,
            258.5,
            282.6000000014901,
            278.5,
            334.1000000014901,
            333.80000000074506,
            236.09999999776483,
            226.90000000223517,
            237.5,
            233.19999999925494,
            288.4000000022352,
            237.69999999925494,
            265,
            325.6000000014901,
            226.69999999925494,
            230.79999999701977,
            280.30000000074506,
            270,
            234.59999999776483,
            217.69999999925494,
            286.19999999925494,
            280,
            232.69999999925494,
            227.79999999701977,
            290.0999999977648,
            279.79999999701977,
            232.39999999850988,
            254,
            274.19999999925494,
            268.4000000022352,
            222,
            221.5,
            272.0999999977648,
            271.30000000074506,
            225.5,
            231.70000000298023,
            273.5,
            267.80000000074506,
            221.90000000223517,
            225.19999999925494,
            273,
            238,
            270.5,
            334.19999999925494,
            233.5,
            235.80000000074506,
            268.19999999925494,
            266.0999999977648,
            226,
            223,
            266.6000000014901,
            260.69999999925494,
            220.29999999701977,
            218.19999999925494,
            287.5,
            225.90000000223517,
            261.5,
            225.5,
            268.69999999925494,
            276.69999999925494,
            216,
            290,
            218.80000000074506,
            225.89999999850988,
            267.6000000014901,
            269.19999999925494,
            276.4000000022352,
            222.80000000074506,
            228.60000000149012,
            227.89999999850988,
            267.30000000074506,
            273.0999999977648,
            222.80000000074506,
            270.1000000014901,
            275.69999999925494,
            265.8999999985099,
            270.5999999977648,
            280.6000000014901,
            280.79999999701977,
            265.79999999701977,
            269.1000000014901,
            271.8999999985099,
            273.5999999977648,
            263.19999999925494,
            271.3999999985099,
            267.69999999925494,
            320.9000000022352,
            237.69999999925494,
            316.19999999925494,
            327.1000000014901,
            236,
            236.80000000074506,
            265.5999999977648,
            148.79999999701977,
            268.1000000014901,
            216.69999999925494,
            259.80000000074506,
            126.60000000149012,
            261.30000000074506,
            213.09999999776483,
            260.5,
            126.30000000074506,
            261,
            214.60000000149012,
            261.8999999985099,
            153.90000000223517,
            261.0999999977648,
            213.40000000223517,
            259.19999999925494,
            125.80000000074506,
            279.9000000022352,
            232.30000000074506,
            275,
            150.80000000074506,
            271,
            130.60000000149012,
            263.5999999977648,
            130.09999999776483,
            274.69999999925494,
            154.80000000074506,
            266.19999999925494,
            128,
            265.29999999701977,
            129.30000000074506,
            271.5,
            129.5,
            266.79999999701977,
            130.39999999850988,
            280.9000000022352,
            238.70000000298023,
            332.1000000014901,
            281.70000000298023,
            248.09999999776483,
            252.5,
            270,
            263,
            128.60000000149012,
            225.69999999925494,
            267.1000000014901,
            222.80000000074506,
            263.5,
            126.5,
            289.19999999925494,
            156.69999999925494,
            285.8999999985099,
            152.69999999925494
          ]
        }
      },
      "workerKernelStates": [
        {
          "epoch": "seedlands:classic-canonical-runtime-v11:1",
          "lane": "fluid",
          "index": 0,
          "status": "off",
          "requestedArtifact": "simd",
          "effectiveArtifact": "off",
          "selected": [],
          "reason": "no-selected-kernel"
        },
        {
          "epoch": "seedlands:classic-canonical-runtime-v11:1",
          "lane": "general",
          "index": 1,
          "status": "matched",
          "requestedArtifact": "simd",
          "effectiveArtifact": "simd",
          "selected": [
            "w02",
            "w03",
            "w04",
            "w05",
            "w06"
          ],
          "artifactSha256": "c1a763778c4eb4873772cf480c758f8b18cbc77beee80c933dda6b2fd19e4b2c"
        }
      ],
      "workerActivity": [
        {
          "lane": "fluid",
          "index": 0,
          "status": "idle",
          "taskId": null,
          "taskCategory": null,
          "taskAgeMs": null,
          "sampledAtMs": 91234.39999999851,
          "completedTasks": 128,
          "lastTaskDurationMs": 0,
          "kernel": null
        },
        {
          "lane": "general",
          "index": 1,
          "status": "idle",
          "taskId": null,
          "taskCategory": null,
          "taskAgeMs": null,
          "sampledAtMs": 338132,
          "completedTasks": 187,
          "lastTaskDurationMs": 152.69999999925494,
          "kernel": {
            "calls": 3346,
            "failures": 0,
            "memoryBytes": 18874368,
            "durationMs": 15.900000020861626,
            "failed": false
          }
        }
      ]
    },
    "fluidFeedback": {
      "count": 0,
      "pending": false,
      "pendingSample": null,
      "p50Ms": 0,
      "p95Ms": 0,
      "p99Ms": 0,
      "maxMs": 0,
      "samples": []
    },
    "waterTransitions": {
      "activeCount": 0,
      "active": [],
      "recent": [
        {
          "chunkKey": "2,0,0",
          "targetRevision": 5,
          "traceId": "trace-66",
          "geometry": {
            "mode": "surface-morph",
            "patchCount": 46,
            "retainedPatchCount": 0,
            "addedPatchCount": 46,
            "removedPatchCount": 0,
            "visibleWaterMeshCount": 1,
            "opacityCrossfade": false
          },
          "progress": 1,
          "frameCount": 9,
          "completed": true,
          "superseded": false,
          "progressSamples": [
            0,
            0.1527777777777778,
            0.301111111127668,
            0.44111111112352874,
            0.5822222222263614,
            0.7222222222222222,
            0.8616666666749451,
            1,
            1
          ]
        },
        {
          "chunkKey": "2,0,-1",
          "targetRevision": 9,
          "traceId": "trace-68",
          "geometry": {
            "mode": "surface-morph",
            "patchCount": 116,
            "retainedPatchCount": 0,
            "addedPatchCount": 116,
            "removedPatchCount": 0,
            "visibleWaterMeshCount": 1,
            "opacityCrossfade": false
          },
          "progress": 1,
          "frameCount": 9,
          "completed": true,
          "superseded": false,
          "progressSamples": [
            0,
            0.14277777777363856,
            0.2955555555514163,
            0.4638888888888889,
            0.6022222222139438,
            0.7527777777777778,
            0.8894444444320269,
            1,
            1
          ]
        },
        {
          "chunkKey": "2,1,-1",
          "targetRevision": 0,
          "traceId": "trace-69",
          "geometry": {
            "mode": "surface-morph",
            "patchCount": 24,
            "retainedPatchCount": 0,
            "addedPatchCount": 24,
            "removedPatchCount": 0,
            "visibleWaterMeshCount": 1,
            "opacityCrossfade": false
          },
          "progress": 1,
          "frameCount": 10,
          "completed": true,
          "superseded": false,
          "progressSamples": [
            0,
            0.1411111111028327,
            0.27555555554313793,
            0.40888888887647123,
            0.5516666666501098,
            0.6855555555472771,
            0.8227777777653601,
            0.9588888888764713,
            1,
            1
          ]
        },
        {
          "chunkKey": "2,0,0",
          "targetRevision": 24,
          "traceId": "trace-77",
          "geometry": {
            "mode": "surface-morph",
            "patchCount": 753,
            "retainedPatchCount": 45,
            "addedPatchCount": 707,
            "removedPatchCount": 1,
            "visibleWaterMeshCount": 1,
            "opacityCrossfade": false
          },
          "progress": 1,
          "frameCount": 10,
          "completed": true,
          "superseded": false,
          "progressSamples": [
            0,
            0.14166666666666666,
            0.2838888888971673,
            0.426111111127668,
            0.5727777777860562,
            0.7066666666832235,
            0.8522222222346398,
            0.9950000000082784,
            1,
            1
          ]
        },
        {
          "chunkKey": "1,0,0",
          "targetRevision": 34,
          "traceId": "trace-79",
          "geometry": {
            "mode": "surface-morph",
            "patchCount": 224,
            "retainedPatchCount": 0,
            "addedPatchCount": 224,
            "removedPatchCount": 0,
            "visibleWaterMeshCount": 1,
            "opacityCrossfade": false
          },
          "progress": 1,
          "frameCount": 10,
          "completed": true,
          "superseded": false,
          "progressSamples": [
            0,
            0.1411111111028327,
            0.2772222222139438,
            0.41611111110283266,
            0.5461111111152503,
            0.6822222222263614,
            0.8038888888847496,
            0.9316666666625275,
            1,
            1
          ]
        },
        {
          "chunkKey": "1,1,0",
          "targetRevision": 0,
          "traceId": "trace-72",
          "geometry": {
            "mode": "surface-morph",
            "patchCount": 9,
            "retainedPatchCount": 0,
            "addedPatchCount": 9,
            "removedPatchCount": 0,
            "visibleWaterMeshCount": 1,
            "opacityCrossfade": false
          },
          "progress": 1,
          "frameCount": 10,
          "completed": true,
          "superseded": false,
          "progressSamples": [
            0,
            0.1411111111028327,
            0.2861111111111111,
            0.4283333333209157,
            0.5544444444485837,
            0.7049999999917216,
            0.8316666666625274,
            0.9677777777736386,
            1,
            1
          ]
        },
        {
          "chunkKey": "1,0,-1",
          "targetRevision": 8,
          "traceId": "trace-73",
          "geometry": {
            "mode": "surface-morph",
            "patchCount": 78,
            "retainedPatchCount": 0,
            "addedPatchCount": 78,
            "removedPatchCount": 0,
            "visibleWaterMeshCount": 1,
            "opacityCrossfade": false
          },
          "progress": 1,
          "frameCount": 10,
          "completed": true,
          "superseded": false,
          "progressSamples": [
            0,
            0.1399999999958608,
            0.2905555555389987,
            0.4288888888847497,
            0.5583333333333333,
            0.6905555555389987,
            0.8155555555389987,
            0.95,
            1,
            1
          ]
        },
        {
          "chunkKey": "2,0,-1",
          "targetRevision": 34,
          "traceId": "trace-76",
          "geometry": {
            "mode": "surface-morph",
            "patchCount": 577,
            "retainedPatchCount": 113,
            "addedPatchCount": 461,
            "removedPatchCount": 3,
            "visibleWaterMeshCount": 1,
            "opacityCrossfade": false
          },
          "progress": 1,
          "frameCount": 10,
          "completed": true,
          "superseded": false,
          "progressSamples": [
            0,
            0.137222222218083,
            0.28444444444030526,
            0.4200000000082784,
            0.5727777777860562,
            0.7038888888847497,
            0.8438888889013065,
            0.9844444444403052,
            1,
            1
          ]
        },
        {
          "chunkKey": "2,0,0",
          "targetRevision": 40,
          "traceId": "trace-88",
          "geometry": {
            "mode": "surface-morph",
            "patchCount": 912,
            "retainedPatchCount": 573,
            "addedPatchCount": 160,
            "removedPatchCount": 179,
            "visibleWaterMeshCount": 1,
            "opacityCrossfade": false
          },
          "progress": 1,
          "frameCount": 10,
          "completed": true,
          "superseded": false,
          "progressSamples": [
            0,
            0.13388888889716732,
            0.27166666665838823,
            0.4061111111193895,
            0.5450000000082784,
            0.6844444444403053,
            0.8172222222305007,
            0.9727777777860562,
            1,
            1
          ]
        },
        {
          "chunkKey": "1,0,0",
          "targetRevision": 44,
          "traceId": "trace-90",
          "geometry": {
            "mode": "surface-morph",
            "patchCount": 237,
            "retainedPatchCount": 185,
            "addedPatchCount": 13,
            "removedPatchCount": 39,
            "visibleWaterMeshCount": 1,
            "opacityCrossfade": false
          },
          "progress": 1,
          "frameCount": 10,
          "completed": true,
          "superseded": false,
          "progressSamples": [
            0,
            0.1388888888888889,
            0.2833333333333333,
            0.42555555556383395,
            0.5566666666625275,
            0.7111111111111111,
            0.8461111111152503,
            0.9905555555596948,
            1,
            1
          ]
        },
        {
          "chunkKey": "2,1,-1",
          "targetRevision": 0,
          "traceId": "trace-83",
          "geometry": {
            "mode": "surface-morph",
            "patchCount": 24,
            "retainedPatchCount": 0,
            "addedPatchCount": 0,
            "removedPatchCount": 24,
            "visibleWaterMeshCount": 1,
            "opacityCrossfade": false
          },
          "progress": 1,
          "frameCount": 10,
          "completed": true,
          "superseded": false,
          "progressSamples": [
            0,
            0.1366666666749451,
            0.275,
            0.41555555555969476,
            0.5694444444444444,
            0.701111111127668,
            0.8461111111152503,
            0.9872222222387791,
            1,
            1
          ]
        },
        {
          "chunkKey": "1,1,0",
          "targetRevision": 0,
          "traceId": "trace-84",
          "geometry": {
            "mode": "surface-morph",
            "patchCount": 9,
            "retainedPatchCount": 0,
            "addedPatchCount": 0,
            "removedPatchCount": 9,
            "visibleWaterMeshCount": 1,
            "opacityCrossfade": false
          },
          "progress": 1,
          "frameCount": 10,
          "completed": true,
          "superseded": false,
          "progressSamples": [
            0,
            0.13000000001241763,
            0.2833333333333333,
            0.41888888890130654,
            0.5577777777901954,
            0.6983333333498902,
            0.8388888888888889,
            0.9705555555721124,
            1,
            1
          ]
        },
        {
          "chunkKey": "2,0,-1",
          "targetRevision": 64,
          "traceId": "trace-85",
          "geometry": {
            "mode": "surface-morph",
            "patchCount": 579,
            "retainedPatchCount": 446,
            "addedPatchCount": 5,
            "removedPatchCount": 128,
            "visibleWaterMeshCount": 1,
            "opacityCrossfade": false
          },
          "progress": 1,
          "frameCount": 9,
          "completed": true,
          "superseded": false,
          "progressSamples": [
            0,
            0.13555555554727713,
            0.2777777777777778,
            0.4305555555555556,
            0.5861111111111111,
            0.7322222222056654,
            0.8722222222222222,
            1,
            1
          ]
        },
        {
          "chunkKey": "2,0,0",
          "targetRevision": 80,
          "traceId": "trace-89",
          "geometry": {
            "mode": "surface-morph",
            "patchCount": 752,
            "retainedPatchCount": 544,
            "addedPatchCount": 19,
            "removedPatchCount": 189,
            "visibleWaterMeshCount": 1,
            "opacityCrossfade": false
          },
          "progress": 1,
          "frameCount": 10,
          "completed": true,
          "superseded": false,
          "progressSamples": [
            0,
            0.14666666665838823,
            0.28166666666252743,
            0.4172222222098046,
            0.5716666666583883,
            0.7177777777736386,
            0.8577777777694994,
            0.9966666666583882,
            1,
            1
          ]
        },
        {
          "chunkKey": "1,0,0",
          "targetRevision": 81,
          "traceId": "trace-91",
          "geometry": {
            "mode": "surface-morph",
            "patchCount": 200,
            "retainedPatchCount": 173,
            "addedPatchCount": 2,
            "removedPatchCount": 25,
            "visibleWaterMeshCount": 1,
            "opacityCrossfade": false
          },
          "progress": 1,
          "frameCount": 10,
          "completed": true,
          "superseded": false,
          "progressSamples": [
            0,
            0.137777777781917,
            0.29499999998758236,
            0.4272222222139438,
            0.5649999999958608,
            0.7061111110986935,
            0.8383333333250549,
            0.9816666666625274,
            1,
            1
          ]
        },
        {
          "chunkKey": "2,0,-1",
          "targetRevision": 90,
          "traceId": "trace-96",
          "geometry": {
            "mode": "surface-morph",
            "patchCount": 460,
            "retainedPatchCount": 360,
            "addedPatchCount": 9,
            "removedPatchCount": 91,
            "visibleWaterMeshCount": 1,
            "opacityCrossfade": false
          },
          "progress": 1,
          "frameCount": 10,
          "completed": true,
          "superseded": false,
          "progressSamples": [
            0,
            0.1388888888888889,
            0.2683333333167765,
            0.4111111111111111,
            0.549444444436166,
            0.6927777777736386,
            0.8555555555555555,
            0.9966666666583882,
            1,
            1
          ]
        },
        {
          "chunkKey": "1,0,-1",
          "targetRevision": 13,
          "traceId": "trace-93",
          "geometry": {
            "mode": "surface-morph",
            "patchCount": 78,
            "retainedPatchCount": 57,
            "addedPatchCount": 0,
            "removedPatchCount": 21,
            "visibleWaterMeshCount": 1,
            "opacityCrossfade": false
          },
          "progress": 1,
          "frameCount": 10,
          "completed": true,
          "superseded": false,
          "progressSamples": [
            0,
            0.137777777781917,
            0.27666666667080586,
            0.41333333334575095,
            0.5483333333291941,
            0.6911111111235287,
            0.824444444456862,
            0.9666666666666667,
            1,
            1
          ]
        },
        {
          "chunkKey": "2,0,0",
          "targetRevision": 101,
          "traceId": "trace-99",
          "geometry": {
            "mode": "surface-morph",
            "patchCount": 595,
            "retainedPatchCount": 415,
            "addedPatchCount": 32,
            "removedPatchCount": 148,
            "visibleWaterMeshCount": 1,
            "opacityCrossfade": false
          },
          "progress": 1,
          "frameCount": 10,
          "completed": true,
          "superseded": false,
          "progressSamples": [
            0,
            0.1477777777860562,
            0.287777777781917,
            0.424444444436166,
            0.5583333333333333,
            0.7149999999958608,
            0.8494444444361661,
            0.987222222218083,
            1,
            1
          ]
        },
        {
          "chunkKey": "1,0,0",
          "targetRevision": 101,
          "traceId": "trace-95",
          "geometry": {
            "mode": "surface-morph",
            "patchCount": 183,
            "retainedPatchCount": 164,
            "addedPatchCount": 8,
            "removedPatchCount": 11,
            "visibleWaterMeshCount": 1,
            "opacityCrossfade": false
          },
          "progress": 1,
          "frameCount": 9,
          "completed": true,
          "superseded": false,
          "progressSamples": [
            0,
            0.1383333333250549,
            0.275,
            0.4649999999958608,
            0.6350000000041393,
            0.7888888888888889,
            0.9772222222139438,
            1,
            1
          ]
        },
        {
          "chunkKey": "2,0,-1",
          "targetRevision": 111,
          "traceId": "trace-97",
          "geometry": {
            "mode": "surface-morph",
            "patchCount": 375,
            "retainedPatchCount": 94,
            "addedPatchCount": 6,
            "removedPatchCount": 275,
            "visibleWaterMeshCount": 1,
            "opacityCrossfade": false
          },
          "progress": 1,
          "frameCount": 10,
          "completed": true,
          "superseded": false,
          "progressSamples": [
            0,
            0.1616666666749451,
            0.2983333333291941,
            0.4477777777860562,
            0.5783333333416117,
            0.7194444444444444,
            0.8572222222263615,
            0.9983333333291942,
            1,
            1
          ]
        },
        {
          "chunkKey": "1,0,-1",
          "targetRevision": 22,
          "traceId": "trace-98",
          "geometry": {
            "mode": "surface-morph",
            "patchCount": 60,
            "retainedPatchCount": 20,
            "addedPatchCount": 3,
            "removedPatchCount": 37,
            "visibleWaterMeshCount": 1,
            "opacityCrossfade": false
          },
          "progress": 1,
          "frameCount": 10,
          "completed": true,
          "superseded": false,
          "progressSamples": [
            0,
            0.13055555555555556,
            0.26666666666666666,
            0.4088888888971673,
            0.5399999999958608,
            0.6827777777901954,
            0.8194444444444444,
            0.9800000000124176,
            1,
            1
          ]
        },
        {
          "chunkKey": "2,0,0",
          "targetRevision": 122,
          "traceId": "trace-100",
          "geometry": {
            "mode": "surface-morph",
            "patchCount": 447,
            "retainedPatchCount": 30,
            "addedPatchCount": 0,
            "removedPatchCount": 417,
            "visibleWaterMeshCount": 1,
            "opacityCrossfade": false
          },
          "progress": 1,
          "frameCount": 9,
          "completed": true,
          "superseded": false,
          "progressSamples": [
            0,
            0.137777777781917,
            0.29222222223050065,
            0.4283333333416118,
            0.562222222238779,
            0.7077777777901955,
            0.8322222222263614,
            1,
            1
          ]
        },
        {
          "chunkKey": "1,0,0",
          "targetRevision": 111,
          "traceId": "trace-101",
          "geometry": {
            "mode": "surface-morph",
            "patchCount": 172,
            "retainedPatchCount": 0,
            "addedPatchCount": 0,
            "removedPatchCount": 172,
            "visibleWaterMeshCount": 1,
            "opacityCrossfade": false
          },
          "progress": 1,
          "frameCount": 10,
          "completed": true,
          "superseded": false,
          "progressSamples": [
            0,
            0.15388888888474966,
            0.28111111109869347,
            0.40888888887647123,
            0.5388888888888889,
            0.6761111111069719,
            0.8194444444444444,
            0.9527777777777777,
            1,
            1
          ]
        },
        {
          "chunkKey": "2,0,-1",
          "targetRevision": 120,
          "traceId": "trace-102",
          "geometry": {
            "mode": "surface-morph",
            "patchCount": 100,
            "retainedPatchCount": 0,
            "addedPatchCount": 0,
            "removedPatchCount": 100,
            "visibleWaterMeshCount": 1,
            "opacityCrossfade": false
          },
          "progress": 1,
          "frameCount": 9,
          "completed": true,
          "superseded": false,
          "progressSamples": [
            0,
            0.14055555555969476,
            0.274444444436166,
            0.412222222218083,
            0.5855555555472771,
            0.7311111110986934,
            0.8799999999917216,
            1,
            1
          ]
        },
        {
          "chunkKey": "1,0,-1",
          "targetRevision": 24,
          "traceId": "trace-103",
          "geometry": {
            "mode": "surface-morph",
            "patchCount": 23,
            "retainedPatchCount": 0,
            "addedPatchCount": 0,
            "removedPatchCount": 23,
            "visibleWaterMeshCount": 1,
            "opacityCrossfade": false
          },
          "progress": 1,
          "frameCount": 10,
          "completed": true,
          "superseded": false,
          "progressSamples": [
            0,
            0.1272222222139438,
            0.2811111111193895,
            0.4149999999958608,
            0.5472222222222223,
            0.6816666666625275,
            0.8227777777860562,
            0.9549999999917216,
            1,
            1
          ]
        },
        {
          "chunkKey": "2,0,0",
          "targetRevision": 123,
          "traceId": "trace-104",
          "geometry": {
            "mode": "surface-morph",
            "patchCount": 30,
            "retainedPatchCount": 0,
            "addedPatchCount": 0,
            "removedPatchCount": 30,
            "visibleWaterMeshCount": 1,
            "opacityCrossfade": false
          },
          "progress": 1,
          "frameCount": 9,
          "completed": true,
          "superseded": false,
          "progressSamples": [
            0,
            0.14499999998758237,
            0.2783333333209157,
            0.4444444444444444,
            0.5722222222222222,
            0.7049999999917216,
            0.8461111110945543,
            1,
            1
          ]
        }
      ]
    },
    "ui": {
      "runtime": "svelte5",
      "shellPublishCount": 148,
      "hudPublishCount": 508,
      "interactionPublishCount": 1074,
      "debugProjectionCount": 962,
      "debugPublishCount": 964,
      "staleUpdateCount": 0,
      "coalescedUpdateCount": 50248,
      "domCommitCount": 2408,
      "projectionDurationMs": 2369.200000088662,
      "publishDurationMs": 45.5,
      "domCommitDurationMs": 2437.4000000320375,
      "debugProjectionRate": 2.241631534151607,
      "totalPublishRate": 6.264893131384126
    },
    "gameplay": {
      "entityCount": 12,
      "worldItemCount": 0,
      "creatureCount": 11,
      "npcCount": 0,
      "nearbyVisitedBucketCount": 27,
      "nearbyCandidateCount": 3,
      "nearbyReturnedCount": 2,
      "inventoryOperationCount": 39,
      "gameplayEventCount": 6673,
      "snapshotBytes": 65125,
      "retainedActorCount": 11,
      "activeActorCount": 8,
      "behaviorEvaluationCount": 0,
      "navigationPlanCount": 0,
      "navigationExpandedNodeCount": 0,
      "pathRecomputeCount": 0,
      "actionCompletionCount": 12,
      "actionFailureCount": 0,
      "actionInterruptionCount": 1,
      "perceptionLineOfSightCheckCount": 0,
      "simulationTime": 350.6,
      "presentedEntityCount": 11
    },
    "breakingOverlay": null,
    "viewmodel": {
      "isolatedLayer": true
    },
    "visualEffects": {
      "activeLocalLights": 0,
      "shadowedLocalLights": 0,
      "localLightLimit": 0,
      "localShadowLimit": 0,
      "sunShadows": false,
      "sunShadowResolution": 0,
      "reflectionEnabled": false,
      "reflectionActive": false,
      "reflectionResolution": 0,
      "reflectionFrameInterval": 0,
      "reflectionRenderCount": 0,
      "waterPlaneY": null,
      "postProcessing": false,
      "shadowUpdateCount": 0,
      "shadowStableFrameCount": 13133,
      "blockLightReady": true,
      "blockLightSourceRevision": 160,
      "blockLightRebuildCount": 2244
    },
    "water": {
      "bodyFraction": 0,
      "wading": false,
      "swimming": false,
      "cameraSubmerged": false,
      "cameraDepth": null,
      "waterSurfaceY": null,
      "underwaterBlend": 0
    }
  },
  "restoreEvidence": {
    "before": {
      "v2Equipment": {
        "phase": "wood",
        "steps": [
          {
            "step": "resources-placed",
            "snapshot": {
              "runtimeEpoch": "seedlands:classic-canonical-runtime-v11:1",
              "gameplayRevision": 79458,
              "actor": {
                "entityId": "player-1",
                "epoch": 1,
                "lifetime": 1
              },
              "inventoryRevision": 36,
              "slots": [
                null,
                null,
                {
                  "itemId": "stick",
                  "count": 3
                },
                null,
                {
                  "itemId": "wood-sword",
                  "count": 1
                },
                null,
                null,
                null,
                {
                  "itemId": "plank",
                  "count": 7
                },
                null,
                null,
                null,
                null,
                null,
                null,
                null,
                null,
                null,
                null,
                null,
                null,
                null,
                null,
                null,
                null,
                null,
                null,
                null,
                null,
                null,
                null,
                null,
                null,
                null,
                null,
                null
              ],
              "armor": {
                "helmet": null,
                "chestplate": null,
                "leggings": null,
                "boots": null
              },
              "cursor": {
                "version": 1,
                "revision": 26,
                "stack": null,
                "origin": null,
                "craftingGrid": [
                  null,
                  null,
                  null,
                  null
                ]
              },
              "player": {
                "health": 18,
                "lifecycle": "alive"
              },
              "armorPoints": 0
            }
          },
          {
            "step": "wood-collected",
            "snapshot": {
              "runtimeEpoch": "seedlands:classic-canonical-runtime-v11:1",
              "gameplayRevision": 113681,
              "actor": {
                "entityId": "player-1",
                "epoch": 1,
                "lifetime": 1
              },
              "inventoryRevision": 39,
              "slots": [
                {
                  "itemId": "wood-block",
                  "count": 3
                },
                null,
                {
                  "itemId": "stick",
                  "count": 3
                },
                null,
                {
                  "itemId": "wood-sword",
                  "count": 1
                },
                null,
                null,
                null,
                {
                  "itemId": "plank",
                  "count": 7
                },
                null,
                null,
                null,
                null,
                null,
                null,
                null,
                null,
                null,
                null,
                null,
                null,
                null,
                null,
                null,
                null,
                null,
                null,
                null,
                null,
                null,
                null,
                null,
                null,
                null,
                null,
                null
              ],
              "armor": {
                "helmet": null,
                "chestplate": null,
                "leggings": null,
                "boots": null
              },
              "cursor": {
                "version": 1,
                "revision": 26,
                "stack": null,
                "origin": null,
                "craftingGrid": [
                  null,
                  null,
                  null,
                  null
                ]
              },
              "player": {
                "health": 18,
                "lifecycle": "alive"
              },
              "armorPoints": 0
            }
          }
        ],
        "snapshot": {
          "runtimeEpoch": "seedlands:classic-canonical-runtime-v11:1",
          "gameplayRevision": 113681,
          "actor": {
            "entityId": "player-1",
            "epoch": 1,
            "lifetime": 1
          },
          "inventoryRevision": 39,
          "slots": [
            {
              "itemId": "wood-block",
              "count": 3
            },
            null,
            {
              "itemId": "stick",
              "count": 3
            },
            null,
            {
              "itemId": "wood-sword",
              "count": 1
            },
            null,
            null,
            null,
            {
              "itemId": "plank",
              "count": 7
            },
            null,
            null,
            null,
            null,
            null,
            null,
            null,
            null,
            null,
            null,
            null,
            null,
            null,
            null,
            null,
            null,
            null,
            null,
            null,
            null,
            null,
            null,
            null,
            null,
            null,
            null,
            null
          ],
          "armor": {
            "helmet": null,
            "chestplate": null,
            "leggings": null,
            "boots": null
          },
          "cursor": {
            "version": 1,
            "revision": 26,
            "stack": null,
            "origin": null,
            "craftingGrid": [
              null,
              null,
              null,
              null
            ]
          },
          "player": {
            "health": 18,
            "lifecycle": "alive"
          },
          "armorPoints": 0
        }
      }
    }
  },
  "logicEvidence": []
}