[
  {
    "stepId": "pw:api@8489",
    "startTime": 383868.852,
    "endTime": 383870.614,
    "title": "Key up \"KeyW\"",
    "params": {
      "key": "KeyW"
    },
    "source": "/private/tmp/seedlands-v2-acceptance-8ae9e354/apps/web/tests/e2e/classic-support/harness.ts:254",
    "error": null
  },
  {
    "stepId": "pw:api@8491",
    "browserCallId": "call@15953",
    "startTime": 383871.286,
    "endTime": 383885.753,
    "title": "Evaluate",
    "params": {
      "expression": "() => {\n  var _seedlandsHarness$sn, _seedlandsHarness;\n  return (_seedlandsHarness$sn = (_seedlandsHarness = window.__seedlandsHarness) === null || _seedlandsHarness === void 0 ? void 0 : _seedlandsHarness.snapshot()) !== null && _seedlandsHarness$sn !== void 0 ? _seedlandsHarness$sn : null;\n}",
      "isFunction": "true",
      "arg": "Object"
    },
    "source": "/private/tmp/seedlands-v2-acceptance-8ae9e354/apps/web/tests/e2e/classic-support/harness.ts:102",
    "snapshot": {
      "player": [
        84.5124282836914,
        32.599998474121094,
        -0.4627346098423004
      ],
      "server": [
        84.50324223424715,
        32.6,
        -0.5877346171838783
      ],
      "view": [
        -1256.4900000000005,
        -20.03000000000001
      ],
      "onGround": true,
      "colliding": false,
      "tick": 20154,
      "ack": 13452,
      "interactions": 32,
      "worldRevision": 160,
      "inventoryOps": 39,
      "worldItems": 0
    },
    "error": null
  },
  {
    "stepId": "pw:api@8494",
    "browserCallId": "call@15955",
    "startTime": 383887.38,
    "endTime": 383900.749,
    "title": "Evaluate",
    "params": {
      "expression": "() => {\n  var _seedlandsHarness$sn, _seedlandsHarness;\n  return (_seedlandsHarness$sn = (_seedlandsHarness = window.__seedlandsHarness) === null || _seedlandsHarness === void 0 ? void 0 : _seedlandsHarness.snapshot()) !== null && _seedlandsHarness$sn !== void 0 ? _seedlandsHarness$sn : null;\n}",
      "isFunction": "true",
      "arg": "Object"
    },
    "source": "/private/tmp/seedlands-v2-acceptance-8ae9e354/apps/web/tests/e2e/classic-support/harness.ts:102",
    "snapshot": {
      "player": [
        84.5124282836914,
        32.599998474121094,
        -0.4627346098423004
      ],
      "server": [
        84.50783394035474,
        32.6,
        -0.5321790616283227
      ],
      "view": [
        -1256.4900000000005,
        -20.03000000000001
      ],
      "onGround": true,
      "colliding": false,
      "tick": 20155,
      "ack": 13453,
      "interactions": 32,
      "worldRevision": 160,
      "inventoryOps": 39,
      "worldItems": 0
    },
    "error": null
  },
  {
    "stepId": "pw:api@8496",
    "browserCallId": "call@15957",
    "startTime": 383902.166,
    "endTime": 383903.827,
    "title": "Evaluate",
    "params": {
      "expression": "() => {\n  var _seedlandsHarness$eq, _seedlandsHarness;\n  return (_seedlandsHarness$eq = (_seedlandsHarness = window.__seedlandsHarness) === null || _seedlandsHarness === void 0 ? void 0 : _seedlandsHarness.equipmentSnapshot()) !== null && _seedlandsHarness$eq !== void 0 ? _seedlandsHarness$eq : null;\n}",
      "isFunction": "true",
      "arg": "Object"
    },
    "source": "/private/tmp/seedlands-v2-acceptance-8ae9e354/apps/web/tests/e2e/classic-support/equipment-journey-support.ts:58",
    "equipment": {
      "inventoryRevision": 39,
      "gameplayRevision": 113681,
      "items": [
        {
          "itemId": "wood-block",
          "count": 3
        },
        {
          "itemId": "stick",
          "count": 3
        },
        {
          "itemId": "wood-sword",
          "count": 1
        },
        {
          "itemId": "plank",
          "count": 7
        }
      ],
      "armor": {
        "helmet": null,
        "chestplate": null,
        "leggings": null,
        "boots": null
      },
      "cursor": {
        "version": 1,
        "revision": 26,
        "stack": null,
        "origin": null,
        "craftingGrid": [
          null,
          null,
          null,
          null
        ]
      }
    },
    "error": null
  },
  {
    "stepId": "pw:api@8497",
    "browserCallId": "call@15959",
    "startTime": 383904.312,
    "endTime": 383918.939,
    "title": "Evaluate",
    "params": {
      "expression": "() => {\n  var _seedlandsHarness$sn, _seedlandsHarness;\n  return (_seedlandsHarness$sn = (_seedlandsHarness = window.__seedlandsHarness) === null || _seedlandsHarness === void 0 ? void 0 : _seedlandsHarness.snapshot()) !== null && _seedlandsHarness$sn !== void 0 ? _seedlandsHarness$sn : null;\n}",
      "isFunction": "true",
      "arg": "Object"
    },
    "source": "/private/tmp/seedlands-v2-acceptance-8ae9e354/apps/web/tests/e2e/classic-support/harness.ts:102",
    "snapshot": {
      "player": [
        84.5124282836914,
        32.599998474121094,
        -0.3377346098423004
      ],
      "server": [
        84.51242564646233,
        32.6,
        -0.4627346171838783
      ],
      "view": [
        -1256.4900000000005,
        -20.03000000000001
      ],
      "onGround": true,
      "colliding": false,
      "tick": 20156,
      "ack": 13454,
      "interactions": 32,
      "worldRevision": 160,
      "inventoryOps": 39,
      "worldItems": 0
    },
    "error": null
  },
  {
    "stepId": "pw:api@8498",
    "browserCallId": "call@15961",
    "startTime": 383919.841,
    "endTime": 383933.538,
    "title": "Evaluate",
    "params": {
      "expression": "() => {\n  var _seedlandsHarness$sn, _seedlandsHarness;\n  return (_seedlandsHarness$sn = (_seedlandsHarness = window.__seedlandsHarness) === null || _seedlandsHarness === void 0 ? void 0 : _seedlandsHarness.snapshot()) !== null && _seedlandsHarness$sn !== void 0 ? _seedlandsHarness$sn : null;\n}",
      "isFunction": "true",
      "arg": "Object"
    },
    "source": "/private/tmp/seedlands-v2-acceptance-8ae9e354/apps/web/tests/e2e/classic-support/harness.ts:102",
    "snapshot": {
      "player": [
        84.5124282836914,
        32.599998474121094,
        -0.3377346098423004
      ],
      "server": [
        84.51242564646233,
        32.6,
        -0.4627346171838783
      ],
      "view": [
        -1256.4900000000005,
        -20.03000000000001
      ],
      "onGround": true,
      "colliding": false,
      "tick": 20156,
      "ack": 13454,
      "interactions": 32,
      "worldRevision": 160,
      "inventoryOps": 39,
      "worldItems": 0
    },
    "error": null
  },
  {
    "stepId": "pw:api@8499",
    "browserCallId": "call@15963",
    "startTime": 383934.468,
    "endTime": 383947.506,
    "title": "Evaluate",
    "params": {
      "expression": "() => {\n  var _seedlandsHarness$sn, _seedlandsHarness;\n  return (_seedlandsHarness$sn = (_seedlandsHarness = window.__seedlandsHarness) === null || _seedlandsHarness === void 0 ? void 0 : _seedlandsHarness.snapshot()) !== null && _seedlandsHarness$sn !== void 0 ? _seedlandsHarness$sn : null;\n}",
      "isFunction": "true",
      "arg": "Object"
    },
    "source": "/private/tmp/seedlands-v2-acceptance-8ae9e354/apps/web/tests/e2e/classic-support/harness.ts:102",
    "snapshot": {
      "player": [
        84.5124282836914,
        32.599998474121094,
        -0.3377346098423004
      ],
      "server": [
        84.51242564646233,
        32.6,
        -0.40717906162832274
      ],
      "view": [
        -1256.4900000000005,
        -20.03000000000001
      ],
      "onGround": true,
      "colliding": false,
      "tick": 20157,
      "ack": 13455,
      "interactions": 32,
      "worldRevision": 160,
      "inventoryOps": 39,
      "worldItems": 0
    },
    "error": null
  },
  {
    "stepId": "pw:api@8500",
    "browserCallId": "call@15965",
    "startTime": 383948.306,
    "endTime": 383950.74,
    "title": "Bounding box locator('#game')",
    "params": {
      "selector": "#game",
      "strict": "true",
      "state": "attached"
    },
    "source": "/private/tmp/seedlands-v2-acceptance-8ae9e354/apps/web/tests/e2e/classic-support/mouse-input.ts:24",
    "error": null
  },
  {
    "stepId": "pw:api@8501",
    "startTime": 383951.055,
    "endTime": 383957.728,
    "title": "Mouse move",
    "params": {
      "x": "417.3267721294433",
      "y": "270"
    },
    "source": "/private/tmp/seedlands-v2-acceptance-8ae9e354/apps/web/tests/e2e/classic-support/mouse-input.ts:43",
    "error": null
  },
  {
    "stepId": "pw:api@8502",
    "browserCallId": "call@15971",
    "startTime": 383958.219,
    "endTime": 383990.909,
    "title": "Evaluate",
    "params": {
      "expression": "() => new Promise(resolve => requestAnimationFrame(() => requestAnimationFrame(() => resolve())))",
      "isFunction": "true",
      "arg": "Object"
    },
    "source": "/private/tmp/seedlands-v2-acceptance-8ae9e354/apps/web/tests/e2e/classic-support/mouse-input.ts:45",
    "error": null
  },
  {
    "stepId": "pw:api@8503",
    "browserCallId": "call@15973",
    "startTime": 383991.452,
    "endTime": 384004.833,
    "title": "Evaluate",
    "params": {
      "expression": "() => {\n  var _seedlandsHarness$sn, _seedlandsHarness;\n  return (_seedlandsHarness$sn = (_seedlandsHarness = window.__seedlandsHarness) === null || _seedlandsHarness === void 0 ? void 0 : _seedlandsHarness.snapshot()) !== null && _seedlandsHarness$sn !== void 0 ? _seedlandsHarness$sn : null;\n}",
      "isFunction": "true",
      "arg": "Object"
    },
    "source": "/private/tmp/seedlands-v2-acceptance-8ae9e354/apps/web/tests/e2e/classic-support/harness.ts:102",
    "snapshot": {
      "player": [
        84.5124282836914,
        32.599998474121094,
        -0.3238457143306732
      ],
      "server": [
        84.51242564646233,
        32.6,
        -0.32384572829498937
      ],
      "view": [
        -1246.0900000000004,
        -20.03000000000001
      ],
      "onGround": true,
      "colliding": false,
      "tick": 20160,
      "ack": 13458,
      "interactions": 32,
      "worldRevision": 160,
      "inventoryOps": 39,
      "worldItems": 0
    },
    "error": null
  },
  {
    "stepId": "pw:api@8504",
    "browserCallId": "call@15975",
    "startTime": 384005.963,
    "endTime": 384008.983,
    "title": "Bounding box locator('#game')",
    "params": {
      "selector": "#game",
      "strict": "true",
      "state": "attached"
    },
    "source": "/private/tmp/seedlands-v2-acceptance-8ae9e354/apps/web/tests/e2e/classic-support/mouse-input.ts:24",
    "error": null
  },
  {
    "stepId": "pw:api@8505",
    "startTime": 384009.361,
    "endTime": 384023.79,
    "title": "Mouse move",
    "params": {
      "x": "337.3267721294433",
      "y": "270"
    },
    "source": "/private/tmp/seedlands-v2-acceptance-8ae9e354/apps/web/tests/e2e/classic-support/mouse-input.ts:43",
    "error": null
  },
  {
    "stepId": "pw:api@8506",
    "browserCallId": "call@15981",
    "startTime": 384024.223,
    "endTime": 384055.742,
    "title": "Evaluate",
    "params": {
      "expression": "() => new Promise(resolve => requestAnimationFrame(() => requestAnimationFrame(() => resolve())))",
      "isFunction": "true",
      "arg": "Object"
    },
    "source": "/private/tmp/seedlands-v2-acceptance-8ae9e354/apps/web/tests/e2e/classic-support/mouse-input.ts:45",
    "error": null
  },
  {
    "stepId": "pw:api@8507",
    "browserCallId": "call@15983",
    "startTime": 384056.197,
    "endTime": 384069.135,
    "title": "Evaluate",
    "params": {
      "expression": "() => {\n  var _seedlandsHarness$sn, _seedlandsHarness;\n  return (_seedlandsHarness$sn = (_seedlandsHarness = window.__seedlandsHarness) === null || _seedlandsHarness === void 0 ? void 0 : _seedlandsHarness.snapshot()) !== null && _seedlandsHarness$sn !== void 0 ? _seedlandsHarness$sn : null;\n}",
      "isFunction": "true",
      "arg": "Object"
    },
    "source": "/private/tmp/seedlands-v2-acceptance-8ae9e354/apps/web/tests/e2e/classic-support/harness.ts:102",
    "snapshot": {
      "player": [
        84.5124282836914,
        32.599998474121094,
        -0.3238457143306732
      ],
      "server": [
        84.51242564646233,
        32.6,
        -0.32384572829498937
      ],
      "view": [
        -1235.6900000000003,
        -20.03000000000001
      ],
      "onGround": true,
      "colliding": false,
      "tick": 20164,
      "ack": 13462,
      "interactions": 32,
      "worldRevision": 160,
      "inventoryOps": 39,
      "worldItems": 0
    },
    "error": null
  },
  {
    "stepId": "pw:api@8508",
    "browserCallId": "call@15985",
    "startTime": 384070.198,
    "endTime": 384076.026,
    "title": "Bounding box locator('#game')",
    "params": {
      "selector": "#game",
      "strict": "true",
      "state": "attached"
    },
    "source": "/private/tmp/seedlands-v2-acceptance-8ae9e354/apps/web/tests/e2e/classic-support/mouse-input.ts:24",
    "error": null
  },
  {
    "stepId": "pw:api@8509",
    "startTime": 384079.302,
    "endTime": 384090.701,
    "title": "Mouse move",
    "params": {
      "x": "257.3267721294433",
      "y": "270"
    },
    "source": "/private/tmp/seedlands-v2-acceptance-8ae9e354/apps/web/tests/e2e/classic-support/mouse-input.ts:43",
    "error": null
  },
  {
    "stepId": "pw:api@8510",
    "browserCallId": "call@15991",
    "startTime": 384091.253,
    "endTime": 384123.646,
    "title": "Evaluate",
    "params": {
      "expression": "() => new Promise(resolve => requestAnimationFrame(() => requestAnimationFrame(() => resolve())))",
      "isFunction": "true",
      "arg": "Object"
    },
    "source": "/private/tmp/seedlands-v2-acceptance-8ae9e354/apps/web/tests/e2e/classic-support/mouse-input.ts:45",
    "error": null
  },
  {
    "stepId": "pw:api@8511",
    "browserCallId": "call@15993",
    "startTime": 384124.111,
    "endTime": 384137.652,
    "title": "Evaluate",
    "params": {
      "expression": "() => {\n  var _seedlandsHarness$sn, _seedlandsHarness;\n  return (_seedlandsHarness$sn = (_seedlandsHarness = window.__seedlandsHarness) === null || _seedlandsHarness === void 0 ? void 0 : _seedlandsHarness.snapshot()) !== null && _seedlandsHarness$sn !== void 0 ? _seedlandsHarness$sn : null;\n}",
      "isFunction": "true",
      "arg": "Object"
    },
    "source": "/private/tmp/seedlands-v2-acceptance-8ae9e354/apps/web/tests/e2e/classic-support/harness.ts:102",
    "snapshot": {
      "player": [
        84.5124282836914,
        32.599998474121094,
        -0.3238457143306732
      ],
      "server": [
        84.51242564646233,
        32.6,
        -0.32384572829498937
      ],
      "view": [
        -1225.2900000000002,
        -20.03000000000001
      ],
      "onGround": true,
      "colliding": false,
      "tick": 20169,
      "ack": 13467,
      "interactions": 32,
      "worldRevision": 160,
      "inventoryOps": 39,
      "worldItems": 0
    },
    "error": null
  },
  {
    "stepId": "pw:api@8512",
    "browserCallId": "call@15995",
    "startTime": 384138.873,
    "endTime": 384142.649,
    "title": "Bounding box locator('#game')",
    "params": {
      "selector": "#game",
      "strict": "true",
      "state": "attached"
    },
    "source": "/private/tmp/seedlands-v2-acceptance-8ae9e354/apps/web/tests/e2e/classic-support/mouse-input.ts:24",
    "error": null
  },
  {
    "stepId": "pw:api@8513",
    "startTime": 384143.023,
    "endTime": 384160.209,
    "title": "Mouse move",
    "params": {
      "x": "177.32677212944333",
      "y": "270"
    },
    "source": "/private/tmp/seedlands-v2-acceptance-8ae9e354/apps/web/tests/e2e/classic-support/mouse-input.ts:43",
    "error": null
  },
  {
    "stepId": "pw:api@8514",
    "browserCallId": "call@16001",
    "startTime": 384160.705,
    "endTime": 384189.698,
    "title": "Evaluate",
    "params": {
      "expression": "() => new Promise(resolve => requestAnimationFrame(() => requestAnimationFrame(() => resolve())))",
      "isFunction": "true",
      "arg": "Object"
    },
    "source": "/private/tmp/seedlands-v2-acceptance-8ae9e354/apps/web/tests/e2e/classic-support/mouse-input.ts:45",
    "error": null
  },
  {
    "stepId": "pw:api@8515",
    "browserCallId": "call@16003",
    "startTime": 384190.172,
    "endTime": 384203.058,
    "title": "Evaluate",
    "params": {
      "expression": "() => {\n  var _seedlandsHarness$sn, _seedlandsHarness;\n  return (_seedlandsHarness$sn = (_seedlandsHarness = window.__seedlandsHarness) === null || _seedlandsHarness === void 0 ? void 0 : _seedlandsHarness.snapshot()) !== null && _seedlandsHarness$sn !== void 0 ? _seedlandsHarness$sn : null;\n}",
      "isFunction": "true",
      "arg": "Object"
    },
    "source": "/private/tmp/seedlands-v2-acceptance-8ae9e354/apps/web/tests/e2e/classic-support/harness.ts:102",
    "snapshot": {
      "player": [
        84.5124282836914,
        32.599998474121094,
        -0.3238457143306732
      ],
      "server": [
        84.51242564646233,
        32.6,
        -0.32384572829498937
      ],
      "view": [
        -1214.89,
        -20.03000000000001
      ],
      "onGround": true,
      "colliding": false,
      "tick": 20173,
      "ack": 13471,
      "interactions": 32,
      "worldRevision": 160,
      "inventoryOps": 39,
      "worldItems": 0
    },
    "error": null
  },
  {
    "stepId": "pw:api@8516",
    "browserCallId": "call@16005",
    "startTime": 384203.837,
    "endTime": 384209.308,
    "title": "Bounding box locator('#game')",
    "params": {
      "selector": "#game",
      "strict": "true",
      "state": "attached"
    },
    "source": "/private/tmp/seedlands-v2-acceptance-8ae9e354/apps/web/tests/e2e/classic-support/mouse-input.ts:24",
    "error": null
  },
  {
    "stepId": "pw:api@8517",
    "startTime": 384209.702,
    "endTime": 384224.215,
    "title": "Mouse move",
    "params": {
      "x": "97.32677212944333",
      "y": "270"
    },
    "source": "/private/tmp/seedlands-v2-acceptance-8ae9e354/apps/web/tests/e2e/classic-support/mouse-input.ts:43",
    "error": null
  },
  {
    "stepId": "pw:api@8518",
    "browserCallId": "call@16011",
    "startTime": 384224.655,
    "endTime": 384257.35,
    "title": "Evaluate",
    "params": {
      "expression": "() => new Promise(resolve => requestAnimationFrame(() => requestAnimationFrame(() => resolve())))",
      "isFunction": "true",
      "arg": "Object"
    },
    "source": "/private/tmp/seedlands-v2-acceptance-8ae9e354/apps/web/tests/e2e/classic-support/mouse-input.ts:45",
    "error": null
  },
  {
    "stepId": "pw:api@8519",
    "browserCallId": "call@16013",
    "startTime": 384258.633,
    "endTime": 384272.39,
    "title": "Evaluate",
    "params": {
      "expression": "() => {\n  var _seedlandsHarness$sn, _seedlandsHarness;\n  return (_seedlandsHarness$sn = (_seedlandsHarness = window.__seedlandsHarness) === null || _seedlandsHarness === void 0 ? void 0 : _seedlandsHarness.snapshot()) !== null && _seedlandsHarness$sn !== void 0 ? _seedlandsHarness$sn : null;\n}",
      "isFunction": "true",
      "arg": "Object"
    },
    "source": "/private/tmp/seedlands-v2-acceptance-8ae9e354/apps/web/tests/e2e/classic-support/harness.ts:102",
    "snapshot": {
      "player": [
        84.5124282836914,
        32.599998474121094,
        -0.3238457143306732
      ],
      "server": [
        84.51242564646233,
        32.6,
        -0.32384572829498937
      ],
      "view": [
        -1204.49,
        -20.03000000000001
      ],
      "onGround": true,
      "colliding": false,
      "tick": 20177,
      "ack": 13475,
      "interactions": 32,
      "worldRevision": 160,
      "inventoryOps": 39,
      "worldItems": 0
    },
    "error": null
  },
  {
    "stepId": "pw:api@8520",
    "browserCallId": "call@16015",
    "startTime": 384274.084,
    "endTime": 384277.22,
    "title": "Bounding box locator('#game')",
    "params": {
      "selector": "#game",
      "strict": "true",
      "state": "attached"
    },
    "source": "/private/tmp/seedlands-v2-acceptance-8ae9e354/apps/web/tests/e2e/classic-support/mouse-input.ts:24",
    "error": null
  },
  {
    "stepId": "pw:api@8521",
    "browserCallId": "call@16019",
    "startTime": 384277.625,
    "endTime": 384280.689,
    "title": "Evaluate",
    "params": {
      "expression": "() => document.exitPointerLock()",
      "isFunction": "true",
      "arg": "Object"
    },
    "source": "/private/tmp/seedlands-v2-acceptance-8ae9e354/apps/web/tests/e2e/classic-support/mouse-input.ts:33",
    "error": null
  },
  {
    "stepId": "pw:api@8522",
    "browserCallId": "call@16021",
    "startTime": 384281.11,
    "endTime": 384282.631,
    "title": "Wait for function",
    "params": {
      "pollingInterval": "undefined",
      "expression": "() => document.pointerLockElement === null",
      "isFunction": "true",
      "arg": "Object"
    },
    "source": "/private/tmp/seedlands-v2-acceptance-8ae9e354/apps/web/tests/e2e/classic-support/mouse-input.ts:34",
    "error": null
  },
  {
    "stepId": "pw:api@8523",
    "startTime": 384282.943,
    "endTime": 385786.083,
    "title": "Wait for timeout",
    "params": {
      "waitTimeout": "1500"
    },
    "source": "/private/tmp/seedlands-v2-acceptance-8ae9e354/apps/web/tests/e2e/classic-support/mouse-input.ts:36",
    "error": null
  },
  {
    "stepId": "pw:api@8524",
    "browserCallId": "call@16025",
    "startTime": 385786.831,
    "endTime": 385793,
    "title": "Is visible getByRole('button', { name: '继续游戏', exact: true })",
    "params": {
      "selector": "internal:role=button[name=\"继续游戏\"s]",
      "strict": "true"
    },
    "source": "/private/tmp/seedlands-v2-acceptance-8ae9e354/apps/web/tests/e2e/classic-support/mouse-input.ts:38",
    "error": null
  },
  {
    "stepId": "pw:api@8525",
    "startTime": 385793.909,
    "endTime": 385831.947,
    "title": "Click getByRole('button', { name: '继续游戏', exact: true })",
    "params": {
      "selector": "internal:role=button[name=\"继续游戏\"s]",
      "strict": "true"
    },
    "source": "/private/tmp/seedlands-v2-acceptance-8ae9e354/apps/web/tests/e2e/classic-support/mouse-input.ts:38",
    "error": null
  },
  {
    "stepId": "pw:api@8526",
    "browserCallId": "call@16029",
    "startTime": 385832.776,
    "endTime": 385835.604,
    "title": "Is visible locator('#debug')",
    "params": {
      "selector": "#debug",
      "strict": "true"
    },
    "source": "/private/tmp/seedlands-v2-acceptance-8ae9e354/apps/web/tests/e2e/classic-support/mouse-input.ts:7",
    "error": null
  },
  {
    "stepId": "pw:api@8527",
    "browserCallId": "call@16031",
    "startTime": 385836.304,
    "endTime": 385895.734,
    "title": "Bounding box locator('#game')",
    "params": {
      "selector": "#game",
      "strict": "true",
      "state": "attached"
    },
    "source": "/private/tmp/seedlands-v2-acceptance-8ae9e354/apps/web/tests/e2e/classic-support/mouse-input.ts:9",
    "error": null
  },
  {
    "stepId": "pw:api@8528",
    "startTime": 385896.484,
    "endTime": 385936.013,
    "title": "Click locator('#game')",
    "params": {
      "selector": "#game",
      "strict": "true",
      "position": "Object"
    },
    "source": "/private/tmp/seedlands-v2-acceptance-8ae9e354/apps/web/tests/e2e/classic-support/mouse-input.ts:11",
    "error": null
  },
  {
    "stepId": "pw:api@8529",
    "browserCallId": "call@16037",
    "startTime": 385936.696,
    "endTime": 385979.097,
    "title": "Wait for function",
    "params": {
      "pollingInterval": "undefined",
      "expression": "() => {\n    var _document$pointerLock;\n    return ((_document$pointerLock = document.pointerLockElement) === null || _document$pointerLock === void 0 ? void 0 : _document$pointerLock.id) === 'game';\n  }",
      "isFunction": "true",
      "arg": "Object"
    },
    "source": "/private/tmp/seedlands-v2-acceptance-8ae9e354/apps/web/tests/e2e/classic-support/mouse-input.ts:12",
    "error": null
  },
  {
    "stepId": "pw:api@8530",
    "startTime": 385979.617,
    "endTime": 385990.854,
    "title": "Mouse move",
    "params": {
      "x": "400",
      "y": "270"
    },
    "source": "/private/tmp/seedlands-v2-acceptance-8ae9e354/apps/web/tests/e2e/classic-support/mouse-input.ts:43",
    "error": null
  },
  {
    "stepId": "pw:api@8531",
    "browserCallId": "call@16041",
    "startTime": 385991.839,
    "endTime": 386023.948,
    "title": "Evaluate",
    "params": {
      "expression": "() => new Promise(resolve => requestAnimationFrame(() => requestAnimationFrame(() => resolve())))",
      "isFunction": "true",
      "arg": "Object"
    },
    "source": "/private/tmp/seedlands-v2-acceptance-8ae9e354/apps/web/tests/e2e/classic-support/mouse-input.ts:45",
    "error": null
  },
  {
    "stepId": "pw:api@8532",
    "browserCallId": "call@16043",
    "startTime": 386024.534,
    "endTime": 386041.012,
    "title": "Evaluate",
    "params": {
      "expression": "() => {\n  var _seedlandsHarness$sn, _seedlandsHarness;\n  return (_seedlandsHarness$sn = (_seedlandsHarness = window.__seedlandsHarness) === null || _seedlandsHarness === void 0 ? void 0 : _seedlandsHarness.snapshot()) !== null && _seedlandsHarness$sn !== void 0 ? _seedlandsHarness$sn : null;\n}",
      "isFunction": "true",
      "arg": "Object"
    },
    "source": "/private/tmp/seedlands-v2-acceptance-8ae9e354/apps/web/tests/e2e/classic-support/harness.ts:102",
    "snapshot": {
      "player": [
        84.5124282836914,
        32.599998474121094,
        -0.3238457143306732
      ],
      "server": [
        84.51242564646233,
        32.6,
        -0.32384572829498937
      ],
      "view": [
        -1194.09,
        -20.03000000000001
      ],
      "onGround": true,
      "colliding": false,
      "tick": 20190,
      "ack": 13489,
      "interactions": 32,
      "worldRevision": 160,
      "inventoryOps": 39,
      "worldItems": 0
    },
    "error": null
  },
  {
    "stepId": "pw:api@8533",
    "browserCallId": "call@16045",
    "startTime": 386042.475,
    "endTime": 386046.213,
    "title": "Bounding box locator('#game')",
    "params": {
      "selector": "#game",
      "strict": "true",
      "state": "attached"
    },
    "source": "/private/tmp/seedlands-v2-acceptance-8ae9e354/apps/web/tests/e2e/classic-support/mouse-input.ts:24",
    "error": null
  },
  {
    "stepId": "pw:api@8534",
    "startTime": 386046.599,
    "endTime": 386057.727,
    "title": "Mouse move",
    "params": {
      "x": "320",
      "y": "270"
    },
    "source": "/private/tmp/seedlands-v2-acceptance-8ae9e354/apps/web/tests/e2e/classic-support/mouse-input.ts:43",
    "error": null
  },
  {
    "stepId": "pw:api@8535",
    "browserCallId": "call@16051",
    "startTime": 386058.314,
    "endTime": 386091.198,
    "title": "Evaluate",
    "params": {
      "expression": "() => new Promise(resolve => requestAnimationFrame(() => requestAnimationFrame(() => resolve())))",
      "isFunction": "true",
      "arg": "Object"
    },
    "source": "/private/tmp/seedlands-v2-acceptance-8ae9e354/apps/web/tests/e2e/classic-support/mouse-input.ts:45",
    "error": null
  },
  {
    "stepId": "pw:api@8536",
    "browserCallId": "call@16053",
    "startTime": 386091.688,
    "endTime": 386105.928,
    "title": "Evaluate",
    "params": {
      "expression": "() => {\n  var _seedlandsHarness$sn, _seedlandsHarness;\n  return (_seedlandsHarness$sn = (_seedlandsHarness = window.__seedlandsHarness) === null || _seedlandsHarness === void 0 ? void 0 : _seedlandsHarness.snapshot()) !== null && _seedlandsHarness$sn !== void 0 ? _seedlandsHarness$sn : null;\n}",
      "isFunction": "true",
      "arg": "Object"
    },
    "source": "/private/tmp/seedlands-v2-acceptance-8ae9e354/apps/web/tests/e2e/classic-support/harness.ts:102",
    "snapshot": {
      "player": [
        84.5124282836914,
        32.599998474121094,
        -0.3238457143306732
      ],
      "server": [
        84.51242564646233,
        32.6,
        -0.32384572829498937
      ],
      "view": [
        -1183.6899999999998,
        -20.03000000000001
      ],
      "onGround": true,
      "colliding": false,
      "tick": 20194,
      "ack": 13493,
      "interactions": 32,
      "worldRevision": 160,
      "inventoryOps": 39,
      "worldItems": 0
    },
    "error": null
  },
  {
    "stepId": "pw:api@8537",
    "browserCallId": "call@16055",
    "startTime": 386107.049,
    "endTime": 386113.344,
    "title": "Bounding box locator('#game')",
    "params": {
      "selector": "#game",
      "strict": "true",
      "state": "attached"
    },
    "source": "/private/tmp/seedlands-v2-acceptance-8ae9e354/apps/web/tests/e2e/classic-support/mouse-input.ts:24",
    "error": null
  },
  {
    "stepId": "pw:api@8538",
    "startTime": 386113.756,
    "endTime": 386124.01,
    "title": "Mouse move",
    "params": {
      "x": "240",
      "y": "270"
    },
    "source": "/private/tmp/seedlands-v2-acceptance-8ae9e354/apps/web/tests/e2e/classic-support/mouse-input.ts:43",
    "error": null
  },
  {
    "stepId": "pw:api@8539",
    "browserCallId": "call@16061",
    "startTime": 386124.47,
    "endTime": 386156.975,
    "title": "Evaluate",
    "params": {
      "expression": "() => new Promise(resolve => requestAnimationFrame(() => requestAnimationFrame(() => resolve())))",
      "isFunction": "true",
      "arg": "Object"
    },
    "source": "/private/tmp/seedlands-v2-acceptance-8ae9e354/apps/web/tests/e2e/classic-support/mouse-input.ts:45",
    "error": null
  },
  {
    "stepId": "pw:api@8540",
    "browserCallId": "call@16063",
    "startTime": 386157.469,
    "endTime": 386170.355,
    "title": "Evaluate",
    "params": {
      "expression": "() => {\n  var _seedlandsHarness$sn, _seedlandsHarness;\n  return (_seedlandsHarness$sn = (_seedlandsHarness = window.__seedlandsHarness) === null || _seedlandsHarness === void 0 ? void 0 : _seedlandsHarness.snapshot()) !== null && _seedlandsHarness$sn !== void 0 ? _seedlandsHarness$sn : null;\n}",
      "isFunction": "true",
      "arg": "Object"
    },
    "source": "/private/tmp/seedlands-v2-acceptance-8ae9e354/apps/web/tests/e2e/classic-support/harness.ts:102",
    "snapshot": {
      "player": [
        84.5124282836914,
        32.599998474121094,
        -0.3238457143306732
      ],
      "server": [
        84.51242564646233,
        32.6,
        -0.32384572829498937
      ],
      "view": [
        -1173.2899999999997,
        -20.03000000000001
      ],
      "onGround": true,
      "colliding": false,
      "tick": 20198,
      "ack": 13497,
      "interactions": 32,
      "worldRevision": 160,
      "inventoryOps": 39,
      "worldItems": 0
    },
    "error": null
  },
  {
    "stepId": "pw:api@8541",
    "browserCallId": "call@16065",
    "startTime": 386171.376,
    "endTime": 386177.33,
    "title": "Bounding box locator('#game')",
    "params": {
      "selector": "#game",
      "strict": "true",
      "state": "attached"
    },
    "source": "/private/tmp/seedlands-v2-acceptance-8ae9e354/apps/web/tests/e2e/classic-support/mouse-input.ts:24",
    "error": null
  },
  {
    "stepId": "pw:api@8542",
    "startTime": 386177.707,
    "endTime": 386190.355,
    "title": "Mouse move",
    "params": {
      "x": "227.6014790449762",
      "y": "270"
    },
    "source": "/private/tmp/seedlands-v2-acceptance-8ae9e354/apps/web/tests/e2e/classic-support/mouse-input.ts:43",
    "error": null
  },
  {
    "stepId": "pw:api@8543",
    "browserCallId": "call@16071",
    "startTime": 386190.813,
    "endTime": 386222.742,
    "title": "Evaluate",
    "params": {
      "expression": "() => new Promise(resolve => requestAnimationFrame(() => requestAnimationFrame(() => resolve())))",
      "isFunction": "true",
      "arg": "Object"
    },
    "source": "/private/tmp/seedlands-v2-acceptance-8ae9e354/apps/web/tests/e2e/classic-support/mouse-input.ts:45",
    "error": null
  },
  {
    "stepId": "pw:api@8544",
    "browserCallId": "call@16073",
    "startTime": 386223.328,
    "endTime": 386237.46,
    "title": "Evaluate",
    "params": {
      "expression": "() => {\n  var _seedlandsHarness$sn, _seedlandsHarness;\n  return (_seedlandsHarness$sn = (_seedlandsHarness = window.__seedlandsHarness) === null || _seedlandsHarness === void 0 ? void 0 : _seedlandsHarness.snapshot()) !== null && _seedlandsHarness$sn !== void 0 ? _seedlandsHarness$sn : null;\n}",
      "isFunction": "true",
      "arg": "Object"
    },
    "source": "/private/tmp/seedlands-v2-acceptance-8ae9e354/apps/web/tests/e2e/classic-support/harness.ts:102",
    "snapshot": {
      "player": [
        84.5124282836914,
        32.599998474121094,
        -0.3238457143306732
      ],
      "server": [
        84.51242564646233,
        32.6,
        -0.32384572829498937
      ],
      "view": [
        -1171.5999999999997,
        -20.03000000000001
      ],
      "onGround": true,
      "colliding": false,
      "tick": 20202,
      "ack": 13501,
      "interactions": 32,
      "worldRevision": 160,
      "inventoryOps": 39,
      "worldItems": 0
    },
    "error": null
  },
  {
    "stepId": "pw:api@8545",
    "browserCallId": "call@16075",
    "startTime": 386238.297,
    "endTime": 386252.618,
    "title": "Evaluate",
    "params": {
      "expression": "() => {\n  var _seedlandsHarness$sn, _seedlandsHarness;\n  return (_seedlandsHarness$sn = (_seedlandsHarness = window.__seedlandsHarness) === null || _seedlandsHarness === void 0 ? void 0 : _seedlandsHarness.snapshot()) !== null && _seedlandsHarness$sn !== void 0 ? _seedlandsHarness$sn : null;\n}",
      "isFunction": "true",
      "arg": "Object"
    },
    "source": "/private/tmp/seedlands-v2-acceptance-8ae9e354/apps/web/tests/e2e/classic-support/harness.ts:102",
    "snapshot": {
      "player": [
        84.5124282836914,
        32.599998474121094,
        -0.3238457143306732
      ],
      "server": [
        84.51242564646233,
        32.6,
        -0.32384572829498937
      ],
      "view": [
        -1171.5999999999997,
        -20.03000000000001
      ],
      "onGround": true,
      "colliding": false,
      "tick": 20202,
      "ack": 13501,
      "interactions": 32,
      "worldRevision": 160,
      "inventoryOps": 39,
      "worldItems": 0
    },
    "error": null
  },
  {
    "stepId": "pw:api@8546",
    "startTime": 386253.448,
    "endTime": 386256.993,
    "title": "Key down \"KeyS\"",
    "params": {
      "key": "KeyS"
    },
    "source": "/private/tmp/seedlands-v2-acceptance-8ae9e354/apps/web/tests/e2e/classic-support/harness.ts:248",
    "error": null
  },
  {
    "stepId": "pw:api@8547",
    "startTime": 386338.723,
    "endTime": 386341.011,
    "title": "Key up \"KeyS\"",
    "params": {
      "key": "KeyS"
    },
    "source": "/private/tmp/seedlands-v2-acceptance-8ae9e354/apps/web/tests/e2e/classic-support/harness.ts:254",
    "error": null
  },
  {
    "stepId": "pw:api@8549",
    "browserCallId": "call@16081",
    "startTime": 386341.86,
    "endTime": 386355.13,
    "title": "Evaluate",
    "params": {
      "expression": "() => {\n  var _seedlandsHarness$sn, _seedlandsHarness;\n  return (_seedlandsHarness$sn = (_seedlandsHarness = window.__seedlandsHarness) === null || _seedlandsHarness === void 0 ? void 0 : _seedlandsHarness.snapshot()) !== null && _seedlandsHarness$sn !== void 0 ? _seedlandsHarness$sn : null;\n}",
      "isFunction": "true",
      "arg": "Object"
    },
    "source": "/private/tmp/seedlands-v2-acceptance-8ae9e354/apps/web/tests/e2e/classic-support/harness.ts:102",
    "snapshot": {
      "player": [
        84.30409240722656,
        32.599998474121094,
        -0.33431634306907654
      ],
      "server": [
        84.47075897979568,
        32.6,
        -0.3280339742006634
      ],
      "view": [
        -1171.5999999999997,
        -20.03000000000001
      ],
      "onGround": true,
      "colliding": false,
      "tick": 20208,
      "ack": 13507,
      "interactions": 32,
      "worldRevision": 160,
      "inventoryOps": 39,
      "worldItems": 0
    },
    "error": null
  },
  {
    "stepId": "pw:api@8551",
    "browserCallId": "call@16083",
    "startTime": 386356.944,
    "endTime": 386369.784,
    "title": "Evaluate",
    "params": {
      "expression": "() => {\n  var _seedlandsHarness$sn, _seedlandsHarness;\n  return (_seedlandsHarness$sn = (_seedlandsHarness = window.__seedlandsHarness) === null || _seedlandsHarness === void 0 ? void 0 : _seedlandsHarness.snapshot()) !== null && _seedlandsHarness$sn !== void 0 ? _seedlandsHarness$sn : null;\n}",
      "isFunction": "true",
      "arg": "Object"
    },
    "source": "/private/tmp/seedlands-v2-acceptance-8ae9e354/apps/web/tests/e2e/classic-support/harness.ts:102",
    "snapshot": {
      "player": [
        84.24853515625,
        32.599998474121094,
        -0.33431634306907654
      ],
      "server": [
        84.429092313129,
        32.6,
        -0.3301280971535004
      ],
      "view": [
        -1171.5999999999997,
        -20.03000000000001
      ],
      "onGround": true,
      "colliding": false,
      "tick": 20209,
      "ack": 13508,
      "interactions": 32,
      "worldRevision": 160,
      "inventoryOps": 39,
      "worldItems": 0
    },
    "error": null
  },
  {
    "stepId": "pw:api@8552",
    "browserCallId": "call@16085",
    "startTime": 386370.737,
    "endTime": 386388.489,
    "title": "Evaluate",
    "params": {
      "expression": "() => {\n  var _seedlandsHarness$sn, _seedlandsHarness;\n  return (_seedlandsHarness$sn = (_seedlandsHarness = window.__seedlandsHarness) === null || _seedlandsHarness === void 0 ? void 0 : _seedlandsHarness.snapshot()) !== null && _seedlandsHarness$sn !== void 0 ? _seedlandsHarness$sn : null;\n}",
      "isFunction": "true",
      "arg": "Object"
    },
    "source": "/private/tmp/seedlands-v2-acceptance-8ae9e354/apps/web/tests/e2e/classic-support/harness.ts:102",
    "snapshot": {
      "player": [
        84.20687103271484,
        32.599998474121094,
        -0.33431634306907654
      ],
      "server": [
        84.429092313129,
        32.6,
        -0.3301280971535004
      ],
      "view": [
        -1171.5999999999997,
        -20.03000000000001
      ],
      "onGround": true,
      "colliding": false,
      "tick": 20209,
      "ack": 13508,
      "interactions": 32,
      "worldRevision": 160,
      "inventoryOps": 39,
      "worldItems": 0
    },
    "error": null
  },
  {
    "stepId": "pw:api@8553",
    "startTime": 386389.725,
    "endTime": 386391.477,
    "title": "Key down \"KeyS\"",
    "params": {
      "key": "KeyS"
    },
    "source": "/private/tmp/seedlands-v2-acceptance-8ae9e354/apps/web/tests/e2e/classic-support/harness.ts:248",
    "error": null
  },
  {
    "stepId": "pw:api@8554",
    "startTime": 386474.009,
    "endTime": 386476.095,
    "title": "Key up \"KeyS\"",
    "params": {
      "key": "KeyS"
    },
    "source": "/private/tmp/seedlands-v2-acceptance-8ae9e354/apps/web/tests/e2e/classic-support/harness.ts:254",
    "error": null
  },
  {
    "stepId": "pw:api@8556",
    "browserCallId": "call@16091",
    "startTime": 386476.91,
    "endTime": 386489.912,
    "title": "Evaluate",
    "params": {
      "expression": "() => {\n  var _seedlandsHarness$sn, _seedlandsHarness;\n  return (_seedlandsHarness$sn = (_seedlandsHarness = window.__seedlandsHarness) === null || _seedlandsHarness === void 0 ? void 0 : _seedlandsHarness.snapshot()) !== null && _seedlandsHarness$sn !== void 0 ? _seedlandsHarness$sn : null;\n}",
      "isFunction": "true",
      "arg": "Object"
    },
    "source": "/private/tmp/seedlands-v2-acceptance-8ae9e354/apps/web/tests/e2e/classic-support/harness.ts:102",
    "snapshot": {
      "player": [
        83.78751373291016,
        32.599998474121094,
        -0.34688109159469604
      ],
      "server": [
        84.08187009090678,
        32.6,
        -0.3385045889648484
      ],
      "view": [
        -1171.5999999999997,
        -20.03000000000001
      ],
      "onGround": true,
      "colliding": false,
      "tick": 20216,
      "ack": 13515,
      "interactions": 32,
      "worldRevision": 160,
      "inventoryOps": 39,
      "worldItems": 0
    },
    "error": null
  },
  {
    "stepId": "pw:api@8558",
    "browserCallId": "call@16093",
    "startTime": 386491.688,
    "endTime": 386505.187,
    "title": "Evaluate",
    "params": {
      "expression": "() => {\n  var _seedlandsHarness$sn, _seedlandsHarness;\n  return (_seedlandsHarness$sn = (_seedlandsHarness = window.__seedlandsHarness) === null || _seedlandsHarness === void 0 ? void 0 : _seedlandsHarness.snapshot()) !== null && _seedlandsHarness$sn !== void 0 ? _seedlandsHarness$sn : null;\n}",
      "isFunction": "true",
      "arg": "Object"
    },
    "source": "/private/tmp/seedlands-v2-acceptance-8ae9e354/apps/web/tests/e2e/classic-support/harness.ts:102",
    "snapshot": {
      "player": [
        83.78751373291016,
        32.599998474121094,
        -0.34688109159469604
      ],
      "server": [
        83.93745488783566,
        32.6,
        -0.34269283487052243
      ],
      "view": [
        -1171.5999999999997,
        -20.03000000000001
      ],
      "onGround": true,
      "colliding": false,
      "tick": 20218,
      "ack": 13517,
      "interactions": 32,
      "worldRevision": 160,
      "inventoryOps": 39,
      "worldItems": 0
    },
    "error": null
  },
  {
    "stepId": "pw:api@8559",
    "browserCallId": "call@16095",
    "startTime": 386506.298,
    "endTime": 386519.23,
    "title": "Evaluate",
    "params": {
      "expression": "() => {\n  var _seedlandsHarness$sn, _seedlandsHarness;\n  return (_seedlandsHarness$sn = (_seedlandsHarness = window.__seedlandsHarness) === null || _seedlandsHarness === void 0 ? void 0 : _seedlandsHarness.snapshot()) !== null && _seedlandsHarness$sn !== void 0 ? _seedlandsHarness$sn : null;\n}",
      "isFunction": "true",
      "arg": "Object"
    },
    "source": "/private/tmp/seedlands-v2-acceptance-8ae9e354/apps/web/tests/e2e/classic-support/harness.ts:102",
    "snapshot": {
      "player": [
        83.72643280029297,
        32.599998474121094,
        -0.34688109159469604
      ],
      "server": [
        83.86248412920898,
        32.6,
        -0.34478695782335944
      ],
      "view": [
        -1171.5999999999997,
        -20.03000000000001
      ],
      "onGround": true,
      "colliding": false,
      "tick": 20219,
      "ack": 13518,
      "interactions": 32,
      "worldRevision": 160,
      "inventoryOps": 39,
      "worldItems": 0
    },
    "error": null
  },
  {
    "stepId": "pw:api@8560",
    "startTime": 386520.169,
    "endTime": 386524.676,
    "title": "Key down \"KeyS\"",
    "params": {
      "key": "KeyS"
    },
    "source": "/private/tmp/seedlands-v2-acceptance-8ae9e354/apps/web/tests/e2e/classic-support/harness.ts:248",
    "error": null
  },
  {
    "stepId": "pw:api@8561",
    "startTime": 386607.065,
    "endTime": 386609.364,
    "title": "Key up \"KeyS\"",
    "params": {
      "key": "KeyS"
    },
    "source": "/private/tmp/seedlands-v2-acceptance-8ae9e354/apps/web/tests/e2e/classic-support/harness.ts:254",
    "error": null
  },
  {
    "stepId": "pw:api@8563",
    "browserCallId": "call@16101",
    "startTime": 386610.066,
    "endTime": 386623.251,
    "title": "Evaluate",
    "params": {
      "expression": "() => {\n  var _seedlandsHarness$sn, _seedlandsHarness;\n  return (_seedlandsHarness$sn = (_seedlandsHarness = window.__seedlandsHarness) === null || _seedlandsHarness === void 0 ? void 0 : _seedlandsHarness.snapshot()) !== null && _seedlandsHarness$sn !== void 0 ? _seedlandsHarness$sn : null;\n}",
      "isFunction": "true",
      "arg": "Object"
    },
    "source": "/private/tmp/seedlands-v2-acceptance-8ae9e354/apps/web/tests/e2e/classic-support/harness.ts:102",
    "snapshot": {
      "player": [
        83.27660369873047,
        32.599998474121094,
        -0.35944581031799316
      ],
      "server": [
        83.42654846633782,
        32.6,
        -0.3552575725875445
      ],
      "view": [
        -1171.5999999999997,
        -20.03000000000001
      ],
      "onGround": true,
      "colliding": false,
      "tick": 20225,
      "ack": 13524,
      "interactions": 32,
      "worldRevision": 160,
      "inventoryOps": 39,
      "worldItems": 0
    },
    "error": null
  },
  {
    "stepId": "pw:api@8565",
    "browserCallId": "call@16103",
    "startTime": 386625.015,
    "endTime": 386638.124,
    "title": "Evaluate",
    "params": {
      "expression": "() => {\n  var _seedlandsHarness$sn, _seedlandsHarness;\n  return (_seedlandsHarness$sn = (_seedlandsHarness = window.__seedlandsHarness) === null || _seedlandsHarness === void 0 ? void 0 : _seedlandsHarness.snapshot()) !== null && _seedlandsHarness$sn !== void 0 ? _seedlandsHarness$sn : null;\n}",
      "isFunction": "true",
      "arg": "Object"
    },
    "source": "/private/tmp/seedlands-v2-acceptance-8ae9e354/apps/web/tests/e2e/classic-support/harness.ts:102",
    "snapshot": {
      "player": [
        83.21552276611328,
        32.599998474121094,
        -0.35944581031799316
      ],
      "server": [
        83.42654846633782,
        32.6,
        -0.3552575725875445
      ],
      "view": [
        -1171.5999999999997,
        -20.03000000000001
      ],
      "onGround": true,
      "colliding": false,
      "tick": 20225,
      "ack": 13524,
      "interactions": 32,
      "worldRevision": 160,
      "inventoryOps": 39,
      "worldItems": 0
    },
    "error": null
  },
  {
    "stepId": "pw:api@8566",
    "browserCallId": "call@16105",
    "startTime": 386639.142,
    "endTime": 386653.776,
    "title": "Evaluate",
    "params": {
      "expression": "() => {\n  var _seedlandsHarness$sn, _seedlandsHarness;\n  return (_seedlandsHarness$sn = (_seedlandsHarness = window.__seedlandsHarness) === null || _seedlandsHarness === void 0 ? void 0 : _seedlandsHarness.snapshot()) !== null && _seedlandsHarness$sn !== void 0 ? _seedlandsHarness$sn : null;\n}",
      "isFunction": "true",
      "arg": "Object"
    },
    "source": "/private/tmp/seedlands-v2-acceptance-8ae9e354/apps/web/tests/e2e/classic-support/harness.ts:102",
    "snapshot": {
      "player": [
        83.1683349609375,
        32.599998474121094,
        -0.35944581031799316
      ],
      "server": [
        83.27660694908447,
        32.6,
        -0.3594458184932185
      ],
      "view": [
        -1171.5999999999997,
        -20.03000000000001
      ],
      "onGround": true,
      "colliding": false,
      "tick": 20227,
      "ack": 13526,
      "interactions": 32,
      "worldRevision": 160,
      "inventoryOps": 39,
      "worldItems": 0
    },
    "error": null
  },
  {
    "stepId": "pw:api@8567",
    "startTime": 386654.779,
    "endTime": 386659.185,
    "title": "Key down \"KeyS\"",
    "params": {
      "key": "KeyS"
    },
    "source": "/private/tmp/seedlands-v2-acceptance-8ae9e354/apps/web/tests/e2e/classic-support/harness.ts:248",
    "error": null
  },
  {
    "stepId": "pw:api@8568",
    "startTime": 386741.181,
    "endTime": 386743.257,
    "title": "Key up \"KeyS\"",
    "params": {
      "key": "KeyS"
    },
    "source": "/private/tmp/seedlands-v2-acceptance-8ae9e354/apps/web/tests/e2e/classic-support/harness.ts:254",
    "error": null
  },
  {
    "stepId": "pw:api@8570",
    "browserCallId": "call@16111",
    "startTime": 386743.966,
    "endTime": 386757.26,
    "title": "Evaluate",
    "params": {
      "expression": "() => {\n  var _seedlandsHarness$sn, _seedlandsHarness;\n  return (_seedlandsHarness$sn = (_seedlandsHarness = window.__seedlandsHarness) === null || _seedlandsHarness === void 0 ? void 0 : _seedlandsHarness.snapshot()) !== null && _seedlandsHarness$sn !== void 0 ? _seedlandsHarness$sn : null;\n}",
      "isFunction": "true",
      "arg": "Object"
    },
    "source": "/private/tmp/seedlands-v2-acceptance-8ae9e354/apps/web/tests/e2e/classic-support/harness.ts:102",
    "snapshot": {
      "player": [
        82.80184173583984,
        32.599998474121094,
        -0.3699164390563965
      ],
      "server": [
        82.95178239732445,
        32.6,
        -0.3657281873517295
      ],
      "view": [
        -1171.5999999999997,
        -20.03000000000001
      ],
      "onGround": true,
      "colliding": false,
      "tick": 20233,
      "ack": 13532,
      "interactions": 32,
      "worldRevision": 160,
      "inventoryOps": 39,
      "worldItems": 0
    },
    "error": null
  },
  {
    "stepId": "pw:api@8572",
    "browserCallId": "call@16113",
    "startTime": 386758.854,
    "endTime": 386772.162,
    "title": "Evaluate",
    "params": {
      "expression": "() => {\n  var _seedlandsHarness$sn, _seedlandsHarness;\n  return (_seedlandsHarness$sn = (_seedlandsHarness = window.__seedlandsHarness) === null || _seedlandsHarness === void 0 ? void 0 : _seedlandsHarness.snapshot()) !== null && _seedlandsHarness$sn !== void 0 ? _seedlandsHarness$sn : null;\n}",
      "isFunction": "true",
      "arg": "Object"
    },
    "source": "/private/tmp/seedlands-v2-acceptance-8ae9e354/apps/web/tests/e2e/classic-support/harness.ts:102",
    "snapshot": {
      "player": [
        82.74076080322266,
        32.599998474121094,
        -0.3699164390563965
      ],
      "server": [
        82.87681163869777,
        32.6,
        -0.3678223103045665
      ],
      "view": [
        -1171.5999999999997,
        -20.03000000000001
      ],
      "onGround": true,
      "colliding": false,
      "tick": 20234,
      "ack": 13533,
      "interactions": 32,
      "worldRevision": 160,
      "inventoryOps": 39,
      "worldItems": 0
    },
    "error": null
  },
  {
    "stepId": "pw:api@8573",
    "browserCallId": "call@16115",
    "startTime": 386773.397,
    "endTime": 386776.605,
    "title": "Bounding box locator('#game')",
    "params": {
      "selector": "#game",
      "strict": "true",
      "state": "attached"
    },
    "source": "/private/tmp/seedlands-v2-acceptance-8ae9e354/apps/web/tests/e2e/classic-support/mouse-input.ts:24",
    "error": null
  },
  {
    "stepId": "pw:api@8574",
    "startTime": 386776.973,
    "endTime": 386790.211,
    "title": "Mouse move",
    "params": {
      "x": "228.80896448695592",
      "y": "270"
    },
    "source": "/private/tmp/seedlands-v2-acceptance-8ae9e354/apps/web/tests/e2e/classic-support/mouse-input.ts:43",
    "error": null
  },
  {
    "stepId": "pw:api@8575",
    "browserCallId": "call@16121",
    "startTime": 386790.654,
    "endTime": 386823.376,
    "title": "Evaluate",
    "params": {
      "expression": "() => new Promise(resolve => requestAnimationFrame(() => requestAnimationFrame(() => resolve())))",
      "isFunction": "true",
      "arg": "Object"
    },
    "source": "/private/tmp/seedlands-v2-acceptance-8ae9e354/apps/web/tests/e2e/classic-support/mouse-input.ts:45",
    "error": null
  },
  {
    "stepId": "pw:api@8576",
    "browserCallId": "call@16123",
    "startTime": 386823.828,
    "endTime": 386836.467,
    "title": "Evaluate",
    "params": {
      "expression": "() => {\n  var _seedlandsHarness$sn, _seedlandsHarness;\n  return (_seedlandsHarness$sn = (_seedlandsHarness = window.__seedlandsHarness) === null || _seedlandsHarness === void 0 ? void 0 : _seedlandsHarness.snapshot()) !== null && _seedlandsHarness$sn !== void 0 ? _seedlandsHarness$sn : null;\n}",
      "isFunction": "true",
      "arg": "Object"
    },
    "source": "/private/tmp/seedlands-v2-acceptance-8ae9e354/apps/web/tests/e2e/classic-support/harness.ts:102",
    "snapshot": {
      "player": [
        82.63532257080078,
        32.599998474121094,
        -0.3699164390563965
      ],
      "server": [
        82.69356602948443,
        32.6,
        -0.36991643325740353
      ],
      "view": [
        -1171.7299999999998,
        -20.03000000000001
      ],
      "onGround": true,
      "colliding": false,
      "tick": 20237,
      "ack": 13536,
      "interactions": 32,
      "worldRevision": 160,
      "inventoryOps": 39,
      "worldItems": 0
    },
    "error": null
  },
  {
    "stepId": "pw:api@8577",
    "browserCallId": "call@16125",
    "startTime": 386837.418,
    "endTime": 386850.782,
    "title": "Evaluate",
    "params": {
      "expression": "() => {\n  var _seedlandsHarness$sn, _seedlandsHarness;\n  return (_seedlandsHarness$sn = (_seedlandsHarness = window.__seedlandsHarness) === null || _seedlandsHarness === void 0 ? void 0 : _seedlandsHarness.snapshot()) !== null && _seedlandsHarness$sn !== void 0 ? _seedlandsHarness$sn : null;\n}",
      "isFunction": "true",
      "arg": "Object"
    },
    "source": "/private/tmp/seedlands-v2-acceptance-8ae9e354/apps/web/tests/e2e/classic-support/harness.ts:102",
    "snapshot": {
      "player": [
        82.63532257080078,
        32.599998474121094,
        -0.3699164390563965
      ],
      "server": [
        82.6408467344533,
        32.6,
        -0.36991643325740353
      ],
      "view": [
        -1171.7299999999998,
        -20.03000000000001
      ],
      "onGround": true,
      "colliding": false,
      "tick": 20239,
      "ack": 13538,
      "interactions": 32,
      "worldRevision": 160,
      "inventoryOps": 39,
      "worldItems": 0
    },
    "error": null
  },
  {
    "stepId": "pw:api@8578",
    "startTime": 386851.542,
    "endTime": 386852.983,
    "title": "Key down \"KeyS\"",
    "params": {
      "key": "KeyS"
    },
    "source": "/private/tmp/seedlands-v2-acceptance-8ae9e354/apps/web/tests/e2e/classic-support/harness.ts:248",
    "error": null
  },
  {
    "stepId": "pw:api@8579",
    "startTime": 386935.007,
    "endTime": 386936.963,
    "title": "Key up \"KeyS\"",
    "params": {
      "key": "KeyS"
    },
    "source": "/private/tmp/seedlands-v2-acceptance-8ae9e354/apps/web/tests/e2e/classic-support/harness.ts:254",
    "error": null
  },
  {
    "stepId": "pw:api@8581",
    "browserCallId": "call@16131",
    "startTime": 386937.669,
    "endTime": 386952.204,
    "title": "Evaluate",
    "params": {
      "expression": "() => {\n  var _seedlandsHarness$sn, _seedlandsHarness;\n  return (_seedlandsHarness$sn = (_seedlandsHarness = window.__seedlandsHarness) === null || _seedlandsHarness === void 0 ? void 0 : _seedlandsHarness.snapshot()) !== null && _seedlandsHarness$sn !== void 0 ? _seedlandsHarness$sn : null;\n}",
      "isFunction": "true",
      "arg": "Object"
    },
    "source": "/private/tmp/seedlands-v2-acceptance-8ae9e354/apps/web/tests/e2e/classic-support/harness.ts:102",
    "snapshot": {
      "player": [
        82.37142944335938,
        32.599998474121094,
        -0.38123753666877747
      ],
      "server": [
        82.4964315313822,
        32.6,
        -0.3789733158528811
      ],
      "view": [
        -1171.7299999999998,
        -20.03000000000001
      ],
      "onGround": true,
      "colliding": false,
      "tick": 20245,
      "ack": 13544,
      "interactions": 32,
      "worldRevision": 160,
      "inventoryOps": 39,
      "worldItems": 0
    },
    "error": null
  },
  {
    "stepId": "pw:api@8583",
    "browserCallId": "call@16133",
    "startTime": 386953.569,
    "endTime": 386968.065,
    "title": "Evaluate",
    "params": {
      "expression": "() => {\n  var _seedlandsHarness$sn, _seedlandsHarness;\n  return (_seedlandsHarness$sn = (_seedlandsHarness = window.__seedlandsHarness) === null || _seedlandsHarness === void 0 ? void 0 : _seedlandsHarness.snapshot()) !== null && _seedlandsHarness$sn !== void 0 ? _seedlandsHarness$sn : null;\n}",
      "isFunction": "true",
      "arg": "Object"
    },
    "source": "/private/tmp/seedlands-v2-acceptance-8ae9e354/apps/web/tests/e2e/classic-support/harness.ts:102",
    "snapshot": {
      "player": [
        82.32976531982422,
        32.599998474121094,
        -0.38123753666877747
      ],
      "server": [
        82.4964315313822,
        32.6,
        -0.3789733158528811
      ],
      "view": [
        -1171.7299999999998,
        -20.03000000000001
      ],
      "onGround": true,
      "colliding": false,
      "tick": 20245,
      "ack": 13544,
      "interactions": 32,
      "worldRevision": 160,
      "inventoryOps": 39,
      "worldItems": 0
    },
    "error": null
  },
  {
    "stepId": "pw:api@8584",
    "browserCallId": "call@16135",
    "startTime": 386968.927,
    "endTime": 386982.008,
    "title": "Evaluate",
    "params": {
      "expression": "() => {\n  var _seedlandsHarness$sn, _seedlandsHarness;\n  return (_seedlandsHarness$sn = (_seedlandsHarness = window.__seedlandsHarness) === null || _seedlandsHarness === void 0 ? void 0 : _seedlandsHarness.snapshot()) !== null && _seedlandsHarness$sn !== void 0 ? _seedlandsHarness$sn : null;\n}",
      "isFunction": "true",
      "arg": "Object"
    },
    "source": "/private/tmp/seedlands-v2-acceptance-8ae9e354/apps/web/tests/e2e/classic-support/harness.ts:102",
    "snapshot": {
      "player": [
        82.32976531982422,
        32.599998474121094,
        -0.38123753666877747
      ],
      "server": [
        82.42698708693776,
        32.6,
        -0.38123753650175046
      ],
      "view": [
        -1171.7299999999998,
        -20.03000000000001
      ],
      "onGround": true,
      "colliding": false,
      "tick": 20246,
      "ack": 13545,
      "interactions": 32,
      "worldRevision": 160,
      "inventoryOps": 39,
      "worldItems": 0
    },
    "error": null
  },
  {
    "stepId": "pw:api@8585",
    "startTime": 386982.751,
    "endTime": 386984.892,
    "title": "Key down \"KeyS\"",
    "params": {
      "key": "KeyS"
    },
    "source": "/private/tmp/seedlands-v2-acceptance-8ae9e354/apps/web/tests/e2e/classic-support/harness.ts:248",
    "error": null
  },
  {
    "stepId": "pw:api@8586",
    "startTime": 387065.462,
    "endTime": 387067.283,
    "title": "Key up \"KeyS\"",
    "params": {
      "key": "KeyS"
    },
    "source": "/private/tmp/seedlands-v2-acceptance-8ae9e354/apps/web/tests/e2e/classic-support/harness.ts:254",
    "error": null
  },
  {
    "stepId": "pw:api@8588",
    "browserCallId": "call@16141",
    "startTime": 387067.951,
    "endTime": 387081.202,
    "title": "Evaluate",
    "params": {
      "expression": "() => {\n  var _seedlandsHarness$sn, _seedlandsHarness;\n  return (_seedlandsHarness$sn = (_seedlandsHarness = window.__seedlandsHarness) === null || _seedlandsHarness === void 0 ? void 0 : _seedlandsHarness.snapshot()) !== null && _seedlandsHarness$sn !== void 0 ? _seedlandsHarness$sn : null;\n}",
      "isFunction": "true",
      "arg": "Object"
    },
    "source": "/private/tmp/seedlands-v2-acceptance-8ae9e354/apps/web/tests/e2e/classic-support/harness.ts:102",
    "snapshot": {
      "player": [
        82.0936508178711,
        32.599998474121094,
        -0.3902944326400757
      ],
      "server": [
        82.21865375360443,
        32.6,
        -0.38576597779948923
      ],
      "view": [
        -1171.7299999999998,
        -20.03000000000001
      ],
      "onGround": true,
      "colliding": false,
      "tick": 20252,
      "ack": 13551,
      "interactions": 32,
      "worldRevision": 160,
      "inventoryOps": 39,
      "worldItems": 0
    },
    "error": null
  },
  {
    "stepId": "pw:api@8590",
    "browserCallId": "call@16143",
    "startTime": 387082.578,
    "endTime": 387095.886,
    "title": "Evaluate",
    "params": {
      "expression": "() => {\n  var _seedlandsHarness$sn, _seedlandsHarness;\n  return (_seedlandsHarness$sn = (_seedlandsHarness = window.__seedlandsHarness) === null || _seedlandsHarness === void 0 ? void 0 : _seedlandsHarness.snapshot()) !== null && _seedlandsHarness$sn !== void 0 ? _seedlandsHarness$sn : null;\n}",
      "isFunction": "true",
      "arg": "Object"
    },
    "source": "/private/tmp/seedlands-v2-acceptance-8ae9e354/apps/web/tests/e2e/classic-support/harness.ts:102",
    "snapshot": {
      "player": [
        82.03810119628906,
        32.599998474121094,
        -0.3902944326400757
      ],
      "server": [
        82.16309819804887,
        32.6,
        -0.3880301984483586
      ],
      "view": [
        -1171.7299999999998,
        -20.03000000000001
      ],
      "onGround": true,
      "colliding": false,
      "tick": 20253,
      "ack": 13552,
      "interactions": 32,
      "worldRevision": 160,
      "inventoryOps": 39,
      "worldItems": 0
    },
    "error": null
  },
  {
    "stepId": "pw:api@8591",
    "browserCallId": "call@16145",
    "startTime": 387096.747,
    "endTime": 387110.293,
    "title": "Evaluate",
    "params": {
      "expression": "() => {\n  var _seedlandsHarness$sn, _seedlandsHarness;\n  return (_seedlandsHarness$sn = (_seedlandsHarness = window.__seedlandsHarness) === null || _seedlandsHarness === void 0 ? void 0 : _seedlandsHarness.snapshot()) !== null && _seedlandsHarness$sn !== void 0 ? _seedlandsHarness$sn : null;\n}",
      "isFunction": "true",
      "arg": "Object"
    },
    "source": "/private/tmp/seedlands-v2-acceptance-8ae9e354/apps/web/tests/e2e/classic-support/harness.ts:102",
    "snapshot": {
      "player": [
        81.99642944335938,
        32.599998474121094,
        -0.3902944326400757
      ],
      "server": [
        82.09365375360443,
        32.6,
        -0.390294419097228
      ],
      "view": [
        -1171.7299999999998,
        -20.03000000000001
      ],
      "onGround": true,
      "colliding": false,
      "tick": 20254,
      "ack": 13553,
      "interactions": 32,
      "worldRevision": 160,
      "inventoryOps": 39,
      "worldItems": 0
    },
    "error": null
  },
  {
    "stepId": "pw:api@8592",
    "startTime": 387112.178,
    "endTime": 387116.391,
    "title": "Key down \"KeyS\"",
    "params": {
      "key": "KeyS"
    },
    "source": "/private/tmp/seedlands-v2-acceptance-8ae9e354/apps/web/tests/e2e/classic-support/harness.ts:248",
    "error": null
  },
  {
    "stepId": "pw:api@8593",
    "startTime": 387196.21,
    "endTime": 387198.551,
    "title": "Key up \"KeyS\"",
    "params": {
      "key": "KeyS"
    },
    "source": "/private/tmp/seedlands-v2-acceptance-8ae9e354/apps/web/tests/e2e/classic-support/harness.ts:254",
    "error": null
  },
  {
    "stepId": "pw:api@8595",
    "browserCallId": "call@16151",
    "startTime": 387199.259,
    "endTime": 387212.797,
    "title": "Evaluate",
    "params": {
      "expression": "() => {\n  var _seedlandsHarness$sn, _seedlandsHarness;\n  return (_seedlandsHarness$sn = (_seedlandsHarness = window.__seedlandsHarness) === null || _seedlandsHarness === void 0 ? void 0 : _seedlandsHarness.snapshot()) !== null && _seedlandsHarness$sn !== void 0 ? _seedlandsHarness$sn : null;\n}",
      "isFunction": "true",
      "arg": "Object"
    },
    "source": "/private/tmp/seedlands-v2-acceptance-8ae9e354/apps/web/tests/e2e/classic-support/harness.ts:102",
    "snapshot": {
      "player": [
        81.65205383300781,
        32.599998474121094,
        -0.40161553025245667
      ],
      "server": [
        81.80198708693776,
        32.6,
        -0.39708708104383617
      ],
      "view": [
        -1171.7299999999998,
        -20.03000000000001
      ],
      "onGround": true,
      "colliding": false,
      "tick": 20260,
      "ack": 13559,
      "interactions": 32,
      "worldRevision": 160,
      "inventoryOps": 39,
      "worldItems": 0
    },
    "error": null
  },
  {
    "stepId": "pw:api@8597",
    "browserCallId": "call@16153",
    "startTime": 387214.238,
    "endTime": 387227.42,
    "title": "Evaluate",
    "params": {
      "expression": "() => {\n  var _seedlandsHarness$sn, _seedlandsHarness;\n  return (_seedlandsHarness$sn = (_seedlandsHarness = window.__seedlandsHarness) === null || _seedlandsHarness === void 0 ? void 0 : _seedlandsHarness.snapshot()) !== null && _seedlandsHarness$sn !== void 0 ? _seedlandsHarness$sn : null;\n}",
      "isFunction": "true",
      "arg": "Object"
    },
    "source": "/private/tmp/seedlands-v2-acceptance-8ae9e354/apps/web/tests/e2e/classic-support/harness.ts:102",
    "snapshot": {
      "player": [
        81.59098052978516,
        32.599998474121094,
        -0.40161553025245667
      ],
      "server": [
        81.80198708693776,
        32.6,
        -0.39708708104383617
      ],
      "view": [
        -1171.7299999999998,
        -20.03000000000001
      ],
      "onGround": true,
      "colliding": false,
      "tick": 20260,
      "ack": 13559,
      "interactions": 32,
      "worldRevision": 160,
      "inventoryOps": 39,
      "worldItems": 0
    },
    "error": null
  },
  {
    "stepId": "pw:api@8598",
    "browserCallId": "call@16155",
    "startTime": 387228.371,
    "endTime": 387243.624,
    "title": "Evaluate",
    "params": {
      "expression": "() => {\n  var _seedlandsHarness$sn, _seedlandsHarness;\n  return (_seedlandsHarness$sn = (_seedlandsHarness = window.__seedlandsHarness) === null || _seedlandsHarness === void 0 ? void 0 : _seedlandsHarness.snapshot()) !== null && _seedlandsHarness$sn !== void 0 ? _seedlandsHarness$sn : null;\n}",
      "isFunction": "true",
      "arg": "Object"
    },
    "source": "/private/tmp/seedlands-v2-acceptance-8ae9e354/apps/web/tests/e2e/classic-support/harness.ts:102",
    "snapshot": {
      "player": [
        81.54379272460938,
        32.599998474121094,
        -0.40161553025245667
      ],
      "server": [
        81.65205545845525,
        32.6,
        -0.40161552234157494
      ],
      "view": [
        -1171.7299999999998,
        -20.03000000000001
      ],
      "onGround": true,
      "colliding": false,
      "tick": 20262,
      "ack": 13561,
      "interactions": 32,
      "worldRevision": 160,
      "inventoryOps": 39,
      "worldItems": 0
    },
    "error": null
  },
  {
    "stepId": "pw:api@8599",
    "startTime": 387244.492,
    "endTime": 387246.144,
    "title": "Key down \"KeyS\"",
    "params": {
      "key": "KeyS"
    },
    "source": "/private/tmp/seedlands-v2-acceptance-8ae9e354/apps/web/tests/e2e/classic-support/harness.ts:248",
    "error": null
  },
  {
    "stepId": "pw:api@8600",
    "startTime": 387327.517,
    "endTime": 387329.368,
    "title": "Key up \"KeyS\"",
    "params": {
      "key": "KeyS"
    },
    "source": "/private/tmp/seedlands-v2-acceptance-8ae9e354/apps/web/tests/e2e/classic-support/harness.ts:254",
    "error": null
  },
  {
    "stepId": "pw:api@8602",
    "browserCallId": "call@16161",
    "startTime": 387330.117,
    "endTime": 387344.149,
    "title": "Evaluate",
    "params": {
      "expression": "() => {\n  var _seedlandsHarness$sn, _seedlandsHarness;\n  return (_seedlandsHarness$sn = (_seedlandsHarness = window.__seedlandsHarness) === null || _seedlandsHarness === void 0 ? void 0 : _seedlandsHarness.snapshot()) !== null && _seedlandsHarness$sn !== void 0 ? _seedlandsHarness$sn : null;\n}",
      "isFunction": "true",
      "arg": "Object"
    },
    "source": "/private/tmp/seedlands-v2-acceptance-8ae9e354/apps/web/tests/e2e/classic-support/harness.ts:102",
    "snapshot": {
      "player": [
        81.17733001708984,
        32.599998474121094,
        -0.41293662786483765
      ],
      "server": [
        81.32726057300778,
        32.6,
        -0.4084081842881831
      ],
      "view": [
        -1171.7299999999998,
        -20.03000000000001
      ],
      "onGround": true,
      "colliding": false,
      "tick": 20268,
      "ack": 13567,
      "interactions": 32,
      "worldRevision": 160,
      "inventoryOps": 39,
      "worldItems": 0
    },
    "error": null
  },
  {
    "stepId": "pw:api@8604",
    "browserCallId": "call@16163",
    "startTime": 387345.68,
    "endTime": 387359.08,
    "title": "Evaluate",
    "params": {
      "expression": "() => {\n  var _seedlandsHarness$sn, _seedlandsHarness;\n  return (_seedlandsHarness$sn = (_seedlandsHarness = window.__seedlandsHarness) === null || _seedlandsHarness === void 0 ? void 0 : _seedlandsHarness.snapshot()) !== null && _seedlandsHarness$sn !== void 0 ? _seedlandsHarness$sn : null;\n}",
      "isFunction": "true",
      "arg": "Object"
    },
    "source": "/private/tmp/seedlands-v2-acceptance-8ae9e354/apps/web/tests/e2e/classic-support/harness.ts:102",
    "snapshot": {
      "player": [
        81.11624908447266,
        32.599998474121094,
        -0.41293662786483765
      ],
      "server": [
        81.25229475876652,
        32.6,
        -0.4106724049370525
      ],
      "view": [
        -1171.7299999999998,
        -20.03000000000001
      ],
      "onGround": true,
      "colliding": false,
      "tick": 20269,
      "ack": 13568,
      "interactions": 32,
      "worldRevision": 160,
      "inventoryOps": 39,
      "worldItems": 0
    },
    "error": null
  },
  {
    "stepId": "pw:api@8605",
    "browserCallId": "call@16165",
    "startTime": 387360.13,
    "endTime": 387362.94,
    "title": "Bounding box locator('#game')",
    "params": {
      "selector": "#game",
      "strict": "true",
      "state": "attached"
    },
    "source": "/private/tmp/seedlands-v2-acceptance-8ae9e354/apps/web/tests/e2e/classic-support/mouse-input.ts:24",
    "error": null
  },
  {
    "stepId": "pw:api@8606",
    "startTime": 387363.289,
    "endTime": 387372.541,
    "title": "Mouse move",
    "params": {
      "x": "230.1626719650617",
      "y": "270"
    },
    "source": "/private/tmp/seedlands-v2-acceptance-8ae9e354/apps/web/tests/e2e/classic-support/mouse-input.ts:43",
    "error": null
  },
  {
    "stepId": "pw:api@8607",
    "browserCallId": "call@16171",
    "startTime": 387373.049,
    "endTime": 387409.818,
    "title": "Evaluate",
    "params": {
      "expression": "() => new Promise(resolve => requestAnimationFrame(() => requestAnimationFrame(() => resolve())))",
      "isFunction": "true",
      "arg": "Object"
    },
    "source": "/private/tmp/seedlands-v2-acceptance-8ae9e354/apps/web/tests/e2e/classic-support/mouse-input.ts:45",
    "error": null
  },
  {
    "stepId": "pw:api@8608",
    "browserCallId": "call@16173",
    "startTime": 387410.275,
    "endTime": 387425.124,
    "title": "Evaluate",
    "params": {
      "expression": "() => {\n  var _seedlandsHarness$sn, _seedlandsHarness;\n  return (_seedlandsHarness$sn = (_seedlandsHarness = window.__seedlandsHarness) === null || _seedlandsHarness === void 0 ? void 0 : _seedlandsHarness.snapshot()) !== null && _seedlandsHarness$sn !== void 0 ? _seedlandsHarness$sn : null;\n}",
      "isFunction": "true",
      "arg": "Object"
    },
    "source": "/private/tmp/seedlands-v2-acceptance-8ae9e354/apps/web/tests/e2e/classic-support/harness.ts:102",
    "snapshot": {
      "player": [
        81.01083374023438,
        32.599998474121094,
        -0.41293662786483765
      ],
      "server": [
        81.03576483513487,
        32.6,
        -0.41293662558592187
      ],
      "view": [
        -1171.9899999999998,
        -20.03000000000001
      ],
      "onGround": true,
      "colliding": false,
      "tick": 20273,
      "ack": 13572,
      "interactions": 32,
      "worldRevision": 160,
      "inventoryOps": 39,
      "worldItems": 0
    },
    "error": null
  },
  {
    "stepId": "pw:api@8609",
    "browserCallId": "call@16175",
    "startTime": 387426.175,
    "endTime": 387439.29,
    "title": "Evaluate",
    "params": {
      "expression": "() => {\n  var _seedlandsHarness$sn, _seedlandsHarness;\n  return (_seedlandsHarness$sn = (_seedlandsHarness = window.__seedlandsHarness) === null || _seedlandsHarness === void 0 ? void 0 : _seedlandsHarness.snapshot()) !== null && _seedlandsHarness$sn !== void 0 ? _seedlandsHarness$sn : null;\n}",
      "isFunction": "true",
      "arg": "Object"
    },
    "source": "/private/tmp/seedlands-v2-acceptance-8ae9e354/apps/web/tests/e2e/classic-support/harness.ts:102",
    "snapshot": {
      "player": [
        81.01083374023438,
        32.599998474121094,
        -0.41293662786483765
      ],
      "server": [
        81.03576483513487,
        32.6,
        -0.41293662558592187
      ],
      "view": [
        -1171.9899999999998,
        -20.03000000000001
      ],
      "onGround": true,
      "colliding": false,
      "tick": 20273,
      "ack": 13572,
      "interactions": 32,
      "worldRevision": 160,
      "inventoryOps": 39,
      "worldItems": 0
    },
    "error": null
  },
  {
    "stepId": "pw:api@8610",
    "startTime": 387440.431,
    "endTime": 387443.137,
    "title": "Key down \"KeyS\"",
    "params": {
      "key": "KeyS"
    },
    "source": "/private/tmp/seedlands-v2-acceptance-8ae9e354/apps/web/tests/e2e/classic-support/harness.ts:248",
    "error": null
  },
  {
    "stepId": "pw:api@8611",
    "startTime": 387525.483,
    "endTime": 387527.635,
    "title": "Key up \"KeyS\"",
    "params": {
      "key": "KeyS"
    },
    "source": "/private/tmp/seedlands-v2-acceptance-8ae9e354/apps/web/tests/e2e/classic-support/harness.ts:254",
    "error": null
  },
  {
    "stepId": "pw:api@8613",
    "browserCallId": "call@16181",
    "startTime": 387528.353,
    "endTime": 387543.859,
    "title": "Evaluate",
    "params": {
      "expression": "() => {\n  var _seedlandsHarness$sn, _seedlandsHarness;\n  return (_seedlandsHarness$sn = (_seedlandsHarness = window.__seedlandsHarness) === null || _seedlandsHarness === void 0 ? void 0 : _seedlandsHarness.snapshot()) !== null && _seedlandsHarness$sn !== void 0 ? _seedlandsHarness$sn : null;\n}",
      "isFunction": "true",
      "arg": "Object"
    },
    "source": "/private/tmp/seedlands-v2-acceptance-8ae9e354/apps/web/tests/e2e/classic-support/harness.ts:102",
    "snapshot": {
      "player": [
        80.80249786376953,
        32.599998474121094,
        -0.425958514213562
      ],
      "server": [
        80.96916653998571,
        32.6,
        -0.4181453862047228
      ],
      "view": [
        -1171.9899999999998,
        -20.03000000000001
      ],
      "onGround": true,
      "colliding": false,
      "tick": 20279,
      "ack": 13578,
      "interactions": 32,
      "worldRevision": 160,
      "inventoryOps": 39,
      "worldItems": 0
    },
    "error": null
  },
  {
    "stepId": "pw:api@8615",
    "browserCallId": "call@16183",
    "startTime": 387545.477,
    "endTime": 387560.288,
    "title": "Evaluate",
    "params": {
      "expression": "() => {\n  var _seedlandsHarness$sn, _seedlandsHarness;\n  return (_seedlandsHarness$sn = (_seedlandsHarness = window.__seedlandsHarness) === null || _seedlandsHarness === void 0 ? void 0 : _seedlandsHarness.snapshot()) !== null && _seedlandsHarness$sn !== void 0 ? _seedlandsHarness$sn : null;\n}",
      "isFunction": "true",
      "arg": "Object"
    },
    "source": "/private/tmp/seedlands-v2-acceptance-8ae9e354/apps/web/tests/e2e/classic-support/harness.ts:102",
    "snapshot": {
      "player": [
        80.74694061279297,
        32.599998474121094,
        -0.425958514213562
      ],
      "server": [
        80.87194431776348,
        32.6,
        -0.42335414682352374
      ],
      "view": [
        -1171.9899999999998,
        -20.03000000000001
      ],
      "onGround": true,
      "colliding": false,
      "tick": 20281,
      "ack": 13580,
      "interactions": 32,
      "worldRevision": 160,
      "inventoryOps": 39,
      "worldItems": 0
    },
    "error": null
  },
  {
    "stepId": "pw:api@8616",
    "browserCallId": "call@16185",
    "startTime": 387561.374,
    "endTime": 387577.035,
    "title": "Evaluate",
    "params": {
      "expression": "() => {\n  var _seedlandsHarness$sn, _seedlandsHarness;\n  return (_seedlandsHarness$sn = (_seedlandsHarness = window.__seedlandsHarness) === null || _seedlandsHarness === void 0 ? void 0 : _seedlandsHarness.snapshot()) !== null && _seedlandsHarness$sn !== void 0 ? _seedlandsHarness$sn : null;\n}",
      "isFunction": "true",
      "arg": "Object"
    },
    "source": "/private/tmp/seedlands-v2-acceptance-8ae9e354/apps/web/tests/e2e/classic-support/harness.ts:102",
    "snapshot": {
      "player": [
        80.70527648925781,
        32.599998474121094,
        -0.425958514213562
      ],
      "server": [
        80.87194431776348,
        32.6,
        -0.42335414682352374
      ],
      "view": [
        -1171.9899999999998,
        -20.03000000000001
      ],
      "onGround": true,
      "colliding": false,
      "tick": 20281,
      "ack": 13580,
      "interactions": 32,
      "worldRevision": 160,
      "inventoryOps": 39,
      "worldItems": 0
    },
    "error": null
  },
  {
    "stepId": "pw:api@8617",
    "startTime": 387578.446,
    "endTime": 387580.977,
    "title": "Key down \"KeyS\"",
    "params": {
      "key": "KeyS"
    },
    "source": "/private/tmp/seedlands-v2-acceptance-8ae9e354/apps/web/tests/e2e/classic-support/harness.ts:248",
    "error": null
  },
  {
    "stepId": "pw:api@8618",
    "startTime": 387661.221,
    "endTime": 387663.107,
    "title": "Key up \"KeyS\"",
    "params": {
      "key": "KeyS"
    },
    "source": "/private/tmp/seedlands-v2-acceptance-8ae9e354/apps/web/tests/e2e/classic-support/harness.ts:254",
    "error": null
  },
  {
    "stepId": "pw:api@8620",
    "browserCallId": "call@16191",
    "startTime": 387663.839,
    "endTime": 387679.168,
    "title": "Evaluate",
    "params": {
      "expression": "() => {\n  var _seedlandsHarness$sn, _seedlandsHarness;\n  return (_seedlandsHarness$sn = (_seedlandsHarness = window.__seedlandsHarness) === null || _seedlandsHarness === void 0 ? void 0 : _seedlandsHarness.snapshot()) !== null && _seedlandsHarness$sn !== void 0 ? _seedlandsHarness$sn : null;\n}",
      "isFunction": "true",
      "arg": "Object"
    },
    "source": "/private/tmp/seedlands-v2-acceptance-8ae9e354/apps/web/tests/e2e/classic-support/harness.ts:102",
    "snapshot": {
      "player": [
        80.36092376708984,
        32.599998474121094,
        -0.43898043036460876
      ],
      "server": [
        80.58027765109681,
        32.6,
        -0.43116728775172514
      ],
      "view": [
        -1171.9899999999998,
        -20.03000000000001
      ],
      "onGround": true,
      "colliding": false,
      "tick": 20287,
      "ack": 13586,
      "interactions": 32,
      "worldRevision": 160,
      "inventoryOps": 39,
      "worldItems": 0
    },
    "error": null
  },
  {
    "stepId": "pw:api@8622",
    "browserCallId": "call@16193",
    "startTime": 387680.611,
    "endTime": 387694.262,
    "title": "Evaluate",
    "params": {
      "expression": "() => {\n  var _seedlandsHarness$sn, _seedlandsHarness;\n  return (_seedlandsHarness$sn = (_seedlandsHarness = window.__seedlandsHarness) === null || _seedlandsHarness === void 0 ? void 0 : _seedlandsHarness.snapshot()) !== null && _seedlandsHarness$sn !== void 0 ? _seedlandsHarness$sn : null;\n}",
      "isFunction": "true",
      "arg": "Object"
    },
    "source": "/private/tmp/seedlands-v2-acceptance-8ae9e354/apps/web/tests/e2e/classic-support/harness.ts:102",
    "snapshot": {
      "player": [
        80.29985809326172,
        32.599998474121094,
        -0.43898043036460876
      ],
      "server": [
        80.43587843893741,
        32.6,
        -0.43637604837052607
      ],
      "view": [
        -1171.9899999999998,
        -20.03000000000001
      ],
      "onGround": true,
      "colliding": false,
      "tick": 20289,
      "ack": 13588,
      "interactions": 32,
      "worldRevision": 160,
      "inventoryOps": 39,
      "worldItems": 0
    },
    "error": null
  },
  {
    "stepId": "pw:api@8623",
    "browserCallId": "call@16195",
    "startTime": 387695.22,
    "endTime": 387708.53,
    "title": "Evaluate",
    "params": {
      "expression": "() => {\n  var _seedlandsHarness$sn, _seedlandsHarness;\n  return (_seedlandsHarness$sn = (_seedlandsHarness = window.__seedlandsHarness) === null || _seedlandsHarness === void 0 ? void 0 : _seedlandsHarness.snapshot()) !== null && _seedlandsHarness$sn !== void 0 ? _seedlandsHarness$sn : null;\n}",
      "isFunction": "true",
      "arg": "Object"
    },
    "source": "/private/tmp/seedlands-v2-acceptance-8ae9e354/apps/web/tests/e2e/classic-support/harness.ts:102",
    "snapshot": {
      "player": [
        80.25267791748047,
        32.599998474121094,
        -0.43898043036460876
      ],
      "server": [
        80.36092367122245,
        32.6,
        -0.43898042867992654
      ],
      "view": [
        -1171.9899999999998,
        -20.03000000000001
      ],
      "onGround": true,
      "colliding": false,
      "tick": 20290,
      "ack": 13589,
      "interactions": 32,
      "worldRevision": 160,
      "inventoryOps": 39,
      "worldItems": 0
    },
    "error": null
  },
  {
    "stepId": "pw:api@8624",
    "startTime": 387709.446,
    "endTime": 387711.267,
    "title": "Key down \"KeyS\"",
    "params": {
      "key": "KeyS"
    },
    "source": "/private/tmp/seedlands-v2-acceptance-8ae9e354/apps/web/tests/e2e/classic-support/harness.ts:248",
    "error": null
  },
  {
    "stepId": "pw:api@8625",
    "startTime": 387791.285,
    "endTime": 387793.118,
    "title": "Key up \"KeyS\"",
    "params": {
      "key": "KeyS"
    },
    "source": "/private/tmp/seedlands-v2-acceptance-8ae9e354/apps/web/tests/e2e/classic-support/harness.ts:254",
    "error": null
  },
  {
    "stepId": "pw:api@8627",
    "browserCallId": "call@16201",
    "startTime": 387793.776,
    "endTime": 387807.23,
    "title": "Evaluate",
    "params": {
      "expression": "() => {\n  var _seedlandsHarness$sn, _seedlandsHarness;\n  return (_seedlandsHarness$sn = (_seedlandsHarness = window.__seedlandsHarness) === null || _seedlandsHarness === void 0 ? void 0 : _seedlandsHarness.snapshot()) !== null && _seedlandsHarness$sn !== void 0 ? _seedlandsHarness$sn : null;\n}",
      "isFunction": "true",
      "arg": "Object"
    },
    "source": "/private/tmp/seedlands-v2-acceptance-8ae9e354/apps/web/tests/e2e/classic-support/harness.ts:102",
    "snapshot": {
      "player": [
        79.88628387451172,
        32.599998474121094,
        -0.45200231671333313
      ],
      "server": [
        80.03619506493268,
        32.6,
        -0.44679356960812794
      ],
      "view": [
        -1171.9899999999998,
        -20.03000000000001
      ],
      "onGround": true,
      "colliding": false,
      "tick": 20296,
      "ack": 13595,
      "interactions": 32,
      "worldRevision": 160,
      "inventoryOps": 39,
      "worldItems": 0
    },
    "error": null
  },
  {
    "stepId": "pw:api@8629",
    "browserCallId": "call@16203",
    "startTime": 387808.942,
    "endTime": 387822.083,
    "title": "Evaluate",
    "params": {
      "expression": "() => {\n  var _seedlandsHarness$sn, _seedlandsHarness;\n  return (_seedlandsHarness$sn = (_seedlandsHarness = window.__seedlandsHarness) === null || _seedlandsHarness === void 0 ? void 0 : _seedlandsHarness.snapshot()) !== null && _seedlandsHarness$sn !== void 0 ? _seedlandsHarness$sn : null;\n}",
      "isFunction": "true",
      "arg": "Object"
    },
    "source": "/private/tmp/seedlands-v2-acceptance-8ae9e354/apps/web/tests/e2e/classic-support/harness.ts:102",
    "snapshot": {
      "player": [
        79.8252182006836,
        32.599998474121094,
        -0.45200231671333313
      ],
      "server": [
        79.96124029721773,
        32.6,
        -0.4493979499175284
      ],
      "view": [
        -1171.9899999999998,
        -20.03000000000001
      ],
      "onGround": true,
      "colliding": false,
      "tick": 20297,
      "ack": 13596,
      "interactions": 32,
      "worldRevision": 160,
      "inventoryOps": 39,
      "worldItems": 0
    },
    "error": null
  },
  {
    "stepId": "pw:api@8630",
    "browserCallId": "call@16205",
    "startTime": 387823.351,
    "endTime": 387837.469,
    "title": "Evaluate",
    "params": {
      "expression": "() => {\n  var _seedlandsHarness$sn, _seedlandsHarness;\n  return (_seedlandsHarness$sn = (_seedlandsHarness = window.__seedlandsHarness) === null || _seedlandsHarness === void 0 ? void 0 : _seedlandsHarness.snapshot()) !== null && _seedlandsHarness$sn !== void 0 ? _seedlandsHarness$sn : null;\n}",
      "isFunction": "true",
      "arg": "Object"
    },
    "source": "/private/tmp/seedlands-v2-acceptance-8ae9e354/apps/web/tests/e2e/classic-support/harness.ts:102",
    "snapshot": {
      "player": [
        79.77804565429688,
        32.599998474121094,
        -0.45200231671333313
      ],
      "server": [
        79.88628552950277,
        32.6,
        -0.4520023302269289
      ],
      "view": [
        -1171.9899999999998,
        -20.03000000000001
      ],
      "onGround": true,
      "colliding": false,
      "tick": 20298,
      "ack": 13597,
      "interactions": 32,
      "worldRevision": 160,
      "inventoryOps": 39,
      "worldItems": 0
    },
    "error": null
  },
  {
    "stepId": "pw:api@8631",
    "startTime": 387838.596,
    "endTime": 387840.414,
    "title": "Key down \"KeyS\"",
    "params": {
      "key": "KeyS"
    },
    "source": "/private/tmp/seedlands-v2-acceptance-8ae9e354/apps/web/tests/e2e/classic-support/harness.ts:248",
    "error": null
  },
  {
    "stepId": "pw:api@8632",
    "startTime": 387922.247,
    "endTime": 387927.792,
    "title": "Key up \"KeyS\"",
    "params": {
      "key": "KeyS"
    },
    "source": "/private/tmp/seedlands-v2-acceptance-8ae9e354/apps/web/tests/e2e/classic-support/harness.ts:254",
    "error": null
  },
  {
    "stepId": "pw:api@8634",
    "browserCallId": "call@16211",
    "startTime": 387928.504,
    "endTime": 387941.711,
    "title": "Evaluate",
    "params": {
      "expression": "() => {\n  var _seedlandsHarness$sn, _seedlandsHarness;\n  return (_seedlandsHarness$sn = (_seedlandsHarness = window.__seedlandsHarness) === null || _seedlandsHarness === void 0 ? void 0 : _seedlandsHarness.snapshot()) !== null && _seedlandsHarness$sn !== void 0 ? _seedlandsHarness$sn : null;\n}",
      "isFunction": "true",
      "arg": "Object"
    },
    "source": "/private/tmp/seedlands-v2-acceptance-8ae9e354/apps/web/tests/e2e/classic-support/harness.ts:102",
    "snapshot": {
      "player": [
        79.4116439819336,
        32.599998474121094,
        -0.4650242328643799
      ],
      "server": [
        79.561556923213,
        32.6,
        -0.4598154711551303
      ],
      "view": [
        -1171.9899999999998,
        -20.03000000000001
      ],
      "onGround": true,
      "colliding": false,
      "tick": 20304,
      "ack": 13603,
      "interactions": 32,
      "worldRevision": 160,
      "inventoryOps": 39,
      "worldItems": 0
    },
    "error": null
  },
  {
    "stepId": "pw:api@8636",
    "browserCallId": "call@16213",
    "startTime": 387943.424,
    "endTime": 387956.287,
    "title": "Evaluate",
    "params": {
      "expression": "() => {\n  var _seedlandsHarness$sn, _seedlandsHarness;\n  return (_seedlandsHarness$sn = (_seedlandsHarness = window.__seedlandsHarness) === null || _seedlandsHarness === void 0 ? void 0 : _seedlandsHarness.snapshot()) !== null && _seedlandsHarness$sn !== void 0 ? _seedlandsHarness$sn : null;\n}",
      "isFunction": "true",
      "arg": "Object"
    },
    "source": "/private/tmp/seedlands-v2-acceptance-8ae9e354/apps/web/tests/e2e/classic-support/harness.ts:102",
    "snapshot": {
      "player": [
        79.35057830810547,
        32.599998474121094,
        -0.4650242328643799
      ],
      "server": [
        79.48660215549805,
        32.6,
        -0.46241985146453074
      ],
      "view": [
        -1171.9899999999998,
        -20.03000000000001
      ],
      "onGround": true,
      "colliding": false,
      "tick": 20305,
      "ack": 13604,
      "interactions": 32,
      "worldRevision": 160,
      "inventoryOps": 39,
      "worldItems": 0
    },
    "error": null
  },
  {
    "stepId": "pw:api@8637",
    "browserCallId": "call@16215",
    "startTime": 387957.871,
    "endTime": 387961.86,
    "title": "Bounding box locator('#game')",
    "params": {
      "selector": "#game",
      "strict": "true",
      "state": "attached"
    },
    "source": "/private/tmp/seedlands-v2-acceptance-8ae9e354/apps/web/tests/e2e/classic-support/mouse-input.ts:24",
    "error": null
  },
  {
    "stepId": "pw:api@8638",
    "startTime": 387962.248,
    "endTime": 387972.404,
    "title": "Mouse move",
    "params": {
      "x": "232.9678646292202",
      "y": "270"
    },
    "source": "/private/tmp/seedlands-v2-acceptance-8ae9e354/apps/web/tests/e2e/classic-support/mouse-input.ts:43",
    "error": null
  },
  {
    "stepId": "pw:api@8639",
    "browserCallId": "call@16221",
    "startTime": 387972.853,
    "endTime": 388005.976,
    "title": "Evaluate",
    "params": {
      "expression": "() => new Promise(resolve => requestAnimationFrame(() => requestAnimationFrame(() => resolve())))",
      "isFunction": "true",
      "arg": "Object"
    },
    "source": "/private/tmp/seedlands-v2-acceptance-8ae9e354/apps/web/tests/e2e/classic-support/mouse-input.ts:45",
    "error": null
  },
  {
    "stepId": "pw:api@8640",
    "browserCallId": "call@16223",
    "startTime": 388006.413,
    "endTime": 388019.681,
    "title": "Evaluate",
    "params": {
      "expression": "() => {\n  var _seedlandsHarness$sn, _seedlandsHarness;\n  return (_seedlandsHarness$sn = (_seedlandsHarness = window.__seedlandsHarness) === null || _seedlandsHarness === void 0 ? void 0 : _seedlandsHarness.snapshot()) !== null && _seedlandsHarness$sn !== void 0 ? _seedlandsHarness$sn : null;\n}",
      "isFunction": "true",
      "arg": "Object"
    },
    "source": "/private/tmp/seedlands-v2-acceptance-8ae9e354/apps/web/tests/e2e/classic-support/harness.ts:102",
    "snapshot": {
      "player": [
        79.24520874023438,
        32.599998474121094,
        -0.4650242328643799
      ],
      "server": [
        79.27011641797154,
        32.6,
        -0.4650242317739312
      ],
      "view": [
        -1172.2499999999998,
        -20.03000000000001
      ],
      "onGround": true,
      "colliding": false,
      "tick": 20309,
      "ack": 13608,
      "interactions": 32,
      "worldRevision": 160,
      "inventoryOps": 39,
      "worldItems": 0
    },
    "error": null
  },
  {
    "stepId": "pw:api@8641",
    "browserCallId": "call@16225",
    "startTime": 388020.975,
    "endTime": 388025.474,
    "title": "Bounding box locator('#game')",
    "params": {
      "selector": "#game",
      "strict": "true",
      "state": "attached"
    },
    "source": "/private/tmp/seedlands-v2-acceptance-8ae9e354/apps/web/tests/e2e/classic-support/mouse-input.ts:24",
    "error": null
  },
  {
    "stepId": "pw:api@8642",
    "startTime": 388025.856,
    "endTime": 388040.203,
    "title": "Mouse move",
    "params": {
      "x": "236.33062570091207",
      "y": "270"
    },
    "source": "/private/tmp/seedlands-v2-acceptance-8ae9e354/apps/web/tests/e2e/classic-support/mouse-input.ts:43",
    "error": null
  },
  {
    "stepId": "pw:api@8643",
    "browserCallId": "call@16231",
    "startTime": 388040.623,
    "endTime": 388073.811,
    "title": "Evaluate",
    "params": {
      "expression": "() => new Promise(resolve => requestAnimationFrame(() => requestAnimationFrame(() => resolve())))",
      "isFunction": "true",
      "arg": "Object"
    },
    "source": "/private/tmp/seedlands-v2-acceptance-8ae9e354/apps/web/tests/e2e/classic-support/mouse-input.ts:45",
    "error": null
  },
  {
    "stepId": "pw:api@8644",
    "browserCallId": "call@16233",
    "startTime": 388074.282,
    "endTime": 388086.869,
    "title": "Evaluate",
    "params": {
      "expression": "() => {\n  var _seedlandsHarness$sn, _seedlandsHarness;\n  return (_seedlandsHarness$sn = (_seedlandsHarness = window.__seedlandsHarness) === null || _seedlandsHarness === void 0 ? void 0 : _seedlandsHarness.snapshot()) !== null && _seedlandsHarness$sn !== void 0 ? _seedlandsHarness$sn : null;\n}",
      "isFunction": "true",
      "arg": "Object"
    },
    "source": "/private/tmp/seedlands-v2-acceptance-8ae9e354/apps/web/tests/e2e/classic-support/harness.ts:102",
    "snapshot": {
      "player": [
        79.24520874023438,
        32.599998474121094,
        -0.4650242328643799
      ],
      "server": [
        79.24520688254161,
        32.6,
        -0.4650242317739312
      ],
      "view": [
        -1172.7699999999998,
        -20.03000000000001
      ],
      "onGround": true,
      "colliding": false,
      "tick": 20312,
      "ack": 13611,
      "interactions": 32,
      "worldRevision": 160,
      "inventoryOps": 39,
      "worldItems": 0
    },
    "error": null
  },
  {
    "stepId": "pw:api@8645",
    "browserCallId": "call@16235",
    "startTime": 388087.704,
    "endTime": 388102.455,
    "title": "Evaluate",
    "params": {
      "expression": "() => {\n  var _seedlandsHarness$sn, _seedlandsHarness;\n  return (_seedlandsHarness$sn = (_seedlandsHarness = window.__seedlandsHarness) === null || _seedlandsHarness === void 0 ? void 0 : _seedlandsHarness.snapshot()) !== null && _seedlandsHarness$sn !== void 0 ? _seedlandsHarness$sn : null;\n}",
      "isFunction": "true",
      "arg": "Object"
    },
    "source": "/private/tmp/seedlands-v2-acceptance-8ae9e354/apps/web/tests/e2e/classic-support/harness.ts:102",
    "snapshot": {
      "player": [
        79.24520874023438,
        32.599998474121094,
        -0.4650242328643799
      ],
      "server": [
        79.24520688254161,
        32.6,
        -0.4650242317739312
      ],
      "view": [
        -1172.7699999999998,
        -20.03000000000001
      ],
      "onGround": true,
      "colliding": false,
      "tick": 20314,
      "ack": 13613,
      "interactions": 32,
      "worldRevision": 160,
      "inventoryOps": 39,
      "worldItems": 0
    },
    "error": null
  },
  {
    "stepId": "pw:api@8646",
    "startTime": 388103.314,
    "endTime": 388106.504,
    "title": "Key down \"KeyS\"",
    "params": {
      "key": "KeyS"
    },
    "source": "/private/tmp/seedlands-v2-acceptance-8ae9e354/apps/web/tests/e2e/classic-support/harness.ts:248",
    "error": null
  },
  {
    "stepId": "pw:api@8647",
    "startTime": 388188.962,
    "endTime": 388194.503,
    "title": "Key up \"KeyS\"",
    "params": {
      "key": "KeyS"
    },
    "source": "/private/tmp/seedlands-v2-acceptance-8ae9e354/apps/web/tests/e2e/classic-support/harness.ts:254",
    "error": null
  },
  {
    "stepId": "pw:api@8649",
    "browserCallId": "call@16241",
    "startTime": 388195.224,
    "endTime": 388210.819,
    "title": "Evaluate",
    "params": {
      "expression": "() => {\n  var _seedlandsHarness$sn, _seedlandsHarness;\n  return (_seedlandsHarness$sn = (_seedlandsHarness = window.__seedlandsHarness) === null || _seedlandsHarness === void 0 ? void 0 : _seedlandsHarness.snapshot()) !== null && _seedlandsHarness$sn !== void 0 ? _seedlandsHarness$sn : null;\n}",
      "isFunction": "true",
      "arg": "Object"
    },
    "source": "/private/tmp/seedlands-v2-acceptance-8ae9e354/apps/web/tests/e2e/classic-support/harness.ts:102",
    "snapshot": {
      "player": [
        79.03687286376953,
        32.599998474121094,
        -0.4831467866897583
      ],
      "server": [
        79.16187354920828,
        32.6,
        -0.47589775958876857
      ],
      "view": [
        -1172.7699999999998,
        -20.03000000000001
      ],
      "onGround": true,
      "colliding": false,
      "tick": 20320,
      "ack": 13619,
      "interactions": 32,
      "worldRevision": 160,
      "inventoryOps": 39,
      "worldItems": 0
    },
    "error": null
  },
  {
    "stepId": "pw:api@8651",
    "browserCallId": "call@16243",
    "startTime": 388212.382,
    "endTime": 388228.267,
    "title": "Evaluate",
    "params": {
      "expression": "() => {\n  var _seedlandsHarness$sn, _seedlandsHarness;\n  return (_seedlandsHarness$sn = (_seedlandsHarness = window.__seedlandsHarness) === null || _seedlandsHarness === void 0 ? void 0 : _seedlandsHarness.snapshot()) !== null && _seedlandsHarness$sn !== void 0 ? _seedlandsHarness$sn : null;\n}",
      "isFunction": "true",
      "arg": "Object"
    },
    "source": "/private/tmp/seedlands-v2-acceptance-8ae9e354/apps/web/tests/e2e/classic-support/harness.ts:102",
    "snapshot": {
      "player": [
        78.98131561279297,
        32.599998474121094,
        -0.4831467866897583
      ],
      "server": [
        79.16187354920828,
        32.6,
        -0.47589775958876857
      ],
      "view": [
        -1172.7699999999998,
        -20.03000000000001
      ],
      "onGround": true,
      "colliding": false,
      "tick": 20320,
      "ack": 13619,
      "interactions": 32,
      "worldRevision": 160,
      "inventoryOps": 39,
      "worldItems": 0
    },
    "error": null
  },
  {
    "stepId": "pw:api@8652",
    "browserCallId": "call@16245",
    "startTime": 388229.236,
    "endTime": 388231.88,
    "title": "Bounding box locator('#game')",
    "params": {
      "selector": "#game",
      "strict": "true",
      "state": "attached"
    },
    "source": "/private/tmp/seedlands-v2-acceptance-8ae9e354/apps/web/tests/e2e/classic-support/mouse-input.ts:24",
    "error": null
  },
  {
    "stepId": "pw:api@8653",
    "startTime": 388232.242,
    "endTime": 388239.317,
    "title": "Mouse move",
    "params": {
      "x": "230.44898055237113",
      "y": "270"
    },
    "source": "/private/tmp/seedlands-v2-acceptance-8ae9e354/apps/web/tests/e2e/classic-support/mouse-input.ts:43",
    "error": null
  },
  {
    "stepId": "pw:api@8654",
    "browserCallId": "call@16251",
    "startTime": 388239.775,
    "endTime": 388274.183,
    "title": "Evaluate",
    "params": {
      "expression": "() => new Promise(resolve => requestAnimationFrame(() => requestAnimationFrame(() => resolve())))",
      "isFunction": "true",
      "arg": "Object"
    },
    "source": "/private/tmp/seedlands-v2-acceptance-8ae9e354/apps/web/tests/e2e/classic-support/mouse-input.ts:45",
    "error": null
  },
  {
    "stepId": "pw:api@8655",
    "browserCallId": "call@16253",
    "startTime": 388274.667,
    "endTime": 388287.625,
    "title": "Evaluate",
    "params": {
      "expression": "() => {\n  var _seedlandsHarness$sn, _seedlandsHarness;\n  return (_seedlandsHarness$sn = (_seedlandsHarness = window.__seedlandsHarness) === null || _seedlandsHarness === void 0 ? void 0 : _seedlandsHarness.snapshot()) !== null && _seedlandsHarness$sn !== void 0 ? _seedlandsHarness$sn : null;\n}",
      "isFunction": "true",
      "arg": "Object"
    },
    "source": "/private/tmp/seedlands-v2-acceptance-8ae9e354/apps/web/tests/e2e/classic-support/harness.ts:102",
    "snapshot": {
      "player": [
        78.89798736572266,
        32.599998474121094,
        -0.4831467866897583
      ],
      "server": [
        78.93965132698605,
        32.6,
        -0.48314677813199347
      ],
      "view": [
        -1171.9899999999998,
        -20.03000000000001
      ],
      "onGround": true,
      "colliding": false,
      "tick": 20324,
      "ack": 13623,
      "interactions": 32,
      "worldRevision": 160,
      "inventoryOps": 39,
      "worldItems": 0
    },
    "error": null
  },
  {
    "stepId": "pw:api@8656",
    "browserCallId": "call@16255",
    "startTime": 388288.624,
    "endTime": 388293.267,
    "title": "Bounding box locator('#game')",
    "params": {
      "selector": "#game",
      "strict": "true",
      "state": "attached"
    },
    "source": "/private/tmp/seedlands-v2-acceptance-8ae9e354/apps/web/tests/e2e/classic-support/mouse-input.ts:24",
    "error": null
  },
  {
    "stepId": "pw:api@8657",
    "startTime": 388293.669,
    "endTime": 388305.925,
    "title": "Mouse move",
    "params": {
      "x": "233.7936282172097",
      "y": "270"
    },
    "source": "/private/tmp/seedlands-v2-acceptance-8ae9e354/apps/web/tests/e2e/classic-support/mouse-input.ts:43",
    "error": null
  },
  {
    "stepId": "pw:api@8658",
    "browserCallId": "call@16261",
    "startTime": 388306.396,
    "endTime": 388341.598,
    "title": "Evaluate",
    "params": {
      "expression": "() => new Promise(resolve => requestAnimationFrame(() => requestAnimationFrame(() => resolve())))",
      "isFunction": "true",
      "arg": "Object"
    },
    "source": "/private/tmp/seedlands-v2-acceptance-8ae9e354/apps/web/tests/e2e/classic-support/mouse-input.ts:45",
    "error": null
  },
  {
    "stepId": "pw:api@8659",
    "browserCallId": "call@16263",
    "startTime": 388342.036,
    "endTime": 388354.787,
    "title": "Evaluate",
    "params": {
      "expression": "() => {\n  var _seedlandsHarness$sn, _seedlandsHarness;\n  return (_seedlandsHarness$sn = (_seedlandsHarness = window.__seedlandsHarness) === null || _seedlandsHarness === void 0 ? void 0 : _seedlandsHarness.snapshot()) !== null && _seedlandsHarness$sn !== void 0 ? _seedlandsHarness$sn : null;\n}",
      "isFunction": "true",
      "arg": "Object"
    },
    "source": "/private/tmp/seedlands-v2-acceptance-8ae9e354/apps/web/tests/e2e/classic-support/harness.ts:102",
    "snapshot": {
      "player": [
        78.89798736572266,
        32.599998474121094,
        -0.4831467866897583
      ],
      "server": [
        78.8979846603194,
        32.6,
        -0.48314677813199347
      ],
      "view": [
        -1172.3799999999999,
        -20.03000000000001
      ],
      "onGround": true,
      "colliding": false,
      "tick": 20329,
      "ack": 13628,
      "interactions": 32,
      "worldRevision": 160,
      "inventoryOps": 39,
      "worldItems": 0
    },
    "error": null
  },
  {
    "stepId": "pw:api@8660",
    "browserCallId": "call@16265",
    "startTime": 388355.935,
    "endTime": 388369.043,
    "title": "Evaluate",
    "params": {
      "expression": "() => {\n  var _seedlandsHarness$sn, _seedlandsHarness;\n  return (_seedlandsHarness$sn = (_seedlandsHarness = window.__seedlandsHarness) === null || _seedlandsHarness === void 0 ? void 0 : _seedlandsHarness.snapshot()) !== null && _seedlandsHarness$sn !== void 0 ? _seedlandsHarness$sn : null;\n}",
      "isFunction": "true",
      "arg": "Object"
    },
    "source": "/private/tmp/seedlands-v2-acceptance-8ae9e354/apps/web/tests/e2e/classic-support/harness.ts:102",
    "snapshot": {
      "player": [
        78.89798736572266,
        32.599998474121094,
        -0.4831467866897583
      ],
      "server": [
        78.8979846603194,
        32.6,
        -0.48314677813199347
      ],
      "view": [
        -1172.3799999999999,
        -20.03000000000001
      ],
      "onGround": true,
      "colliding": false,
      "tick": 20329,
      "ack": 13628,
      "interactions": 32,
      "worldRevision": 160,
      "inventoryOps": 39,
      "worldItems": 0
    },
    "error": null
  },
  {
    "stepId": "pw:api@8661",
    "startTime": 388370.528,
    "endTime": 388373.578,
    "title": "Key down \"KeyS\"",
    "params": {
      "key": "KeyS"
    },
    "source": "/private/tmp/seedlands-v2-acceptance-8ae9e354/apps/web/tests/e2e/classic-support/harness.ts:248",
    "error": null
  },
  {
    "stepId": "pw:api@8662",
    "startTime": 388454.445,
    "endTime": 388457.703,
    "title": "Key up \"KeyS\"",
    "params": {
      "key": "KeyS"
    },
    "source": "/private/tmp/seedlands-v2-acceptance-8ae9e354/apps/web/tests/e2e/classic-support/harness.ts:254",
    "error": null
  },
  {
    "stepId": "pw:api@8664",
    "browserCallId": "call@16271",
    "startTime": 388458.46,
    "endTime": 388471.387,
    "title": "Evaluate",
    "params": {
      "expression": "() => {\n  var _seedlandsHarness$sn, _seedlandsHarness;\n  return (_seedlandsHarness$sn = (_seedlandsHarness = window.__seedlandsHarness) === null || _seedlandsHarness === void 0 ? void 0 : _seedlandsHarness.snapshot()) !== null && _seedlandsHarness$sn !== void 0 ? _seedlandsHarness$sn : null;\n}",
      "isFunction": "true",
      "arg": "Object"
    },
    "source": "/private/tmp/seedlands-v2-acceptance-8ae9e354/apps/web/tests/e2e/classic-support/harness.ts:102",
    "snapshot": {
      "player": [
        78.68965148925781,
        32.599998474121094,
        -0.49871936440467834
      ],
      "server": [
        78.85631799365274,
        32.6,
        -0.48937581197653657
      ],
      "view": [
        -1172.3799999999999,
        -20.03000000000001
      ],
      "onGround": true,
      "colliding": false,
      "tick": 20335,
      "ack": 13634,
      "interactions": 32,
      "worldRevision": 160,
      "inventoryOps": 39,
      "worldItems": 0
    },
    "error": null
  },
  {
    "stepId": "pw:api@8666",
    "browserCallId": "call@16273",
    "startTime": 388473.132,
    "endTime": 388487.715,
    "title": "Evaluate",
    "params": {
      "expression": "() => {\n  var _seedlandsHarness$sn, _seedlandsHarness;\n  return (_seedlandsHarness$sn = (_seedlandsHarness = window.__seedlandsHarness) === null || _seedlandsHarness === void 0 ? void 0 : _seedlandsHarness.snapshot()) !== null && _seedlandsHarness$sn !== void 0 ? _seedlandsHarness$sn : null;\n}",
      "isFunction": "true",
      "arg": "Object"
    },
    "source": "/private/tmp/seedlands-v2-acceptance-8ae9e354/apps/web/tests/e2e/classic-support/harness.ts:102",
    "snapshot": {
      "player": [
        78.63409423828125,
        32.599998474121094,
        -0.49871936440467834
      ],
      "server": [
        78.75909577143051,
        32.6,
        -0.49560484582107966
      ],
      "view": [
        -1172.3799999999999,
        -20.03000000000001
      ],
      "onGround": true,
      "colliding": false,
      "tick": 20337,
      "ack": 13636,
      "interactions": 32,
      "worldRevision": 160,
      "inventoryOps": 39,
      "worldItems": 0
    },
    "error": null
  },
  {
    "stepId": "pw:api@8667",
    "browserCallId": "call@16275",
    "startTime": 388488.794,
    "endTime": 388493.376,
    "title": "Bounding box locator('#game')",
    "params": {
      "selector": "#game",
      "strict": "true",
      "state": "attached"
    },
    "source": "/private/tmp/seedlands-v2-acceptance-8ae9e354/apps/web/tests/e2e/classic-support/mouse-input.ts:24",
    "error": null
  },
  {
    "stepId": "pw:api@8668",
    "startTime": 388493.752,
    "endTime": 388506.92,
    "title": "Mouse move",
    "params": {
      "x": "219.6949611318601",
      "y": "270"
    },
    "source": "/private/tmp/seedlands-v2-acceptance-8ae9e354/apps/web/tests/e2e/classic-support/mouse-input.ts:43",
    "error": null
  },
  {
    "stepId": "pw:api@8669",
    "browserCallId": "call@16281",
    "startTime": 388507.361,
    "endTime": 388540.222,
    "title": "Evaluate",
    "params": {
      "expression": "() => new Promise(resolve => requestAnimationFrame(() => requestAnimationFrame(() => resolve())))",
      "isFunction": "true",
      "arg": "Object"
    },
    "source": "/private/tmp/seedlands-v2-acceptance-8ae9e354/apps/web/tests/e2e/classic-support/mouse-input.ts:45",
    "error": null
  },
  {
    "stepId": "pw:api@8670",
    "browserCallId": "call@16283",
    "startTime": 388540.712,
    "endTime": 388553.625,
    "title": "Evaluate",
    "params": {
      "expression": "() => {\n  var _seedlandsHarness$sn, _seedlandsHarness;\n  return (_seedlandsHarness$sn = (_seedlandsHarness = window.__seedlandsHarness) === null || _seedlandsHarness === void 0 ? void 0 : _seedlandsHarness.snapshot()) !== null && _seedlandsHarness$sn !== void 0 ? _seedlandsHarness$sn : null;\n}",
      "isFunction": "true",
      "arg": "Object"
    },
    "source": "/private/tmp/seedlands-v2-acceptance-8ae9e354/apps/web/tests/e2e/classic-support/harness.ts:102",
    "snapshot": {
      "player": [
        78.55076599121094,
        32.599998474121094,
        -0.49871936440467834
      ],
      "server": [
        78.56465132698607,
        32.6,
        -0.4987193627433512
      ],
      "view": [
        -1170.56,
        -20.03000000000001
      ],
      "onGround": true,
      "colliding": false,
      "tick": 20341,
      "ack": 13640,
      "interactions": 32,
      "worldRevision": 160,
      "inventoryOps": 39,
      "worldItems": 0
    },
    "error": null
  },
  {
    "stepId": "pw:api@8672",
    "browserCallId": "call@16285",
    "startTime": 388554.768,
    "endTime": 388569.353,
    "title": "Evaluate",
    "params": {
      "expression": "() => {\n  var _seedlandsHarness$sn, _seedlandsHarness;\n  return (_seedlandsHarness$sn = (_seedlandsHarness = window.__seedlandsHarness) === null || _seedlandsHarness === void 0 ? void 0 : _seedlandsHarness.snapshot()) !== null && _seedlandsHarness$sn !== void 0 ? _seedlandsHarness$sn : null;\n}",
      "isFunction": "true",
      "arg": "Object"
    },
    "source": "/private/tmp/seedlands-v2-acceptance-8ae9e354/apps/web/tests/e2e/classic-support/harness.ts:102",
    "snapshot": {
      "player": [
        78.55076599121094,
        32.599998474121094,
        -0.49871936440467834
      ],
      "server": [
        78.55076243809718,
        32.6,
        -0.4987193627433512
      ],
      "view": [
        -1170.56,
        -20.03000000000001
      ],
      "onGround": true,
      "colliding": false,
      "tick": 20342,
      "ack": 13641,
      "interactions": 32,
      "worldRevision": 160,
      "inventoryOps": 39,
      "worldItems": 0
    },
    "error": null
  },
  {
    "stepId": "pw:api@8674",
    "browserCallId": "call@16287",
    "startTime": 388570.806,
    "endTime": 388585.081,
    "title": "Evaluate",
    "params": {
      "expression": "() => {\n  var _seedlandsHarness$sn, _seedlandsHarness;\n  return (_seedlandsHarness$sn = (_seedlandsHarness = window.__seedlandsHarness) === null || _seedlandsHarness === void 0 ? void 0 : _seedlandsHarness.snapshot()) !== null && _seedlandsHarness$sn !== void 0 ? _seedlandsHarness$sn : null;\n}",
      "isFunction": "true",
      "arg": "Object"
    },
    "source": "/private/tmp/seedlands-v2-acceptance-8ae9e354/apps/web/tests/e2e/classic-support/harness.ts:102",
    "snapshot": {
      "player": [
        78.55076599121094,
        32.599998474121094,
        -0.49871936440467834
      ],
      "server": [
        78.55076243809718,
        32.6,
        -0.4987193627433512
      ],
      "view": [
        -1170.56,
        -20.03000000000001
      ],
      "onGround": true,
      "colliding": false,
      "tick": 20342,
      "ack": 13641,
      "interactions": 32,
      "worldRevision": 160,
      "inventoryOps": 39,
      "worldItems": 0
    },
    "error": null
  },
  {
    "stepId": "pw:api@8675",
    "browserCallId": "call@16289",
    "startTime": 388585.912,
    "endTime": 388598.537,
    "title": "Evaluate",
    "params": {
      "expression": "() => {\n  var _seedlandsHarness$sn, _seedlandsHarness;\n  return (_seedlandsHarness$sn = (_seedlandsHarness = window.__seedlandsHarness) === null || _seedlandsHarness === void 0 ? void 0 : _seedlandsHarness.snapshot()) !== null && _seedlandsHarness$sn !== void 0 ? _seedlandsHarness$sn : null;\n}",
      "isFunction": "true",
      "arg": "Object"
    },
    "source": "/private/tmp/seedlands-v2-acceptance-8ae9e354/apps/web/tests/e2e/classic-support/harness.ts:102",
    "snapshot": {
      "player": [
        78.55076599121094,
        32.599998474121094,
        -0.49871936440467834
      ],
      "server": [
        78.55076243809718,
        32.6,
        -0.4987193627433512
      ],
      "view": [
        -1170.56,
        -20.03000000000001
      ],
      "onGround": true,
      "colliding": false,
      "tick": 20343,
      "ack": 13642,
      "interactions": 32,
      "worldRevision": 160,
      "inventoryOps": 39,
      "worldItems": 0
    },
    "error": null
  },
  {
    "stepId": "pw:api@8676",
    "browserCallId": "call@16291",
    "startTime": 388599.446,
    "endTime": 388612.645,
    "title": "Evaluate",
    "params": {
      "expression": "() => {\n  var _seedlandsHarness$sn, _seedlandsHarness;\n  return (_seedlandsHarness$sn = (_seedlandsHarness = window.__seedlandsHarness) === null || _seedlandsHarness === void 0 ? void 0 : _seedlandsHarness.snapshot()) !== null && _seedlandsHarness$sn !== void 0 ? _seedlandsHarness$sn : null;\n}",
      "isFunction": "true",
      "arg": "Object"
    },
    "source": "/private/tmp/seedlands-v2-acceptance-8ae9e354/apps/web/tests/e2e/classic-support/harness.ts:102",
    "snapshot": {
      "player": [
        78.55076599121094,
        32.599998474121094,
        -0.49871936440467834
      ],
      "server": [
        78.55076243809718,
        32.6,
        -0.4987193627433512
      ],
      "view": [
        -1170.56,
        -20.03000000000001
      ],
      "onGround": true,
      "colliding": false,
      "tick": 20344,
      "ack": 13643,
      "interactions": 32,
      "worldRevision": 160,
      "inventoryOps": 39,
      "worldItems": 0
    },
    "error": null
  },
  {
    "stepId": "pw:api@8677",
    "browserCallId": "call@16293",
    "startTime": 388613.476,
    "endTime": 388615.976,
    "title": "Bounding box locator('#game')",
    "params": {
      "selector": "#game",
      "strict": "true",
      "state": "attached"
    },
    "source": "/private/tmp/seedlands-v2-acceptance-8ae9e354/apps/web/tests/e2e/classic-support/mouse-input.ts:24",
    "error": null
  },
  {
    "stepId": "pw:api@8678",
    "startTime": 388616.301,
    "endTime": 388623.506,
    "title": "Mouse move",
    "params": {
      "x": "139.6949611318601",
      "y": "270"
    },
    "source": "/private/tmp/seedlands-v2-acceptance-8ae9e354/apps/web/tests/e2e/classic-support/mouse-input.ts:43",
    "error": null
  },
  {
    "stepId": "pw:api@8679",
    "browserCallId": "call@16299",
    "startTime": 388623.977,
    "endTime": 388656.282,
    "title": "Evaluate",
    "params": {
      "expression": "() => new Promise(resolve => requestAnimationFrame(() => requestAnimationFrame(() => resolve())))",
      "isFunction": "true",
      "arg": "Object"
    },
    "source": "/private/tmp/seedlands-v2-acceptance-8ae9e354/apps/web/tests/e2e/classic-support/mouse-input.ts:45",
    "error": null
  },
  {
    "stepId": "pw:api@8680",
    "browserCallId": "call@16301",
    "startTime": 388656.717,
    "endTime": 388669.731,
    "title": "Evaluate",
    "params": {
      "expression": "() => {\n  var _seedlandsHarness$sn, _seedlandsHarness;\n  return (_seedlandsHarness$sn = (_seedlandsHarness = window.__seedlandsHarness) === null || _seedlandsHarness === void 0 ? void 0 : _seedlandsHarness.snapshot()) !== null && _seedlandsHarness$sn !== void 0 ? _seedlandsHarness$sn : null;\n}",
      "isFunction": "true",
      "arg": "Object"
    },
    "source": "/private/tmp/seedlands-v2-acceptance-8ae9e354/apps/web/tests/e2e/classic-support/harness.ts:102",
    "snapshot": {
      "player": [
        78.55076599121094,
        32.599998474121094,
        -0.49871936440467834
      ],
      "server": [
        78.55076243809718,
        32.6,
        -0.4987193627433512
      ],
      "view": [
        -1160.1599999999999,
        -20.03000000000001
      ],
      "onGround": true,
      "colliding": false,
      "tick": 20347,
      "ack": 13646,
      "interactions": 32,
      "worldRevision": 160,
      "inventoryOps": 39,
      "worldItems": 0
    },
    "error": null
  },
  {
    "stepId": "pw:api@8681",
    "browserCallId": "call@16303",
    "startTime": 388670.692,
    "endTime": 388679.267,
    "title": "Bounding box locator('#game')",
    "params": {
      "selector": "#game",
      "strict": "true",
      "state": "attached"
    },
    "source": "/private/tmp/seedlands-v2-acceptance-8ae9e354/apps/web/tests/e2e/classic-support/mouse-input.ts:24",
    "error": null
  },
  {
    "stepId": "pw:api@8682",
    "browserCallId": "call@16307",
    "startTime": 388679.69,
    "endTime": 388683.148,
    "title": "Evaluate",
    "params": {
      "expression": "() => document.exitPointerLock()",
      "isFunction": "true",
      "arg": "Object"
    },
    "source": "/private/tmp/seedlands-v2-acceptance-8ae9e354/apps/web/tests/e2e/classic-support/mouse-input.ts:33",
    "error": null
  },
  {
    "stepId": "pw:api@8683",
    "browserCallId": "call@16309",
    "startTime": 388683.555,
    "endTime": 388685.164,
    "title": "Wait for function",
    "params": {
      "pollingInterval": "undefined",
      "expression": "() => document.pointerLockElement === null",
      "isFunction": "true",
      "arg": "Object"
    },
    "source": "/private/tmp/seedlands-v2-acceptance-8ae9e354/apps/web/tests/e2e/classic-support/mouse-input.ts:34",
    "error": null
  },
  {
    "stepId": "pw:api@8684",
    "startTime": 388685.512,
    "endTime": 390190.461,
    "title": "Wait for timeout",
    "params": {
      "waitTimeout": "1500"
    },
    "source": "/private/tmp/seedlands-v2-acceptance-8ae9e354/apps/web/tests/e2e/classic-support/mouse-input.ts:36",
    "error": null
  },
  {
    "stepId": "pw:api@8685",
    "browserCallId": "call@16313",
    "startTime": 390191.567,
    "endTime": 390196.472,
    "title": "Is visible getByRole('button', { name: '继续游戏', exact: true })",
    "params": {
      "selector": "internal:role=button[name=\"继续游戏\"s]",
      "strict": "true"
    },
    "source": "/private/tmp/seedlands-v2-acceptance-8ae9e354/apps/web/tests/e2e/classic-support/mouse-input.ts:38",
    "error": null
  },
  {
    "stepId": "pw:api@8686",
    "startTime": 390197.298,
    "endTime": 390232.441,
    "title": "Click getByRole('button', { name: '继续游戏', exact: true })",
    "params": {
      "selector": "internal:role=button[name=\"继续游戏\"s]",
      "strict": "true"
    },
    "source": "/private/tmp/seedlands-v2-acceptance-8ae9e354/apps/web/tests/e2e/classic-support/mouse-input.ts:38",
    "error": null
  },
  {
    "stepId": "pw:api@8687",
    "browserCallId": "call@16317",
    "startTime": 390233.472,
    "endTime": 390237.478,
    "title": "Is visible locator('#debug')",
    "params": {
      "selector": "#debug",
      "strict": "true"
    },
    "source": "/private/tmp/seedlands-v2-acceptance-8ae9e354/apps/web/tests/e2e/classic-support/mouse-input.ts:7",
    "error": null
  },
  {
    "stepId": "pw:api@8688",
    "browserCallId": "call@16319",
    "startTime": 390238.607,
    "endTime": 390295.985,
    "title": "Bounding box locator('#game')",
    "params": {
      "selector": "#game",
      "strict": "true",
      "state": "attached"
    },
    "source": "/private/tmp/seedlands-v2-acceptance-8ae9e354/apps/web/tests/e2e/classic-support/mouse-input.ts:9",
    "error": null
  },
  {
    "stepId": "pw:api@8689",
    "startTime": 390296.5,
    "endTime": 390334.932,
    "title": "Click locator('#game')",
    "params": {
      "selector": "#game",
      "strict": "true",
      "position": "Object"
    },
    "source": "/private/tmp/seedlands-v2-acceptance-8ae9e354/apps/web/tests/e2e/classic-support/mouse-input.ts:11",
    "error": null
  },
  {
    "stepId": "pw:api@8690",
    "browserCallId": "call@16325",
    "startTime": 390335.422,
    "endTime": 390337.031,
    "title": "Wait for function",
    "params": {
      "pollingInterval": "undefined",
      "expression": "() => {\n    var _document$pointerLock;\n    return ((_document$pointerLock = document.pointerLockElement) === null || _document$pointerLock === void 0 ? void 0 : _document$pointerLock.id) === 'game';\n  }",
      "isFunction": "true",
      "arg": "Object"
    },
    "source": "/private/tmp/seedlands-v2-acceptance-8ae9e354/apps/web/tests/e2e/classic-support/mouse-input.ts:12",
    "error": null
  },
  {
    "stepId": "pw:api@8691",
    "startTime": 390337.448,
    "endTime": 390379.038,
    "title": "Mouse move",
    "params": {
      "x": "400",
      "y": "270"
    },
    "source": "/private/tmp/seedlands-v2-acceptance-8ae9e354/apps/web/tests/e2e/classic-support/mouse-input.ts:43",
    "error": null
  },
  {
    "stepId": "pw:api@8692",
    "browserCallId": "call@16329",
    "startTime": 390379.521,
    "endTime": 390407.564,
    "title": "Evaluate",
    "params": {
      "expression": "() => new Promise(resolve => requestAnimationFrame(() => requestAnimationFrame(() => resolve())))",
      "isFunction": "true",
      "arg": "Object"
    },
    "source": "/private/tmp/seedlands-v2-acceptance-8ae9e354/apps/web/tests/e2e/classic-support/mouse-input.ts:45",
    "error": null
  },
  {
    "stepId": "pw:api@8693",
    "browserCallId": "call@16331",
    "startTime": 390408.071,
    "endTime": 390431.075,
    "title": "Evaluate",
    "params": {
      "expression": "() => {\n  var _seedlandsHarness$sn, _seedlandsHarness;\n  return (_seedlandsHarness$sn = (_seedlandsHarness = window.__seedlandsHarness) === null || _seedlandsHarness === void 0 ? void 0 : _seedlandsHarness.snapshot()) !== null && _seedlandsHarness$sn !== void 0 ? _seedlandsHarness$sn : null;\n}",
      "isFunction": "true",
      "arg": "Object"
    },
    "source": "/private/tmp/seedlands-v2-acceptance-8ae9e354/apps/web/tests/e2e/classic-support/harness.ts:102",
    "snapshot": {
      "player": [
        78.55076599121094,
        32.599998474121094,
        -0.49871936440467834
      ],
      "server": [
        78.55076243809718,
        32.6,
        -0.4987193627433512
      ],
      "view": [
        -1149.7599999999998,
        -20.03000000000001
      ],
      "onGround": true,
      "colliding": false,
      "tick": 20360,
      "ack": 13660,
      "interactions": 32,
      "worldRevision": 160,
      "inventoryOps": 39,
      "worldItems": 0
    },
    "error": null
  },
  {
    "stepId": "pw:api@8694",
    "browserCallId": "call@16333",
    "startTime": 390433.311,
    "endTime": 390437.552,
    "title": "Bounding box locator('#game')",
    "params": {
      "selector": "#game",
      "strict": "true",
      "state": "attached"
    },
    "source": "/private/tmp/seedlands-v2-acceptance-8ae9e354/apps/web/tests/e2e/classic-support/mouse-input.ts:24",
    "error": null
  },
  {
    "stepId": "pw:api@8695",
    "startTime": 390438.376,
    "endTime": 390456.891,
    "title": "Mouse move",
    "params": {
      "x": "320",
      "y": "270"
    },
    "source": "/private/tmp/seedlands-v2-acceptance-8ae9e354/apps/web/tests/e2e/classic-support/mouse-input.ts:43",
    "error": null
  },
  {
    "stepId": "pw:api@8696",
    "browserCallId": "call@16339",
    "startTime": 390457.364,
    "endTime": 390496.143,
    "title": "Evaluate",
    "params": {
      "expression": "() => new Promise(resolve => requestAnimationFrame(() => requestAnimationFrame(() => resolve())))",
      "isFunction": "true",
      "arg": "Object"
    },
    "source": "/private/tmp/seedlands-v2-acceptance-8ae9e354/apps/web/tests/e2e/classic-support/mouse-input.ts:45",
    "error": null
  },
  {
    "stepId": "pw:api@8697",
    "browserCallId": "call@16341",
    "startTime": 390496.596,
    "endTime": 390512.77,
    "title": "Evaluate",
    "params": {
      "expression": "() => {\n  var _seedlandsHarness$sn, _seedlandsHarness;\n  return (_seedlandsHarness$sn = (_seedlandsHarness = window.__seedlandsHarness) === null || _seedlandsHarness === void 0 ? void 0 : _seedlandsHarness.snapshot()) !== null && _seedlandsHarness$sn !== void 0 ? _seedlandsHarness$sn : null;\n}",
      "isFunction": "true",
      "arg": "Object"
    },
    "source": "/private/tmp/seedlands-v2-acceptance-8ae9e354/apps/web/tests/e2e/classic-support/harness.ts:102",
    "snapshot": {
      "player": [
        78.55076599121094,
        32.599998474121094,
        -0.49871936440467834
      ],
      "server": [
        78.55076243809718,
        32.6,
        -0.4987193627433512
      ],
      "view": [
        -1139.3599999999997,
        -20.03000000000001
      ],
      "onGround": true,
      "colliding": false,
      "tick": 20365,
      "ack": 13665,
      "interactions": 32,
      "worldRevision": 160,
      "inventoryOps": 39,
      "worldItems": 0
    },
    "error": null
  },
  {
    "stepId": "pw:api@8698",
    "browserCallId": "call@16343",
    "startTime": 390513.919,
    "endTime": 390516.582,
    "title": "Bounding box locator('#game')",
    "params": {
      "selector": "#game",
      "strict": "true",
      "state": "attached"
    },
    "source": "/private/tmp/seedlands-v2-acceptance-8ae9e354/apps/web/tests/e2e/classic-support/mouse-input.ts:24",
    "error": null
  },
  {
    "stepId": "pw:api@8699",
    "startTime": 390516.919,
    "endTime": 390524.27,
    "title": "Mouse move",
    "params": {
      "x": "240",
      "y": "270"
    },
    "source": "/private/tmp/seedlands-v2-acceptance-8ae9e354/apps/web/tests/e2e/classic-support/mouse-input.ts:43",
    "error": null
  },
  {
    "stepId": "pw:api@8700",
    "browserCallId": "call@16349",
    "startTime": 390524.806,
    "endTime": 390556.046,
    "title": "Evaluate",
    "params": {
      "expression": "() => new Promise(resolve => requestAnimationFrame(() => requestAnimationFrame(() => resolve())))",
      "isFunction": "true",
      "arg": "Object"
    },
    "source": "/private/tmp/seedlands-v2-acceptance-8ae9e354/apps/web/tests/e2e/classic-support/mouse-input.ts:45",
    "error": null
  },
  {
    "stepId": "pw:api@8701",
    "browserCallId": "call@16351",
    "startTime": 390556.499,
    "endTime": 390569.427,
    "title": "Evaluate",
    "params": {
      "expression": "() => {\n  var _seedlandsHarness$sn, _seedlandsHarness;\n  return (_seedlandsHarness$sn = (_seedlandsHarness = window.__seedlandsHarness) === null || _seedlandsHarness === void 0 ? void 0 : _seedlandsHarness.snapshot()) !== null && _seedlandsHarness$sn !== void 0 ? _seedlandsHarness$sn : null;\n}",
      "isFunction": "true",
      "arg": "Object"
    },
    "source": "/private/tmp/seedlands-v2-acceptance-8ae9e354/apps/web/tests/e2e/classic-support/harness.ts:102",
    "snapshot": {
      "player": [
        78.55076599121094,
        32.599998474121094,
        -0.49871936440467834
      ],
      "server": [
        78.55076243809718,
        32.6,
        -0.4987193627433512
      ],
      "view": [
        -1128.9599999999996,
        -20.03000000000001
      ],
      "onGround": true,
      "colliding": false,
      "tick": 20368,
      "ack": 13668,
      "interactions": 32,
      "worldRevision": 160,
      "inventoryOps": 39,
      "worldItems": 0
    },
    "error": null
  },
  {
    "stepId": "pw:api@8702",
    "browserCallId": "call@16353",
    "startTime": 390570.323,
    "endTime": 390575.368,
    "title": "Bounding box locator('#game')",
    "params": {
      "selector": "#game",
      "strict": "true",
      "state": "attached"
    },
    "source": "/private/tmp/seedlands-v2-acceptance-8ae9e354/apps/web/tests/e2e/classic-support/mouse-input.ts:24",
    "error": null
  },
  {
    "stepId": "pw:api@8703",
    "startTime": 390575.733,
    "endTime": 390590.436,
    "title": "Mouse move",
    "params": {
      "x": "160",
      "y": "270"
    },
    "source": "/private/tmp/seedlands-v2-acceptance-8ae9e354/apps/web/tests/e2e/classic-support/mouse-input.ts:43",
    "error": null
  },
  {
    "stepId": "pw:api@8704",
    "browserCallId": "call@16359",
    "startTime": 390590.927,
    "endTime": 390623.179,
    "title": "Evaluate",
    "params": {
      "expression": "() => new Promise(resolve => requestAnimationFrame(() => requestAnimationFrame(() => resolve())))",
      "isFunction": "true",
      "arg": "Object"
    },
    "source": "/private/tmp/seedlands-v2-acceptance-8ae9e354/apps/web/tests/e2e/classic-support/mouse-input.ts:45",
    "error": null
  },
  {
    "stepId": "pw:api@8705",
    "browserCallId": "call@16361",
    "startTime": 390623.614,
    "endTime": 390636.525,
    "title": "Evaluate",
    "params": {
      "expression": "() => {\n  var _seedlandsHarness$sn, _seedlandsHarness;\n  return (_seedlandsHarness$sn = (_seedlandsHarness = window.__seedlandsHarness) === null || _seedlandsHarness === void 0 ? void 0 : _seedlandsHarness.snapshot()) !== null && _seedlandsHarness$sn !== void 0 ? _seedlandsHarness$sn : null;\n}",
      "isFunction": "true",
      "arg": "Object"
    },
    "source": "/private/tmp/seedlands-v2-acceptance-8ae9e354/apps/web/tests/e2e/classic-support/harness.ts:102",
    "snapshot": {
      "player": [
        78.55076599121094,
        32.599998474121094,
        -0.49871936440467834
      ],
      "server": [
        78.55076243809718,
        32.6,
        -0.4987193627433512
      ],
      "view": [
        -1118.5599999999995,
        -20.03000000000001
      ],
      "onGround": true,
      "colliding": false,
      "tick": 20372,
      "ack": 13672,
      "interactions": 32,
      "worldRevision": 160,
      "inventoryOps": 39,
      "worldItems": 0
    },
    "error": null
  },
  {
    "stepId": "pw:api@8706",
    "browserCallId": "call@16363",
    "startTime": 390637.45,
    "endTime": 390641.649,
    "title": "Bounding box locator('#game')",
    "params": {
      "selector": "#game",
      "strict": "true",
      "state": "attached"
    },
    "source": "/private/tmp/seedlands-v2-acceptance-8ae9e354/apps/web/tests/e2e/classic-support/mouse-input.ts:24",
    "error": null
  },
  {
    "stepId": "pw:api@8707",
    "startTime": 390642.018,
    "endTime": 390656.393,
    "title": "Mouse move",
    "params": {
      "x": "80",
      "y": "270"
    },
    "source": "/private/tmp/seedlands-v2-acceptance-8ae9e354/apps/web/tests/e2e/classic-support/mouse-input.ts:43",
    "error": null
  },
  {
    "stepId": "pw:api@8708",
    "browserCallId": "call@16369",
    "startTime": 390656.812,
    "endTime": 390690.482,
    "title": "Evaluate",
    "params": {
      "expression": "() => new Promise(resolve => requestAnimationFrame(() => requestAnimationFrame(() => resolve())))",
      "isFunction": "true",
      "arg": "Object"
    },
    "source": "/private/tmp/seedlands-v2-acceptance-8ae9e354/apps/web/tests/e2e/classic-support/mouse-input.ts:45",
    "error": null
  },
  {
    "stepId": "pw:api@8709",
    "browserCallId": "call@16371",
    "startTime": 390690.935,
    "endTime": 390705.129,
    "title": "Evaluate",
    "params": {
      "expression": "() => {\n  var _seedlandsHarness$sn, _seedlandsHarness;\n  return (_seedlandsHarness$sn = (_seedlandsHarness = window.__seedlandsHarness) === null || _seedlandsHarness === void 0 ? void 0 : _seedlandsHarness.snapshot()) !== null && _seedlandsHarness$sn !== void 0 ? _seedlandsHarness$sn : null;\n}",
      "isFunction": "true",
      "arg": "Object"
    },
    "source": "/private/tmp/seedlands-v2-acceptance-8ae9e354/apps/web/tests/e2e/classic-support/harness.ts:102",
    "snapshot": {
      "player": [
        78.55076599121094,
        32.599998474121094,
        -0.49871936440467834
      ],
      "server": [
        78.55076243809718,
        32.6,
        -0.4987193627433512
      ],
      "view": [
        -1108.1599999999994,
        -20.03000000000001
      ],
      "onGround": true,
      "colliding": false,
      "tick": 20377,
      "ack": 13677,
      "interactions": 32,
      "worldRevision": 160,
      "inventoryOps": 39,
      "worldItems": 0
    },
    "error": null
  },
  {
    "stepId": "pw:api@8710",
    "browserCallId": "call@16373",
    "startTime": 390706.334,
    "endTime": 390710.254,
    "title": "Bounding box locator('#game')",
    "params": {
      "selector": "#game",
      "strict": "true",
      "state": "attached"
    },
    "source": "/private/tmp/seedlands-v2-acceptance-8ae9e354/apps/web/tests/e2e/classic-support/mouse-input.ts:24",
    "error": null
  },
  {
    "stepId": "pw:api@8711",
    "browserCallId": "call@16377",
    "startTime": 390710.658,
    "endTime": 390713.518,
    "title": "Evaluate",
    "params": {
      "expression": "() => document.exitPointerLock()",
      "isFunction": "true",
      "arg": "Object"
    },
    "source": "/private/tmp/seedlands-v2-acceptance-8ae9e354/apps/web/tests/e2e/classic-support/mouse-input.ts:33",
    "error": null
  },
  {
    "stepId": "pw:api@8712",
    "browserCallId": "call@16379",
    "startTime": 390713.926,
    "endTime": 390715.397,
    "title": "Wait for function",
    "params": {
      "pollingInterval": "undefined",
      "expression": "() => document.pointerLockElement === null",
      "isFunction": "true",
      "arg": "Object"
    },
    "source": "/private/tmp/seedlands-v2-acceptance-8ae9e354/apps/web/tests/e2e/classic-support/mouse-input.ts:34",
    "error": null
  },
  {
    "stepId": "pw:api@8713",
    "startTime": 390715.741,
    "endTime": 392219.936,
    "title": "Wait for timeout",
    "params": {
      "waitTimeout": "1500"
    },
    "source": "/private/tmp/seedlands-v2-acceptance-8ae9e354/apps/web/tests/e2e/classic-support/mouse-input.ts:36",
    "error": null
  },
  {
    "stepId": "pw:api@8714",
    "browserCallId": "call@16383",
    "startTime": 392220.442,
    "endTime": 392224.609,
    "title": "Is visible getByRole('button', { name: '继续游戏', exact: true })",
    "params": {
      "selector": "internal:role=button[name=\"继续游戏\"s]",
      "strict": "true"
    },
    "source": "/private/tmp/seedlands-v2-acceptance-8ae9e354/apps/web/tests/e2e/classic-support/mouse-input.ts:38",
    "error": null
  },
  {
    "stepId": "pw:api@8715",
    "startTime": 392225.107,
    "endTime": 392259.807,
    "title": "Click getByRole('button', { name: '继续游戏', exact: true })",
    "params": {
      "selector": "internal:role=button[name=\"继续游戏\"s]",
      "strict": "true"
    },
    "source": "/private/tmp/seedlands-v2-acceptance-8ae9e354/apps/web/tests/e2e/classic-support/mouse-input.ts:38",
    "error": null
  },
  {
    "stepId": "pw:api@8716",
    "browserCallId": "call@16387",
    "startTime": 392260.307,
    "endTime": 392262.02,
    "title": "Is visible locator('#debug')",
    "params": {
      "selector": "#debug",
      "strict": "true"
    },
    "source": "/private/tmp/seedlands-v2-acceptance-8ae9e354/apps/web/tests/e2e/classic-support/mouse-input.ts:7",
    "error": null
  },
  {
    "stepId": "pw:api@8717",
    "browserCallId": "call@16389",
    "startTime": 392262.438,
    "endTime": 392264.779,
    "title": "Bounding box locator('#game')",
    "params": {
      "selector": "#game",
      "strict": "true",
      "state": "attached"
    },
    "source": "/private/tmp/seedlands-v2-acceptance-8ae9e354/apps/web/tests/e2e/classic-support/mouse-input.ts:9",
    "error": null
  },
  {
    "stepId": "pw:api@8718",
    "startTime": 392265.17,
    "endTime": 392360.898,
    "title": "Click locator('#game')",
    "params": {
      "selector": "#game",
      "strict": "true",
      "position": "Object"
    },
    "source": "/private/tmp/seedlands-v2-acceptance-8ae9e354/apps/web/tests/e2e/classic-support/mouse-input.ts:11",
    "error": null
  },
  {
    "stepId": "pw:api@8719",
    "browserCallId": "call@16395",
    "startTime": 392361.39,
    "endTime": 392363.596,
    "title": "Wait for function",
    "params": {
      "pollingInterval": "undefined",
      "expression": "() => {\n    var _document$pointerLock;\n    return ((_document$pointerLock = document.pointerLockElement) === null || _document$pointerLock === void 0 ? void 0 : _document$pointerLock.id) === 'game';\n  }",
      "isFunction": "true",
      "arg": "Object"
    },
    "source": "/private/tmp/seedlands-v2-acceptance-8ae9e354/apps/web/tests/e2e/classic-support/mouse-input.ts:12",
    "error": null
  },
  {
    "stepId": "pw:api@8720",
    "startTime": 392363.971,
    "endTime": 392374.827,
    "title": "Mouse move",
    "params": {
      "x": "400",
      "y": "270"
    },
    "source": "/private/tmp/seedlands-v2-acceptance-8ae9e354/apps/web/tests/e2e/classic-support/mouse-input.ts:43",
    "error": null
  },
  {
    "stepId": "pw:api@8721",
    "browserCallId": "call@16399",
    "startTime": 392375.292,
    "endTime": 392406.732,
    "title": "Evaluate",
    "params": {
      "expression": "() => new Promise(resolve => requestAnimationFrame(() => requestAnimationFrame(() => resolve())))",
      "isFunction": "true",
      "arg": "Object"
    },
    "source": "/private/tmp/seedlands-v2-acceptance-8ae9e354/apps/web/tests/e2e/classic-support/mouse-input.ts:45",
    "error": null
  },
  {
    "stepId": "pw:api@8722",
    "browserCallId": "call@16401",
    "startTime": 392407.194,
    "endTime": 392423.141,
    "title": "Evaluate",
    "params": {
      "expression": "() => {\n  var _seedlandsHarness$sn, _seedlandsHarness;\n  return (_seedlandsHarness$sn = (_seedlandsHarness = window.__seedlandsHarness) === null || _seedlandsHarness === void 0 ? void 0 : _seedlandsHarness.snapshot()) !== null && _seedlandsHarness$sn !== void 0 ? _seedlandsHarness$sn : null;\n}",
      "isFunction": "true",
      "arg": "Object"
    },
    "source": "/private/tmp/seedlands-v2-acceptance-8ae9e354/apps/web/tests/e2e/classic-support/harness.ts:102",
    "snapshot": {
      "player": [
        78.55076599121094,
        32.599998474121094,
        -0.49871936440467834
      ],
      "server": [
        78.55076243809718,
        32.6,
        -0.4987193627433512
      ],
      "view": [
        -1097.7599999999993,
        -20.03000000000001
      ],
      "onGround": true,
      "colliding": false,
      "tick": 20388,
      "ack": 13689,
      "interactions": 32,
      "worldRevision": 160,
      "inventoryOps": 39,
      "worldItems": 0
    },
    "error": null
  },
  {
    "stepId": "pw:api@8723",
    "browserCallId": "call@16403",
    "startTime": 392424.953,
    "endTime": 392431.907,
    "title": "Bounding box locator('#game')",
    "params": {
      "selector": "#game",
      "strict": "true",
      "state": "attached"
    },
    "source": "/private/tmp/seedlands-v2-acceptance-8ae9e354/apps/web/tests/e2e/classic-support/mouse-input.ts:24",
    "error": null
  },
  {
    "stepId": "pw:api@8724",
    "startTime": 392432.259,
    "endTime": 392440.608,
    "title": "Mouse move",
    "params": {
      "x": "320",
      "y": "270"
    },
    "source": "/private/tmp/seedlands-v2-acceptance-8ae9e354/apps/web/tests/e2e/classic-support/mouse-input.ts:43",
    "error": null
  },
  {
    "stepId": "pw:api@8725",
    "browserCallId": "call@16409",
    "startTime": 392441.076,
    "endTime": 392479.999,
    "title": "Evaluate",
    "params": {
      "expression": "() => new Promise(resolve => requestAnimationFrame(() => requestAnimationFrame(() => resolve())))",
      "isFunction": "true",
      "arg": "Object"
    },
    "source": "/private/tmp/seedlands-v2-acceptance-8ae9e354/apps/web/tests/e2e/classic-support/mouse-input.ts:45",
    "error": null
  },
  {
    "stepId": "pw:api@8726",
    "browserCallId": "call@16411",
    "startTime": 392480.439,
    "endTime": 392496.011,
    "title": "Evaluate",
    "params": {
      "expression": "() => {\n  var _seedlandsHarness$sn, _seedlandsHarness;\n  return (_seedlandsHarness$sn = (_seedlandsHarness = window.__seedlandsHarness) === null || _seedlandsHarness === void 0 ? void 0 : _seedlandsHarness.snapshot()) !== null && _seedlandsHarness$sn !== void 0 ? _seedlandsHarness$sn : null;\n}",
      "isFunction": "true",
      "arg": "Object"
    },
    "source": "/private/tmp/seedlands-v2-acceptance-8ae9e354/apps/web/tests/e2e/classic-support/harness.ts:102",
    "snapshot": {
      "player": [
        78.55076599121094,
        32.599998474121094,
        -0.49871936440467834
      ],
      "server": [
        78.55076243809718,
        32.6,
        -0.4987193627433512
      ],
      "view": [
        -1087.3599999999992,
        -20.03000000000001
      ],
      "onGround": true,
      "colliding": false,
      "tick": 20392,
      "ack": 13693,
      "interactions": 32,
      "worldRevision": 160,
      "inventoryOps": 39,
      "worldItems": 0
    },
    "error": null
  },
  {
    "stepId": "pw:api@8727",
    "browserCallId": "call@16413",
    "startTime": 392497.506,
    "endTime": 392501.132,
    "title": "Bounding box locator('#game')",
    "params": {
      "selector": "#game",
      "strict": "true",
      "state": "attached"
    },
    "source": "/private/tmp/seedlands-v2-acceptance-8ae9e354/apps/web/tests/e2e/classic-support/mouse-input.ts:24",
    "error": null
  },
  {
    "stepId": "pw:api@8728",
    "startTime": 392501.602,
    "endTime": 392507.708,
    "title": "Mouse move",
    "params": {
      "x": "285.76847918564596",
      "y": "270"
    },
    "source": "/private/tmp/seedlands-v2-acceptance-8ae9e354/apps/web/tests/e2e/classic-support/mouse-input.ts:43",
    "error": null
  },
  {
    "stepId": "pw:api@8729",
    "browserCallId": "call@16419",
    "startTime": 392508.34,
    "endTime": 392540.878,
    "title": "Evaluate",
    "params": {
      "expression": "() => new Promise(resolve => requestAnimationFrame(() => requestAnimationFrame(() => resolve())))",
      "isFunction": "true",
      "arg": "Object"
    },
    "source": "/private/tmp/seedlands-v2-acceptance-8ae9e354/apps/web/tests/e2e/classic-support/mouse-input.ts:45",
    "error": null
  },
  {
    "stepId": "pw:api@8730",
    "browserCallId": "call@16421",
    "startTime": 392541.355,
    "endTime": 392554.367,
    "title": "Evaluate",
    "params": {
      "expression": "() => {\n  var _seedlandsHarness$sn, _seedlandsHarness;\n  return (_seedlandsHarness$sn = (_seedlandsHarness = window.__seedlandsHarness) === null || _seedlandsHarness === void 0 ? void 0 : _seedlandsHarness.snapshot()) !== null && _seedlandsHarness$sn !== void 0 ? _seedlandsHarness$sn : null;\n}",
      "isFunction": "true",
      "arg": "Object"
    },
    "source": "/private/tmp/seedlands-v2-acceptance-8ae9e354/apps/web/tests/e2e/classic-support/harness.ts:102",
    "snapshot": {
      "player": [
        78.55076599121094,
        32.599998474121094,
        -0.49871936440467834
      ],
      "server": [
        78.55076243809718,
        32.6,
        -0.4987193627433512
      ],
      "view": [
        -1082.8099999999993,
        -20.03000000000001
      ],
      "onGround": true,
      "colliding": false,
      "tick": 20395,
      "ack": 13696,
      "interactions": 32,
      "worldRevision": 160,
      "inventoryOps": 39,
      "worldItems": 0
    },
    "error": null
  },
  {
    "stepId": "pw:api@8731",
    "browserCallId": "call@16423",
    "startTime": 392555.618,
    "endTime": 392569.357,
    "title": "Evaluate",
    "params": {
      "expression": "() => {\n  var _seedlandsHarness$sn, _seedlandsHarness;\n  return (_seedlandsHarness$sn = (_seedlandsHarness = window.__seedlandsHarness) === null || _seedlandsHarness === void 0 ? void 0 : _seedlandsHarness.snapshot()) !== null && _seedlandsHarness$sn !== void 0 ? _seedlandsHarness$sn : null;\n}",
      "isFunction": "true",
      "arg": "Object"
    },
    "source": "/private/tmp/seedlands-v2-acceptance-8ae9e354/apps/web/tests/e2e/classic-support/harness.ts:102",
    "snapshot": {
      "player": [
        78.55076599121094,
        32.599998474121094,
        -0.49871936440467834
      ],
      "server": [
        78.55076243809718,
        32.6,
        -0.4987193627433512
      ],
      "view": [
        -1082.8099999999993,
        -20.03000000000001
      ],
      "onGround": true,
      "colliding": false,
      "tick": 20396,
      "ack": 13697,
      "interactions": 32,
      "worldRevision": 160,
      "inventoryOps": 39,
      "worldItems": 0
    },
    "error": null
  },
  {
    "stepId": "pw:api@8732",
    "startTime": 392570.127,
    "endTime": 392574.012,
    "title": "Key down \"KeyS\"",
    "params": {
      "key": "KeyS"
    },
    "source": "/private/tmp/seedlands-v2-acceptance-8ae9e354/apps/web/tests/e2e/classic-support/harness.ts:248",
    "error": null
  },
  {
    "stepId": "pw:api@8733",
    "startTime": 392654.582,
    "endTime": 392657.999,
    "title": "Key up \"KeyS\"",
    "params": {
      "key": "KeyS"
    },
    "source": "/private/tmp/seedlands-v2-acceptance-8ae9e354/apps/web/tests/e2e/classic-support/harness.ts:254",
    "error": null
  },
  {
    "stepId": "pw:api@8735",
    "browserCallId": "call@16429",
    "startTime": 392658.778,
    "endTime": 392672.199,
    "title": "Evaluate",
    "params": {
      "expression": "() => {\n  var _seedlandsHarness$sn, _seedlandsHarness;\n  return (_seedlandsHarness$sn = (_seedlandsHarness = window.__seedlandsHarness) === null || _seedlandsHarness === void 0 ? void 0 : _seedlandsHarness.snapshot()) !== null && _seedlandsHarness$sn !== void 0 ? _seedlandsHarness$sn : null;\n}",
      "isFunction": "true",
      "arg": "Object"
    },
    "source": "/private/tmp/seedlands-v2-acceptance-8ae9e354/apps/web/tests/e2e/classic-support/harness.ts:102",
    "snapshot": {
      "player": [
        78.52870178222656,
        32.599998474121094,
        -0.21547621488571167
      ],
      "server": [
        78.54340882434947,
        32.6,
        -0.45705269607668453
      ],
      "view": [
        -1082.8099999999993,
        -20.03000000000001
      ],
      "onGround": true,
      "colliding": false,
      "tick": 20401,
      "ack": 13702,
      "interactions": 32,
      "worldRevision": 160,
      "inventoryOps": 39,
      "worldItems": 0
    },
    "error": null
  },
  {
    "stepId": "pw:api@8737",
    "browserCallId": "call@16431",
    "startTime": 392674.181,
    "endTime": 392688.737,
    "title": "Evaluate",
    "params": {
      "expression": "() => {\n  var _seedlandsHarness$sn, _seedlandsHarness;\n  return (_seedlandsHarness$sn = (_seedlandsHarness = window.__seedlandsHarness) === null || _seedlandsHarness === void 0 ? void 0 : _seedlandsHarness.snapshot()) !== null && _seedlandsHarness$sn !== void 0 ? _seedlandsHarness$sn : null;\n}",
      "isFunction": "true",
      "arg": "Object"
    },
    "source": "/private/tmp/seedlands-v2-acceptance-8ae9e354/apps/web/tests/e2e/classic-support/harness.ts:102",
    "snapshot": {
      "player": [
        78.52870178222656,
        32.599998474121094,
        -0.1544552743434906
      ],
      "server": [
        78.5323784037279,
        32.6,
        -0.2903860294100178
      ],
      "view": [
        -1082.8099999999993,
        -20.03000000000001
      ],
      "onGround": true,
      "colliding": false,
      "tick": 20404,
      "ack": 13705,
      "interactions": 32,
      "worldRevision": 160,
      "inventoryOps": 39,
      "worldItems": 0
    },
    "error": null
  },
  {
    "stepId": "pw:api@8738",
    "browserCallId": "call@16433",
    "startTime": 392689.991,
    "endTime": 392692.774,
    "title": "Bounding box locator('#game')",
    "params": {
      "selector": "#game",
      "strict": "true",
      "state": "attached"
    },
    "source": "/private/tmp/seedlands-v2-acceptance-8ae9e354/apps/web/tests/e2e/classic-support/mouse-input.ts:24",
    "error": null
  },
  {
    "stepId": "pw:api@8739",
    "startTime": 392693.119,
    "endTime": 392705.638,
    "title": "Mouse move",
    "params": {
      "x": "283.46966276473023",
      "y": "270"
    },
    "source": "/private/tmp/seedlands-v2-acceptance-8ae9e354/apps/web/tests/e2e/classic-support/mouse-input.ts:43",
    "error": null
  },
  {
    "stepId": "pw:api@8740",
    "browserCallId": "call@16439",
    "startTime": 392706.12,
    "endTime": 392738.509,
    "title": "Evaluate",
    "params": {
      "expression": "() => new Promise(resolve => requestAnimationFrame(() => requestAnimationFrame(() => resolve())))",
      "isFunction": "true",
      "arg": "Object"
    },
    "source": "/private/tmp/seedlands-v2-acceptance-8ae9e354/apps/web/tests/e2e/classic-support/mouse-input.ts:45",
    "error": null
  },
  {
    "stepId": "pw:api@8741",
    "browserCallId": "call@16441",
    "startTime": 392738.926,
    "endTime": 392752.042,
    "title": "Evaluate",
    "params": {
      "expression": "() => {\n  var _seedlandsHarness$sn, _seedlandsHarness;\n  return (_seedlandsHarness$sn = (_seedlandsHarness = window.__seedlandsHarness) === null || _seedlandsHarness === void 0 ? void 0 : _seedlandsHarness.snapshot()) !== null && _seedlandsHarness$sn !== void 0 ? _seedlandsHarness$sn : null;\n}",
      "isFunction": "true",
      "arg": "Object"
    },
    "source": "/private/tmp/seedlands-v2-acceptance-8ae9e354/apps/web/tests/e2e/classic-support/harness.ts:102",
    "snapshot": {
      "player": [
        78.52870178222656,
        32.599998474121094,
        -0.05472581833600998
      ],
      "server": [
        78.52870159685405,
        32.6,
        -0.10732323690207718
      ],
      "view": [
        -1082.5499999999993,
        -20.03000000000001
      ],
      "onGround": true,
      "colliding": false,
      "tick": 20407,
      "ack": 13708,
      "interactions": 32,
      "worldRevision": 160,
      "inventoryOps": 39,
      "worldItems": 0
    },
    "error": null
  },
  {
    "stepId": "pw:api@8742",
    "browserCallId": "call@16443",
    "startTime": 392753.008,
    "endTime": 392758.192,
    "title": "Bounding box locator('#game')",
    "params": {
      "selector": "#game",
      "strict": "true",
      "state": "attached"
    },
    "source": "/private/tmp/seedlands-v2-acceptance-8ae9e354/apps/web/tests/e2e/classic-support/mouse-input.ts:24",
    "error": null
  },
  {
    "stepId": "pw:api@8743",
    "startTime": 392758.581,
    "endTime": 392773.303,
    "title": "Mouse move",
    "params": {
      "x": "286.63789495484286",
      "y": "270"
    },
    "source": "/private/tmp/seedlands-v2-acceptance-8ae9e354/apps/web/tests/e2e/classic-support/mouse-input.ts:43",
    "error": null
  },
  {
    "stepId": "pw:api@8744",
    "browserCallId": "call@16449",
    "startTime": 392773.765,
    "endTime": 392807.016,
    "title": "Evaluate",
    "params": {
      "expression": "() => new Promise(resolve => requestAnimationFrame(() => requestAnimationFrame(() => resolve())))",
      "isFunction": "true",
      "arg": "Object"
    },
    "source": "/private/tmp/seedlands-v2-acceptance-8ae9e354/apps/web/tests/e2e/classic-support/mouse-input.ts:45",
    "error": null
  },
  {
    "stepId": "pw:api@8745",
    "browserCallId": "call@16451",
    "startTime": 392807.525,
    "endTime": 392820.936,
    "title": "Evaluate",
    "params": {
      "expression": "() => {\n  var _seedlandsHarness$sn, _seedlandsHarness;\n  return (_seedlandsHarness$sn = (_seedlandsHarness = window.__seedlandsHarness) === null || _seedlandsHarness === void 0 ? void 0 : _seedlandsHarness.snapshot()) !== null && _seedlandsHarness$sn !== void 0 ? _seedlandsHarness$sn : null;\n}",
      "isFunction": "true",
      "arg": "Object"
    },
    "source": "/private/tmp/seedlands-v2-acceptance-8ae9e354/apps/web/tests/e2e/classic-support/harness.ts:102",
    "snapshot": {
      "player": [
        78.52870178222656,
        32.599998474121094,
        -0.049260444939136505
      ],
      "server": [
        78.52870159685405,
        32.6,
        -0.049260444394136606
      ],
      "view": [
        -1082.9399999999994,
        -20.03000000000001
      ],
      "onGround": true,
      "colliding": false,
      "tick": 20411,
      "ack": 13712,
      "interactions": 32,
      "worldRevision": 160,
      "inventoryOps": 39,
      "worldItems": 0
    },
    "error": null
  },
  {
    "stepId": "pw:api@8746",
    "browserCallId": "call@16453",
    "startTime": 392822.202,
    "endTime": 392835.436,
    "title": "Evaluate",
    "params": {
      "expression": "() => {\n  var _seedlandsHarness$sn, _seedlandsHarness;\n  return (_seedlandsHarness$sn = (_seedlandsHarness = window.__seedlandsHarness) === null || _seedlandsHarness === void 0 ? void 0 : _seedlandsHarness.snapshot()) !== null && _seedlandsHarness$sn !== void 0 ? _seedlandsHarness$sn : null;\n}",
      "isFunction": "true",
      "arg": "Object"
    },
    "source": "/private/tmp/seedlands-v2-acceptance-8ae9e354/apps/web/tests/e2e/classic-support/harness.ts:102",
    "snapshot": {
      "player": [
        78.52870178222656,
        32.599998474121094,
        -0.049260444939136505
      ],
      "server": [
        78.52870159685405,
        32.6,
        -0.049260444394136606
      ],
      "view": [
        -1082.9399999999994,
        -20.03000000000001
      ],
      "onGround": true,
      "colliding": false,
      "tick": 20412,
      "ack": 13713,
      "interactions": 32,
      "worldRevision": 160,
      "inventoryOps": 39,
      "worldItems": 0
    },
    "error": null
  },
  {
    "stepId": "pw:api@8747",
    "startTime": 392836.208,
    "endTime": 392837.661,
    "title": "Key down \"KeyS\"",
    "params": {
      "key": "KeyS"
    },
    "source": "/private/tmp/seedlands-v2-acceptance-8ae9e354/apps/web/tests/e2e/classic-support/harness.ts:248",
    "error": null
  },
  {
    "stepId": "pw:api@8748",
    "startTime": 392920.726,
    "endTime": 392923.856,
    "title": "Key up \"KeyS\"",
    "params": {
      "key": "KeyS"
    },
    "source": "/private/tmp/seedlands-v2-acceptance-8ae9e354/apps/web/tests/e2e/classic-support/harness.ts:254",
    "error": null
  },
  {
    "stepId": "pw:api@8750",
    "browserCallId": "call@16459",
    "startTime": 392924.566,
    "endTime": 392938.187,
    "title": "Evaluate",
    "params": {
      "expression": "() => {\n  var _seedlandsHarness$sn, _seedlandsHarness;\n  return (_seedlandsHarness$sn = (_seedlandsHarness = window.__seedlandsHarness) === null || _seedlandsHarness === void 0 ? void 0 : _seedlandsHarness.snapshot()) !== null && _seedlandsHarness$sn !== void 0 ? _seedlandsHarness$sn : null;\n}",
      "isFunction": "true",
      "arg": "Object"
    },
    "source": "/private/tmp/seedlands-v2-acceptance-8ae9e354/apps/web/tests/e2e/classic-support/harness.ts:102",
    "snapshot": {
      "player": [
        78.50562286376953,
        32.599998474121094,
        0.2339741736650467
      ],
      "server": [
        78.51331454692145,
        32.6,
        0.0896284444947523
      ],
      "view": [
        -1082.9399999999994,
        -20.03000000000001
      ],
      "onGround": true,
      "colliding": false,
      "tick": 20419,
      "ack": 13720,
      "interactions": 32,
      "worldRevision": 160,
      "inventoryOps": 39,
      "worldItems": 0
    },
    "error": null
  },
  {
    "stepId": "pw:api@8752",
    "browserCallId": "call@16461",
    "startTime": 392939.843,
    "endTime": 392953.055,
    "title": "Evaluate",
    "params": {
      "expression": "() => {\n  var _seedlandsHarness$sn, _seedlandsHarness;\n  return (_seedlandsHarness$sn = (_seedlandsHarness = window.__seedlandsHarness) === null || _seedlandsHarness === void 0 ? void 0 : _seedlandsHarness.snapshot()) !== null && _seedlandsHarness$sn !== void 0 ? _seedlandsHarness$sn : null;\n}",
      "isFunction": "true",
      "arg": "Object"
    },
    "source": "/private/tmp/seedlands-v2-acceptance-8ae9e354/apps/web/tests/e2e/classic-support/harness.ts:102",
    "snapshot": {
      "player": [
        78.50562286376953,
        32.599998474121094,
        0.2949865758419037
      ],
      "server": [
        78.51331454692145,
        32.6,
        0.0896284444947523
      ],
      "view": [
        -1082.9399999999994,
        -20.03000000000001
      ],
      "onGround": true,
      "colliding": false,
      "tick": 20419,
      "ack": 13720,
      "interactions": 32,
      "worldRevision": 160,
      "inventoryOps": 39,
      "worldItems": 0
    },
    "error": null
  },
  {
    "stepId": "pw:api@8753",
    "browserCallId": "call@16463",
    "startTime": 392954.077,
    "endTime": 392958.442,
    "title": "Bounding box locator('#game')",
    "params": {
      "selector": "#game",
      "strict": "true",
      "state": "attached"
    },
    "source": "/private/tmp/seedlands-v2-acceptance-8ae9e354/apps/web/tests/e2e/classic-support/mouse-input.ts:24",
    "error": null
  },
  {
    "stepId": "pw:api@8754",
    "startTime": 392958.826,
    "endTime": 392973.364,
    "title": "Mouse move",
    "params": {
      "x": "276.10748325467597",
      "y": "270"
    },
    "source": "/private/tmp/seedlands-v2-acceptance-8ae9e354/apps/web/tests/e2e/classic-support/mouse-input.ts:43",
    "error": null
  },
  {
    "stepId": "pw:api@8755",
    "browserCallId": "call@16469",
    "startTime": 392973.771,
    "endTime": 393005.859,
    "title": "Evaluate",
    "params": {
      "expression": "() => new Promise(resolve => requestAnimationFrame(() => requestAnimationFrame(() => resolve())))",
      "isFunction": "true",
      "arg": "Object"
    },
    "source": "/private/tmp/seedlands-v2-acceptance-8ae9e354/apps/web/tests/e2e/classic-support/mouse-input.ts:45",
    "error": null
  },
  {
    "stepId": "pw:api@8756",
    "browserCallId": "call@16471",
    "startTime": 393006.326,
    "endTime": 393019.533,
    "title": "Evaluate",
    "params": {
      "expression": "() => {\n  var _seedlandsHarness$sn, _seedlandsHarness;\n  return (_seedlandsHarness$sn = (_seedlandsHarness = window.__seedlandsHarness) === null || _seedlandsHarness === void 0 ? void 0 : _seedlandsHarness.snapshot()) !== null && _seedlandsHarness$sn !== void 0 ? _seedlandsHarness$sn : null;\n}",
      "isFunction": "true",
      "arg": "Object"
    },
    "source": "/private/tmp/seedlands-v2-acceptance-8ae9e354/apps/web/tests/e2e/classic-support/harness.ts:102",
    "snapshot": {
      "player": [
        78.50562286376953,
        32.599998474121094,
        0.4001472592353821
      ],
      "server": [
        78.50562102195515,
        32.6,
        0.34211007574546054
      ],
      "view": [
        -1081.6399999999994,
        -20.03000000000001
      ],
      "onGround": true,
      "colliding": false,
      "tick": 20423,
      "ack": 13724,
      "interactions": 32,
      "worldRevision": 160,
      "inventoryOps": 39,
      "worldItems": 0
    },
    "error": null
  },
  {
    "stepId": "pw:api@8757",
    "browserCallId": "call@16473",
    "startTime": 393020.574,
    "endTime": 393024.356,
    "title": "Bounding box locator('#game')",
    "params": {
      "selector": "#game",
      "strict": "true",
      "state": "attached"
    },
    "source": "/private/tmp/seedlands-v2-acceptance-8ae9e354/apps/web/tests/e2e/classic-support/mouse-input.ts:24",
    "error": null
  },
  {
    "stepId": "pw:api@8758",
    "startTime": 393024.743,
    "endTime": 393043.1,
    "title": "Mouse move",
    "params": {
      "x": "288.2844908196977",
      "y": "270"
    },
    "source": "/private/tmp/seedlands-v2-acceptance-8ae9e354/apps/web/tests/e2e/classic-support/mouse-input.ts:43",
    "error": null
  },
  {
    "stepId": "pw:api@8759",
    "browserCallId": "call@16479",
    "startTime": 393043.557,
    "endTime": 393073.497,
    "title": "Evaluate",
    "params": {
      "expression": "() => new Promise(resolve => requestAnimationFrame(() => requestAnimationFrame(() => resolve())))",
      "isFunction": "true",
      "arg": "Object"
    },
    "source": "/private/tmp/seedlands-v2-acceptance-8ae9e354/apps/web/tests/e2e/classic-support/mouse-input.ts:45",
    "error": null
  },
  {
    "stepId": "pw:api@8760",
    "browserCallId": "call@16481",
    "startTime": 393073.973,
    "endTime": 393087.65,
    "title": "Evaluate",
    "params": {
      "expression": "() => {\n  var _seedlandsHarness$sn, _seedlandsHarness;\n  return (_seedlandsHarness$sn = (_seedlandsHarness = window.__seedlandsHarness) === null || _seedlandsHarness === void 0 ? void 0 : _seedlandsHarness.snapshot()) !== null && _seedlandsHarness$sn !== void 0 ? _seedlandsHarness$sn : null;\n}",
      "isFunction": "true",
      "arg": "Object"
    },
    "source": "/private/tmp/seedlands-v2-acceptance-8ae9e354/apps/web/tests/e2e/classic-support/harness.ts:102",
    "snapshot": {
      "player": [
        78.50562286376953,
        32.599998474121094,
        0.4001472592353821
      ],
      "server": [
        78.50562102195515,
        32.6,
        0.40014726255172434
      ],
      "view": [
        -1083.1999999999994,
        -20.03000000000001
      ],
      "onGround": true,
      "colliding": false,
      "tick": 20427,
      "ack": 13728,
      "interactions": 32,
      "worldRevision": 160,
      "inventoryOps": 39,
      "worldItems": 0
    },
    "error": null
  },
  {
    "stepId": "pw:api@8761",
    "browserCallId": "call@16483",
    "startTime": 393088.959,
    "endTime": 393102.648,
    "title": "Evaluate",
    "params": {
      "expression": "() => {\n  var _seedlandsHarness$sn, _seedlandsHarness;\n  return (_seedlandsHarness$sn = (_seedlandsHarness = window.__seedlandsHarness) === null || _seedlandsHarness === void 0 ? void 0 : _seedlandsHarness.snapshot()) !== null && _seedlandsHarness$sn !== void 0 ? _seedlandsHarness$sn : null;\n}",
      "isFunction": "true",
      "arg": "Object"
    },
    "source": "/private/tmp/seedlands-v2-acceptance-8ae9e354/apps/web/tests/e2e/classic-support/harness.ts:102",
    "snapshot": {
      "player": [
        78.50562286376953,
        32.599998474121094,
        0.4001472592353821
      ],
      "server": [
        78.50562102195515,
        32.6,
        0.40014726255172434
      ],
      "view": [
        -1083.1999999999994,
        -20.03000000000001
      ],
      "onGround": true,
      "colliding": false,
      "tick": 20428,
      "ack": 13729,
      "interactions": 32,
      "worldRevision": 160,
      "inventoryOps": 39,
      "worldItems": 0
    },
    "error": null
  },
  {
    "stepId": "pw:api@8762",
    "startTime": 393103.989,
    "endTime": 393106.914,
    "title": "Key down \"KeyS\"",
    "params": {
      "key": "KeyS"
    },
    "source": "/private/tmp/seedlands-v2-acceptance-8ae9e354/apps/web/tests/e2e/classic-support/harness.ts:248",
    "error": null
  },
  {
    "stepId": "pw:api@8763",
    "startTime": 393189.148,
    "endTime": 393191.141,
    "title": "Key up \"KeyS\"",
    "params": {
      "key": "KeyS"
    },
    "source": "/private/tmp/seedlands-v2-acceptance-8ae9e354/apps/web/tests/e2e/classic-support/harness.ts:254",
    "error": null
  },
  {
    "stepId": "pw:api@8765",
    "browserCallId": "call@16489",
    "startTime": 393191.829,
    "endTime": 393204.747,
    "title": "Evaluate",
    "params": {
      "expression": "() => {\n  var _seedlandsHarness$sn, _seedlandsHarness;\n  return (_seedlandsHarness$sn = (_seedlandsHarness = window.__seedlandsHarness) === null || _seedlandsHarness === void 0 ? void 0 : _seedlandsHarness.snapshot()) !== null && _seedlandsHarness$sn !== void 0 ? _seedlandsHarness$sn : null;\n}",
      "isFunction": "true",
      "arg": "Object"
    },
    "source": "/private/tmp/seedlands-v2-acceptance-8ae9e354/apps/web/tests/e2e/classic-support/harness.ts:102",
    "snapshot": {
      "player": [
        78.48468780517578,
        32.599998474121094,
        0.6084805727005005
      ],
      "server": [
        78.49724779591462,
        32.6,
        0.441813929218391
      ],
      "view": [
        -1083.1999999999994,
        -20.03000000000001
      ],
      "onGround": true,
      "colliding": false,
      "tick": 20434,
      "ack": 13735,
      "interactions": 32,
      "worldRevision": 160,
      "inventoryOps": 39,
      "worldItems": 0
    },
    "error": null
  },
  {
    "stepId": "pw:api@8767",
    "browserCallId": "call@16491",
    "startTime": 393206.622,
    "endTime": 393220.213,
    "title": "Evaluate",
    "params": {
      "expression": "() => {\n  var _seedlandsHarness$sn, _seedlandsHarness;\n  return (_seedlandsHarness$sn = (_seedlandsHarness = window.__seedlandsHarness) === null || _seedlandsHarness === void 0 ? void 0 : _seedlandsHarness.snapshot()) !== null && _seedlandsHarness$sn !== void 0 ? _seedlandsHarness$sn : null;\n}",
      "isFunction": "true",
      "arg": "Object"
    },
    "source": "/private/tmp/seedlands-v2-acceptance-8ae9e354/apps/web/tests/e2e/classic-support/harness.ts:102",
    "snapshot": {
      "player": [
        78.48468780517578,
        32.599998474121094,
        0.6640361547470093
      ],
      "server": [
        78.49724779591462,
        32.6,
        0.441813929218391
      ],
      "view": [
        -1083.1999999999994,
        -20.03000000000001
      ],
      "onGround": true,
      "colliding": false,
      "tick": 20434,
      "ack": 13735,
      "interactions": 32,
      "worldRevision": 160,
      "inventoryOps": 39,
      "worldItems": 0
    },
    "error": null
  },
  {
    "stepId": "pw:api@8768",
    "browserCallId": "call@16493",
    "startTime": 393221.177,
    "endTime": 393225.073,
    "title": "Bounding box locator('#game')",
    "params": {
      "selector": "#game",
      "strict": "true",
      "state": "attached"
    },
    "source": "/private/tmp/seedlands-v2-acceptance-8ae9e354/apps/web/tests/e2e/classic-support/mouse-input.ts:24",
    "error": null
  },
  {
    "stepId": "pw:api@8769",
    "startTime": 393225.456,
    "endTime": 393238.177,
    "title": "Mouse move",
    "params": {
      "x": "208.28449081969768",
      "y": "270"
    },
    "source": "/private/tmp/seedlands-v2-acceptance-8ae9e354/apps/web/tests/e2e/classic-support/mouse-input.ts:43",
    "error": null
  },
  {
    "stepId": "pw:api@8770",
    "browserCallId": "call@16499",
    "startTime": 393238.58,
    "endTime": 393271.386,
    "title": "Evaluate",
    "params": {
      "expression": "() => new Promise(resolve => requestAnimationFrame(() => requestAnimationFrame(() => resolve())))",
      "isFunction": "true",
      "arg": "Object"
    },
    "source": "/private/tmp/seedlands-v2-acceptance-8ae9e354/apps/web/tests/e2e/classic-support/mouse-input.ts:45",
    "error": null
  },
  {
    "stepId": "pw:api@8771",
    "browserCallId": "call@16501",
    "startTime": 393271.817,
    "endTime": 393285.003,
    "title": "Evaluate",
    "params": {
      "expression": "() => {\n  var _seedlandsHarness$sn, _seedlandsHarness;\n  return (_seedlandsHarness$sn = (_seedlandsHarness = window.__seedlandsHarness) === null || _seedlandsHarness === void 0 ? void 0 : _seedlandsHarness.snapshot()) !== null && _seedlandsHarness$sn !== void 0 ? _seedlandsHarness$sn : null;\n}",
      "isFunction": "true",
      "arg": "Object"
    },
    "source": "/private/tmp/seedlands-v2-acceptance-8ae9e354/apps/web/tests/e2e/classic-support/harness.ts:102",
    "snapshot": {
      "player": [
        78.48468780517578,
        32.599998474121094,
        0.7473694682121277
      ],
      "server": [
        78.48468795685382,
        32.6,
        0.7057028181072799
      ],
      "view": [
        -1072.7999999999993,
        -20.03000000000001
      ],
      "onGround": true,
      "colliding": false,
      "tick": 20439,
      "ack": 13740,
      "interactions": 32,
      "worldRevision": 160,
      "inventoryOps": 39,
      "worldItems": 0
    },
    "error": null
  },
  {
    "stepId": "pw:api@8772",
    "browserCallId": "call@16503",
    "startTime": 393285.808,
    "endTime": 393290.336,
    "title": "Bounding box locator('#game')",
    "params": {
      "selector": "#game",
      "strict": "true",
      "state": "attached"
    },
    "source": "/private/tmp/seedlands-v2-acceptance-8ae9e354/apps/web/tests/e2e/classic-support/mouse-input.ts:24",
    "error": null
  },
  {
    "stepId": "pw:api@8773",
    "startTime": 393290.732,
    "endTime": 393309.313,
    "title": "Mouse move",
    "params": {
      "x": "128.28449081969768",
      "y": "270"
    },
    "source": "/private/tmp/seedlands-v2-acceptance-8ae9e354/apps/web/tests/e2e/classic-support/mouse-input.ts:43",
    "error": null
  },
  {
    "stepId": "pw:api@8774",
    "browserCallId": "call@16509",
    "startTime": 393309.795,
    "endTime": 393340.303,
    "title": "Evaluate",
    "params": {
      "expression": "() => new Promise(resolve => requestAnimationFrame(() => requestAnimationFrame(() => resolve())))",
      "isFunction": "true",
      "arg": "Object"
    },
    "source": "/private/tmp/seedlands-v2-acceptance-8ae9e354/apps/web/tests/e2e/classic-support/mouse-input.ts:45",
    "error": null
  },
  {
    "stepId": "pw:api@8775",
    "browserCallId": "call@16511",
    "startTime": 393340.754,
    "endTime": 393353.738,
    "title": "Evaluate",
    "params": {
      "expression": "() => {\n  var _seedlandsHarness$sn, _seedlandsHarness;\n  return (_seedlandsHarness$sn = (_seedlandsHarness = window.__seedlandsHarness) === null || _seedlandsHarness === void 0 ? void 0 : _seedlandsHarness.snapshot()) !== null && _seedlandsHarness$sn !== void 0 ? _seedlandsHarness$sn : null;\n}",
      "isFunction": "true",
      "arg": "Object"
    },
    "source": "/private/tmp/seedlands-v2-acceptance-8ae9e354/apps/web/tests/e2e/classic-support/harness.ts:102",
    "snapshot": {
      "player": [
        78.48468780517578,
        32.599998474121094,
        0.7473694682121277
      ],
      "server": [
        78.48468795685382,
        32.6,
        0.7473694847739465
      ],
      "view": [
        -1062.3999999999992,
        -20.03000000000001
      ],
      "onGround": true,
      "colliding": false,
      "tick": 20443,
      "ack": 13744,
      "interactions": 32,
      "worldRevision": 160,
      "inventoryOps": 39,
      "worldItems": 0
    },
    "error": null
  },
  {
    "stepId": "pw:api@8776",
    "browserCallId": "call@16513",
    "startTime": 393354.921,
    "endTime": 393359.986,
    "title": "Bounding box locator('#game')",
    "params": {
      "selector": "#game",
      "strict": "true",
      "state": "attached"
    },
    "source": "/private/tmp/seedlands-v2-acceptance-8ae9e354/apps/web/tests/e2e/classic-support/mouse-input.ts:24",
    "error": null
  },
  {
    "stepId": "pw:api@8777",
    "browserCallId": "call@16517",
    "startTime": 393360.396,
    "endTime": 393363.403,
    "title": "Evaluate",
    "params": {
      "expression": "() => document.exitPointerLock()",
      "isFunction": "true",
      "arg": "Object"
    },
    "source": "/private/tmp/seedlands-v2-acceptance-8ae9e354/apps/web/tests/e2e/classic-support/mouse-input.ts:33",
    "error": null
  },
  {
    "stepId": "pw:api@8778",
    "browserCallId": "call@16519",
    "startTime": 393363.81,
    "endTime": 393365.329,
    "title": "Wait for function",
    "params": {
      "pollingInterval": "undefined",
      "expression": "() => document.pointerLockElement === null",
      "isFunction": "true",
      "arg": "Object"
    },
    "source": "/private/tmp/seedlands-v2-acceptance-8ae9e354/apps/web/tests/e2e/classic-support/mouse-input.ts:34",
    "error": null
  },
  {
    "stepId": "pw:api@8779",
    "startTime": 393365.675,
    "endTime": 394869.468,
    "title": "Wait for timeout",
    "params": {
      "waitTimeout": "1500"
    },
    "source": "/private/tmp/seedlands-v2-acceptance-8ae9e354/apps/web/tests/e2e/classic-support/mouse-input.ts:36",
    "error": null
  },
  {
    "stepId": "pw:api@8780",
    "browserCallId": "call@16523",
    "startTime": 394870.13,
    "endTime": 394875.002,
    "title": "Is visible getByRole('button', { name: '继续游戏', exact: true })",
    "params": {
      "selector": "internal:role=button[name=\"继续游戏\"s]",
      "strict": "true"
    },
    "source": "/private/tmp/seedlands-v2-acceptance-8ae9e354/apps/web/tests/e2e/classic-support/mouse-input.ts:38",
    "error": null
  },
  {
    "stepId": "pw:api@8781",
    "startTime": 394875.745,
    "endTime": 394913.257,
    "title": "Click getByRole('button', { name: '继续游戏', exact: true })",
    "params": {
      "selector": "internal:role=button[name=\"继续游戏\"s]",
      "strict": "true"
    },
    "source": "/private/tmp/seedlands-v2-acceptance-8ae9e354/apps/web/tests/e2e/classic-support/mouse-input.ts:38",
    "error": null
  },
  {
    "stepId": "pw:api@8782",
    "browserCallId": "call@16527",
    "startTime": 394913.961,
    "endTime": 394916.133,
    "title": "Is visible locator('#debug')",
    "params": {
      "selector": "#debug",
      "strict": "true"
    },
    "source": "/private/tmp/seedlands-v2-acceptance-8ae9e354/apps/web/tests/e2e/classic-support/mouse-input.ts:7",
    "error": null
  },
  {
    "stepId": "pw:api@8783",
    "browserCallId": "call@16529",
    "startTime": 394916.653,
    "endTime": 394919.531,
    "title": "Bounding box locator('#game')",
    "params": {
      "selector": "#game",
      "strict": "true",
      "state": "attached"
    },
    "source": "/private/tmp/seedlands-v2-acceptance-8ae9e354/apps/web/tests/e2e/classic-support/mouse-input.ts:9",
    "error": null
  },
  {
    "stepId": "pw:api@8784",
    "startTime": 394920,
    "endTime": 394994.71,
    "title": "Click locator('#game')",
    "params": {
      "selector": "#game",
      "strict": "true",
      "position": "Object"
    },
    "source": "/private/tmp/seedlands-v2-acceptance-8ae9e354/apps/web/tests/e2e/classic-support/mouse-input.ts:11",
    "error": null
  },
  {
    "stepId": "pw:api@8785",
    "browserCallId": "call@16535",
    "startTime": 394995.421,
    "endTime": 395034.975,
    "title": "Wait for function",
    "params": {
      "pollingInterval": "undefined",
      "expression": "() => {\n    var _document$pointerLock;\n    return ((_document$pointerLock = document.pointerLockElement) === null || _document$pointerLock === void 0 ? void 0 : _document$pointerLock.id) === 'game';\n  }",
      "isFunction": "true",
      "arg": "Object"
    },
    "source": "/private/tmp/seedlands-v2-acceptance-8ae9e354/apps/web/tests/e2e/classic-support/mouse-input.ts:12",
    "error": null
  },
  {
    "stepId": "pw:api@8786",
    "startTime": 395035.45,
    "endTime": 395056.687,
    "title": "Mouse move",
    "params": {
      "x": "400",
      "y": "270"
    },
    "source": "/private/tmp/seedlands-v2-acceptance-8ae9e354/apps/web/tests/e2e/classic-support/mouse-input.ts:43",
    "error": null
  },
  {
    "stepId": "pw:api@8787",
    "browserCallId": "call@16539",
    "startTime": 395057.267,
    "endTime": 395091.727,
    "title": "Evaluate",
    "params": {
      "expression": "() => new Promise(resolve => requestAnimationFrame(() => requestAnimationFrame(() => resolve())))",
      "isFunction": "true",
      "arg": "Object"
    },
    "source": "/private/tmp/seedlands-v2-acceptance-8ae9e354/apps/web/tests/e2e/classic-support/mouse-input.ts:45",
    "error": null
  },
  {
    "stepId": "pw:api@8788",
    "browserCallId": "call@16541",
    "startTime": 395092.305,
    "endTime": 395117.147,
    "title": "Evaluate",
    "params": {
      "expression": "() => {\n  var _seedlandsHarness$sn, _seedlandsHarness;\n  return (_seedlandsHarness$sn = (_seedlandsHarness = window.__seedlandsHarness) === null || _seedlandsHarness === void 0 ? void 0 : _seedlandsHarness.snapshot()) !== null && _seedlandsHarness$sn !== void 0 ? _seedlandsHarness$sn : null;\n}",
      "isFunction": "true",
      "arg": "Object"
    },
    "source": "/private/tmp/seedlands-v2-acceptance-8ae9e354/apps/web/tests/e2e/classic-support/harness.ts:102",
    "snapshot": {
      "player": [
        78.48468780517578,
        32.599998474121094,
        0.7473694682121277
      ],
      "server": [
        78.48468795685382,
        32.6,
        0.7473694847739465
      ],
      "view": [
        -1051.999999999999,
        -20.03000000000001
      ],
      "onGround": true,
      "colliding": false,
      "tick": 20456,
      "ack": 13759,
      "interactions": 32,
      "worldRevision": 160,
      "inventoryOps": 39,
      "worldItems": 0
    },
    "error": null
  },
  {
    "stepId": "pw:api@8789",
    "browserCallId": "call@16543",
    "startTime": 395118.29,
    "endTime": 395123.514,
    "title": "Bounding box locator('#game')",
    "params": {
      "selector": "#game",
      "strict": "true",
      "state": "attached"
    },
    "source": "/private/tmp/seedlands-v2-acceptance-8ae9e354/apps/web/tests/e2e/classic-support/mouse-input.ts:24",
    "error": null
  },
  {
    "stepId": "pw:api@8790",
    "startTime": 395123.987,
    "endTime": 395140.322,
    "title": "Mouse move",
    "params": {
      "x": "320",
      "y": "270"
    },
    "source": "/private/tmp/seedlands-v2-acceptance-8ae9e354/apps/web/tests/e2e/classic-support/mouse-input.ts:43",
    "error": null
  },
  {
    "stepId": "pw:api@8791",
    "browserCallId": "call@16549",
    "startTime": 395140.821,
    "endTime": 395172.876,
    "title": "Evaluate",
    "params": {
      "expression": "() => new Promise(resolve => requestAnimationFrame(() => requestAnimationFrame(() => resolve())))",
      "isFunction": "true",
      "arg": "Object"
    },
    "source": "/private/tmp/seedlands-v2-acceptance-8ae9e354/apps/web/tests/e2e/classic-support/mouse-input.ts:45",
    "error": null
  },
  {
    "stepId": "pw:api@8792",
    "browserCallId": "call@16551",
    "startTime": 395173.35,
    "endTime": 395188.287,
    "title": "Evaluate",
    "params": {
      "expression": "() => {\n  var _seedlandsHarness$sn, _seedlandsHarness;\n  return (_seedlandsHarness$sn = (_seedlandsHarness = window.__seedlandsHarness) === null || _seedlandsHarness === void 0 ? void 0 : _seedlandsHarness.snapshot()) !== null && _seedlandsHarness$sn !== void 0 ? _seedlandsHarness$sn : null;\n}",
      "isFunction": "true",
      "arg": "Object"
    },
    "source": "/private/tmp/seedlands-v2-acceptance-8ae9e354/apps/web/tests/e2e/classic-support/harness.ts:102",
    "snapshot": {
      "player": [
        78.48468780517578,
        32.599998474121094,
        0.7473694682121277
      ],
      "server": [
        78.48468795685382,
        32.6,
        0.7473694847739465
      ],
      "view": [
        -1041.599999999999,
        -20.03000000000001
      ],
      "onGround": true,
      "colliding": false,
      "tick": 20460,
      "ack": 13763,
      "interactions": 32,
      "worldRevision": 160,
      "inventoryOps": 39,
      "worldItems": 0
    },
    "error": null
  },
  {
    "stepId": "pw:api@8793",
    "browserCallId": "call@16553",
    "startTime": 395189.921,
    "endTime": 395195.8,
    "title": "Bounding box locator('#game')",
    "params": {
      "selector": "#game",
      "strict": "true",
      "state": "attached"
    },
    "source": "/private/tmp/seedlands-v2-acceptance-8ae9e354/apps/web/tests/e2e/classic-support/mouse-input.ts:24",
    "error": null
  },
  {
    "stepId": "pw:api@8794",
    "startTime": 395196.286,
    "endTime": 395207.484,
    "title": "Mouse move",
    "params": {
      "x": "240",
      "y": "270"
    },
    "source": "/private/tmp/seedlands-v2-acceptance-8ae9e354/apps/web/tests/e2e/classic-support/mouse-input.ts:43",
    "error": null
  },
  {
    "stepId": "pw:api@8795",
    "browserCallId": "call@16559",
    "startTime": 395208.045,
    "endTime": 395240.276,
    "title": "Evaluate",
    "params": {
      "expression": "() => new Promise(resolve => requestAnimationFrame(() => requestAnimationFrame(() => resolve())))",
      "isFunction": "true",
      "arg": "Object"
    },
    "source": "/private/tmp/seedlands-v2-acceptance-8ae9e354/apps/web/tests/e2e/classic-support/mouse-input.ts:45",
    "error": null
  },
  {
    "stepId": "pw:api@8796",
    "browserCallId": "call@16561",
    "startTime": 395240.773,
    "endTime": 395254.915,
    "title": "Evaluate",
    "params": {
      "expression": "() => {\n  var _seedlandsHarness$sn, _seedlandsHarness;\n  return (_seedlandsHarness$sn = (_seedlandsHarness = window.__seedlandsHarness) === null || _seedlandsHarness === void 0 ? void 0 : _seedlandsHarness.snapshot()) !== null && _seedlandsHarness$sn !== void 0 ? _seedlandsHarness$sn : null;\n}",
      "isFunction": "true",
      "arg": "Object"
    },
    "source": "/private/tmp/seedlands-v2-acceptance-8ae9e354/apps/web/tests/e2e/classic-support/harness.ts:102",
    "snapshot": {
      "player": [
        78.48468780517578,
        32.599998474121094,
        0.7473694682121277
      ],
      "server": [
        78.48468795685382,
        32.6,
        0.7473694847739465
      ],
      "view": [
        -1031.199999999999,
        -20.03000000000001
      ],
      "onGround": true,
      "colliding": false,
      "tick": 20465,
      "ack": 13768,
      "interactions": 32,
      "worldRevision": 160,
      "inventoryOps": 39,
      "worldItems": 0
    },
    "error": null
  },
  {
    "stepId": "pw:api@8797",
    "browserCallId": "call@16563",
    "startTime": 395256.315,
    "endTime": 395259.761,
    "title": "Bounding box locator('#game')",
    "params": {
      "selector": "#game",
      "strict": "true",
      "state": "attached"
    },
    "source": "/private/tmp/seedlands-v2-acceptance-8ae9e354/apps/web/tests/e2e/classic-support/mouse-input.ts:24",
    "error": null
  },
  {
    "stepId": "pw:api@8798",
    "startTime": 395260.159,
    "endTime": 395273.874,
    "title": "Mouse move",
    "params": {
      "x": "160",
      "y": "270"
    },
    "source": "/private/tmp/seedlands-v2-acceptance-8ae9e354/apps/web/tests/e2e/classic-support/mouse-input.ts:43",
    "error": null
  },
  {
    "stepId": "pw:api@8799",
    "browserCallId": "call@16569",
    "startTime": 395274.334,
    "endTime": 395305.906,
    "title": "Evaluate",
    "params": {
      "expression": "() => new Promise(resolve => requestAnimationFrame(() => requestAnimationFrame(() => resolve())))",
      "isFunction": "true",
      "arg": "Object"
    },
    "source": "/private/tmp/seedlands-v2-acceptance-8ae9e354/apps/web/tests/e2e/classic-support/mouse-input.ts:45",
    "error": null
  },
  {
    "stepId": "pw:api@8800",
    "browserCallId": "call@16571",
    "startTime": 395306.381,
    "endTime": 395319.479,
    "title": "Evaluate",
    "params": {
      "expression": "() => {\n  var _seedlandsHarness$sn, _seedlandsHarness;\n  return (_seedlandsHarness$sn = (_seedlandsHarness = window.__seedlandsHarness) === null || _seedlandsHarness === void 0 ? void 0 : _seedlandsHarness.snapshot()) !== null && _seedlandsHarness$sn !== void 0 ? _seedlandsHarness$sn : null;\n}",
      "isFunction": "true",
      "arg": "Object"
    },
    "source": "/private/tmp/seedlands-v2-acceptance-8ae9e354/apps/web/tests/e2e/classic-support/harness.ts:102",
    "snapshot": {
      "player": [
        78.48468780517578,
        32.599998474121094,
        0.7473694682121277
      ],
      "server": [
        78.48468795685382,
        32.6,
        0.7473694847739465
      ],
      "view": [
        -1020.7999999999989,
        -20.03000000000001
      ],
      "onGround": true,
      "colliding": false,
      "tick": 20468,
      "ack": 13771,
      "interactions": 32,
      "worldRevision": 160,
      "inventoryOps": 39,
      "worldItems": 0
    },
    "error": null
  },
  {
    "stepId": "pw:api@8801",
    "browserCallId": "call@16573",
    "startTime": 395320.456,
    "endTime": 395325.563,
    "title": "Bounding box locator('#game')",
    "params": {
      "selector": "#game",
      "strict": "true",
      "state": "attached"
    },
    "source": "/private/tmp/seedlands-v2-acceptance-8ae9e354/apps/web/tests/e2e/classic-support/mouse-input.ts:24",
    "error": null
  },
  {
    "stepId": "pw:api@8802",
    "startTime": 395325.93,
    "endTime": 395341.903,
    "title": "Mouse move",
    "params": {
      "x": "80",
      "y": "270"
    },
    "source": "/private/tmp/seedlands-v2-acceptance-8ae9e354/apps/web/tests/e2e/classic-support/mouse-input.ts:43",
    "error": null
  },
  {
    "stepId": "pw:api@8803",
    "browserCallId": "call@16579",
    "startTime": 395342.35,
    "endTime": 395374.741,
    "title": "Evaluate",
    "params": {
      "expression": "() => new Promise(resolve => requestAnimationFrame(() => requestAnimationFrame(() => resolve())))",
      "isFunction": "true",
      "arg": "Object"
    },
    "source": "/private/tmp/seedlands-v2-acceptance-8ae9e354/apps/web/tests/e2e/classic-support/mouse-input.ts:45",
    "error": null
  },
  {
    "stepId": "pw:api@8804",
    "browserCallId": "call@16581",
    "startTime": 395375.172,
    "endTime": 395387.937,
    "title": "Evaluate",
    "params": {
      "expression": "() => {\n  var _seedlandsHarness$sn, _seedlandsHarness;\n  return (_seedlandsHarness$sn = (_seedlandsHarness = window.__seedlandsHarness) === null || _seedlandsHarness === void 0 ? void 0 : _seedlandsHarness.snapshot()) !== null && _seedlandsHarness$sn !== void 0 ? _seedlandsHarness$sn : null;\n}",
      "isFunction": "true",
      "arg": "Object"
    },
    "source": "/private/tmp/seedlands-v2-acceptance-8ae9e354/apps/web/tests/e2e/classic-support/harness.ts:102",
    "snapshot": {
      "player": [
        78.48468780517578,
        32.599998474121094,
        0.7473694682121277
      ],
      "server": [
        78.48468795685382,
        32.6,
        0.7473694847739465
      ],
      "view": [
        -1010.399999999999,
        -20.03000000000001
      ],
      "onGround": true,
      "colliding": false,
      "tick": 20473,
      "ack": 13776,
      "interactions": 32,
      "worldRevision": 160,
      "inventoryOps": 39,
      "worldItems": 0
    },
    "error": null
  },
  {
    "stepId": "pw:api@8805",
    "browserCallId": "call@16583",
    "startTime": 395389.183,
    "endTime": 395392.235,
    "title": "Bounding box locator('#game')",
    "params": {
      "selector": "#game",
      "strict": "true",
      "state": "attached"
    },
    "source": "/private/tmp/seedlands-v2-acceptance-8ae9e354/apps/web/tests/e2e/classic-support/mouse-input.ts:24",
    "error": null
  },
  {
    "stepId": "pw:api@8806",
    "browserCallId": "call@16587",
    "startTime": 395392.597,
    "endTime": 395395.418,
    "title": "Evaluate",
    "params": {
      "expression": "() => document.exitPointerLock()",
      "isFunction": "true",
      "arg": "Object"
    },
    "source": "/private/tmp/seedlands-v2-acceptance-8ae9e354/apps/web/tests/e2e/classic-support/mouse-input.ts:33",
    "error": null
  },
  {
    "stepId": "pw:api@8807",
    "browserCallId": "call@16589",
    "startTime": 395395.805,
    "endTime": 395397.253,
    "title": "Wait for function",
    "params": {
      "pollingInterval": "undefined",
      "expression": "() => document.pointerLockElement === null",
      "isFunction": "true",
      "arg": "Object"
    },
    "source": "/private/tmp/seedlands-v2-acceptance-8ae9e354/apps/web/tests/e2e/classic-support/mouse-input.ts:34",
    "error": null
  },
  {
    "stepId": "pw:api@8808",
    "startTime": 395397.574,
    "endTime": 396901.251,
    "title": "Wait for timeout",
    "params": {
      "waitTimeout": "1500"
    },
    "source": "/private/tmp/seedlands-v2-acceptance-8ae9e354/apps/web/tests/e2e/classic-support/mouse-input.ts:36",
    "error": null
  },
  {
    "stepId": "pw:api@8809",
    "browserCallId": "call@16593",
    "startTime": 396902.232,
    "endTime": 396908.167,
    "title": "Is visible getByRole('button', { name: '继续游戏', exact: true })",
    "params": {
      "selector": "internal:role=button[name=\"继续游戏\"s]",
      "strict": "true"
    },
    "source": "/private/tmp/seedlands-v2-acceptance-8ae9e354/apps/web/tests/e2e/classic-support/mouse-input.ts:38",
    "error": null
  },
  {
    "stepId": "pw:api@8810",
    "startTime": 396909.042,
    "endTime": 396948.69,
    "title": "Click getByRole('button', { name: '继续游戏', exact: true })",
    "params": {
      "selector": "internal:role=button[name=\"继续游戏\"s]",
      "strict": "true"
    },
    "source": "/private/tmp/seedlands-v2-acceptance-8ae9e354/apps/web/tests/e2e/classic-support/mouse-input.ts:38",
    "error": null
  },
  {
    "stepId": "pw:api@8811",
    "browserCallId": "call@16597",
    "startTime": 396949.518,
    "endTime": 396952.246,
    "title": "Is visible locator('#debug')",
    "params": {
      "selector": "#debug",
      "strict": "true"
    },
    "source": "/private/tmp/seedlands-v2-acceptance-8ae9e354/apps/web/tests/e2e/classic-support/mouse-input.ts:7",
    "error": null
  },
  {
    "stepId": "pw:api@8812",
    "browserCallId": "call@16599",
    "startTime": 396952.865,
    "endTime": 397010.313,
    "title": "Bounding box locator('#game')",
    "params": {
      "selector": "#game",
      "strict": "true",
      "state": "attached"
    },
    "source": "/private/tmp/seedlands-v2-acceptance-8ae9e354/apps/web/tests/e2e/classic-support/mouse-input.ts:9",
    "error": null
  },
  {
    "stepId": "pw:api@8813",
    "startTime": 397010.966,
    "endTime": 397049.461,
    "title": "Click locator('#game')",
    "params": {
      "selector": "#game",
      "strict": "true",
      "position": "Object"
    },
    "source": "/private/tmp/seedlands-v2-acceptance-8ae9e354/apps/web/tests/e2e/classic-support/mouse-input.ts:11",
    "error": null
  },
  {
    "stepId": "pw:api@8814",
    "browserCallId": "call@16605",
    "startTime": 397049.957,
    "endTime": 397052.359,
    "title": "Wait for function",
    "params": {
      "pollingInterval": "undefined",
      "expression": "() => {\n    var _document$pointerLock;\n    return ((_document$pointerLock = document.pointerLockElement) === null || _document$pointerLock === void 0 ? void 0 : _document$pointerLock.id) === 'game';\n  }",
      "isFunction": "true",
      "arg": "Object"
    },
    "source": "/private/tmp/seedlands-v2-acceptance-8ae9e354/apps/web/tests/e2e/classic-support/mouse-input.ts:12",
    "error": null
  },
  {
    "stepId": "pw:api@8815",
    "startTime": 397053.172,
    "endTime": 397097.959,
    "title": "Mouse move",
    "params": {
      "x": "400",
      "y": "270"
    },
    "source": "/private/tmp/seedlands-v2-acceptance-8ae9e354/apps/web/tests/e2e/classic-support/mouse-input.ts:43",
    "error": null
  },
  {
    "stepId": "pw:api@8816",
    "browserCallId": "call@16609",
    "startTime": 397098.451,
    "endTime": 397128.692,
    "title": "Evaluate",
    "params": {
      "expression": "() => new Promise(resolve => requestAnimationFrame(() => requestAnimationFrame(() => resolve())))",
      "isFunction": "true",
      "arg": "Object"
    },
    "source": "/private/tmp/seedlands-v2-acceptance-8ae9e354/apps/web/tests/e2e/classic-support/mouse-input.ts:45",
    "error": null
  },
  {
    "stepId": "pw:api@8817",
    "browserCallId": "call@16611",
    "startTime": 397129.2,
    "endTime": 397144.073,
    "title": "Evaluate",
    "params": {
      "expression": "() => {\n  var _seedlandsHarness$sn, _seedlandsHarness;\n  return (_seedlandsHarness$sn = (_seedlandsHarness = window.__seedlandsHarness) === null || _seedlandsHarness === void 0 ? void 0 : _seedlandsHarness.snapshot()) !== null && _seedlandsHarness$sn !== void 0 ? _seedlandsHarness$sn : null;\n}",
      "isFunction": "true",
      "arg": "Object"
    },
    "source": "/private/tmp/seedlands-v2-acceptance-8ae9e354/apps/web/tests/e2e/classic-support/harness.ts:102",
    "snapshot": {
      "player": [
        78.48468780517578,
        32.599998474121094,
        0.7473694682121277
      ],
      "server": [
        78.48468795685382,
        32.6,
        0.7473694847739465
      ],
      "view": [
        -999.999999999999,
        -20.03000000000001
      ],
      "onGround": true,
      "colliding": false,
      "tick": 20484,
      "ack": 13789,
      "interactions": 32,
      "worldRevision": 160,
      "inventoryOps": 39,
      "worldItems": 0
    },
    "error": null
  },
  {
    "stepId": "pw:api@8818",
    "browserCallId": "call@16613",
    "startTime": 397145.343,
    "endTime": 397149.363,
    "title": "Bounding box locator('#game')",
    "params": {
      "selector": "#game",
      "strict": "true",
      "state": "attached"
    },
    "source": "/private/tmp/seedlands-v2-acceptance-8ae9e354/apps/web/tests/e2e/classic-support/mouse-input.ts:24",
    "error": null
  },
  {
    "stepId": "pw:api@8819",
    "startTime": 397149.732,
    "endTime": 397155.121,
    "title": "Mouse move",
    "params": {
      "x": "320",
      "y": "270"
    },
    "source": "/private/tmp/seedlands-v2-acceptance-8ae9e354/apps/web/tests/e2e/classic-support/mouse-input.ts:43",
    "error": null
  },
  {
    "stepId": "pw:api@8820",
    "browserCallId": "call@16619",
    "startTime": 397155.629,
    "endTime": 397190.182,
    "title": "Evaluate",
    "params": {
      "expression": "() => new Promise(resolve => requestAnimationFrame(() => requestAnimationFrame(() => resolve())))",
      "isFunction": "true",
      "arg": "Object"
    },
    "source": "/private/tmp/seedlands-v2-acceptance-8ae9e354/apps/web/tests/e2e/classic-support/mouse-input.ts:45",
    "error": null
  },
  {
    "stepId": "pw:api@8821",
    "browserCallId": "call@16621",
    "startTime": 397190.646,
    "endTime": 397204.28,
    "title": "Evaluate",
    "params": {
      "expression": "() => {\n  var _seedlandsHarness$sn, _seedlandsHarness;\n  return (_seedlandsHarness$sn = (_seedlandsHarness = window.__seedlandsHarness) === null || _seedlandsHarness === void 0 ? void 0 : _seedlandsHarness.snapshot()) !== null && _seedlandsHarness$sn !== void 0 ? _seedlandsHarness$sn : null;\n}",
      "isFunction": "true",
      "arg": "Object"
    },
    "source": "/private/tmp/seedlands-v2-acceptance-8ae9e354/apps/web/tests/e2e/classic-support/harness.ts:102",
    "snapshot": {
      "player": [
        78.48468780517578,
        32.599998474121094,
        0.7473694682121277
      ],
      "server": [
        78.48468795685382,
        32.6,
        0.7473694847739465
      ],
      "view": [
        -989.599999999999,
        -20.03000000000001
      ],
      "onGround": true,
      "colliding": false,
      "tick": 20488,
      "ack": 13793,
      "interactions": 32,
      "worldRevision": 160,
      "inventoryOps": 39,
      "worldItems": 0
    },
    "error": null
  },
  {
    "stepId": "pw:api@8822",
    "browserCallId": "call@16623",
    "startTime": 397205.688,
    "endTime": 397219.416,
    "title": "Bounding box locator('#game')",
    "params": {
      "selector": "#game",
      "strict": "true",
      "state": "attached"
    },
    "source": "/private/tmp/seedlands-v2-acceptance-8ae9e354/apps/web/tests/e2e/classic-support/mouse-input.ts:24",
    "error": null
  },
  {
    "stepId": "pw:api@8823",
    "startTime": 397219.904,
    "endTime": 397224.007,
    "title": "Mouse move",
    "params": {
      "x": "240",
      "y": "270"
    },
    "source": "/private/tmp/seedlands-v2-acceptance-8ae9e354/apps/web/tests/e2e/classic-support/mouse-input.ts:43",
    "error": null
  },
  {
    "stepId": "pw:api@8824",
    "browserCallId": "call@16629",
    "startTime": 397224.724,
    "endTime": 397256.351,
    "title": "Evaluate",
    "params": {
      "expression": "() => new Promise(resolve => requestAnimationFrame(() => requestAnimationFrame(() => resolve())))",
      "isFunction": "true",
      "arg": "Object"
    },
    "source": "/private/tmp/seedlands-v2-acceptance-8ae9e354/apps/web/tests/e2e/classic-support/mouse-input.ts:45",
    "error": null
  },
  {
    "stepId": "pw:api@8825",
    "browserCallId": "call@16631",
    "startTime": 397256.823,
    "endTime": 397270.146,
    "title": "Evaluate",
    "params": {
      "expression": "() => {\n  var _seedlandsHarness$sn, _seedlandsHarness;\n  return (_seedlandsHarness$sn = (_seedlandsHarness = window.__seedlandsHarness) === null || _seedlandsHarness === void 0 ? void 0 : _seedlandsHarness.snapshot()) !== null && _seedlandsHarness$sn !== void 0 ? _seedlandsHarness$sn : null;\n}",
      "isFunction": "true",
      "arg": "Object"
    },
    "source": "/private/tmp/seedlands-v2-acceptance-8ae9e354/apps/web/tests/e2e/classic-support/harness.ts:102",
    "snapshot": {
      "player": [
        78.48468780517578,
        32.599998474121094,
        0.7473694682121277
      ],
      "server": [
        78.48468795685382,
        32.6,
        0.7473694847739465
      ],
      "view": [
        -979.199999999999,
        -20.03000000000001
      ],
      "onGround": true,
      "colliding": false,
      "tick": 20492,
      "ack": 13797,
      "interactions": 32,
      "worldRevision": 160,
      "inventoryOps": 39,
      "worldItems": 0
    },
    "error": null
  },
  {
    "stepId": "pw:api@8826",
    "browserCallId": "call@16633",
    "startTime": 397271.465,
    "endTime": 397276.488,
    "title": "Bounding box locator('#game')",
    "params": {
      "selector": "#game",
      "strict": "true",
      "state": "attached"
    },
    "source": "/private/tmp/seedlands-v2-acceptance-8ae9e354/apps/web/tests/e2e/classic-support/mouse-input.ts:24",
    "error": null
  },
  {
    "stepId": "pw:api@8827",
    "startTime": 397276.898,
    "endTime": 397290.756,
    "title": "Mouse move",
    "params": {
      "x": "160",
      "y": "270"
    },
    "source": "/private/tmp/seedlands-v2-acceptance-8ae9e354/apps/web/tests/e2e/classic-support/mouse-input.ts:43",
    "error": null
  },
  {
    "stepId": "pw:api@8828",
    "browserCallId": "call@16639",
    "startTime": 397291.228,
    "endTime": 397323.48,
    "title": "Evaluate",
    "params": {
      "expression": "() => new Promise(resolve => requestAnimationFrame(() => requestAnimationFrame(() => resolve())))",
      "isFunction": "true",
      "arg": "Object"
    },
    "source": "/private/tmp/seedlands-v2-acceptance-8ae9e354/apps/web/tests/e2e/classic-support/mouse-input.ts:45",
    "error": null
  },
  {
    "stepId": "pw:api@8829",
    "browserCallId": "call@16641",
    "startTime": 397323.919,
    "endTime": 397336.941,
    "title": "Evaluate",
    "params": {
      "expression": "() => {\n  var _seedlandsHarness$sn, _seedlandsHarness;\n  return (_seedlandsHarness$sn = (_seedlandsHarness = window.__seedlandsHarness) === null || _seedlandsHarness === void 0 ? void 0 : _seedlandsHarness.snapshot()) !== null && _seedlandsHarness$sn !== void 0 ? _seedlandsHarness$sn : null;\n}",
      "isFunction": "true",
      "arg": "Object"
    },
    "source": "/private/tmp/seedlands-v2-acceptance-8ae9e354/apps/web/tests/e2e/classic-support/harness.ts:102",
    "snapshot": {
      "player": [
        78.48468780517578,
        32.599998474121094,
        0.7473694682121277
      ],
      "server": [
        78.48468795685382,
        32.6,
        0.7473694847739465
      ],
      "view": [
        -968.799999999999,
        -20.03000000000001
      ],
      "onGround": true,
      "colliding": false,
      "tick": 20496,
      "ack": 13801,
      "interactions": 32,
      "worldRevision": 160,
      "inventoryOps": 39,
      "worldItems": 0
    },
    "error": null
  },
  {
    "stepId": "pw:api@8830",
    "browserCallId": "call@16643",
    "startTime": 397338.001,
    "endTime": 397343.973,
    "title": "Bounding box locator('#game')",
    "params": {
      "selector": "#game",
      "strict": "true",
      "state": "attached"
    },
    "source": "/private/tmp/seedlands-v2-acceptance-8ae9e354/apps/web/tests/e2e/classic-support/mouse-input.ts:24",
    "error": null
  },
  {
    "stepId": "pw:api@8831",
    "startTime": 397344.329,
    "endTime": 397356.938,
    "title": "Mouse move",
    "params": {
      "x": "80",
      "y": "270"
    },
    "source": "/private/tmp/seedlands-v2-acceptance-8ae9e354/apps/web/tests/e2e/classic-support/mouse-input.ts:43",
    "error": null
  },
  {
    "stepId": "pw:api@8832",
    "browserCallId": "call@16649",
    "startTime": 397357.405,
    "endTime": 397389.206,
    "title": "Evaluate",
    "params": {
      "expression": "() => new Promise(resolve => requestAnimationFrame(() => requestAnimationFrame(() => resolve())))",
      "isFunction": "true",
      "arg": "Object"
    },
    "source": "/private/tmp/seedlands-v2-acceptance-8ae9e354/apps/web/tests/e2e/classic-support/mouse-input.ts:45",
    "error": null
  },
  {
    "stepId": "pw:api@8833",
    "browserCallId": "call@16651",
    "startTime": 397389.625,
    "endTime": 397402.359,
    "title": "Evaluate",
    "params": {
      "expression": "() => {\n  var _seedlandsHarness$sn, _seedlandsHarness;\n  return (_seedlandsHarness$sn = (_seedlandsHarness = window.__seedlandsHarness) === null || _seedlandsHarness === void 0 ? void 0 : _seedlandsHarness.snapshot()) !== null && _seedlandsHarness$sn !== void 0 ? _seedlandsHarness$sn : null;\n}",
      "isFunction": "true",
      "arg": "Object"
    },
    "source": "/private/tmp/seedlands-v2-acceptance-8ae9e354/apps/web/tests/e2e/classic-support/harness.ts:102",
    "snapshot": {
      "player": [
        78.48468780517578,
        32.599998474121094,
        0.7473694682121277
      ],
      "server": [
        78.48468795685382,
        32.6,
        0.7473694847739465
      ],
      "view": [
        -958.3999999999991,
        -20.03000000000001
      ],
      "onGround": true,
      "colliding": false,
      "tick": 20500,
      "ack": 13805,
      "interactions": 32,
      "worldRevision": 160,
      "inventoryOps": 39,
      "worldItems": 0
    },
    "error": null
  },
  {
    "stepId": "pw:api@8834",
    "browserCallId": "call@16653",
    "startTime": 397403.435,
    "endTime": 397407.501,
    "title": "Bounding box locator('#game')",
    "params": {
      "selector": "#game",
      "strict": "true",
      "state": "attached"
    },
    "source": "/private/tmp/seedlands-v2-acceptance-8ae9e354/apps/web/tests/e2e/classic-support/mouse-input.ts:24",
    "error": null
  },
  {
    "stepId": "pw:api@8835",
    "browserCallId": "call@16657",
    "startTime": 397407.888,
    "endTime": 397410.561,
    "title": "Evaluate",
    "params": {
      "expression": "() => document.exitPointerLock()",
      "isFunction": "true",
      "arg": "Object"
    },
    "source": "/private/tmp/seedlands-v2-acceptance-8ae9e354/apps/web/tests/e2e/classic-support/mouse-input.ts:33",
    "error": null
  },
  {
    "stepId": "pw:api@8836",
    "browserCallId": "call@16659",
    "startTime": 397410.988,
    "endTime": 397412.685,
    "title": "Wait for function",
    "params": {
      "pollingInterval": "undefined",
      "expression": "() => document.pointerLockElement === null",
      "isFunction": "true",
      "arg": "Object"
    },
    "source": "/private/tmp/seedlands-v2-acceptance-8ae9e354/apps/web/tests/e2e/classic-support/mouse-input.ts:34",
    "error": null
  },
  {
    "stepId": "pw:api@8837",
    "startTime": 397413.004,
    "endTime": 398917.752,
    "title": "Wait for timeout",
    "params": {
      "waitTimeout": "1500"
    },
    "source": "/private/tmp/seedlands-v2-acceptance-8ae9e354/apps/web/tests/e2e/classic-support/mouse-input.ts:36",
    "error": null
  },
  {
    "stepId": "pw:api@8838",
    "browserCallId": "call@16663",
    "startTime": 398918.863,
    "endTime": 398925.008,
    "title": "Is visible getByRole('button', { name: '继续游戏', exact: true })",
    "params": {
      "selector": "internal:role=button[name=\"继续游戏\"s]",
      "strict": "true"
    },
    "source": "/private/tmp/seedlands-v2-acceptance-8ae9e354/apps/web/tests/e2e/classic-support/mouse-input.ts:38",
    "error": null
  },
  {
    "stepId": "pw:api@8839",
    "startTime": 398925.818,
    "endTime": 398964.006,
    "title": "Click getByRole('button', { name: '继续游戏', exact: true })",
    "params": {
      "selector": "internal:role=button[name=\"继续游戏\"s]",
      "strict": "true"
    },
    "source": "/private/tmp/seedlands-v2-acceptance-8ae9e354/apps/web/tests/e2e/classic-support/mouse-input.ts:38",
    "error": null
  },
  {
    "stepId": "pw:api@8840",
    "browserCallId": "call@16667",
    "startTime": 398964.768,
    "endTime": 398967.667,
    "title": "Is visible locator('#debug')",
    "params": {
      "selector": "#debug",
      "strict": "true"
    },
    "source": "/private/tmp/seedlands-v2-acceptance-8ae9e354/apps/web/tests/e2e/classic-support/mouse-input.ts:7",
    "error": null
  },
  {
    "stepId": "pw:api@8841",
    "browserCallId": "call@16669",
    "startTime": 398968.204,
    "endTime": 398979.988,
    "title": "Bounding box locator('#game')",
    "params": {
      "selector": "#game",
      "strict": "true",
      "state": "attached"
    },
    "source": "/private/tmp/seedlands-v2-acceptance-8ae9e354/apps/web/tests/e2e/classic-support/mouse-input.ts:9",
    "error": null
  },
  {
    "stepId": "pw:api@8842",
    "startTime": 398980.582,
    "endTime": 399066.688,
    "title": "Click locator('#game')",
    "params": {
      "selector": "#game",
      "strict": "true",
      "position": "Object"
    },
    "source": "/private/tmp/seedlands-v2-acceptance-8ae9e354/apps/web/tests/e2e/classic-support/mouse-input.ts:11",
    "error": null
  },
  {
    "stepId": "pw:api@8843",
    "browserCallId": "call@16675",
    "startTime": 399067.22,
    "endTime": 399069.324,
    "title": "Wait for function",
    "params": {
      "pollingInterval": "undefined",
      "expression": "() => {\n    var _document$pointerLock;\n    return ((_document$pointerLock = document.pointerLockElement) === null || _document$pointerLock === void 0 ? void 0 : _document$pointerLock.id) === 'game';\n  }",
      "isFunction": "true",
      "arg": "Object"
    },
    "source": "/private/tmp/seedlands-v2-acceptance-8ae9e354/apps/web/tests/e2e/classic-support/mouse-input.ts:12",
    "error": null
  },
  {
    "stepId": "pw:api@8844",
    "startTime": 399069.735,
    "endTime": 399114.831,
    "title": "Mouse move",
    "params": {
      "x": "400",
      "y": "270"
    },
    "source": "/private/tmp/seedlands-v2-acceptance-8ae9e354/apps/web/tests/e2e/classic-support/mouse-input.ts:43",
    "error": null
  },
  {
    "stepId": "pw:api@8845",
    "browserCallId": "call@16679",
    "startTime": 399115.325,
    "endTime": 399149.11,
    "title": "Evaluate",
    "params": {
      "expression": "() => new Promise(resolve => requestAnimationFrame(() => requestAnimationFrame(() => resolve())))",
      "isFunction": "true",
      "arg": "Object"
    },
    "source": "/private/tmp/seedlands-v2-acceptance-8ae9e354/apps/web/tests/e2e/classic-support/mouse-input.ts:45",
    "error": null
  },
  {
    "stepId": "pw:api@8846",
    "browserCallId": "call@16681",
    "startTime": 399149.579,
    "endTime": 399163.98,
    "title": "Evaluate",
    "params": {
      "expression": "() => {\n  var _seedlandsHarness$sn, _seedlandsHarness;\n  return (_seedlandsHarness$sn = (_seedlandsHarness = window.__seedlandsHarness) === null || _seedlandsHarness === void 0 ? void 0 : _seedlandsHarness.snapshot()) !== null && _seedlandsHarness$sn !== void 0 ? _seedlandsHarness$sn : null;\n}",
      "isFunction": "true",
      "arg": "Object"
    },
    "source": "/private/tmp/seedlands-v2-acceptance-8ae9e354/apps/web/tests/e2e/classic-support/harness.ts:102",
    "snapshot": {
      "player": [
        78.48468780517578,
        32.599998474121094,
        0.7473694682121277
      ],
      "server": [
        78.48468795685382,
        32.6,
        0.7473694847739465
      ],
      "view": [
        -947.9999999999991,
        -20.03000000000001
      ],
      "onGround": true,
      "colliding": false,
      "tick": 20512,
      "ack": 13818,
      "interactions": 32,
      "worldRevision": 160,
      "inventoryOps": 39,
      "worldItems": 0
    },
    "error": null
  },
  {
    "stepId": "pw:api@8847",
    "browserCallId": "call@16683",
    "startTime": 399165.266,
    "endTime": 399168.124,
    "title": "Bounding box locator('#game')",
    "params": {
      "selector": "#game",
      "strict": "true",
      "state": "attached"
    },
    "source": "/private/tmp/seedlands-v2-acceptance-8ae9e354/apps/web/tests/e2e/classic-support/mouse-input.ts:24",
    "error": null
  },
  {
    "stepId": "pw:api@8848",
    "startTime": 399168.496,
    "endTime": 399171.942,
    "title": "Mouse move",
    "params": {
      "x": "320",
      "y": "270"
    },
    "source": "/private/tmp/seedlands-v2-acceptance-8ae9e354/apps/web/tests/e2e/classic-support/mouse-input.ts:43",
    "error": null
  },
  {
    "stepId": "pw:api@8849",
    "browserCallId": "call@16689",
    "startTime": 399172.66,
    "endTime": 399206.777,
    "title": "Evaluate",
    "params": {
      "expression": "() => new Promise(resolve => requestAnimationFrame(() => requestAnimationFrame(() => resolve())))",
      "isFunction": "true",
      "arg": "Object"
    },
    "source": "/private/tmp/seedlands-v2-acceptance-8ae9e354/apps/web/tests/e2e/classic-support/mouse-input.ts:45",
    "error": null
  },
  {
    "stepId": "pw:api@8850",
    "browserCallId": "call@16691",
    "startTime": 399207.233,
    "endTime": 399222.869,
    "title": "Evaluate",
    "params": {
      "expression": "() => {\n  var _seedlandsHarness$sn, _seedlandsHarness;\n  return (_seedlandsHarness$sn = (_seedlandsHarness = window.__seedlandsHarness) === null || _seedlandsHarness === void 0 ? void 0 : _seedlandsHarness.snapshot()) !== null && _seedlandsHarness$sn !== void 0 ? _seedlandsHarness$sn : null;\n}",
      "isFunction": "true",
      "arg": "Object"
    },
    "source": "/private/tmp/seedlands-v2-acceptance-8ae9e354/apps/web/tests/e2e/classic-support/harness.ts:102",
    "snapshot": {
      "player": [
        78.48468780517578,
        32.599998474121094,
        0.7473694682121277
      ],
      "server": [
        78.48468795685382,
        32.6,
        0.7473694847739465
      ],
      "view": [
        -937.5999999999991,
        -20.03000000000001
      ],
      "onGround": true,
      "colliding": false,
      "tick": 20516,
      "ack": 13822,
      "interactions": 32,
      "worldRevision": 160,
      "inventoryOps": 39,
      "worldItems": 0
    },
    "error": null
  },
  {
    "stepId": "pw:api@8851",
    "browserCallId": "call@16693",
    "startTime": 399224.241,
    "endTime": 399232.647,
    "title": "Bounding box locator('#game')",
    "params": {
      "selector": "#game",
      "strict": "true",
      "state": "attached"
    },
    "source": "/private/tmp/seedlands-v2-acceptance-8ae9e354/apps/web/tests/e2e/classic-support/mouse-input.ts:24",
    "error": null
  },
  {
    "stepId": "pw:api@8852",
    "startTime": 399233.019,
    "endTime": 399242.37,
    "title": "Mouse move",
    "params": {
      "x": "240",
      "y": "270"
    },
    "source": "/private/tmp/seedlands-v2-acceptance-8ae9e354/apps/web/tests/e2e/classic-support/mouse-input.ts:43",
    "error": null
  },
  {
    "stepId": "pw:api@8853",
    "browserCallId": "call@16699",
    "startTime": 399242.796,
    "endTime": 399272.227,
    "title": "Evaluate",
    "params": {
      "expression": "() => new Promise(resolve => requestAnimationFrame(() => requestAnimationFrame(() => resolve())))",
      "isFunction": "true",
      "arg": "Object"
    },
    "source": "/private/tmp/seedlands-v2-acceptance-8ae9e354/apps/web/tests/e2e/classic-support/mouse-input.ts:45",
    "error": null
  },
  {
    "stepId": "pw:api@8854",
    "browserCallId": "call@16701",
    "startTime": 399272.637,
    "endTime": 399285.116,
    "title": "Evaluate",
    "params": {
      "expression": "() => {\n  var _seedlandsHarness$sn, _seedlandsHarness;\n  return (_seedlandsHarness$sn = (_seedlandsHarness = window.__seedlandsHarness) === null || _seedlandsHarness === void 0 ? void 0 : _seedlandsHarness.snapshot()) !== null && _seedlandsHarness$sn !== void 0 ? _seedlandsHarness$sn : null;\n}",
      "isFunction": "true",
      "arg": "Object"
    },
    "source": "/private/tmp/seedlands-v2-acceptance-8ae9e354/apps/web/tests/e2e/classic-support/harness.ts:102",
    "snapshot": {
      "player": [
        78.48468780517578,
        32.599998474121094,
        0.7473694682121277
      ],
      "server": [
        78.48468795685382,
        32.6,
        0.7473694847739465
      ],
      "view": [
        -927.1999999999991,
        -20.03000000000001
      ],
      "onGround": true,
      "colliding": false,
      "tick": 20519,
      "ack": 13825,
      "interactions": 32,
      "worldRevision": 160,
      "inventoryOps": 39,
      "worldItems": 0
    },
    "error": null
  },
  {
    "stepId": "pw:api@8855",
    "browserCallId": "call@16703",
    "startTime": 399286.111,
    "endTime": 399290.883,
    "title": "Bounding box locator('#game')",
    "params": {
      "selector": "#game",
      "strict": "true",
      "state": "attached"
    },
    "source": "/private/tmp/seedlands-v2-acceptance-8ae9e354/apps/web/tests/e2e/classic-support/mouse-input.ts:24",
    "error": null
  },
  {
    "stepId": "pw:api@8856",
    "startTime": 399291.308,
    "endTime": 399306.154,
    "title": "Mouse move",
    "params": {
      "x": "160",
      "y": "270"
    },
    "source": "/private/tmp/seedlands-v2-acceptance-8ae9e354/apps/web/tests/e2e/classic-support/mouse-input.ts:43",
    "error": null
  },
  {
    "stepId": "pw:api@8857",
    "browserCallId": "call@16709",
    "startTime": 399306.584,
    "endTime": 399338.434,
    "title": "Evaluate",
    "params": {
      "expression": "() => new Promise(resolve => requestAnimationFrame(() => requestAnimationFrame(() => resolve())))",
      "isFunction": "true",
      "arg": "Object"
    },
    "source": "/private/tmp/seedlands-v2-acceptance-8ae9e354/apps/web/tests/e2e/classic-support/mouse-input.ts:45",
    "error": null
  },
  {
    "stepId": "pw:api@8858",
    "browserCallId": "call@16711",
    "startTime": 399338.902,
    "endTime": 399351.721,
    "title": "Evaluate",
    "params": {
      "expression": "() => {\n  var _seedlandsHarness$sn, _seedlandsHarness;\n  return (_seedlandsHarness$sn = (_seedlandsHarness = window.__seedlandsHarness) === null || _seedlandsHarness === void 0 ? void 0 : _seedlandsHarness.snapshot()) !== null && _seedlandsHarness$sn !== void 0 ? _seedlandsHarness$sn : null;\n}",
      "isFunction": "true",
      "arg": "Object"
    },
    "source": "/private/tmp/seedlands-v2-acceptance-8ae9e354/apps/web/tests/e2e/classic-support/harness.ts:102",
    "snapshot": {
      "player": [
        78.48468780517578,
        32.599998474121094,
        0.7473694682121277
      ],
      "server": [
        78.48468795685382,
        32.6,
        0.7473694847739465
      ],
      "view": [
        -916.7999999999992,
        -20.03000000000001
      ],
      "onGround": true,
      "colliding": false,
      "tick": 20524,
      "ack": 13830,
      "interactions": 32,
      "worldRevision": 160,
      "inventoryOps": 39,
      "worldItems": 0
    },
    "error": null
  },
  {
    "stepId": "pw:api@8859",
    "browserCallId": "call@16713",
    "startTime": 399352.715,
    "endTime": 399359.273,
    "title": "Bounding box locator('#game')",
    "params": {
      "selector": "#game",
      "strict": "true",
      "state": "attached"
    },
    "source": "/private/tmp/seedlands-v2-acceptance-8ae9e354/apps/web/tests/e2e/classic-support/mouse-input.ts:24",
    "error": null
  },
  {
    "stepId": "pw:api@8860",
    "startTime": 399359.65,
    "endTime": 399372.394,
    "title": "Mouse move",
    "params": {
      "x": "80",
      "y": "270"
    },
    "source": "/private/tmp/seedlands-v2-acceptance-8ae9e354/apps/web/tests/e2e/classic-support/mouse-input.ts:43",
    "error": null
  },
  {
    "stepId": "pw:api@8861",
    "browserCallId": "call@16719",
    "startTime": 399372.881,
    "endTime": 399406.187,
    "title": "Evaluate",
    "params": {
      "expression": "() => new Promise(resolve => requestAnimationFrame(() => requestAnimationFrame(() => resolve())))",
      "isFunction": "true",
      "arg": "Object"
    },
    "source": "/private/tmp/seedlands-v2-acceptance-8ae9e354/apps/web/tests/e2e/classic-support/mouse-input.ts:45",
    "error": null
  },
  {
    "stepId": "pw:api@8862",
    "browserCallId": "call@16721",
    "startTime": 399406.624,
    "endTime": 399419.337,
    "title": "Evaluate",
    "params": {
      "expression": "() => {\n  var _seedlandsHarness$sn, _seedlandsHarness;\n  return (_seedlandsHarness$sn = (_seedlandsHarness = window.__seedlandsHarness) === null || _seedlandsHarness === void 0 ? void 0 : _seedlandsHarness.snapshot()) !== null && _seedlandsHarness$sn !== void 0 ? _seedlandsHarness$sn : null;\n}",
      "isFunction": "true",
      "arg": "Object"
    },
    "source": "/private/tmp/seedlands-v2-acceptance-8ae9e354/apps/web/tests/e2e/classic-support/harness.ts:102",
    "snapshot": {
      "player": [
        78.48468780517578,
        32.599998474121094,
        0.7473694682121277
      ],
      "server": [
        78.48468795685382,
        32.6,
        0.7473694847739465
      ],
      "view": [
        -906.3999999999992,
        -20.03000000000001
      ],
      "onGround": true,
      "colliding": false,
      "tick": 20528,
      "ack": 13834,
      "interactions": 32,
      "worldRevision": 160,
      "inventoryOps": 39,
      "worldItems": 0
    },
    "error": null
  },
  {
    "stepId": "pw:api@8863",
    "browserCallId": "call@16723",
    "startTime": 399420.316,
    "endTime": 399426.121,
    "title": "Bounding box locator('#game')",
    "params": {
      "selector": "#game",
      "strict": "true",
      "state": "attached"
    },
    "source": "/private/tmp/seedlands-v2-acceptance-8ae9e354/apps/web/tests/e2e/classic-support/mouse-input.ts:24",
    "error": null
  },
  {
    "stepId": "pw:api@8864",
    "browserCallId": "call@16727",
    "startTime": 399426.524,
    "endTime": 399429.54,
    "title": "Evaluate",
    "params": {
      "expression": "() => document.exitPointerLock()",
      "isFunction": "true",
      "arg": "Object"
    },
    "source": "/private/tmp/seedlands-v2-acceptance-8ae9e354/apps/web/tests/e2e/classic-support/mouse-input.ts:33",
    "error": null
  },
  {
    "stepId": "pw:api@8865",
    "browserCallId": "call@16729",
    "startTime": 399429.918,
    "endTime": 399431.411,
    "title": "Wait for function",
    "params": {
      "pollingInterval": "undefined",
      "expression": "() => document.pointerLockElement === null",
      "isFunction": "true",
      "arg": "Object"
    },
    "source": "/private/tmp/seedlands-v2-acceptance-8ae9e354/apps/web/tests/e2e/classic-support/mouse-input.ts:34",
    "error": null
  },
  {
    "stepId": "pw:api@8866",
    "startTime": 399431.74,
    "endTime": 400935.23,
    "title": "Wait for timeout",
    "params": {
      "waitTimeout": "1500"
    },
    "source": "/private/tmp/seedlands-v2-acceptance-8ae9e354/apps/web/tests/e2e/classic-support/mouse-input.ts:36",
    "error": null
  },
  {
    "stepId": "pw:api@8867",
    "browserCallId": "call@16733",
    "startTime": 400936.169,
    "endTime": 400942.001,
    "title": "Is visible getByRole('button', { name: '继续游戏', exact: true })",
    "params": {
      "selector": "internal:role=button[name=\"继续游戏\"s]",
      "strict": "true"
    },
    "source": "/private/tmp/seedlands-v2-acceptance-8ae9e354/apps/web/tests/e2e/classic-support/mouse-input.ts:38",
    "error": null
  },
  {
    "stepId": "pw:api@8868",
    "startTime": 400942.912,
    "endTime": 400979.379,
    "title": "Click getByRole('button', { name: '继续游戏', exact: true })",
    "params": {
      "selector": "internal:role=button[name=\"继续游戏\"s]",
      "strict": "true"
    },
    "source": "/private/tmp/seedlands-v2-acceptance-8ae9e354/apps/web/tests/e2e/classic-support/mouse-input.ts:38",
    "error": null
  },
  {
    "stepId": "pw:api@8869",
    "browserCallId": "call@16737",
    "startTime": 400980.023,
    "endTime": 400982.106,
    "title": "Is visible locator('#debug')",
    "params": {
      "selector": "#debug",
      "strict": "true"
    },
    "source": "/private/tmp/seedlands-v2-acceptance-8ae9e354/apps/web/tests/e2e/classic-support/mouse-input.ts:7",
    "error": null
  },
  {
    "stepId": "pw:api@8870",
    "browserCallId": "call@16739",
    "startTime": 400982.617,
    "endTime": 400985.357,
    "title": "Bounding box locator('#game')",
    "params": {
      "selector": "#game",
      "strict": "true",
      "state": "attached"
    },
    "source": "/private/tmp/seedlands-v2-acceptance-8ae9e354/apps/web/tests/e2e/classic-support/mouse-input.ts:9",
    "error": null
  },
  {
    "stepId": "pw:api@8871",
    "startTime": 400985.816,
    "endTime": 401078.412,
    "title": "Click locator('#game')",
    "params": {
      "selector": "#game",
      "strict": "true",
      "position": "Object"
    },
    "source": "/private/tmp/seedlands-v2-acceptance-8ae9e354/apps/web/tests/e2e/classic-support/mouse-input.ts:11",
    "error": null
  },
  {
    "stepId": "pw:api@8872",
    "browserCallId": "call@16745",
    "startTime": 401078.935,
    "endTime": 401081.177,
    "title": "Wait for function",
    "params": {
      "pollingInterval": "undefined",
      "expression": "() => {\n    var _document$pointerLock;\n    return ((_document$pointerLock = document.pointerLockElement) === null || _document$pointerLock === void 0 ? void 0 : _document$pointerLock.id) === 'game';\n  }",
      "isFunction": "true",
      "arg": "Object"
    },
    "source": "/private/tmp/seedlands-v2-acceptance-8ae9e354/apps/web/tests/e2e/classic-support/mouse-input.ts:12",
    "error": null
  },
  {
    "stepId": "pw:api@8873",
    "startTime": 401081.571,
    "endTime": 401090.89,
    "title": "Mouse move",
    "params": {
      "x": "458.016116196094",
      "y": "270"
    },
    "source": "/private/tmp/seedlands-v2-acceptance-8ae9e354/apps/web/tests/e2e/classic-support/mouse-input.ts:43",
    "error": null
  },
  {
    "stepId": "pw:api@8874",
    "browserCallId": "call@16749",
    "startTime": 401091.523,
    "endTime": 401123.835,
    "title": "Evaluate",
    "params": {
      "expression": "() => new Promise(resolve => requestAnimationFrame(() => requestAnimationFrame(() => resolve())))",
      "isFunction": "true",
      "arg": "Object"
    },
    "source": "/private/tmp/seedlands-v2-acceptance-8ae9e354/apps/web/tests/e2e/classic-support/mouse-input.ts:45",
    "error": null
  },
  {
    "stepId": "pw:api@8875",
    "browserCallId": "call@16751",
    "startTime": 401124.342,
    "endTime": 401141.06,
    "title": "Evaluate",
    "params": {
      "expression": "() => {\n  var _seedlandsHarness$sn, _seedlandsHarness;\n  return (_seedlandsHarness$sn = (_seedlandsHarness = window.__seedlandsHarness) === null || _seedlandsHarness === void 0 ? void 0 : _seedlandsHarness.snapshot()) !== null && _seedlandsHarness$sn !== void 0 ? _seedlandsHarness$sn : null;\n}",
      "isFunction": "true",
      "arg": "Object"
    },
    "source": "/private/tmp/seedlands-v2-acceptance-8ae9e354/apps/web/tests/e2e/classic-support/harness.ts:102",
    "snapshot": {
      "player": [
        78.48468780517578,
        32.599998474121094,
        0.7473694682121277
      ],
      "server": [
        78.48468795685382,
        32.6,
        0.7473694847739465
      ],
      "view": [
        -903.5399999999992,
        -20.03000000000001
      ],
      "onGround": true,
      "colliding": false,
      "tick": 20538,
      "ack": 13846,
      "interactions": 32,
      "worldRevision": 160,
      "inventoryOps": 39,
      "worldItems": 0
    },
    "error": null
  },
  {
    "stepId": "pw:api@8876",
    "browserCallId": "call@16753",
    "startTime": 401143.988,
    "endTime": 401173.146,
    "title": "Evaluate",
    "params": {
      "expression": "() => {\n  var _seedlandsHarness$sn, _seedlandsHarness;\n  return (_seedlandsHarness$sn = (_seedlandsHarness = window.__seedlandsHarness) === null || _seedlandsHarness === void 0 ? void 0 : _seedlandsHarness.snapshot()) !== null && _seedlandsHarness$sn !== void 0 ? _seedlandsHarness$sn : null;\n}",
      "isFunction": "true",
      "arg": "Object"
    },
    "source": "/private/tmp/seedlands-v2-acceptance-8ae9e354/apps/web/tests/e2e/classic-support/harness.ts:102",
    "snapshot": {
      "player": [
        78.48468780517578,
        32.599998474121094,
        0.7473694682121277
      ],
      "server": [
        78.48468795685382,
        32.6,
        0.7473694847739465
      ],
      "view": [
        -903.5399999999992,
        -20.03000000000001
      ],
      "onGround": true,
      "colliding": false,
      "tick": 20539,
      "ack": 13847,
      "interactions": 32,
      "worldRevision": 160,
      "inventoryOps": 39,
      "worldItems": 0
    },
    "error": null
  },
  {
    "stepId": "pw:api@8877",
    "startTime": 401174.348,
    "endTime": 401176.719,
    "title": "Key down \"KeyS\"",
    "params": {
      "key": "KeyS"
    },
    "source": "/private/tmp/seedlands-v2-acceptance-8ae9e354/apps/web/tests/e2e/classic-support/harness.ts:248",
    "error": null
  },
  {
    "stepId": "pw:api@8878",
    "startTime": 401259.305,
    "endTime": 401261.478,
    "title": "Key up \"KeyS\"",
    "params": {
      "key": "KeyS"
    },
    "source": "/private/tmp/seedlands-v2-acceptance-8ae9e354/apps/web/tests/e2e/classic-support/harness.ts:254",
    "error": null
  },
  {
    "stepId": "pw:api@8880",
    "browserCallId": "call@16759",
    "startTime": 401262.172,
    "endTime": 401276.338,
    "title": "Evaluate",
    "params": {
      "expression": "() => {\n  var _seedlandsHarness$sn, _seedlandsHarness;\n  return (_seedlandsHarness$sn = (_seedlandsHarness = window.__seedlandsHarness) === null || _seedlandsHarness === void 0 ? void 0 : _seedlandsHarness.snapshot()) !== null && _seedlandsHarness$sn !== void 0 ? _seedlandsHarness$sn : null;\n}",
      "isFunction": "true",
      "arg": "Object"
    },
    "source": "/private/tmp/seedlands-v2-acceptance-8ae9e354/apps/web/tests/e2e/classic-support/harness.ts:102",
    "snapshot": {
      "player": [
        78.50784301757812,
        32.599998474121094,
        0.5390361547470093
      ],
      "server": [
        78.49858066153473,
        32.6,
        0.6640361514406132
      ],
      "view": [
        -903.5399999999992,
        -20.03000000000001
      ],
      "onGround": true,
      "colliding": false,
      "tick": 20546,
      "ack": 13854,
      "interactions": 32,
      "worldRevision": 160,
      "inventoryOps": 39,
      "worldItems": 0
    },
    "error": null
  },
  {
    "stepId": "pw:api@8883",
    "browserCallId": "call@16761",
    "startTime": 401277.976,
    "endTime": 401291.103,
    "title": "Evaluate",
    "params": {
      "expression": "() => {\n  var _seedlandsHarness$sn, _seedlandsHarness;\n  return (_seedlandsHarness$sn = (_seedlandsHarness = window.__seedlandsHarness) === null || _seedlandsHarness === void 0 ? void 0 : _seedlandsHarness.snapshot()) !== null && _seedlandsHarness$sn !== void 0 ? _seedlandsHarness$sn : null;\n}",
      "isFunction": "true",
      "arg": "Object"
    },
    "source": "/private/tmp/seedlands-v2-acceptance-8ae9e354/apps/web/tests/e2e/classic-support/harness.ts:102",
    "snapshot": {
      "player": [
        78.50784301757812,
        32.599998474121094,
        0.4834806025028229
      ],
      "server": [
        78.49858066153473,
        32.6,
        0.6640361514406132
      ],
      "view": [
        -903.5399999999992,
        -20.03000000000001
      ],
      "onGround": true,
      "colliding": false,
      "tick": 20546,
      "ack": 13854,
      "interactions": 32,
      "worldRevision": 160,
      "inventoryOps": 39,
      "worldItems": 0
    },
    "error": null
  },
  {
    "stepId": "pw:api@8885",
    "browserCallId": "call@16763",
    "startTime": 401308.999,
    "endTime": 401322.179,
    "title": "Evaluate",
    "params": {
      "expression": "() => {\n  var _seedlandsHarness$sn, _seedlandsHarness;\n  return (_seedlandsHarness$sn = (_seedlandsHarness = window.__seedlandsHarness) === null || _seedlandsHarness === void 0 ? void 0 : _seedlandsHarness.snapshot()) !== null && _seedlandsHarness$sn !== void 0 ? _seedlandsHarness$sn : null;\n}",
      "isFunction": "true",
      "arg": "Object"
    },
    "source": "/private/tmp/seedlands-v2-acceptance-8ae9e354/apps/web/tests/e2e/classic-support/harness.ts:102",
    "snapshot": {
      "player": [
        78.50784301757812,
        32.599998474121094,
        0.4140361547470093
      ],
      "server": [
        78.50784246465534,
        32.6,
        0.48348059588505765
      ],
      "view": [
        -903.5399999999992,
        -20.03000000000001
      ],
      "onGround": true,
      "colliding": false,
      "tick": 20549,
      "ack": 13857,
      "interactions": 32,
      "worldRevision": 160,
      "inventoryOps": 39,
      "worldItems": 0
    },
    "error": null
  },
  {
    "stepId": "pw:api@8887",
    "browserCallId": "call@16765",
    "startTime": 401323.974,
    "endTime": 401337.947,
    "title": "Evaluate",
    "params": {
      "expression": "() => {\n  var _seedlandsHarness$sn, _seedlandsHarness;\n  return (_seedlandsHarness$sn = (_seedlandsHarness = window.__seedlandsHarness) === null || _seedlandsHarness === void 0 ? void 0 : _seedlandsHarness.snapshot()) !== null && _seedlandsHarness$sn !== void 0 ? _seedlandsHarness$sn : null;\n}",
      "isFunction": "true",
      "arg": "Object"
    },
    "source": "/private/tmp/seedlands-v2-acceptance-8ae9e354/apps/web/tests/e2e/classic-support/harness.ts:102",
    "snapshot": {
      "player": [
        78.50784301757812,
        32.599998474121094,
        0.4001472592353821
      ],
      "server": [
        78.50784246465534,
        32.6,
        0.44181392921839097
      ],
      "view": [
        -903.5399999999992,
        -20.03000000000001
      ],
      "onGround": true,
      "colliding": false,
      "tick": 20550,
      "ack": 13858,
      "interactions": 32,
      "worldRevision": 160,
      "inventoryOps": 39,
      "worldItems": 0
    },
    "error": null
  },
  {
    "stepId": "pw:api@8888",
    "browserCallId": "call@16767",
    "startTime": 401339.132,
    "endTime": 401352.308,
    "title": "Evaluate",
    "params": {
      "expression": "() => {\n  var _seedlandsHarness$sn, _seedlandsHarness;\n  return (_seedlandsHarness$sn = (_seedlandsHarness = window.__seedlandsHarness) === null || _seedlandsHarness === void 0 ? void 0 : _seedlandsHarness.snapshot()) !== null && _seedlandsHarness$sn !== void 0 ? _seedlandsHarness$sn : null;\n}",
      "isFunction": "true",
      "arg": "Object"
    },
    "source": "/private/tmp/seedlands-v2-acceptance-8ae9e354/apps/web/tests/e2e/classic-support/harness.ts:102",
    "snapshot": {
      "player": [
        78.50784301757812,
        32.599998474121094,
        0.4001472592353821
      ],
      "server": [
        78.50784246465534,
        32.6,
        0.4140361514406132
      ],
      "view": [
        -903.5399999999992,
        -20.03000000000001
      ],
      "onGround": true,
      "colliding": false,
      "tick": 20551,
      "ack": 13859,
      "interactions": 32,
      "worldRevision": 160,
      "inventoryOps": 39,
      "worldItems": 0
    },
    "error": null
  },
  {
    "stepId": "pw:api@8889",
    "browserCallId": "call@16769",
    "startTime": 401353.28,
    "endTime": 401359.529,
    "title": "Bounding box locator('#game')",
    "params": {
      "selector": "#game",
      "strict": "true",
      "state": "attached"
    },
    "source": "/private/tmp/seedlands-v2-acceptance-8ae9e354/apps/web/tests/e2e/classic-support/mouse-input.ts:24",
    "error": null
  },
  {
    "stepId": "pw:api@8890",
    "startTime": 401359.905,
    "endTime": 401373.449,
    "title": "Mouse move",
    "params": {
      "x": "378.016116196094",
      "y": "270"
    },
    "source": "/private/tmp/seedlands-v2-acceptance-8ae9e354/apps/web/tests/e2e/classic-support/mouse-input.ts:43",
    "error": null
  },
  {
    "stepId": "pw:api@8891",
    "browserCallId": "call@16775",
    "startTime": 401373.921,
    "endTime": 401405.018,
    "title": "Evaluate",
    "params": {
      "expression": "() => new Promise(resolve => requestAnimationFrame(() => requestAnimationFrame(() => resolve())))",
      "isFunction": "true",
      "arg": "Object"
    },
    "source": "/private/tmp/seedlands-v2-acceptance-8ae9e354/apps/web/tests/e2e/classic-support/mouse-input.ts:45",
    "error": null
  },
  {
    "stepId": "pw:api@8892",
    "browserCallId": "call@16777",
    "startTime": 401405.482,
    "endTime": 401418.394,
    "title": "Evaluate",
    "params": {
      "expression": "() => {\n  var _seedlandsHarness$sn, _seedlandsHarness;\n  return (_seedlandsHarness$sn = (_seedlandsHarness = window.__seedlandsHarness) === null || _seedlandsHarness === void 0 ? void 0 : _seedlandsHarness.snapshot()) !== null && _seedlandsHarness$sn !== void 0 ? _seedlandsHarness$sn : null;\n}",
      "isFunction": "true",
      "arg": "Object"
    },
    "source": "/private/tmp/seedlands-v2-acceptance-8ae9e354/apps/web/tests/e2e/classic-support/harness.ts:102",
    "snapshot": {
      "player": [
        78.50784301757812,
        32.599998474121094,
        0.4001472592353821
      ],
      "server": [
        78.50784246465534,
        32.6,
        0.4001472625517243
      ],
      "view": [
        -893.1399999999992,
        -20.03000000000001
      ],
      "onGround": true,
      "colliding": false,
      "tick": 20555,
      "ack": 13863,
      "interactions": 32,
      "worldRevision": 160,
      "inventoryOps": 39,
      "worldItems": 0
    },
    "error": null
  },
  {
    "stepId": "pw:api@8893",
    "browserCallId": "call@16779",
    "startTime": 401419.361,
    "endTime": 401425.037,
    "title": "Bounding box locator('#game')",
    "params": {
      "selector": "#game",
      "strict": "true",
      "state": "attached"
    },
    "source": "/private/tmp/seedlands-v2-acceptance-8ae9e354/apps/web/tests/e2e/classic-support/mouse-input.ts:24",
    "error": null
  },
  {
    "stepId": "pw:api@8894",
    "startTime": 401425.412,
    "endTime": 401440.078,
    "title": "Mouse move",
    "params": {
      "x": "298.016116196094",
      "y": "270"
    },
    "source": "/private/tmp/seedlands-v2-acceptance-8ae9e354/apps/web/tests/e2e/classic-support/mouse-input.ts:43",
    "error": null
  },
  {
    "stepId": "pw:api@8895",
    "browserCallId": "call@16785",
    "startTime": 401440.644,
    "endTime": 401471.698,
    "title": "Evaluate",
    "params": {
      "expression": "() => new Promise(resolve => requestAnimationFrame(() => requestAnimationFrame(() => resolve())))",
      "isFunction": "true",
      "arg": "Object"
    },
    "source": "/private/tmp/seedlands-v2-acceptance-8ae9e354/apps/web/tests/e2e/classic-support/mouse-input.ts:45",
    "error": null
  },
  {
    "stepId": "pw:api@8896",
    "browserCallId": "call@16787",
    "startTime": 401472.149,
    "endTime": 401485.007,
    "title": "Evaluate",
    "params": {
      "expression": "() => {\n  var _seedlandsHarness$sn, _seedlandsHarness;\n  return (_seedlandsHarness$sn = (_seedlandsHarness = window.__seedlandsHarness) === null || _seedlandsHarness === void 0 ? void 0 : _seedlandsHarness.snapshot()) !== null && _seedlandsHarness$sn !== void 0 ? _seedlandsHarness$sn : null;\n}",
      "isFunction": "true",
      "arg": "Object"
    },
    "source": "/private/tmp/seedlands-v2-acceptance-8ae9e354/apps/web/tests/e2e/classic-support/harness.ts:102",
    "snapshot": {
      "player": [
        78.50784301757812,
        32.599998474121094,
        0.4001472592353821
      ],
      "server": [
        78.50784246465534,
        32.6,
        0.4001472625517243
      ],
      "view": [
        -882.7399999999992,
        -20.03000000000001
      ],
      "onGround": true,
      "colliding": false,
      "tick": 20558,
      "ack": 13866,
      "interactions": 32,
      "worldRevision": 160,
      "inventoryOps": 39,
      "worldItems": 0
    },
    "error": null
  },
  {
    "stepId": "pw:api@8897",
    "browserCallId": "call@16789",
    "startTime": 401485.988,
    "endTime": 401490.436,
    "title": "Bounding box locator('#game')",
    "params": {
      "selector": "#game",
      "strict": "true",
      "state": "attached"
    },
    "source": "/private/tmp/seedlands-v2-acceptance-8ae9e354/apps/web/tests/e2e/classic-support/mouse-input.ts:24",
    "error": null
  },
  {
    "stepId": "pw:api@8898",
    "startTime": 401490.795,
    "endTime": 401506.303,
    "title": "Mouse move",
    "params": {
      "x": "218.016116196094",
      "y": "270"
    },
    "source": "/private/tmp/seedlands-v2-acceptance-8ae9e354/apps/web/tests/e2e/classic-support/mouse-input.ts:43",
    "error": null
  },
  {
    "stepId": "pw:api@8899",
    "browserCallId": "call@16795",
    "startTime": 401506.744,
    "endTime": 401539.56,
    "title": "Evaluate",
    "params": {
      "expression": "() => new Promise(resolve => requestAnimationFrame(() => requestAnimationFrame(() => resolve())))",
      "isFunction": "true",
      "arg": "Object"
    },
    "source": "/private/tmp/seedlands-v2-acceptance-8ae9e354/apps/web/tests/e2e/classic-support/mouse-input.ts:45",
    "error": null
  },
  {
    "stepId": "pw:api@8900",
    "browserCallId": "call@16797",
    "startTime": 401540.004,
    "endTime": 401552.554,
    "title": "Evaluate",
    "params": {
      "expression": "() => {\n  var _seedlandsHarness$sn, _seedlandsHarness;\n  return (_seedlandsHarness$sn = (_seedlandsHarness = window.__seedlandsHarness) === null || _seedlandsHarness === void 0 ? void 0 : _seedlandsHarness.snapshot()) !== null && _seedlandsHarness$sn !== void 0 ? _seedlandsHarness$sn : null;\n}",
      "isFunction": "true",
      "arg": "Object"
    },
    "source": "/private/tmp/seedlands-v2-acceptance-8ae9e354/apps/web/tests/e2e/classic-support/harness.ts:102",
    "snapshot": {
      "player": [
        78.50784301757812,
        32.599998474121094,
        0.4001472592353821
      ],
      "server": [
        78.50784246465534,
        32.6,
        0.4001472625517243
      ],
      "view": [
        -872.3399999999992,
        -20.03000000000001
      ],
      "onGround": true,
      "colliding": false,
      "tick": 20563,
      "ack": 13871,
      "interactions": 32,
      "worldRevision": 160,
      "inventoryOps": 39,
      "worldItems": 0
    },
    "error": null
  },
  {
    "stepId": "pw:api@8901",
    "browserCallId": "call@16799",
    "startTime": 401553.432,
    "endTime": 401559.442,
    "title": "Bounding box locator('#game')",
    "params": {
      "selector": "#game",
      "strict": "true",
      "state": "attached"
    },
    "source": "/private/tmp/seedlands-v2-acceptance-8ae9e354/apps/web/tests/e2e/classic-support/mouse-input.ts:24",
    "error": null
  },
  {
    "stepId": "pw:api@8902",
    "startTime": 401559.834,
    "endTime": 401574.118,
    "title": "Mouse move",
    "params": {
      "x": "138.016116196094",
      "y": "270"
    },
    "source": "/private/tmp/seedlands-v2-acceptance-8ae9e354/apps/web/tests/e2e/classic-support/mouse-input.ts:43",
    "error": null
  },
  {
    "stepId": "pw:api@8903",
    "browserCallId": "call@16805",
    "startTime": 401574.58,
    "endTime": 401606.249,
    "title": "Evaluate",
    "params": {
      "expression": "() => new Promise(resolve => requestAnimationFrame(() => requestAnimationFrame(() => resolve())))",
      "isFunction": "true",
      "arg": "Object"
    },
    "source": "/private/tmp/seedlands-v2-acceptance-8ae9e354/apps/web/tests/e2e/classic-support/mouse-input.ts:45",
    "error": null
  },
  {
    "stepId": "pw:api@8904",
    "browserCallId": "call@16807",
    "startTime": 401606.691,
    "endTime": 401619.514,
    "title": "Evaluate",
    "params": {
      "expression": "() => {\n  var _seedlandsHarness$sn, _seedlandsHarness;\n  return (_seedlandsHarness$sn = (_seedlandsHarness = window.__seedlandsHarness) === null || _seedlandsHarness === void 0 ? void 0 : _seedlandsHarness.snapshot()) !== null && _seedlandsHarness$sn !== void 0 ? _seedlandsHarness$sn : null;\n}",
      "isFunction": "true",
      "arg": "Object"
    },
    "source": "/private/tmp/seedlands-v2-acceptance-8ae9e354/apps/web/tests/e2e/classic-support/harness.ts:102",
    "snapshot": {
      "player": [
        78.50784301757812,
        32.599998474121094,
        0.4001472592353821
      ],
      "server": [
        78.50784246465534,
        32.6,
        0.4001472625517243
      ],
      "view": [
        -861.9399999999993,
        -20.03000000000001
      ],
      "onGround": true,
      "colliding": false,
      "tick": 20567,
      "ack": 13875,
      "interactions": 32,
      "worldRevision": 160,
      "inventoryOps": 39,
      "worldItems": 0
    },
    "error": null
  },
  {
    "stepId": "pw:api@8905",
    "browserCallId": "call@16809",
    "startTime": 401620.453,
    "endTime": 401626.154,
    "title": "Bounding box locator('#game')",
    "params": {
      "selector": "#game",
      "strict": "true",
      "state": "attached"
    },
    "source": "/private/tmp/seedlands-v2-acceptance-8ae9e354/apps/web/tests/e2e/classic-support/mouse-input.ts:24",
    "error": null
  },
  {
    "stepId": "pw:api@8906",
    "browserCallId": "call@16813",
    "startTime": 401626.568,
    "endTime": 401629.36,
    "title": "Evaluate",
    "params": {
      "expression": "() => document.exitPointerLock()",
      "isFunction": "true",
      "arg": "Object"
    },
    "source": "/private/tmp/seedlands-v2-acceptance-8ae9e354/apps/web/tests/e2e/classic-support/mouse-input.ts:33",
    "error": null
  },
  {
    "stepId": "pw:api@8907",
    "browserCallId": "call@16815",
    "startTime": 401629.723,
    "endTime": 401631.14,
    "title": "Wait for function",
    "params": {
      "pollingInterval": "undefined",
      "expression": "() => document.pointerLockElement === null",
      "isFunction": "true",
      "arg": "Object"
    },
    "source": "/private/tmp/seedlands-v2-acceptance-8ae9e354/apps/web/tests/e2e/classic-support/mouse-input.ts:34",
    "error": null
  },
  {
    "stepId": "pw:api@8908",
    "startTime": 401631.467,
    "endTime": 403134.594,
    "title": "Wait for timeout",
    "params": {
      "waitTimeout": "1500"
    },
    "source": "/private/tmp/seedlands-v2-acceptance-8ae9e354/apps/web/tests/e2e/classic-support/mouse-input.ts:36",
    "error": null
  },
  {
    "stepId": "pw:api@8909",
    "browserCallId": "call@16819",
    "startTime": 403136.475,
    "endTime": 403142.779,
    "title": "Is visible getByRole('button', { name: '继续游戏', exact: true })",
    "params": {
      "selector": "internal:role=button[name=\"继续游戏\"s]",
      "strict": "true"
    },
    "source": "/private/tmp/seedlands-v2-acceptance-8ae9e354/apps/web/tests/e2e/classic-support/mouse-input.ts:38",
    "error": null
  },
  {
    "stepId": "pw:api@8910",
    "startTime": 403143.694,
    "endTime": 403178.964,
    "title": "Click getByRole('button', { name: '继续游戏', exact: true })",
    "params": {
      "selector": "internal:role=button[name=\"继续游戏\"s]",
      "strict": "true"
    },
    "source": "/private/tmp/seedlands-v2-acceptance-8ae9e354/apps/web/tests/e2e/classic-support/mouse-input.ts:38",
    "error": null
  },
  {
    "stepId": "pw:api@8911",
    "browserCallId": "call@16823",
    "startTime": 403179.687,
    "endTime": 403182.217,
    "title": "Is visible locator('#debug')",
    "params": {
      "selector": "#debug",
      "strict": "true"
    },
    "source": "/private/tmp/seedlands-v2-acceptance-8ae9e354/apps/web/tests/e2e/classic-support/mouse-input.ts:7",
    "error": null
  },
  {
    "stepId": "pw:api@8912",
    "browserCallId": "call@16825",
    "startTime": 403182.797,
    "endTime": 403185.704,
    "title": "Bounding box locator('#game')",
    "params": {
      "selector": "#game",
      "strict": "true",
      "state": "attached"
    },
    "source": "/private/tmp/seedlands-v2-acceptance-8ae9e354/apps/web/tests/e2e/classic-support/mouse-input.ts:9",
    "error": null
  },
  {
    "stepId": "pw:api@8913",
    "startTime": 403186.291,
    "endTime": 403267.221,
    "title": "Click locator('#game')",
    "params": {
      "selector": "#game",
      "strict": "true",
      "position": "Object"
    },
    "source": "/private/tmp/seedlands-v2-acceptance-8ae9e354/apps/web/tests/e2e/classic-support/mouse-input.ts:11",
    "error": null
  },
  {
    "stepId": "pw:api@8914",
    "browserCallId": "call@16831",
    "startTime": 403267.709,
    "endTime": 403269.31,
    "title": "Wait for function",
    "params": {
      "pollingInterval": "undefined",
      "expression": "() => {\n    var _document$pointerLock;\n    return ((_document$pointerLock = document.pointerLockElement) === null || _document$pointerLock === void 0 ? void 0 : _document$pointerLock.id) === 'game';\n  }",
      "isFunction": "true",
      "arg": "Object"
    },
    "source": "/private/tmp/seedlands-v2-acceptance-8ae9e354/apps/web/tests/e2e/classic-support/mouse-input.ts:12",
    "error": null
  },
  {
    "stepId": "pw:api@8915",
    "startTime": 403269.661,
    "endTime": 403275.211,
    "title": "Mouse move",
    "params": {
      "x": "400",
      "y": "270"
    },
    "source": "/private/tmp/seedlands-v2-acceptance-8ae9e354/apps/web/tests/e2e/classic-support/mouse-input.ts:43",
    "error": null
  },
  {
    "stepId": "pw:api@8916",
    "browserCallId": "call@16835",
    "startTime": 403275.795,
    "endTime": 403323.153,
    "title": "Evaluate",
    "params": {
      "expression": "() => new Promise(resolve => requestAnimationFrame(() => requestAnimationFrame(() => resolve())))",
      "isFunction": "true",
      "arg": "Object"
    },
    "source": "/private/tmp/seedlands-v2-acceptance-8ae9e354/apps/web/tests/e2e/classic-support/mouse-input.ts:45",
    "error": null
  },
  {
    "stepId": "pw:api@8917",
    "browserCallId": "call@16837",
    "startTime": 403323.652,
    "endTime": 403339.515,
    "title": "Evaluate",
    "params": {
      "expression": "() => {\n  var _seedlandsHarness$sn, _seedlandsHarness;\n  return (_seedlandsHarness$sn = (_seedlandsHarness = window.__seedlandsHarness) === null || _seedlandsHarness === void 0 ? void 0 : _seedlandsHarness.snapshot()) !== null && _seedlandsHarness$sn !== void 0 ? _seedlandsHarness$sn : null;\n}",
      "isFunction": "true",
      "arg": "Object"
    },
    "source": "/private/tmp/seedlands-v2-acceptance-8ae9e354/apps/web/tests/e2e/classic-support/harness.ts:102",
    "snapshot": {
      "player": [
        78.50784301757812,
        32.599998474121094,
        0.4001472592353821
      ],
      "server": [
        78.50784246465534,
        32.6,
        0.4001472625517243
      ],
      "view": [
        -851.5399999999993,
        -20.03000000000001
      ],
      "onGround": true,
      "colliding": false,
      "tick": 20577,
      "ack": 13886,
      "interactions": 32,
      "worldRevision": 160,
      "inventoryOps": 39,
      "worldItems": 0
    },
    "error": null
  },
  {
    "stepId": "pw:api@8918",
    "browserCallId": "call@16839",
    "startTime": 403341.209,
    "endTime": 403345.363,
    "title": "Bounding box locator('#game')",
    "params": {
      "selector": "#game",
      "strict": "true",
      "state": "attached"
    },
    "source": "/private/tmp/seedlands-v2-acceptance-8ae9e354/apps/web/tests/e2e/classic-support/mouse-input.ts:24",
    "error": null
  },
  {
    "stepId": "pw:api@8919",
    "startTime": 403345.827,
    "endTime": 403359.589,
    "title": "Mouse move",
    "params": {
      "x": "320",
      "y": "270"
    },
    "source": "/private/tmp/seedlands-v2-acceptance-8ae9e354/apps/web/tests/e2e/classic-support/mouse-input.ts:43",
    "error": null
  },
  {
    "stepId": "pw:api@8920",
    "browserCallId": "call@16845",
    "startTime": 403360.105,
    "endTime": 403389.423,
    "title": "Evaluate",
    "params": {
      "expression": "() => new Promise(resolve => requestAnimationFrame(() => requestAnimationFrame(() => resolve())))",
      "isFunction": "true",
      "arg": "Object"
    },
    "source": "/private/tmp/seedlands-v2-acceptance-8ae9e354/apps/web/tests/e2e/classic-support/mouse-input.ts:45",
    "error": null
  },
  {
    "stepId": "pw:api@8921",
    "browserCallId": "call@16847",
    "startTime": 403389.897,
    "endTime": 403403.004,
    "title": "Evaluate",
    "params": {
      "expression": "() => {\n  var _seedlandsHarness$sn, _seedlandsHarness;\n  return (_seedlandsHarness$sn = (_seedlandsHarness = window.__seedlandsHarness) === null || _seedlandsHarness === void 0 ? void 0 : _seedlandsHarness.snapshot()) !== null && _seedlandsHarness$sn !== void 0 ? _seedlandsHarness$sn : null;\n}",
      "isFunction": "true",
      "arg": "Object"
    },
    "source": "/private/tmp/seedlands-v2-acceptance-8ae9e354/apps/web/tests/e2e/classic-support/harness.ts:102",
    "snapshot": {
      "player": [
        78.50784301757812,
        32.599998474121094,
        0.4001472592353821
      ],
      "server": [
        78.50784246465534,
        32.6,
        0.4001472625517243
      ],
      "view": [
        -841.1399999999993,
        -20.03000000000001
      ],
      "onGround": true,
      "colliding": false,
      "tick": 20581,
      "ack": 13890,
      "interactions": 32,
      "worldRevision": 160,
      "inventoryOps": 39,
      "worldItems": 0
    },
    "error": null
  },
  {
    "stepId": "pw:api@8922",
    "browserCallId": "call@16849",
    "startTime": 403403.818,
    "endTime": 403408.845,
    "title": "Bounding box locator('#game')",
    "params": {
      "selector": "#game",
      "strict": "true",
      "state": "attached"
    },
    "source": "/private/tmp/seedlands-v2-acceptance-8ae9e354/apps/web/tests/e2e/classic-support/mouse-input.ts:24",
    "error": null
  },
  {
    "stepId": "pw:api@8923",
    "startTime": 403409.238,
    "endTime": 403429.259,
    "title": "Mouse move",
    "params": {
      "x": "240",
      "y": "270"
    },
    "source": "/private/tmp/seedlands-v2-acceptance-8ae9e354/apps/web/tests/e2e/classic-support/mouse-input.ts:43",
    "error": null
  },
  {
    "stepId": "pw:api@8924",
    "browserCallId": "call@16855",
    "startTime": 403429.662,
    "endTime": 403455.24,
    "title": "Evaluate",
    "params": {
      "expression": "() => new Promise(resolve => requestAnimationFrame(() => requestAnimationFrame(() => resolve())))",
      "isFunction": "true",
      "arg": "Object"
    },
    "source": "/private/tmp/seedlands-v2-acceptance-8ae9e354/apps/web/tests/e2e/classic-support/mouse-input.ts:45",
    "error": null
  },
  {
    "stepId": "pw:api@8925",
    "browserCallId": "call@16857",
    "startTime": 403455.717,
    "endTime": 403468.845,
    "title": "Evaluate",
    "params": {
      "expression": "() => {\n  var _seedlandsHarness$sn, _seedlandsHarness;\n  return (_seedlandsHarness$sn = (_seedlandsHarness = window.__seedlandsHarness) === null || _seedlandsHarness === void 0 ? void 0 : _seedlandsHarness.snapshot()) !== null && _seedlandsHarness$sn !== void 0 ? _seedlandsHarness$sn : null;\n}",
      "isFunction": "true",
      "arg": "Object"
    },
    "source": "/private/tmp/seedlands-v2-acceptance-8ae9e354/apps/web/tests/e2e/classic-support/harness.ts:102",
    "snapshot": {
      "player": [
        78.50784301757812,
        32.599998474121094,
        0.4001472592353821
      ],
      "server": [
        78.50784246465534,
        32.6,
        0.4001472625517243
      ],
      "view": [
        -830.7399999999993,
        -20.03000000000001
      ],
      "onGround": true,
      "colliding": false,
      "tick": 20585,
      "ack": 13894,
      "interactions": 32,
      "worldRevision": 160,
      "inventoryOps": 39,
      "worldItems": 0
    },
    "error": null
  },
  {
    "stepId": "pw:api@8926",
    "browserCallId": "call@16859",
    "startTime": 403469.916,
    "endTime": 403474.416,
    "title": "Bounding box locator('#game')",
    "params": {
      "selector": "#game",
      "strict": "true",
      "state": "attached"
    },
    "source": "/private/tmp/seedlands-v2-acceptance-8ae9e354/apps/web/tests/e2e/classic-support/mouse-input.ts:24",
    "error": null
  },
  {
    "stepId": "pw:api@8927",
    "startTime": 403474.77,
    "endTime": 403490.318,
    "title": "Mouse move",
    "params": {
      "x": "160",
      "y": "270"
    },
    "source": "/private/tmp/seedlands-v2-acceptance-8ae9e354/apps/web/tests/e2e/classic-support/mouse-input.ts:43",
    "error": null
  },
  {
    "stepId": "pw:api@8928",
    "browserCallId": "call@16865",
    "startTime": 403490.861,
    "endTime": 403523.324,
    "title": "Evaluate",
    "params": {
      "expression": "() => new Promise(resolve => requestAnimationFrame(() => requestAnimationFrame(() => resolve())))",
      "isFunction": "true",
      "arg": "Object"
    },
    "source": "/private/tmp/seedlands-v2-acceptance-8ae9e354/apps/web/tests/e2e/classic-support/mouse-input.ts:45",
    "error": null
  },
  {
    "stepId": "pw:api@8929",
    "browserCallId": "call@16867",
    "startTime": 403523.799,
    "endTime": 403536.415,
    "title": "Evaluate",
    "params": {
      "expression": "() => {\n  var _seedlandsHarness$sn, _seedlandsHarness;\n  return (_seedlandsHarness$sn = (_seedlandsHarness = window.__seedlandsHarness) === null || _seedlandsHarness === void 0 ? void 0 : _seedlandsHarness.snapshot()) !== null && _seedlandsHarness$sn !== void 0 ? _seedlandsHarness$sn : null;\n}",
      "isFunction": "true",
      "arg": "Object"
    },
    "source": "/private/tmp/seedlands-v2-acceptance-8ae9e354/apps/web/tests/e2e/classic-support/harness.ts:102",
    "snapshot": {
      "player": [
        78.50784301757812,
        32.599998474121094,
        0.4001472592353821
      ],
      "server": [
        78.50784246465534,
        32.6,
        0.4001472625517243
      ],
      "view": [
        -820.3399999999993,
        -20.03000000000001
      ],
      "onGround": true,
      "colliding": false,
      "tick": 20589,
      "ack": 13898,
      "interactions": 32,
      "worldRevision": 160,
      "inventoryOps": 39,
      "worldItems": 0
    },
    "error": null
  },
  {
    "stepId": "pw:api@8930",
    "browserCallId": "call@16869",
    "startTime": 403537.198,
    "endTime": 403541.471,
    "title": "Bounding box locator('#game')",
    "params": {
      "selector": "#game",
      "strict": "true",
      "state": "attached"
    },
    "source": "/private/tmp/seedlands-v2-acceptance-8ae9e354/apps/web/tests/e2e/classic-support/mouse-input.ts:24",
    "error": null
  },
  {
    "stepId": "pw:api@8931",
    "startTime": 403541.843,
    "endTime": 403555.978,
    "title": "Mouse move",
    "params": {
      "x": "80",
      "y": "270"
    },
    "source": "/private/tmp/seedlands-v2-acceptance-8ae9e354/apps/web/tests/e2e/classic-support/mouse-input.ts:43",
    "error": null
  },
  {
    "stepId": "pw:api@8932",
    "browserCallId": "call@16875",
    "startTime": 403556.473,
    "endTime": 403589.073,
    "title": "Evaluate",
    "params": {
      "expression": "() => new Promise(resolve => requestAnimationFrame(() => requestAnimationFrame(() => resolve())))",
      "isFunction": "true",
      "arg": "Object"
    },
    "source": "/private/tmp/seedlands-v2-acceptance-8ae9e354/apps/web/tests/e2e/classic-support/mouse-input.ts:45",
    "error": null
  },
  {
    "stepId": "pw:api@8933",
    "browserCallId": "call@16877",
    "startTime": 403589.502,
    "endTime": 403602.394,
    "title": "Evaluate",
    "params": {
      "expression": "() => {\n  var _seedlandsHarness$sn, _seedlandsHarness;\n  return (_seedlandsHarness$sn = (_seedlandsHarness = window.__seedlandsHarness) === null || _seedlandsHarness === void 0 ? void 0 : _seedlandsHarness.snapshot()) !== null && _seedlandsHarness$sn !== void 0 ? _seedlandsHarness$sn : null;\n}",
      "isFunction": "true",
      "arg": "Object"
    },
    "source": "/private/tmp/seedlands-v2-acceptance-8ae9e354/apps/web/tests/e2e/classic-support/harness.ts:102",
    "snapshot": {
      "player": [
        78.50784301757812,
        32.599998474121094,
        0.4001472592353821
      ],
      "server": [
        78.50784246465534,
        32.6,
        0.4001472625517243
      ],
      "view": [
        -809.9399999999994,
        -20.03000000000001
      ],
      "onGround": true,
      "colliding": false,
      "tick": 20593,
      "ack": 13902,
      "interactions": 32,
      "worldRevision": 160,
      "inventoryOps": 39,
      "worldItems": 0
    },
    "error": null
  },
  {
    "stepId": "pw:api@8934",
    "browserCallId": "call@16879",
    "startTime": 403603.259,
    "endTime": 403607.953,
    "title": "Bounding box locator('#game')",
    "params": {
      "selector": "#game",
      "strict": "true",
      "state": "attached"
    },
    "source": "/private/tmp/seedlands-v2-acceptance-8ae9e354/apps/web/tests/e2e/classic-support/mouse-input.ts:24",
    "error": null
  },
  {
    "stepId": "pw:api@8935",
    "browserCallId": "call@16883",
    "startTime": 403608.348,
    "endTime": 403611.293,
    "title": "Evaluate",
    "params": {
      "expression": "() => document.exitPointerLock()",
      "isFunction": "true",
      "arg": "Object"
    },
    "source": "/private/tmp/seedlands-v2-acceptance-8ae9e354/apps/web/tests/e2e/classic-support/mouse-input.ts:33",
    "error": null
  },
  {
    "stepId": "pw:api@8936",
    "browserCallId": "call@16885",
    "startTime": 403611.698,
    "endTime": 403613.164,
    "title": "Wait for function",
    "params": {
      "pollingInterval": "undefined",
      "expression": "() => document.pointerLockElement === null",
      "isFunction": "true",
      "arg": "Object"
    },
    "source": "/private/tmp/seedlands-v2-acceptance-8ae9e354/apps/web/tests/e2e/classic-support/mouse-input.ts:34",
    "error": null
  },
  {
    "stepId": "pw:api@8937",
    "startTime": 403613.484,
    "endTime": 405117.233,
    "title": "Wait for timeout",
    "params": {
      "waitTimeout": "1500"
    },
    "source": "/private/tmp/seedlands-v2-acceptance-8ae9e354/apps/web/tests/e2e/classic-support/mouse-input.ts:36",
    "error": null
  },
  {
    "stepId": "pw:api@8938",
    "browserCallId": "call@16889",
    "startTime": 405118.318,
    "endTime": 405124.238,
    "title": "Is visible getByRole('button', { name: '继续游戏', exact: true })",
    "params": {
      "selector": "internal:role=button[name=\"继续游戏\"s]",
      "strict": "true"
    },
    "source": "/private/tmp/seedlands-v2-acceptance-8ae9e354/apps/web/tests/e2e/classic-support/mouse-input.ts:38",
    "error": null
  },
  {
    "stepId": "pw:api@8939",
    "startTime": 405125.206,
    "endTime": 405164.287,
    "title": "Click getByRole('button', { name: '继续游戏', exact: true })",
    "params": {
      "selector": "internal:role=button[name=\"继续游戏\"s]",
      "strict": "true"
    },
    "source": "/private/tmp/seedlands-v2-acceptance-8ae9e354/apps/web/tests/e2e/classic-support/mouse-input.ts:38",
    "error": null
  },
  {
    "stepId": "pw:api@8940",
    "browserCallId": "call@16893",
    "startTime": 405165.117,
    "endTime": 405167.854,
    "title": "Is visible locator('#debug')",
    "params": {
      "selector": "#debug",
      "strict": "true"
    },
    "source": "/private/tmp/seedlands-v2-acceptance-8ae9e354/apps/web/tests/e2e/classic-support/mouse-input.ts:7",
    "error": null
  },
  {
    "stepId": "pw:api@8941",
    "browserCallId": "call@16895",
    "startTime": 405168.469,
    "endTime": 405223.696,
    "title": "Bounding box locator('#game')",
    "params": {
      "selector": "#game",
      "strict": "true",
      "state": "attached"
    },
    "source": "/private/tmp/seedlands-v2-acceptance-8ae9e354/apps/web/tests/e2e/classic-support/mouse-input.ts:9",
    "error": null
  },
  {
    "stepId": "pw:api@8942",
    "startTime": 405224.324,
    "endTime": 405268.324,
    "title": "Click locator('#game')",
    "params": {
      "selector": "#game",
      "strict": "true",
      "position": "Object"
    },
    "source": "/private/tmp/seedlands-v2-acceptance-8ae9e354/apps/web/tests/e2e/classic-support/mouse-input.ts:11",
    "error": null
  },
  {
    "stepId": "pw:api@8943",
    "browserCallId": "call@16901",
    "startTime": 405268.907,
    "endTime": 405279.458,
    "title": "Wait for function",
    "params": {
      "pollingInterval": "undefined",
      "expression": "() => {\n    var _document$pointerLock;\n    return ((_document$pointerLock = document.pointerLockElement) === null || _document$pointerLock === void 0 ? void 0 : _document$pointerLock.id) === 'game';\n  }",
      "isFunction": "true",
      "arg": "Object"
    },
    "source": "/private/tmp/seedlands-v2-acceptance-8ae9e354/apps/web/tests/e2e/classic-support/mouse-input.ts:12",
    "error": null
  },
  {
    "stepId": "pw:api@8944",
    "startTime": 405280.066,
    "endTime": 405323.986,
    "title": "Mouse move",
    "params": {
      "x": "400",
      "y": "270"
    },
    "source": "/private/tmp/seedlands-v2-acceptance-8ae9e354/apps/web/tests/e2e/classic-support/mouse-input.ts:43",
    "error": null
  },
  {
    "stepId": "pw:api@8945",
    "browserCallId": "call@16905",
    "startTime": 405325.299,
    "endTime": 405356.758,
    "title": "Evaluate",
    "params": {
      "expression": "() => new Promise(resolve => requestAnimationFrame(() => requestAnimationFrame(() => resolve())))",
      "isFunction": "true",
      "arg": "Object"
    },
    "source": "/private/tmp/seedlands-v2-acceptance-8ae9e354/apps/web/tests/e2e/classic-support/mouse-input.ts:45",
    "error": null
  },
  {
    "stepId": "pw:api@8946",
    "browserCallId": "call@16907",
    "startTime": 405357.284,
    "endTime": 405380.301,
    "title": "Evaluate",
    "params": {
      "expression": "() => {\n  var _seedlandsHarness$sn, _seedlandsHarness;\n  return (_seedlandsHarness$sn = (_seedlandsHarness = window.__seedlandsHarness) === null || _seedlandsHarness === void 0 ? void 0 : _seedlandsHarness.snapshot()) !== null && _seedlandsHarness$sn !== void 0 ? _seedlandsHarness$sn : null;\n}",
      "isFunction": "true",
      "arg": "Object"
    },
    "source": "/private/tmp/seedlands-v2-acceptance-8ae9e354/apps/web/tests/e2e/classic-support/harness.ts:102",
    "snapshot": {
      "player": [
        78.50784301757812,
        32.599998474121094,
        0.4001472592353821
      ],
      "server": [
        78.50784246465534,
        32.6,
        0.4001472625517243
      ],
      "view": [
        -799.5399999999994,
        -20.03000000000001
      ],
      "onGround": true,
      "colliding": false,
      "tick": 20606,
      "ack": 13917,
      "interactions": 32,
      "worldRevision": 160,
      "inventoryOps": 39,
      "worldItems": 0
    },
    "error": null
  },
  {
    "stepId": "pw:api@8947",
    "browserCallId": "call@16909",
    "startTime": 405381.858,
    "endTime": 405391.631,
    "title": "Bounding box locator('#game')",
    "params": {
      "selector": "#game",
      "strict": "true",
      "state": "attached"
    },
    "source": "/private/tmp/seedlands-v2-acceptance-8ae9e354/apps/web/tests/e2e/classic-support/mouse-input.ts:24",
    "error": null
  },
  {
    "stepId": "pw:api@8948",
    "startTime": 405392.058,
    "endTime": 405406.312,
    "title": "Mouse move",
    "params": {
      "x": "320",
      "y": "270"
    },
    "source": "/private/tmp/seedlands-v2-acceptance-8ae9e354/apps/web/tests/e2e/classic-support/mouse-input.ts:43",
    "error": null
  },
  {
    "stepId": "pw:api@8949",
    "browserCallId": "call@16915",
    "startTime": 405406.853,
    "endTime": 405444.982,
    "title": "Evaluate",
    "params": {
      "expression": "() => new Promise(resolve => requestAnimationFrame(() => requestAnimationFrame(() => resolve())))",
      "isFunction": "true",
      "arg": "Object"
    },
    "source": "/private/tmp/seedlands-v2-acceptance-8ae9e354/apps/web/tests/e2e/classic-support/mouse-input.ts:45",
    "error": null
  },
  {
    "stepId": "pw:api@8950",
    "browserCallId": "call@16917",
    "startTime": 405445.44,
    "endTime": 405459.015,
    "title": "Evaluate",
    "params": {
      "expression": "() => {\n  var _seedlandsHarness$sn, _seedlandsHarness;\n  return (_seedlandsHarness$sn = (_seedlandsHarness = window.__seedlandsHarness) === null || _seedlandsHarness === void 0 ? void 0 : _seedlandsHarness.snapshot()) !== null && _seedlandsHarness$sn !== void 0 ? _seedlandsHarness$sn : null;\n}",
      "isFunction": "true",
      "arg": "Object"
    },
    "source": "/private/tmp/seedlands-v2-acceptance-8ae9e354/apps/web/tests/e2e/classic-support/harness.ts:102",
    "snapshot": {
      "player": [
        78.50784301757812,
        32.599998474121094,
        0.4001472592353821
      ],
      "server": [
        78.50784246465534,
        32.6,
        0.4001472625517243
      ],
      "view": [
        -789.1399999999994,
        -20.03000000000001
      ],
      "onGround": true,
      "colliding": false,
      "tick": 20612,
      "ack": 13923,
      "interactions": 32,
      "worldRevision": 160,
      "inventoryOps": 39,
      "worldItems": 0
    },
    "error": null
  },
  {
    "stepId": "pw:api@8951",
    "browserCallId": "call@16919",
    "startTime": 405460.036,
    "endTime": 405463.029,
    "title": "Bounding box locator('#game')",
    "params": {
      "selector": "#game",
      "strict": "true",
      "state": "attached"
    },
    "source": "/private/tmp/seedlands-v2-acceptance-8ae9e354/apps/web/tests/e2e/classic-support/mouse-input.ts:24",
    "error": null
  },
  {
    "stepId": "pw:api@8952",
    "startTime": 405463.429,
    "endTime": 405473.726,
    "title": "Mouse move",
    "params": {
      "x": "240",
      "y": "270"
    },
    "source": "/private/tmp/seedlands-v2-acceptance-8ae9e354/apps/web/tests/e2e/classic-support/mouse-input.ts:43",
    "error": null
  },
  {
    "stepId": "pw:api@8953",
    "browserCallId": "call@16925",
    "startTime": 405474.245,
    "endTime": 405505.906,
    "title": "Evaluate",
    "params": {
      "expression": "() => new Promise(resolve => requestAnimationFrame(() => requestAnimationFrame(() => resolve())))",
      "isFunction": "true",
      "arg": "Object"
    },
    "source": "/private/tmp/seedlands-v2-acceptance-8ae9e354/apps/web/tests/e2e/classic-support/mouse-input.ts:45",
    "error": null
  },
  {
    "stepId": "pw:api@8954",
    "browserCallId": "call@16927",
    "startTime": 405506.35,
    "endTime": 405519.683,
    "title": "Evaluate",
    "params": {
      "expression": "() => {\n  var _seedlandsHarness$sn, _seedlandsHarness;\n  return (_seedlandsHarness$sn = (_seedlandsHarness = window.__seedlandsHarness) === null || _seedlandsHarness === void 0 ? void 0 : _seedlandsHarness.snapshot()) !== null && _seedlandsHarness$sn !== void 0 ? _seedlandsHarness$sn : null;\n}",
      "isFunction": "true",
      "arg": "Object"
    },
    "source": "/private/tmp/seedlands-v2-acceptance-8ae9e354/apps/web/tests/e2e/classic-support/harness.ts:102",
    "snapshot": {
      "player": [
        78.50784301757812,
        32.599998474121094,
        0.4001472592353821
      ],
      "server": [
        78.50784246465534,
        32.6,
        0.4001472625517243
      ],
      "view": [
        -778.7399999999994,
        -20.03000000000001
      ],
      "onGround": true,
      "colliding": false,
      "tick": 20614,
      "ack": 13925,
      "interactions": 32,
      "worldRevision": 160,
      "inventoryOps": 39,
      "worldItems": 0
    },
    "error": null
  },
  {
    "stepId": "pw:api@8955",
    "browserCallId": "call@16929",
    "startTime": 405520.58,
    "endTime": 405525.985,
    "title": "Bounding box locator('#game')",
    "params": {
      "selector": "#game",
      "strict": "true",
      "state": "attached"
    },
    "source": "/private/tmp/seedlands-v2-acceptance-8ae9e354/apps/web/tests/e2e/classic-support/mouse-input.ts:24",
    "error": null
  },
  {
    "stepId": "pw:api@8956",
    "startTime": 405526.375,
    "endTime": 405539.996,
    "title": "Mouse move",
    "params": {
      "x": "160",
      "y": "270"
    },
    "source": "/private/tmp/seedlands-v2-acceptance-8ae9e354/apps/web/tests/e2e/classic-support/mouse-input.ts:43",
    "error": null
  },
  {
    "stepId": "pw:api@8957",
    "browserCallId": "call@16935",
    "startTime": 405540.486,
    "endTime": 405573.632,
    "title": "Evaluate",
    "params": {
      "expression": "() => new Promise(resolve => requestAnimationFrame(() => requestAnimationFrame(() => resolve())))",
      "isFunction": "true",
      "arg": "Object"
    },
    "source": "/private/tmp/seedlands-v2-acceptance-8ae9e354/apps/web/tests/e2e/classic-support/mouse-input.ts:45",
    "error": null
  },
  {
    "stepId": "pw:api@8958",
    "browserCallId": "call@16937",
    "startTime": 405574.265,
    "endTime": 405587.84,
    "title": "Evaluate",
    "params": {
      "expression": "() => {\n  var _seedlandsHarness$sn, _seedlandsHarness;\n  return (_seedlandsHarness$sn = (_seedlandsHarness = window.__seedlandsHarness) === null || _seedlandsHarness === void 0 ? void 0 : _seedlandsHarness.snapshot()) !== null && _seedlandsHarness$sn !== void 0 ? _seedlandsHarness$sn : null;\n}",
      "isFunction": "true",
      "arg": "Object"
    },
    "source": "/private/tmp/seedlands-v2-acceptance-8ae9e354/apps/web/tests/e2e/classic-support/harness.ts:102",
    "snapshot": {
      "player": [
        78.50784301757812,
        32.599998474121094,
        0.4001472592353821
      ],
      "server": [
        78.50784246465534,
        32.6,
        0.4001472625517243
      ],
      "view": [
        -768.3399999999995,
        -20.03000000000001
      ],
      "onGround": true,
      "colliding": false,
      "tick": 20619,
      "ack": 13930,
      "interactions": 32,
      "worldRevision": 160,
      "inventoryOps": 39,
      "worldItems": 0
    },
    "error": null
  },
  {
    "stepId": "pw:api@8959",
    "browserCallId": "call@16939",
    "startTime": 405589.04,
    "endTime": 405593.1,
    "title": "Bounding box locator('#game')",
    "params": {
      "selector": "#game",
      "strict": "true",
      "state": "attached"
    },
    "source": "/private/tmp/seedlands-v2-acceptance-8ae9e354/apps/web/tests/e2e/classic-support/mouse-input.ts:24",
    "error": null
  },
  {
    "stepId": "pw:api@8960",
    "startTime": 405593.437,
    "endTime": 405607.162,
    "title": "Mouse move",
    "params": {
      "x": "80",
      "y": "270"
    },
    "source": "/private/tmp/seedlands-v2-acceptance-8ae9e354/apps/web/tests/e2e/classic-support/mouse-input.ts:43",
    "error": null
  },
  {
    "stepId": "pw:api@8961",
    "browserCallId": "call@16945",
    "startTime": 405607.737,
    "endTime": 405639.322,
    "title": "Evaluate",
    "params": {
      "expression": "() => new Promise(resolve => requestAnimationFrame(() => requestAnimationFrame(() => resolve())))",
      "isFunction": "true",
      "arg": "Object"
    },
    "source": "/private/tmp/seedlands-v2-acceptance-8ae9e354/apps/web/tests/e2e/classic-support/mouse-input.ts:45",
    "error": null
  },
  {
    "stepId": "pw:api@8962",
    "browserCallId": "call@16947",
    "startTime": 405639.742,
    "endTime": 405652.463,
    "title": "Evaluate",
    "params": {
      "expression": "() => {\n  var _seedlandsHarness$sn, _seedlandsHarness;\n  return (_seedlandsHarness$sn = (_seedlandsHarness = window.__seedlandsHarness) === null || _seedlandsHarness === void 0 ? void 0 : _seedlandsHarness.snapshot()) !== null && _seedlandsHarness$sn !== void 0 ? _seedlandsHarness$sn : null;\n}",
      "isFunction": "true",
      "arg": "Object"
    },
    "source": "/private/tmp/seedlands-v2-acceptance-8ae9e354/apps/web/tests/e2e/classic-support/harness.ts:102",
    "snapshot": {
      "player": [
        78.50784301757812,
        32.599998474121094,
        0.4001472592353821
      ],
      "server": [
        78.50784246465534,
        32.6,
        0.4001472625517243
      ],
      "view": [
        -757.9399999999995,
        -20.03000000000001
      ],
      "onGround": true,
      "colliding": false,
      "tick": 20623,
      "ack": 13934,
      "interactions": 32,
      "worldRevision": 160,
      "inventoryOps": 39,
      "worldItems": 0
    },
    "error": null
  },
  {
    "stepId": "pw:api@8963",
    "browserCallId": "call@16949",
    "startTime": 405653.265,
    "endTime": 405658.492,
    "title": "Bounding box locator('#game')",
    "params": {
      "selector": "#game",
      "strict": "true",
      "state": "attached"
    },
    "source": "/private/tmp/seedlands-v2-acceptance-8ae9e354/apps/web/tests/e2e/classic-support/mouse-input.ts:24",
    "error": null
  },
  {
    "stepId": "pw:api@8964",
    "browserCallId": "call@16953",
    "startTime": 405658.923,
    "endTime": 405661.678,
    "title": "Evaluate",
    "params": {
      "expression": "() => document.exitPointerLock()",
      "isFunction": "true",
      "arg": "Object"
    },
    "source": "/private/tmp/seedlands-v2-acceptance-8ae9e354/apps/web/tests/e2e/classic-support/mouse-input.ts:33",
    "error": null
  },
  {
    "stepId": "pw:api@8965",
    "browserCallId": "call@16955",
    "startTime": 405662.053,
    "endTime": 405663.579,
    "title": "Wait for function",
    "params": {
      "pollingInterval": "undefined",
      "expression": "() => document.pointerLockElement === null",
      "isFunction": "true",
      "arg": "Object"
    },
    "source": "/private/tmp/seedlands-v2-acceptance-8ae9e354/apps/web/tests/e2e/classic-support/mouse-input.ts:34",
    "error": null
  },
  {
    "stepId": "pw:api@8966",
    "startTime": 405663.917,
    "endTime": 407166.735,
    "title": "Wait for timeout",
    "params": {
      "waitTimeout": "1500"
    },
    "source": "/private/tmp/seedlands-v2-acceptance-8ae9e354/apps/web/tests/e2e/classic-support/mouse-input.ts:36",
    "error": null
  },
  {
    "stepId": "pw:api@8967",
    "browserCallId": "call@16959",
    "startTime": 407167.846,
    "endTime": 407173.768,
    "title": "Is visible getByRole('button', { name: '继续游戏', exact: true })",
    "params": {
      "selector": "internal:role=button[name=\"继续游戏\"s]",
      "strict": "true"
    },
    "source": "/private/tmp/seedlands-v2-acceptance-8ae9e354/apps/web/tests/e2e/classic-support/mouse-input.ts:38",
    "error": null
  },
  {
    "stepId": "pw:api@8968",
    "startTime": 407174.733,
    "endTime": 407213.216,
    "title": "Click getByRole('button', { name: '继续游戏', exact: true })",
    "params": {
      "selector": "internal:role=button[name=\"继续游戏\"s]",
      "strict": "true"
    },
    "source": "/private/tmp/seedlands-v2-acceptance-8ae9e354/apps/web/tests/e2e/classic-support/mouse-input.ts:38",
    "error": null
  },
  {
    "stepId": "pw:api@8969",
    "browserCallId": "call@16963",
    "startTime": 407213.981,
    "endTime": 407216.337,
    "title": "Is visible locator('#debug')",
    "params": {
      "selector": "#debug",
      "strict": "true"
    },
    "source": "/private/tmp/seedlands-v2-acceptance-8ae9e354/apps/web/tests/e2e/classic-support/mouse-input.ts:7",
    "error": null
  },
  {
    "stepId": "pw:api@8970",
    "browserCallId": "call@16965",
    "startTime": 407216.885,
    "endTime": 407219.693,
    "title": "Bounding box locator('#game')",
    "params": {
      "selector": "#game",
      "strict": "true",
      "state": "attached"
    },
    "source": "/private/tmp/seedlands-v2-acceptance-8ae9e354/apps/web/tests/e2e/classic-support/mouse-input.ts:9",
    "error": null
  },
  {
    "stepId": "pw:api@8971",
    "startTime": 407220.133,
    "endTime": 407295.011,
    "title": "Click locator('#game')",
    "params": {
      "selector": "#game",
      "strict": "true",
      "position": "Object"
    },
    "source": "/private/tmp/seedlands-v2-acceptance-8ae9e354/apps/web/tests/e2e/classic-support/mouse-input.ts:11",
    "error": null
  },
  {
    "stepId": "pw:api@8972",
    "browserCallId": "call@16971",
    "startTime": 407295.753,
    "endTime": 407335.116,
    "title": "Wait for function",
    "params": {
      "pollingInterval": "undefined",
      "expression": "() => {\n    var _document$pointerLock;\n    return ((_document$pointerLock = document.pointerLockElement) === null || _document$pointerLock === void 0 ? void 0 : _document$pointerLock.id) === 'game';\n  }",
      "isFunction": "true",
      "arg": "Object"
    },
    "source": "/private/tmp/seedlands-v2-acceptance-8ae9e354/apps/web/tests/e2e/classic-support/mouse-input.ts:12",
    "error": null
  },
  {
    "stepId": "pw:api@8973",
    "startTime": 407335.623,
    "endTime": 407341.736,
    "title": "Mouse move",
    "params": {
      "x": "400",
      "y": "270"
    },
    "source": "/private/tmp/seedlands-v2-acceptance-8ae9e354/apps/web/tests/e2e/classic-support/mouse-input.ts:43",
    "error": null
  },
  {
    "stepId": "pw:api@8974",
    "browserCallId": "call@16975",
    "startTime": 407342.378,
    "endTime": 407373.116,
    "title": "Evaluate",
    "params": {
      "expression": "() => new Promise(resolve => requestAnimationFrame(() => requestAnimationFrame(() => resolve())))",
      "isFunction": "true",
      "arg": "Object"
    },
    "source": "/private/tmp/seedlands-v2-acceptance-8ae9e354/apps/web/tests/e2e/classic-support/mouse-input.ts:45",
    "error": null
  },
  {
    "stepId": "pw:api@8975",
    "browserCallId": "call@16977",
    "startTime": 407373.636,
    "endTime": 407389.815,
    "title": "Evaluate",
    "params": {
      "expression": "() => {\n  var _seedlandsHarness$sn, _seedlandsHarness;\n  return (_seedlandsHarness$sn = (_seedlandsHarness = window.__seedlandsHarness) === null || _seedlandsHarness === void 0 ? void 0 : _seedlandsHarness.snapshot()) !== null && _seedlandsHarness$sn !== void 0 ? _seedlandsHarness$sn : null;\n}",
      "isFunction": "true",
      "arg": "Object"
    },
    "source": "/private/tmp/seedlands-v2-acceptance-8ae9e354/apps/web/tests/e2e/classic-support/harness.ts:102",
    "snapshot": {
      "player": [
        78.50784301757812,
        32.599998474121094,
        0.4001472592353821
      ],
      "server": [
        78.50784246465534,
        32.6,
        0.4001472625517243
      ],
      "view": [
        -747.5399999999995,
        -20.03000000000001
      ],
      "onGround": true,
      "colliding": false,
      "tick": 20633,
      "ack": 13945,
      "interactions": 32,
      "worldRevision": 160,
      "inventoryOps": 39,
      "worldItems": 0
    },
    "error": null
  },
  {
    "stepId": "pw:api@8976",
    "browserCallId": "call@16979",
    "startTime": 407391.839,
    "endTime": 407399.63,
    "title": "Bounding box locator('#game')",
    "params": {
      "selector": "#game",
      "strict": "true",
      "state": "attached"
    },
    "source": "/private/tmp/seedlands-v2-acceptance-8ae9e354/apps/web/tests/e2e/classic-support/mouse-input.ts:24",
    "error": null
  },
  {
    "stepId": "pw:api@8977",
    "startTime": 407400.036,
    "endTime": 407406.761,
    "title": "Mouse move",
    "params": {
      "x": "320",
      "y": "270"
    },
    "source": "/private/tmp/seedlands-v2-acceptance-8ae9e354/apps/web/tests/e2e/classic-support/mouse-input.ts:43",
    "error": null
  },
  {
    "stepId": "pw:api@8978",
    "browserCallId": "call@16985",
    "startTime": 407407.299,
    "endTime": 407440.44,
    "title": "Evaluate",
    "params": {
      "expression": "() => new Promise(resolve => requestAnimationFrame(() => requestAnimationFrame(() => resolve())))",
      "isFunction": "true",
      "arg": "Object"
    },
    "source": "/private/tmp/seedlands-v2-acceptance-8ae9e354/apps/web/tests/e2e/classic-support/mouse-input.ts:45",
    "error": null
  },
  {
    "stepId": "pw:api@8979",
    "browserCallId": "call@16987",
    "startTime": 407440.938,
    "endTime": 407458.672,
    "title": "Evaluate",
    "params": {
      "expression": "() => {\n  var _seedlandsHarness$sn, _seedlandsHarness;\n  return (_seedlandsHarness$sn = (_seedlandsHarness = window.__seedlandsHarness) === null || _seedlandsHarness === void 0 ? void 0 : _seedlandsHarness.snapshot()) !== null && _seedlandsHarness$sn !== void 0 ? _seedlandsHarness$sn : null;\n}",
      "isFunction": "true",
      "arg": "Object"
    },
    "source": "/private/tmp/seedlands-v2-acceptance-8ae9e354/apps/web/tests/e2e/classic-support/harness.ts:102",
    "snapshot": {
      "player": [
        78.50784301757812,
        32.599998474121094,
        0.4001472592353821
      ],
      "server": [
        78.50784246465534,
        32.6,
        0.4001472625517243
      ],
      "view": [
        -737.1399999999995,
        -20.03000000000001
      ],
      "onGround": true,
      "colliding": false,
      "tick": 20638,
      "ack": 13950,
      "interactions": 32,
      "worldRevision": 160,
      "inventoryOps": 39,
      "worldItems": 0
    },
    "error": null
  },
  {
    "stepId": "pw:api@8980",
    "browserCallId": "call@16989",
    "startTime": 407459.927,
    "endTime": 407463.503,
    "title": "Bounding box locator('#game')",
    "params": {
      "selector": "#game",
      "strict": "true",
      "state": "attached"
    },
    "source": "/private/tmp/seedlands-v2-acceptance-8ae9e354/apps/web/tests/e2e/classic-support/mouse-input.ts:24",
    "error": null
  },
  {
    "stepId": "pw:api@8981",
    "startTime": 407463.879,
    "endTime": 407471.661,
    "title": "Mouse move",
    "params": {
      "x": "240",
      "y": "270"
    },
    "source": "/private/tmp/seedlands-v2-acceptance-8ae9e354/apps/web/tests/e2e/classic-support/mouse-input.ts:43",
    "error": null
  },
  {
    "stepId": "pw:api@8982",
    "browserCallId": "call@16995",
    "startTime": 407472.12,
    "endTime": 407506.14,
    "title": "Evaluate",
    "params": {
      "expression": "() => new Promise(resolve => requestAnimationFrame(() => requestAnimationFrame(() => resolve())))",
      "isFunction": "true",
      "arg": "Object"
    },
    "source": "/private/tmp/seedlands-v2-acceptance-8ae9e354/apps/web/tests/e2e/classic-support/mouse-input.ts:45",
    "error": null
  },
  {
    "stepId": "pw:api@8983",
    "browserCallId": "call@16997",
    "startTime": 407506.612,
    "endTime": 407520.017,
    "title": "Evaluate",
    "params": {
      "expression": "() => {\n  var _seedlandsHarness$sn, _seedlandsHarness;\n  return (_seedlandsHarness$sn = (_seedlandsHarness = window.__seedlandsHarness) === null || _seedlandsHarness === void 0 ? void 0 : _seedlandsHarness.snapshot()) !== null && _seedlandsHarness$sn !== void 0 ? _seedlandsHarness$sn : null;\n}",
      "isFunction": "true",
      "arg": "Object"
    },
    "source": "/private/tmp/seedlands-v2-acceptance-8ae9e354/apps/web/tests/e2e/classic-support/harness.ts:102",
    "snapshot": {
      "player": [
        78.50784301757812,
        32.599998474121094,
        0.4001472592353821
      ],
      "server": [
        78.50784246465534,
        32.6,
        0.4001472625517243
      ],
      "view": [
        -726.7399999999996,
        -20.03000000000001
      ],
      "onGround": true,
      "colliding": false,
      "tick": 20642,
      "ack": 13954,
      "interactions": 32,
      "worldRevision": 160,
      "inventoryOps": 39,
      "worldItems": 0
    },
    "error": null
  },
  {
    "stepId": "pw:api@8984",
    "browserCallId": "call@16999",
    "startTime": 407521.192,
    "endTime": 407523.886,
    "title": "Bounding box locator('#game')",
    "params": {
      "selector": "#game",
      "strict": "true",
      "state": "attached"
    },
    "source": "/private/tmp/seedlands-v2-acceptance-8ae9e354/apps/web/tests/e2e/classic-support/mouse-input.ts:24",
    "error": null
  },
  {
    "stepId": "pw:api@8985",
    "startTime": 407524.26,
    "endTime": 407539.442,
    "title": "Mouse move",
    "params": {
      "x": "222.70095736253936",
      "y": "270"
    },
    "source": "/private/tmp/seedlands-v2-acceptance-8ae9e354/apps/web/tests/e2e/classic-support/mouse-input.ts:43",
    "error": null
  },
  {
    "stepId": "pw:api@8986",
    "browserCallId": "call@17005",
    "startTime": 407539.87,
    "endTime": 407572.786,
    "title": "Evaluate",
    "params": {
      "expression": "() => new Promise(resolve => requestAnimationFrame(() => requestAnimationFrame(() => resolve())))",
      "isFunction": "true",
      "arg": "Object"
    },
    "source": "/private/tmp/seedlands-v2-acceptance-8ae9e354/apps/web/tests/e2e/classic-support/mouse-input.ts:45",
    "error": null
  },
  {
    "stepId": "pw:api@8987",
    "browserCallId": "call@17007",
    "startTime": 407573.209,
    "endTime": 407588.815,
    "title": "Evaluate",
    "params": {
      "expression": "() => {\n  var _seedlandsHarness$sn, _seedlandsHarness;\n  return (_seedlandsHarness$sn = (_seedlandsHarness = window.__seedlandsHarness) === null || _seedlandsHarness === void 0 ? void 0 : _seedlandsHarness.snapshot()) !== null && _seedlandsHarness$sn !== void 0 ? _seedlandsHarness$sn : null;\n}",
      "isFunction": "true",
      "arg": "Object"
    },
    "source": "/private/tmp/seedlands-v2-acceptance-8ae9e354/apps/web/tests/e2e/classic-support/harness.ts:102",
    "snapshot": {
      "player": [
        78.50784301757812,
        32.599998474121094,
        0.4001472592353821
      ],
      "server": [
        78.50784246465534,
        32.6,
        0.4001472625517243
      ],
      "view": [
        -724.3999999999995,
        -20.03000000000001
      ],
      "onGround": true,
      "colliding": false,
      "tick": 20645,
      "ack": 13957,
      "interactions": 32,
      "worldRevision": 160,
      "inventoryOps": 39,
      "worldItems": 0
    },
    "error": null
  },
  {
    "stepId": "pw:api@8988",
    "browserCallId": "call@17009",
    "startTime": 407590.485,
    "endTime": 407612.837,
    "title": "Evaluate",
    "params": {
      "expression": "() => {\n  var _seedlandsHarness$sn, _seedlandsHarness;\n  return (_seedlandsHarness$sn = (_seedlandsHarness = window.__seedlandsHarness) === null || _seedlandsHarness === void 0 ? void 0 : _seedlandsHarness.snapshot()) !== null && _seedlandsHarness$sn !== void 0 ? _seedlandsHarness$sn : null;\n}",
      "isFunction": "true",
      "arg": "Object"
    },
    "source": "/private/tmp/seedlands-v2-acceptance-8ae9e354/apps/web/tests/e2e/classic-support/harness.ts:102",
    "snapshot": {
      "player": [
        78.50784301757812,
        32.599998474121094,
        0.4001472592353821
      ],
      "server": [
        78.50784246465534,
        32.6,
        0.4001472625517243
      ],
      "view": [
        -724.3999999999995,
        -20.03000000000001
      ],
      "onGround": true,
      "colliding": false,
      "tick": 20648,
      "ack": 13960,
      "interactions": 32,
      "worldRevision": 160,
      "inventoryOps": 39,
      "worldItems": 0
    },
    "error": null
  },
  {
    "stepId": "pw:api@8989",
    "startTime": 407613.829,
    "endTime": 407615.687,
    "title": "Key down \"KeyS\"",
    "params": {
      "key": "KeyS"
    },
    "source": "/private/tmp/seedlands-v2-acceptance-8ae9e354/apps/web/tests/e2e/classic-support/harness.ts:248",
    "error": null
  },
  {
    "stepId": "pw:api@8990",
    "startTime": 407696.672,
    "endTime": 407698.422,
    "title": "Key up \"KeyS\"",
    "params": {
      "key": "KeyS"
    },
    "source": "/private/tmp/seedlands-v2-acceptance-8ae9e354/apps/web/tests/e2e/classic-support/harness.ts:254",
    "error": null
  },
  {
    "stepId": "pw:api@8992",
    "browserCallId": "call@17015",
    "startTime": 407699.155,
    "endTime": 407712.381,
    "title": "Evaluate",
    "params": {
      "expression": "() => {\n  var _seedlandsHarness$sn, _seedlandsHarness;\n  return (_seedlandsHarness$sn = (_seedlandsHarness = window.__seedlandsHarness) === null || _seedlandsHarness === void 0 ? void 0 : _seedlandsHarness.snapshot()) !== null && _seedlandsHarness$sn !== void 0 ? _seedlandsHarness$sn : null;\n}",
      "isFunction": "true",
      "arg": "Object"
    },
    "source": "/private/tmp/seedlands-v2-acceptance-8ae9e354/apps/web/tests/e2e/classic-support/harness.ts:102",
    "snapshot": {
      "player": [
        78.47907257080078,
        32.599998474121094,
        0.6084805727005005
      ],
      "server": [
        78.48482675668365,
        32.6,
        0.5390361514406132
      ],
      "view": [
        -724.3999999999995,
        -20.03000000000001
      ],
      "onGround": true,
      "colliding": false,
      "tick": 20654,
      "ack": 13966,
      "interactions": 32,
      "worldRevision": 160,
      "inventoryOps": 39,
      "worldItems": 0
    },
    "error": null
  },
  {
    "stepId": "pw:api@8994",
    "browserCallId": "call@17017",
    "startTime": 407713.919,
    "endTime": 407726.986,
    "title": "Evaluate",
    "params": {
      "expression": "() => {\n  var _seedlandsHarness$sn, _seedlandsHarness;\n  return (_seedlandsHarness$sn = (_seedlandsHarness = window.__seedlandsHarness) === null || _seedlandsHarness === void 0 ? void 0 : _seedlandsHarness.snapshot()) !== null && _seedlandsHarness$sn !== void 0 ? _seedlandsHarness$sn : null;\n}",
      "isFunction": "true",
      "arg": "Object"
    },
    "source": "/private/tmp/seedlands-v2-acceptance-8ae9e354/apps/web/tests/e2e/classic-support/harness.ts:102",
    "snapshot": {
      "player": [
        78.47907257080078,
        32.599998474121094,
        0.6640361547470093
      ],
      "server": [
        78.47907282969072,
        32.6,
        0.6084805958850577
      ],
      "view": [
        -724.3999999999995,
        -20.03000000000001
      ],
      "onGround": true,
      "colliding": false,
      "tick": 20655,
      "ack": 13967,
      "interactions": 32,
      "worldRevision": 160,
      "inventoryOps": 39,
      "worldItems": 0
    },
    "error": null
  },
  {
    "stepId": "pw:api@8995",
    "browserCallId": "call@17019",
    "startTime": 407728.101,
    "endTime": 407731.424,
    "title": "Bounding box locator('#game')",
    "params": {
      "selector": "#game",
      "strict": "true",
      "state": "attached"
    },
    "source": "/private/tmp/seedlands-v2-acceptance-8ae9e354/apps/web/tests/e2e/classic-support/mouse-input.ts:24",
    "error": null
  },
  {
    "stepId": "pw:api@8996",
    "startTime": 407731.74,
    "endTime": 407737.83,
    "title": "Mouse move",
    "params": {
      "x": "142.70095736253936",
      "y": "270"
    },
    "source": "/private/tmp/seedlands-v2-acceptance-8ae9e354/apps/web/tests/e2e/classic-support/mouse-input.ts:43",
    "error": null
  },
  {
    "stepId": "pw:api@8997",
    "browserCallId": "call@17025",
    "startTime": 407738.244,
    "endTime": 407772.821,
    "title": "Evaluate",
    "params": {
      "expression": "() => new Promise(resolve => requestAnimationFrame(() => requestAnimationFrame(() => resolve())))",
      "isFunction": "true",
      "arg": "Object"
    },
    "source": "/private/tmp/seedlands-v2-acceptance-8ae9e354/apps/web/tests/e2e/classic-support/mouse-input.ts:45",
    "error": null
  },
  {
    "stepId": "pw:api@8998",
    "browserCallId": "call@17027",
    "startTime": 407773.2,
    "endTime": 407785.941,
    "title": "Evaluate",
    "params": {
      "expression": "() => {\n  var _seedlandsHarness$sn, _seedlandsHarness;\n  return (_seedlandsHarness$sn = (_seedlandsHarness = window.__seedlandsHarness) === null || _seedlandsHarness === void 0 ? void 0 : _seedlandsHarness.snapshot()) !== null && _seedlandsHarness$sn !== void 0 ? _seedlandsHarness$sn : null;\n}",
      "isFunction": "true",
      "arg": "Object"
    },
    "source": "/private/tmp/seedlands-v2-acceptance-8ae9e354/apps/web/tests/e2e/classic-support/harness.ts:102",
    "snapshot": {
      "player": [
        78.47907257080078,
        32.599998474121094,
        0.7473694682121277
      ],
      "server": [
        78.47907282969072,
        32.6,
        0.7334805958850577
      ],
      "view": [
        -713.9999999999995,
        -20.03000000000001
      ],
      "onGround": true,
      "colliding": false,
      "tick": 20658,
      "ack": 13970,
      "interactions": 32,
      "worldRevision": 160,
      "inventoryOps": 39,
      "worldItems": 0
    },
    "error": null
  },
  {
    "stepId": "pw:api@8999",
    "browserCallId": "call@17029",
    "startTime": 407786.768,
    "endTime": 407790.736,
    "title": "Bounding box locator('#game')",
    "params": {
      "selector": "#game",
      "strict": "true",
      "state": "attached"
    },
    "source": "/private/tmp/seedlands-v2-acceptance-8ae9e354/apps/web/tests/e2e/classic-support/mouse-input.ts:24",
    "error": null
  },
  {
    "stepId": "pw:api@9000",
    "browserCallId": "call@17033",
    "startTime": 407791.129,
    "endTime": 407794.021,
    "title": "Evaluate",
    "params": {
      "expression": "() => document.exitPointerLock()",
      "isFunction": "true",
      "arg": "Object"
    },
    "source": "/private/tmp/seedlands-v2-acceptance-8ae9e354/apps/web/tests/e2e/classic-support/mouse-input.ts:33",
    "error": null
  },
  {
    "stepId": "pw:api@9001",
    "browserCallId": "call@17035",
    "startTime": 407794.453,
    "endTime": 407795.927,
    "title": "Wait for function",
    "params": {
      "pollingInterval": "undefined",
      "expression": "() => document.pointerLockElement === null",
      "isFunction": "true",
      "arg": "Object"
    },
    "source": "/private/tmp/seedlands-v2-acceptance-8ae9e354/apps/web/tests/e2e/classic-support/mouse-input.ts:34",
    "error": null
  },
  {
    "stepId": "pw:api@9002",
    "startTime": 407796.253,
    "endTime": 409300.25,
    "title": "Wait for timeout",
    "params": {
      "waitTimeout": "1500"
    },
    "source": "/private/tmp/seedlands-v2-acceptance-8ae9e354/apps/web/tests/e2e/classic-support/mouse-input.ts:36",
    "error": null
  },
  {
    "stepId": "pw:api@9003",
    "browserCallId": "call@17039",
    "startTime": 409301.332,
    "endTime": 409307.228,
    "title": "Is visible getByRole('button', { name: '继续游戏', exact: true })",
    "params": {
      "selector": "internal:role=button[name=\"继续游戏\"s]",
      "strict": "true"
    },
    "source": "/private/tmp/seedlands-v2-acceptance-8ae9e354/apps/web/tests/e2e/classic-support/mouse-input.ts:38",
    "error": null
  },
  {
    "stepId": "pw:api@9004",
    "startTime": 409308.146,
    "endTime": 409348.801,
    "title": "Click getByRole('button', { name: '继续游戏', exact: true })",
    "params": {
      "selector": "internal:role=button[name=\"继续游戏\"s]",
      "strict": "true"
    },
    "source": "/private/tmp/seedlands-v2-acceptance-8ae9e354/apps/web/tests/e2e/classic-support/mouse-input.ts:38",
    "error": null
  },
  {
    "stepId": "pw:api@9005",
    "browserCallId": "call@17043",
    "startTime": 409349.65,
    "endTime": 409352.384,
    "title": "Is visible locator('#debug')",
    "params": {
      "selector": "#debug",
      "strict": "true"
    },
    "source": "/private/tmp/seedlands-v2-acceptance-8ae9e354/apps/web/tests/e2e/classic-support/mouse-input.ts:7",
    "error": null
  },
  {
    "stepId": "pw:api@9006",
    "browserCallId": "call@17045",
    "startTime": 409353.011,
    "endTime": 409410.145,
    "title": "Bounding box locator('#game')",
    "params": {
      "selector": "#game",
      "strict": "true",
      "state": "attached"
    },
    "source": "/private/tmp/seedlands-v2-acceptance-8ae9e354/apps/web/tests/e2e/classic-support/mouse-input.ts:9",
    "error": null
  },
  {
    "stepId": "pw:api@9007",
    "startTime": 409410.798,
    "endTime": 409452.299,
    "title": "Click locator('#game')",
    "params": {
      "selector": "#game",
      "strict": "true",
      "position": "Object"
    },
    "source": "/private/tmp/seedlands-v2-acceptance-8ae9e354/apps/web/tests/e2e/classic-support/mouse-input.ts:11",
    "error": null
  },
  {
    "stepId": "pw:api@9008",
    "browserCallId": "call@17051",
    "startTime": 409453.335,
    "endTime": 409495.563,
    "title": "Wait for function",
    "params": {
      "pollingInterval": "undefined",
      "expression": "() => {\n    var _document$pointerLock;\n    return ((_document$pointerLock = document.pointerLockElement) === null || _document$pointerLock === void 0 ? void 0 : _document$pointerLock.id) === 'game';\n  }",
      "isFunction": "true",
      "arg": "Object"
    },
    "source": "/private/tmp/seedlands-v2-acceptance-8ae9e354/apps/web/tests/e2e/classic-support/mouse-input.ts:12",
    "error": null
  },
  {
    "stepId": "pw:api@9009",
    "startTime": 409496.119,
    "endTime": 409506.997,
    "title": "Mouse move",
    "params": {
      "x": "400",
      "y": "270"
    },
    "source": "/private/tmp/seedlands-v2-acceptance-8ae9e354/apps/web/tests/e2e/classic-support/mouse-input.ts:43",
    "error": null
  },
  {
    "stepId": "pw:api@9010",
    "browserCallId": "call@17055",
    "startTime": 409507.568,
    "endTime": 409538.549,
    "title": "Evaluate",
    "params": {
      "expression": "() => new Promise(resolve => requestAnimationFrame(() => requestAnimationFrame(() => resolve())))",
      "isFunction": "true",
      "arg": "Object"
    },
    "source": "/private/tmp/seedlands-v2-acceptance-8ae9e354/apps/web/tests/e2e/classic-support/mouse-input.ts:45",
    "error": null
  },
  {
    "stepId": "pw:api@9011",
    "browserCallId": "call@17057",
    "startTime": 409539.083,
    "endTime": 409553.184,
    "title": "Evaluate",
    "params": {
      "expression": "() => {\n  var _seedlandsHarness$sn, _seedlandsHarness;\n  return (_seedlandsHarness$sn = (_seedlandsHarness = window.__seedlandsHarness) === null || _seedlandsHarness === void 0 ? void 0 : _seedlandsHarness.snapshot()) !== null && _seedlandsHarness$sn !== void 0 ? _seedlandsHarness$sn : null;\n}",
      "isFunction": "true",
      "arg": "Object"
    },
    "source": "/private/tmp/seedlands-v2-acceptance-8ae9e354/apps/web/tests/e2e/classic-support/harness.ts:102",
    "snapshot": {
      "player": [
        78.47907257080078,
        32.599998474121094,
        0.7473694682121277
      ],
      "server": [
        78.47907282969072,
        32.6,
        0.7473694847739465
      ],
      "view": [
        -703.5999999999996,
        -20.03000000000001
      ],
      "onGround": true,
      "colliding": false,
      "tick": 20671,
      "ack": 13984,
      "interactions": 32,
      "worldRevision": 160,
      "inventoryOps": 39,
      "worldItems": 0
    },
    "error": null
  },
  {
    "stepId": "pw:api@9012",
    "browserCallId": "call@17059",
    "startTime": 409554.632,
    "endTime": 409561.358,
    "title": "Bounding box locator('#game')",
    "params": {
      "selector": "#game",
      "strict": "true",
      "state": "attached"
    },
    "source": "/private/tmp/seedlands-v2-acceptance-8ae9e354/apps/web/tests/e2e/classic-support/mouse-input.ts:24",
    "error": null
  },
  {
    "stepId": "pw:api@9013",
    "startTime": 409561.766,
    "endTime": 409572.033,
    "title": "Mouse move",
    "params": {
      "x": "320",
      "y": "270"
    },
    "source": "/private/tmp/seedlands-v2-acceptance-8ae9e354/apps/web/tests/e2e/classic-support/mouse-input.ts:43",
    "error": null
  },
  {
    "stepId": "pw:api@9014",
    "browserCallId": "call@17065",
    "startTime": 409572.651,
    "endTime": 409616.567,
    "title": "Evaluate",
    "params": {
      "expression": "() => new Promise(resolve => requestAnimationFrame(() => requestAnimationFrame(() => resolve())))",
      "isFunction": "true",
      "arg": "Object"
    },
    "source": "/private/tmp/seedlands-v2-acceptance-8ae9e354/apps/web/tests/e2e/classic-support/mouse-input.ts:45",
    "error": null
  },
  {
    "stepId": "pw:api@9015",
    "browserCallId": "call@17067",
    "startTime": 409617.009,
    "endTime": 409629.941,
    "title": "Evaluate",
    "params": {
      "expression": "() => {\n  var _seedlandsHarness$sn, _seedlandsHarness;\n  return (_seedlandsHarness$sn = (_seedlandsHarness = window.__seedlandsHarness) === null || _seedlandsHarness === void 0 ? void 0 : _seedlandsHarness.snapshot()) !== null && _seedlandsHarness$sn !== void 0 ? _seedlandsHarness$sn : null;\n}",
      "isFunction": "true",
      "arg": "Object"
    },
    "source": "/private/tmp/seedlands-v2-acceptance-8ae9e354/apps/web/tests/e2e/classic-support/harness.ts:102",
    "snapshot": {
      "player": [
        78.47907257080078,
        32.599998474121094,
        0.7473694682121277
      ],
      "server": [
        78.47907282969072,
        32.6,
        0.7473694847739465
      ],
      "view": [
        -693.1999999999996,
        -20.03000000000001
      ],
      "onGround": true,
      "colliding": false,
      "tick": 20675,
      "ack": 13988,
      "interactions": 32,
      "worldRevision": 160,
      "inventoryOps": 39,
      "worldItems": 0
    },
    "error": null
  },
  {
    "stepId": "pw:api@9016",
    "browserCallId": "call@17069",
    "startTime": 409630.823,
    "endTime": 409633.924,
    "title": "Bounding box locator('#game')",
    "params": {
      "selector": "#game",
      "strict": "true",
      "state": "attached"
    },
    "source": "/private/tmp/seedlands-v2-acceptance-8ae9e354/apps/web/tests/e2e/classic-support/mouse-input.ts:24",
    "error": null
  },
  {
    "stepId": "pw:api@9017",
    "startTime": 409634.258,
    "endTime": 409640.072,
    "title": "Mouse move",
    "params": {
      "x": "240",
      "y": "270"
    },
    "source": "/private/tmp/seedlands-v2-acceptance-8ae9e354/apps/web/tests/e2e/classic-support/mouse-input.ts:43",
    "error": null
  },
  {
    "stepId": "pw:api@9018",
    "browserCallId": "call@17075",
    "startTime": 409640.583,
    "endTime": 409671.305,
    "title": "Evaluate",
    "params": {
      "expression": "() => new Promise(resolve => requestAnimationFrame(() => requestAnimationFrame(() => resolve())))",
      "isFunction": "true",
      "arg": "Object"
    },
    "source": "/private/tmp/seedlands-v2-acceptance-8ae9e354/apps/web/tests/e2e/classic-support/mouse-input.ts:45",
    "error": null
  },
  {
    "stepId": "pw:api@9019",
    "browserCallId": "call@17077",
    "startTime": 409671.754,
    "endTime": 409685.294,
    "title": "Evaluate",
    "params": {
      "expression": "() => {\n  var _seedlandsHarness$sn, _seedlandsHarness;\n  return (_seedlandsHarness$sn = (_seedlandsHarness = window.__seedlandsHarness) === null || _seedlandsHarness === void 0 ? void 0 : _seedlandsHarness.snapshot()) !== null && _seedlandsHarness$sn !== void 0 ? _seedlandsHarness$sn : null;\n}",
      "isFunction": "true",
      "arg": "Object"
    },
    "source": "/private/tmp/seedlands-v2-acceptance-8ae9e354/apps/web/tests/e2e/classic-support/harness.ts:102",
    "snapshot": {
      "player": [
        78.47907257080078,
        32.599998474121094,
        0.7473694682121277
      ],
      "server": [
        78.47907282969072,
        32.6,
        0.7473694847739465
      ],
      "view": [
        -682.7999999999996,
        -20.03000000000001
      ],
      "onGround": true,
      "colliding": false,
      "tick": 20679,
      "ack": 13992,
      "interactions": 32,
      "worldRevision": 160,
      "inventoryOps": 39,
      "worldItems": 0
    },
    "error": null
  },
  {
    "stepId": "pw:api@9020",
    "browserCallId": "call@17079",
    "startTime": 409686.153,
    "endTime": 409690.369,
    "title": "Bounding box locator('#game')",
    "params": {
      "selector": "#game",
      "strict": "true",
      "state": "attached"
    },
    "source": "/private/tmp/seedlands-v2-acceptance-8ae9e354/apps/web/tests/e2e/classic-support/mouse-input.ts:24",
    "error": null
  },
  {
    "stepId": "pw:api@9021",
    "startTime": 409690.738,
    "endTime": 409705.216,
    "title": "Mouse move",
    "params": {
      "x": "160",
      "y": "270"
    },
    "source": "/private/tmp/seedlands-v2-acceptance-8ae9e354/apps/web/tests/e2e/classic-support/mouse-input.ts:43",
    "error": null
  },
  {
    "stepId": "pw:api@9022",
    "browserCallId": "call@17085",
    "startTime": 409705.7,
    "endTime": 409737.709,
    "title": "Evaluate",
    "params": {
      "expression": "() => new Promise(resolve => requestAnimationFrame(() => requestAnimationFrame(() => resolve())))",
      "isFunction": "true",
      "arg": "Object"
    },
    "source": "/private/tmp/seedlands-v2-acceptance-8ae9e354/apps/web/tests/e2e/classic-support/mouse-input.ts:45",
    "error": null
  },
  {
    "stepId": "pw:api@9023",
    "browserCallId": "call@17087",
    "startTime": 409738.161,
    "endTime": 409750.708,
    "title": "Evaluate",
    "params": {
      "expression": "() => {\n  var _seedlandsHarness$sn, _seedlandsHarness;\n  return (_seedlandsHarness$sn = (_seedlandsHarness = window.__seedlandsHarness) === null || _seedlandsHarness === void 0 ? void 0 : _seedlandsHarness.snapshot()) !== null && _seedlandsHarness$sn !== void 0 ? _seedlandsHarness$sn : null;\n}",
      "isFunction": "true",
      "arg": "Object"
    },
    "source": "/private/tmp/seedlands-v2-acceptance-8ae9e354/apps/web/tests/e2e/classic-support/harness.ts:102",
    "snapshot": {
      "player": [
        78.47907257080078,
        32.599998474121094,
        0.7473694682121277
      ],
      "server": [
        78.47907282969072,
        32.6,
        0.7473694847739465
      ],
      "view": [
        -672.3999999999996,
        -20.03000000000001
      ],
      "onGround": true,
      "colliding": false,
      "tick": 20682,
      "ack": 13995,
      "interactions": 32,
      "worldRevision": 160,
      "inventoryOps": 39,
      "worldItems": 0
    },
    "error": null
  },
  {
    "stepId": "pw:api@9024",
    "browserCallId": "call@17089",
    "startTime": 409751.573,
    "endTime": 409756.609,
    "title": "Bounding box locator('#game')",
    "params": {
      "selector": "#game",
      "strict": "true",
      "state": "attached"
    },
    "source": "/private/tmp/seedlands-v2-acceptance-8ae9e354/apps/web/tests/e2e/classic-support/mouse-input.ts:24",
    "error": null
  },
  {
    "stepId": "pw:api@9025",
    "startTime": 409756.975,
    "endTime": 409773.451,
    "title": "Mouse move",
    "params": {
      "x": "80",
      "y": "270"
    },
    "source": "/private/tmp/seedlands-v2-acceptance-8ae9e354/apps/web/tests/e2e/classic-support/mouse-input.ts:43",
    "error": null
  },
  {
    "stepId": "pw:api@9026",
    "browserCallId": "call@17095",
    "startTime": 409773.938,
    "endTime": 409805.476,
    "title": "Evaluate",
    "params": {
      "expression": "() => new Promise(resolve => requestAnimationFrame(() => requestAnimationFrame(() => resolve())))",
      "isFunction": "true",
      "arg": "Object"
    },
    "source": "/private/tmp/seedlands-v2-acceptance-8ae9e354/apps/web/tests/e2e/classic-support/mouse-input.ts:45",
    "error": null
  },
  {
    "stepId": "pw:api@9027",
    "browserCallId": "call@17097",
    "startTime": 409805.934,
    "endTime": 409819.084,
    "title": "Evaluate",
    "params": {
      "expression": "() => {\n  var _seedlandsHarness$sn, _seedlandsHarness;\n  return (_seedlandsHarness$sn = (_seedlandsHarness = window.__seedlandsHarness) === null || _seedlandsHarness === void 0 ? void 0 : _seedlandsHarness.snapshot()) !== null && _seedlandsHarness$sn !== void 0 ? _seedlandsHarness$sn : null;\n}",
      "isFunction": "true",
      "arg": "Object"
    },
    "source": "/private/tmp/seedlands-v2-acceptance-8ae9e354/apps/web/tests/e2e/classic-support/harness.ts:102",
    "snapshot": {
      "player": [
        78.47907257080078,
        32.599998474121094,
        0.7473694682121277
      ],
      "server": [
        78.47907282969072,
        32.6,
        0.7473694847739465
      ],
      "view": [
        -661.9999999999997,
        -20.03000000000001
      ],
      "onGround": true,
      "colliding": false,
      "tick": 20687,
      "ack": 14000,
      "interactions": 32,
      "worldRevision": 160,
      "inventoryOps": 39,
      "worldItems": 0
    },
    "error": null
  },
  {
    "stepId": "pw:api@9028",
    "browserCallId": "call@17099",
    "startTime": 409820.123,
    "endTime": 409824.619,
    "title": "Bounding box locator('#game')",
    "params": {
      "selector": "#game",
      "strict": "true",
      "state": "attached"
    },
    "source": "/private/tmp/seedlands-v2-acceptance-8ae9e354/apps/web/tests/e2e/classic-support/mouse-input.ts:24",
    "error": null
  },
  {
    "stepId": "pw:api@9029",
    "browserCallId": "call@17103",
    "startTime": 409825.011,
    "endTime": 409828.107,
    "title": "Evaluate",
    "params": {
      "expression": "() => document.exitPointerLock()",
      "isFunction": "true",
      "arg": "Object"
    },
    "source": "/private/tmp/seedlands-v2-acceptance-8ae9e354/apps/web/tests/e2e/classic-support/mouse-input.ts:33",
    "error": null
  },
  {
    "stepId": "pw:api@9030",
    "browserCallId": "call@17105",
    "startTime": 409828.537,
    "endTime": 409830.015,
    "title": "Wait for function",
    "params": {
      "pollingInterval": "undefined",
      "expression": "() => document.pointerLockElement === null",
      "isFunction": "true",
      "arg": "Object"
    },
    "source": "/private/tmp/seedlands-v2-acceptance-8ae9e354/apps/web/tests/e2e/classic-support/mouse-input.ts:34",
    "error": null
  },
  {
    "stepId": "pw:api@9031",
    "startTime": 409830.331,
    "endTime": 411334.398,
    "title": "Wait for timeout",
    "params": {
      "waitTimeout": "1500"
    },
    "source": "/private/tmp/seedlands-v2-acceptance-8ae9e354/apps/web/tests/e2e/classic-support/mouse-input.ts:36",
    "error": null
  },
  {
    "stepId": "pw:api@9032",
    "browserCallId": "call@17109",
    "startTime": 411335.524,
    "endTime": 411340.417,
    "title": "Is visible getByRole('button', { name: '继续游戏', exact: true })",
    "params": {
      "selector": "internal:role=button[name=\"继续游戏\"s]",
      "strict": "true"
    },
    "source": "/private/tmp/seedlands-v2-acceptance-8ae9e354/apps/web/tests/e2e/classic-support/mouse-input.ts:38",
    "error": null
  },
  {
    "stepId": "pw:api@9033",
    "startTime": 411341.355,
    "endTime": 411381.623,
    "title": "Click getByRole('button', { name: '继续游戏', exact: true })",
    "params": {
      "selector": "internal:role=button[name=\"继续游戏\"s]",
      "strict": "true"
    },
    "source": "/private/tmp/seedlands-v2-acceptance-8ae9e354/apps/web/tests/e2e/classic-support/mouse-input.ts:38",
    "error": null
  },
  {
    "stepId": "pw:api@9034",
    "browserCallId": "call@17113",
    "startTime": 411382.443,
    "endTime": 411385.368,
    "title": "Is visible locator('#debug')",
    "params": {
      "selector": "#debug",
      "strict": "true"
    },
    "source": "/private/tmp/seedlands-v2-acceptance-8ae9e354/apps/web/tests/e2e/classic-support/mouse-input.ts:7",
    "error": null
  },
  {
    "stepId": "pw:api@9035",
    "browserCallId": "call@17115",
    "startTime": 411386.086,
    "endTime": 411443.582,
    "title": "Bounding box locator('#game')",
    "params": {
      "selector": "#game",
      "strict": "true",
      "state": "attached"
    },
    "source": "/private/tmp/seedlands-v2-acceptance-8ae9e354/apps/web/tests/e2e/classic-support/mouse-input.ts:9",
    "error": null
  },
  {
    "stepId": "pw:api@9036",
    "startTime": 411444.188,
    "endTime": 411492.909,
    "title": "Click locator('#game')",
    "params": {
      "selector": "#game",
      "strict": "true",
      "position": "Object"
    },
    "source": "/private/tmp/seedlands-v2-acceptance-8ae9e354/apps/web/tests/e2e/classic-support/mouse-input.ts:11",
    "error": null
  },
  {
    "stepId": "pw:api@9037",
    "browserCallId": "call@17121",
    "startTime": 411493.457,
    "endTime": 411532.558,
    "title": "Wait for function",
    "params": {
      "pollingInterval": "undefined",
      "expression": "() => {\n    var _document$pointerLock;\n    return ((_document$pointerLock = document.pointerLockElement) === null || _document$pointerLock === void 0 ? void 0 : _document$pointerLock.id) === 'game';\n  }",
      "isFunction": "true",
      "arg": "Object"
    },
    "source": "/private/tmp/seedlands-v2-acceptance-8ae9e354/apps/web/tests/e2e/classic-support/mouse-input.ts:12",
    "error": null
  },
  {
    "stepId": "pw:api@9038",
    "startTime": 411533.011,
    "endTime": 411540.453,
    "title": "Mouse move",
    "params": {
      "x": "400",
      "y": "270"
    },
    "source": "/private/tmp/seedlands-v2-acceptance-8ae9e354/apps/web/tests/e2e/classic-support/mouse-input.ts:43",
    "error": null
  },
  {
    "stepId": "pw:api@9039",
    "browserCallId": "call@17125",
    "startTime": 411541.026,
    "endTime": 411572.037,
    "title": "Evaluate",
    "params": {
      "expression": "() => new Promise(resolve => requestAnimationFrame(() => requestAnimationFrame(() => resolve())))",
      "isFunction": "true",
      "arg": "Object"
    },
    "source": "/private/tmp/seedlands-v2-acceptance-8ae9e354/apps/web/tests/e2e/classic-support/mouse-input.ts:45",
    "error": null
  },
  {
    "stepId": "pw:api@9040",
    "browserCallId": "call@17127",
    "startTime": 411572.578,
    "endTime": 411587.392,
    "title": "Evaluate",
    "params": {
      "expression": "() => {\n  var _seedlandsHarness$sn, _seedlandsHarness;\n  return (_seedlandsHarness$sn = (_seedlandsHarness = window.__seedlandsHarness) === null || _seedlandsHarness === void 0 ? void 0 : _seedlandsHarness.snapshot()) !== null && _seedlandsHarness$sn !== void 0 ? _seedlandsHarness$sn : null;\n}",
      "isFunction": "true",
      "arg": "Object"
    },
    "source": "/private/tmp/seedlands-v2-acceptance-8ae9e354/apps/web/tests/e2e/classic-support/harness.ts:102",
    "snapshot": {
      "player": [
        78.47907257080078,
        32.599998474121094,
        0.7473694682121277
      ],
      "server": [
        78.47907282969072,
        32.6,
        0.7473694847739465
      ],
      "view": [
        -651.5999999999997,
        -20.03000000000001
      ],
      "onGround": true,
      "colliding": false,
      "tick": 20700,
      "ack": 14015,
      "interactions": 32,
      "worldRevision": 160,
      "inventoryOps": 39,
      "worldItems": 0
    },
    "error": null
  },
  {
    "stepId": "pw:api@9041",
    "browserCallId": "call@17129",
    "startTime": 411589.363,
    "endTime": 411594.398,
    "title": "Bounding box locator('#game')",
    "params": {
      "selector": "#game",
      "strict": "true",
      "state": "attached"
    },
    "source": "/private/tmp/seedlands-v2-acceptance-8ae9e354/apps/web/tests/e2e/classic-support/mouse-input.ts:24",
    "error": null
  },
  {
    "stepId": "pw:api@9042",
    "startTime": 411594.797,
    "endTime": 411606.302,
    "title": "Mouse move",
    "params": {
      "x": "320",
      "y": "270"
    },
    "source": "/private/tmp/seedlands-v2-acceptance-8ae9e354/apps/web/tests/e2e/classic-support/mouse-input.ts:43",
    "error": null
  },
  {
    "stepId": "pw:api@9043",
    "browserCallId": "call@17135",
    "startTime": 411606.841,
    "endTime": 411639.186,
    "title": "Evaluate",
    "params": {
      "expression": "() => new Promise(resolve => requestAnimationFrame(() => requestAnimationFrame(() => resolve())))",
      "isFunction": "true",
      "arg": "Object"
    },
    "source": "/private/tmp/seedlands-v2-acceptance-8ae9e354/apps/web/tests/e2e/classic-support/mouse-input.ts:45",
    "error": null
  },
  {
    "stepId": "pw:api@9044",
    "browserCallId": "call@17137",
    "startTime": 411639.681,
    "endTime": 411662.266,
    "title": "Evaluate",
    "params": {
      "expression": "() => {\n  var _seedlandsHarness$sn, _seedlandsHarness;\n  return (_seedlandsHarness$sn = (_seedlandsHarness = window.__seedlandsHarness) === null || _seedlandsHarness === void 0 ? void 0 : _seedlandsHarness.snapshot()) !== null && _seedlandsHarness$sn !== void 0 ? _seedlandsHarness$sn : null;\n}",
      "isFunction": "true",
      "arg": "Object"
    },
    "source": "/private/tmp/seedlands-v2-acceptance-8ae9e354/apps/web/tests/e2e/classic-support/harness.ts:102",
    "snapshot": {
      "player": [
        78.47907257080078,
        32.599998474121094,
        0.7473694682121277
      ],
      "server": [
        78.47907282969072,
        32.6,
        0.7473694847739465
      ],
      "view": [
        -641.1999999999997,
        -20.03000000000001
      ],
      "onGround": true,
      "colliding": false,
      "tick": 20704,
      "ack": 14019,
      "interactions": 32,
      "worldRevision": 160,
      "inventoryOps": 39,
      "worldItems": 0
    },
    "error": null
  },
  {
    "stepId": "pw:api@9045",
    "browserCallId": "call@17139",
    "startTime": 411663.254,
    "endTime": 411666.441,
    "title": "Bounding box locator('#game')",
    "params": {
      "selector": "#game",
      "strict": "true",
      "state": "attached"
    },
    "source": "/private/tmp/seedlands-v2-acceptance-8ae9e354/apps/web/tests/e2e/classic-support/mouse-input.ts:24",
    "error": null
  },
  {
    "stepId": "pw:api@9046",
    "startTime": 411666.795,
    "endTime": 411673.043,
    "title": "Mouse move",
    "params": {
      "x": "240",
      "y": "270"
    },
    "source": "/private/tmp/seedlands-v2-acceptance-8ae9e354/apps/web/tests/e2e/classic-support/mouse-input.ts:43",
    "error": null
  },
  {
    "stepId": "pw:api@9047",
    "browserCallId": "call@17145",
    "startTime": 411673.471,
    "endTime": 411705.626,
    "title": "Evaluate",
    "params": {
      "expression": "() => new Promise(resolve => requestAnimationFrame(() => requestAnimationFrame(() => resolve())))",
      "isFunction": "true",
      "arg": "Object"
    },
    "source": "/private/tmp/seedlands-v2-acceptance-8ae9e354/apps/web/tests/e2e/classic-support/mouse-input.ts:45",
    "error": null
  },
  {
    "stepId": "pw:api@9048",
    "browserCallId": "call@17147",
    "startTime": 411706.086,
    "endTime": 411718.832,
    "title": "Evaluate",
    "params": {
      "expression": "() => {\n  var _seedlandsHarness$sn, _seedlandsHarness;\n  return (_seedlandsHarness$sn = (_seedlandsHarness = window.__seedlandsHarness) === null || _seedlandsHarness === void 0 ? void 0 : _seedlandsHarness.snapshot()) !== null && _seedlandsHarness$sn !== void 0 ? _seedlandsHarness$sn : null;\n}",
      "isFunction": "true",
      "arg": "Object"
    },
    "source": "/private/tmp/seedlands-v2-acceptance-8ae9e354/apps/web/tests/e2e/classic-support/harness.ts:102",
    "snapshot": {
      "player": [
        78.47907257080078,
        32.599998474121094,
        0.7473694682121277
      ],
      "server": [
        78.47907282969072,
        32.6,
        0.7473694847739465
      ],
      "view": [
        -630.7999999999997,
        -20.03000000000001
      ],
      "onGround": true,
      "colliding": false,
      "tick": 20708,
      "ack": 14023,
      "interactions": 32,
      "worldRevision": 160,
      "inventoryOps": 39,
      "worldItems": 0
    },
    "error": null
  },
  {
    "stepId": "pw:api@9049",
    "browserCallId": "call@17149",
    "startTime": 411719.81,
    "endTime": 411723.765,
    "title": "Bounding box locator('#game')",
    "params": {
      "selector": "#game",
      "strict": "true",
      "state": "attached"
    },
    "source": "/private/tmp/seedlands-v2-acceptance-8ae9e354/apps/web/tests/e2e/classic-support/mouse-input.ts:24",
    "error": null
  },
  {
    "stepId": "pw:api@9050",
    "startTime": 411724.149,
    "endTime": 411737.775,
    "title": "Mouse move",
    "params": {
      "x": "160",
      "y": "270"
    },
    "source": "/private/tmp/seedlands-v2-acceptance-8ae9e354/apps/web/tests/e2e/classic-support/mouse-input.ts:43",
    "error": null
  },
  {
    "stepId": "pw:api@9051",
    "browserCallId": "call@17155",
    "startTime": 411738.221,
    "endTime": 411773.065,
    "title": "Evaluate",
    "params": {
      "expression": "() => new Promise(resolve => requestAnimationFrame(() => requestAnimationFrame(() => resolve())))",
      "isFunction": "true",
      "arg": "Object"
    },
    "source": "/private/tmp/seedlands-v2-acceptance-8ae9e354/apps/web/tests/e2e/classic-support/mouse-input.ts:45",
    "error": null
  },
  {
    "stepId": "pw:api@9052",
    "browserCallId": "call@17157",
    "startTime": 411773.569,
    "endTime": 411786.571,
    "title": "Evaluate",
    "params": {
      "expression": "() => {\n  var _seedlandsHarness$sn, _seedlandsHarness;\n  return (_seedlandsHarness$sn = (_seedlandsHarness = window.__seedlandsHarness) === null || _seedlandsHarness === void 0 ? void 0 : _seedlandsHarness.snapshot()) !== null && _seedlandsHarness$sn !== void 0 ? _seedlandsHarness$sn : null;\n}",
      "isFunction": "true",
      "arg": "Object"
    },
    "source": "/private/tmp/seedlands-v2-acceptance-8ae9e354/apps/web/tests/e2e/classic-support/harness.ts:102",
    "snapshot": {
      "player": [
        78.47907257080078,
        32.599998474121094,
        0.7473694682121277
      ],
      "server": [
        78.47907282969072,
        32.6,
        0.7473694847739465
      ],
      "view": [
        -620.3999999999997,
        -20.03000000000001
      ],
      "onGround": true,
      "colliding": false,
      "tick": 20712,
      "ack": 14027,
      "interactions": 32,
      "worldRevision": 160,
      "inventoryOps": 39,
      "worldItems": 0
    },
    "error": null
  },
  {
    "stepId": "pw:api@9053",
    "browserCallId": "call@17159",
    "startTime": 411787.748,
    "endTime": 411791.045,
    "title": "Bounding box locator('#game')",
    "params": {
      "selector": "#game",
      "strict": "true",
      "state": "attached"
    },
    "source": "/private/tmp/seedlands-v2-acceptance-8ae9e354/apps/web/tests/e2e/classic-support/mouse-input.ts:24",
    "error": null
  },
  {
    "stepId": "pw:api@9054",
    "startTime": 411791.426,
    "endTime": 411806.346,
    "title": "Mouse move",
    "params": {
      "x": "80",
      "y": "270"
    },
    "source": "/private/tmp/seedlands-v2-acceptance-8ae9e354/apps/web/tests/e2e/classic-support/mouse-input.ts:43",
    "error": null
  },
  {
    "stepId": "pw:api@9055",
    "browserCallId": "call@17165",
    "startTime": 411806.835,
    "endTime": 411839.526,
    "title": "Evaluate",
    "params": {
      "expression": "() => new Promise(resolve => requestAnimationFrame(() => requestAnimationFrame(() => resolve())))",
      "isFunction": "true",
      "arg": "Object"
    },
    "source": "/private/tmp/seedlands-v2-acceptance-8ae9e354/apps/web/tests/e2e/classic-support/mouse-input.ts:45",
    "error": null
  },
  {
    "stepId": "pw:api@9056",
    "browserCallId": "call@17167",
    "startTime": 411839.97,
    "endTime": 411852.884,
    "title": "Evaluate",
    "params": {
      "expression": "() => {\n  var _seedlandsHarness$sn, _seedlandsHarness;\n  return (_seedlandsHarness$sn = (_seedlandsHarness = window.__seedlandsHarness) === null || _seedlandsHarness === void 0 ? void 0 : _seedlandsHarness.snapshot()) !== null && _seedlandsHarness$sn !== void 0 ? _seedlandsHarness$sn : null;\n}",
      "isFunction": "true",
      "arg": "Object"
    },
    "source": "/private/tmp/seedlands-v2-acceptance-8ae9e354/apps/web/tests/e2e/classic-support/harness.ts:102",
    "snapshot": {
      "player": [
        78.47907257080078,
        32.599998474121094,
        0.7473694682121277
      ],
      "server": [
        78.47907282969072,
        32.6,
        0.7473694847739465
      ],
      "view": [
        -609.9999999999998,
        -20.03000000000001
      ],
      "onGround": true,
      "colliding": false,
      "tick": 20716,
      "ack": 14031,
      "interactions": 32,
      "worldRevision": 160,
      "inventoryOps": 39,
      "worldItems": 0
    },
    "error": null
  },
  {
    "stepId": "pw:api@9057",
    "browserCallId": "call@17169",
    "startTime": 411854.102,
    "endTime": 411857.123,
    "title": "Bounding box locator('#game')",
    "params": {
      "selector": "#game",
      "strict": "true",
      "state": "attached"
    },
    "source": "/private/tmp/seedlands-v2-acceptance-8ae9e354/apps/web/tests/e2e/classic-support/mouse-input.ts:24",
    "error": null
  },
  {
    "stepId": "pw:api@9058",
    "browserCallId": "call@17173",
    "startTime": 411857.512,
    "endTime": 411860.083,
    "title": "Evaluate",
    "params": {
      "expression": "() => document.exitPointerLock()",
      "isFunction": "true",
      "arg": "Object"
    },
    "source": "/private/tmp/seedlands-v2-acceptance-8ae9e354/apps/web/tests/e2e/classic-support/mouse-input.ts:33",
    "error": null
  },
  {
    "stepId": "pw:api@9059",
    "browserCallId": "call@17175",
    "startTime": 411860.475,
    "endTime": 411861.904,
    "title": "Wait for function",
    "params": {
      "pollingInterval": "undefined",
      "expression": "() => document.pointerLockElement === null",
      "isFunction": "true",
      "arg": "Object"
    },
    "source": "/private/tmp/seedlands-v2-acceptance-8ae9e354/apps/web/tests/e2e/classic-support/mouse-input.ts:34",
    "error": null
  },
  {
    "stepId": "pw:api@9060",
    "startTime": 411862.252,
    "endTime": 413365.556,
    "title": "Wait for timeout",
    "params": {
      "waitTimeout": "1500"
    },
    "source": "/private/tmp/seedlands-v2-acceptance-8ae9e354/apps/web/tests/e2e/classic-support/mouse-input.ts:36",
    "error": null
  },
  {
    "stepId": "pw:api@9061",
    "browserCallId": "call@17179",
    "startTime": 413366.653,
    "endTime": 413370.824,
    "title": "Is visible getByRole('button', { name: '继续游戏', exact: true })",
    "params": {
      "selector": "internal:role=button[name=\"继续游戏\"s]",
      "strict": "true"
    },
    "source": "/private/tmp/seedlands-v2-acceptance-8ae9e354/apps/web/tests/e2e/classic-support/mouse-input.ts:38",
    "error": null
  },
  {
    "stepId": "pw:api@9062",
    "startTime": 413371.72,
    "endTime": 413411.955,
    "title": "Click getByRole('button', { name: '继续游戏', exact: true })",
    "params": {
      "selector": "internal:role=button[name=\"继续游戏\"s]",
      "strict": "true"
    },
    "source": "/private/tmp/seedlands-v2-acceptance-8ae9e354/apps/web/tests/e2e/classic-support/mouse-input.ts:38",
    "error": null
  },
  {
    "stepId": "pw:api@9063",
    "browserCallId": "call@17183",
    "startTime": 413412.666,
    "endTime": 413415.184,
    "title": "Is visible locator('#debug')",
    "params": {
      "selector": "#debug",
      "strict": "true"
    },
    "source": "/private/tmp/seedlands-v2-acceptance-8ae9e354/apps/web/tests/e2e/classic-support/mouse-input.ts:7",
    "error": null
  },
  {
    "stepId": "pw:api@9064",
    "browserCallId": "call@17185",
    "startTime": 413415.831,
    "endTime": 413427.139,
    "title": "Bounding box locator('#game')",
    "params": {
      "selector": "#game",
      "strict": "true",
      "state": "attached"
    },
    "source": "/private/tmp/seedlands-v2-acceptance-8ae9e354/apps/web/tests/e2e/classic-support/mouse-input.ts:9",
    "error": null
  },
  {
    "stepId": "pw:api@9065",
    "startTime": 413427.76,
    "endTime": 413496.814,
    "title": "Click locator('#game')",
    "params": {
      "selector": "#game",
      "strict": "true",
      "position": "Object"
    },
    "source": "/private/tmp/seedlands-v2-acceptance-8ae9e354/apps/web/tests/e2e/classic-support/mouse-input.ts:11",
    "error": null
  },
  {
    "stepId": "pw:api@9066",
    "browserCallId": "call@17191",
    "startTime": 413497.247,
    "endTime": 413498.744,
    "title": "Wait for function",
    "params": {
      "pollingInterval": "undefined",
      "expression": "() => {\n    var _document$pointerLock;\n    return ((_document$pointerLock = document.pointerLockElement) === null || _document$pointerLock === void 0 ? void 0 : _document$pointerLock.id) === 'game';\n  }",
      "isFunction": "true",
      "arg": "Object"
    },
    "source": "/private/tmp/seedlands-v2-acceptance-8ae9e354/apps/web/tests/e2e/classic-support/mouse-input.ts:12",
    "error": null
  },
  {
    "stepId": "pw:api@9067",
    "startTime": 413499.052,
    "endTime": 413507.07,
    "title": "Mouse move",
    "params": {
      "x": "400",
      "y": "270"
    },
    "source": "/private/tmp/seedlands-v2-acceptance-8ae9e354/apps/web/tests/e2e/classic-support/mouse-input.ts:43",
    "error": null
  },
  {
    "stepId": "pw:api@9068",
    "browserCallId": "call@17195",
    "startTime": 413507.559,
    "endTime": 413544.291,
    "title": "Evaluate",
    "params": {
      "expression": "() => new Promise(resolve => requestAnimationFrame(() => requestAnimationFrame(() => resolve())))",
      "isFunction": "true",
      "arg": "Object"
    },
    "source": "/private/tmp/seedlands-v2-acceptance-8ae9e354/apps/web/tests/e2e/classic-support/mouse-input.ts:45",
    "error": null
  },
  {
    "stepId": "pw:api@9069",
    "browserCallId": "call@17197",
    "startTime": 413544.712,
    "endTime": 413559.035,
    "title": "Evaluate",
    "params": {
      "expression": "() => {\n  var _seedlandsHarness$sn, _seedlandsHarness;\n  return (_seedlandsHarness$sn = (_seedlandsHarness = window.__seedlandsHarness) === null || _seedlandsHarness === void 0 ? void 0 : _seedlandsHarness.snapshot()) !== null && _seedlandsHarness$sn !== void 0 ? _seedlandsHarness$sn : null;\n}",
      "isFunction": "true",
      "arg": "Object"
    },
    "source": "/private/tmp/seedlands-v2-acceptance-8ae9e354/apps/web/tests/e2e/classic-support/harness.ts:102",
    "snapshot": {
      "player": [
        78.47907257080078,
        32.599998474121094,
        0.7473694682121277
      ],
      "server": [
        78.47907282969072,
        32.6,
        0.7473694847739465
      ],
      "view": [
        -599.5999999999998,
        -20.03000000000001
      ],
      "onGround": true,
      "colliding": false,
      "tick": 20725,
      "ack": 14041,
      "interactions": 32,
      "worldRevision": 160,
      "inventoryOps": 39,
      "worldItems": 0
    },
    "error": null
  },
  {
    "stepId": "pw:api@9070",
    "browserCallId": "call@17199",
    "startTime": 413560.132,
    "endTime": 413562.715,
    "title": "Bounding box locator('#game')",
    "params": {
      "selector": "#game",
      "strict": "true",
      "state": "attached"
    },
    "source": "/private/tmp/seedlands-v2-acceptance-8ae9e354/apps/web/tests/e2e/classic-support/mouse-input.ts:24",
    "error": null
  },
  {
    "stepId": "pw:api@9071",
    "startTime": 413563.056,
    "endTime": 413572.352,
    "title": "Mouse move",
    "params": {
      "x": "320",
      "y": "270"
    },
    "source": "/private/tmp/seedlands-v2-acceptance-8ae9e354/apps/web/tests/e2e/classic-support/mouse-input.ts:43",
    "error": null
  },
  {
    "stepId": "pw:api@9072",
    "browserCallId": "call@17205",
    "startTime": 413572.916,
    "endTime": 413605.975,
    "title": "Evaluate",
    "params": {
      "expression": "() => new Promise(resolve => requestAnimationFrame(() => requestAnimationFrame(() => resolve())))",
      "isFunction": "true",
      "arg": "Object"
    },
    "source": "/private/tmp/seedlands-v2-acceptance-8ae9e354/apps/web/tests/e2e/classic-support/mouse-input.ts:45",
    "error": null
  },
  {
    "stepId": "pw:api@9073",
    "browserCallId": "call@17207",
    "startTime": 413606.462,
    "endTime": 413619.83,
    "title": "Evaluate",
    "params": {
      "expression": "() => {\n  var _seedlandsHarness$sn, _seedlandsHarness;\n  return (_seedlandsHarness$sn = (_seedlandsHarness = window.__seedlandsHarness) === null || _seedlandsHarness === void 0 ? void 0 : _seedlandsHarness.snapshot()) !== null && _seedlandsHarness$sn !== void 0 ? _seedlandsHarness$sn : null;\n}",
      "isFunction": "true",
      "arg": "Object"
    },
    "source": "/private/tmp/seedlands-v2-acceptance-8ae9e354/apps/web/tests/e2e/classic-support/harness.ts:102",
    "snapshot": {
      "player": [
        78.47907257080078,
        32.599998474121094,
        0.7473694682121277
      ],
      "server": [
        78.47907282969072,
        32.6,
        0.7473694847739465
      ],
      "view": [
        -589.1999999999998,
        -20.03000000000001
      ],
      "onGround": true,
      "colliding": false,
      "tick": 20728,
      "ack": 14044,
      "interactions": 32,
      "worldRevision": 160,
      "inventoryOps": 39,
      "worldItems": 0
    },
    "error": null
  },
  {
    "stepId": "pw:api@9074",
    "browserCallId": "call@17209",
    "startTime": 413621.212,
    "endTime": 413624.864,
    "title": "Bounding box locator('#game')",
    "params": {
      "selector": "#game",
      "strict": "true",
      "state": "attached"
    },
    "source": "/private/tmp/seedlands-v2-acceptance-8ae9e354/apps/web/tests/e2e/classic-support/mouse-input.ts:24",
    "error": null
  },
  {
    "stepId": "pw:api@9075",
    "startTime": 413625.218,
    "endTime": 413639.122,
    "title": "Mouse move",
    "params": {
      "x": "240",
      "y": "270"
    },
    "source": "/private/tmp/seedlands-v2-acceptance-8ae9e354/apps/web/tests/e2e/classic-support/mouse-input.ts:43",
    "error": null
  },
  {
    "stepId": "pw:api@9076",
    "browserCallId": "call@17215",
    "startTime": 413639.606,
    "endTime": 413676.004,
    "title": "Evaluate",
    "params": {
      "expression": "() => new Promise(resolve => requestAnimationFrame(() => requestAnimationFrame(() => resolve())))",
      "isFunction": "true",
      "arg": "Object"
    },
    "source": "/private/tmp/seedlands-v2-acceptance-8ae9e354/apps/web/tests/e2e/classic-support/mouse-input.ts:45",
    "error": null
  },
  {
    "stepId": "pw:api@9077",
    "browserCallId": "call@17217",
    "startTime": 413676.506,
    "endTime": 413689.417,
    "title": "Evaluate",
    "params": {
      "expression": "() => {\n  var _seedlandsHarness$sn, _seedlandsHarness;\n  return (_seedlandsHarness$sn = (_seedlandsHarness = window.__seedlandsHarness) === null || _seedlandsHarness === void 0 ? void 0 : _seedlandsHarness.snapshot()) !== null && _seedlandsHarness$sn !== void 0 ? _seedlandsHarness$sn : null;\n}",
      "isFunction": "true",
      "arg": "Object"
    },
    "source": "/private/tmp/seedlands-v2-acceptance-8ae9e354/apps/web/tests/e2e/classic-support/harness.ts:102",
    "snapshot": {
      "player": [
        78.47907257080078,
        32.599998474121094,
        0.7473694682121277
      ],
      "server": [
        78.47907282969072,
        32.6,
        0.7473694847739465
      ],
      "view": [
        -578.7999999999998,
        -20.03000000000001
      ],
      "onGround": true,
      "colliding": false,
      "tick": 20733,
      "ack": 14049,
      "interactions": 32,
      "worldRevision": 160,
      "inventoryOps": 39,
      "worldItems": 0
    },
    "error": null
  },
  {
    "stepId": "pw:api@9078",
    "browserCallId": "call@17219",
    "startTime": 413690.666,
    "endTime": 413694.774,
    "title": "Bounding box locator('#game')",
    "params": {
      "selector": "#game",
      "strict": "true",
      "state": "attached"
    },
    "source": "/private/tmp/seedlands-v2-acceptance-8ae9e354/apps/web/tests/e2e/classic-support/mouse-input.ts:24",
    "error": null
  },
  {
    "stepId": "pw:api@9079",
    "startTime": 413695.157,
    "endTime": 413706.598,
    "title": "Mouse move",
    "params": {
      "x": "160",
      "y": "270"
    },
    "source": "/private/tmp/seedlands-v2-acceptance-8ae9e354/apps/web/tests/e2e/classic-support/mouse-input.ts:43",
    "error": null
  },
  {
    "stepId": "pw:api@9080",
    "browserCallId": "call@17225",
    "startTime": 413707.11,
    "endTime": 413739.638,
    "title": "Evaluate",
    "params": {
      "expression": "() => new Promise(resolve => requestAnimationFrame(() => requestAnimationFrame(() => resolve())))",
      "isFunction": "true",
      "arg": "Object"
    },
    "source": "/private/tmp/seedlands-v2-acceptance-8ae9e354/apps/web/tests/e2e/classic-support/mouse-input.ts:45",
    "error": null
  },
  {
    "stepId": "pw:api@9081",
    "browserCallId": "call@17227",
    "startTime": 413740.068,
    "endTime": 413752.78,
    "title": "Evaluate",
    "params": {
      "expression": "() => {\n  var _seedlandsHarness$sn, _seedlandsHarness;\n  return (_seedlandsHarness$sn = (_seedlandsHarness = window.__seedlandsHarness) === null || _seedlandsHarness === void 0 ? void 0 : _seedlandsHarness.snapshot()) !== null && _seedlandsHarness$sn !== void 0 ? _seedlandsHarness$sn : null;\n}",
      "isFunction": "true",
      "arg": "Object"
    },
    "source": "/private/tmp/seedlands-v2-acceptance-8ae9e354/apps/web/tests/e2e/classic-support/harness.ts:102",
    "snapshot": {
      "player": [
        78.47907257080078,
        32.599998474121094,
        0.7473694682121277
      ],
      "server": [
        78.47907282969072,
        32.6,
        0.7473694847739465
      ],
      "view": [
        -568.3999999999999,
        -20.03000000000001
      ],
      "onGround": true,
      "colliding": false,
      "tick": 20737,
      "ack": 14053,
      "interactions": 32,
      "worldRevision": 160,
      "inventoryOps": 39,
      "worldItems": 0
    },
    "error": null
  },
  {
    "stepId": "pw:api@9082",
    "browserCallId": "call@17229",
    "startTime": 413753.621,
    "endTime": 413759.706,
    "title": "Bounding box locator('#game')",
    "params": {
      "selector": "#game",
      "strict": "true",
      "state": "attached"
    },
    "source": "/private/tmp/seedlands-v2-acceptance-8ae9e354/apps/web/tests/e2e/classic-support/mouse-input.ts:24",
    "error": null
  },
  {
    "stepId": "pw:api@9083",
    "startTime": 413760.072,
    "endTime": 413772.741,
    "title": "Mouse move",
    "params": {
      "x": "80",
      "y": "270"
    },
    "source": "/private/tmp/seedlands-v2-acceptance-8ae9e354/apps/web/tests/e2e/classic-support/mouse-input.ts:43",
    "error": null
  },
  {
    "stepId": "pw:api@9084",
    "browserCallId": "call@17235",
    "startTime": 413773.189,
    "endTime": 413804.873,
    "title": "Evaluate",
    "params": {
      "expression": "() => new Promise(resolve => requestAnimationFrame(() => requestAnimationFrame(() => resolve())))",
      "isFunction": "true",
      "arg": "Object"
    },
    "source": "/private/tmp/seedlands-v2-acceptance-8ae9e354/apps/web/tests/e2e/classic-support/mouse-input.ts:45",
    "error": null
  },
  {
    "stepId": "pw:api@9085",
    "browserCallId": "call@17237",
    "startTime": 413805.309,
    "endTime": 413818.002,
    "title": "Evaluate",
    "params": {
      "expression": "() => {\n  var _seedlandsHarness$sn, _seedlandsHarness;\n  return (_seedlandsHarness$sn = (_seedlandsHarness = window.__seedlandsHarness) === null || _seedlandsHarness === void 0 ? void 0 : _seedlandsHarness.snapshot()) !== null && _seedlandsHarness$sn !== void 0 ? _seedlandsHarness$sn : null;\n}",
      "isFunction": "true",
      "arg": "Object"
    },
    "source": "/private/tmp/seedlands-v2-acceptance-8ae9e354/apps/web/tests/e2e/classic-support/harness.ts:102",
    "snapshot": {
      "player": [
        78.47907257080078,
        32.599998474121094,
        0.7473694682121277
      ],
      "server": [
        78.47907282969072,
        32.6,
        0.7473694847739465
      ],
      "view": [
        -557.9999999999999,
        -20.03000000000001
      ],
      "onGround": true,
      "colliding": false,
      "tick": 20741,
      "ack": 14057,
      "interactions": 32,
      "worldRevision": 160,
      "inventoryOps": 39,
      "worldItems": 0
    },
    "error": null
  },
  {
    "stepId": "pw:api@9086",
    "browserCallId": "call@17239",
    "startTime": 413819.017,
    "endTime": 413825.727,
    "title": "Bounding box locator('#game')",
    "params": {
      "selector": "#game",
      "strict": "true",
      "state": "attached"
    },
    "source": "/private/tmp/seedlands-v2-acceptance-8ae9e354/apps/web/tests/e2e/classic-support/mouse-input.ts:24",
    "error": null
  },
  {
    "stepId": "pw:api@9087",
    "browserCallId": "call@17243",
    "startTime": 413826.388,
    "endTime": 413832.051,
    "title": "Evaluate",
    "params": {
      "expression": "() => document.exitPointerLock()",
      "isFunction": "true",
      "arg": "Object"
    },
    "source": "/private/tmp/seedlands-v2-acceptance-8ae9e354/apps/web/tests/e2e/classic-support/mouse-input.ts:33",
    "error": null
  },
  {
    "stepId": "pw:api@9088",
    "browserCallId": "call@17245",
    "startTime": 413832.515,
    "endTime": 413835.846,
    "title": "Wait for function",
    "params": {
      "pollingInterval": "undefined",
      "expression": "() => document.pointerLockElement === null",
      "isFunction": "true",
      "arg": "Object"
    },
    "source": "/private/tmp/seedlands-v2-acceptance-8ae9e354/apps/web/tests/e2e/classic-support/mouse-input.ts:34",
    "error": null
  },
  {
    "stepId": "pw:api@9089",
    "startTime": 413836.279,
    "endTime": 415340.978,
    "title": "Wait for timeout",
    "params": {
      "waitTimeout": "1500"
    },
    "source": "/private/tmp/seedlands-v2-acceptance-8ae9e354/apps/web/tests/e2e/classic-support/mouse-input.ts:36",
    "error": null
  },
  {
    "stepId": "pw:api@9090",
    "browserCallId": "call@17249",
    "startTime": 415341.855,
    "endTime": 415346.362,
    "title": "Is visible getByRole('button', { name: '继续游戏', exact: true })",
    "params": {
      "selector": "internal:role=button[name=\"继续游戏\"s]",
      "strict": "true"
    },
    "source": "/private/tmp/seedlands-v2-acceptance-8ae9e354/apps/web/tests/e2e/classic-support/mouse-input.ts:38",
    "error": null
  },
  {
    "stepId": "pw:api@9091",
    "startTime": 415347.098,
    "endTime": 415379.319,
    "title": "Click getByRole('button', { name: '继续游戏', exact: true })",
    "params": {
      "selector": "internal:role=button[name=\"继续游戏\"s]",
      "strict": "true"
    },
    "source": "/private/tmp/seedlands-v2-acceptance-8ae9e354/apps/web/tests/e2e/classic-support/mouse-input.ts:38",
    "error": null
  },
  {
    "stepId": "pw:api@9092",
    "browserCallId": "call@17253",
    "startTime": 415380.141,
    "endTime": 415383.29,
    "title": "Is visible locator('#debug')",
    "params": {
      "selector": "#debug",
      "strict": "true"
    },
    "source": "/private/tmp/seedlands-v2-acceptance-8ae9e354/apps/web/tests/e2e/classic-support/mouse-input.ts:7",
    "error": null
  },
  {
    "stepId": "pw:api@9093",
    "browserCallId": "call@17255",
    "startTime": 415384.116,
    "endTime": 415440.299,
    "title": "Bounding box locator('#game')",
    "params": {
      "selector": "#game",
      "strict": "true",
      "state": "attached"
    },
    "source": "/private/tmp/seedlands-v2-acceptance-8ae9e354/apps/web/tests/e2e/classic-support/mouse-input.ts:9",
    "error": null
  },
  {
    "stepId": "pw:api@9094",
    "startTime": 415441.076,
    "endTime": 415482.298,
    "title": "Click locator('#game')",
    "params": {
      "selector": "#game",
      "strict": "true",
      "position": "Object"
    },
    "source": "/private/tmp/seedlands-v2-acceptance-8ae9e354/apps/web/tests/e2e/classic-support/mouse-input.ts:11",
    "error": null
  },
  {
    "stepId": "pw:api@9095",
    "browserCallId": "call@17261",
    "startTime": 415482.807,
    "endTime": 415484.517,
    "title": "Wait for function",
    "params": {
      "pollingInterval": "undefined",
      "expression": "() => {\n    var _document$pointerLock;\n    return ((_document$pointerLock = document.pointerLockElement) === null || _document$pointerLock === void 0 ? void 0 : _document$pointerLock.id) === 'game';\n  }",
      "isFunction": "true",
      "arg": "Object"
    },
    "source": "/private/tmp/seedlands-v2-acceptance-8ae9e354/apps/web/tests/e2e/classic-support/mouse-input.ts:12",
    "error": null
  },
  {
    "stepId": "pw:api@9096",
    "startTime": 415484.918,
    "endTime": 415525.541,
    "title": "Mouse move",
    "params": {
      "x": "400",
      "y": "270"
    },
    "source": "/private/tmp/seedlands-v2-acceptance-8ae9e354/apps/web/tests/e2e/classic-support/mouse-input.ts:43",
    "error": null
  },
  {
    "stepId": "pw:api@9097",
    "browserCallId": "call@17265",
    "startTime": 415526.011,
    "endTime": 415561.325,
    "title": "Evaluate",
    "params": {
      "expression": "() => new Promise(resolve => requestAnimationFrame(() => requestAnimationFrame(() => resolve())))",
      "isFunction": "true",
      "arg": "Object"
    },
    "source": "/private/tmp/seedlands-v2-acceptance-8ae9e354/apps/web/tests/e2e/classic-support/mouse-input.ts:45",
    "error": null
  },
  {
    "stepId": "pw:api@9098",
    "browserCallId": "call@17267",
    "startTime": 415561.781,
    "endTime": 415576.541,
    "title": "Evaluate",
    "params": {
      "expression": "() => {\n  var _seedlandsHarness$sn, _seedlandsHarness;\n  return (_seedlandsHarness$sn = (_seedlandsHarness = window.__seedlandsHarness) === null || _seedlandsHarness === void 0 ? void 0 : _seedlandsHarness.snapshot()) !== null && _seedlandsHarness$sn !== void 0 ? _seedlandsHarness$sn : null;\n}",
      "isFunction": "true",
      "arg": "Object"
    },
    "source": "/private/tmp/seedlands-v2-acceptance-8ae9e354/apps/web/tests/e2e/classic-support/harness.ts:102",
    "snapshot": {
      "player": [
        78.47907257080078,
        32.599998474121094,
        0.7473694682121277
      ],
      "server": [
        78.47907282969072,
        32.6,
        0.7473694847739465
      ],
      "view": [
        -547.5999999999999,
        -20.03000000000001
      ],
      "onGround": true,
      "colliding": false,
      "tick": 20753,
      "ack": 14071,
      "interactions": 32,
      "worldRevision": 160,
      "inventoryOps": 39,
      "worldItems": 0
    },
    "error": null
  },
  {
    "stepId": "pw:api@9099",
    "browserCallId": "call@17269",
    "startTime": 415577.607,
    "endTime": 415580.153,
    "title": "Bounding box locator('#game')",
    "params": {
      "selector": "#game",
      "strict": "true",
      "state": "attached"
    },
    "source": "/private/tmp/seedlands-v2-acceptance-8ae9e354/apps/web/tests/e2e/classic-support/mouse-input.ts:24",
    "error": null
  },
  {
    "stepId": "pw:api@9100",
    "startTime": 415580.48,
    "endTime": 415589.604,
    "title": "Mouse move",
    "params": {
      "x": "378.73616801087405",
      "y": "270"
    },
    "source": "/private/tmp/seedlands-v2-acceptance-8ae9e354/apps/web/tests/e2e/classic-support/mouse-input.ts:43",
    "error": null
  },
  {
    "stepId": "pw:api@9101",
    "browserCallId": "call@17275",
    "startTime": 415590.13,
    "endTime": 415622.955,
    "title": "Evaluate",
    "params": {
      "expression": "() => new Promise(resolve => requestAnimationFrame(() => requestAnimationFrame(() => resolve())))",
      "isFunction": "true",
      "arg": "Object"
    },
    "source": "/private/tmp/seedlands-v2-acceptance-8ae9e354/apps/web/tests/e2e/classic-support/mouse-input.ts:45",
    "error": null
  },
  {
    "stepId": "pw:api@9102",
    "browserCallId": "call@17277",
    "startTime": 415623.489,
    "endTime": 415643.071,
    "title": "Evaluate",
    "params": {
      "expression": "() => {\n  var _seedlandsHarness$sn, _seedlandsHarness;\n  return (_seedlandsHarness$sn = (_seedlandsHarness = window.__seedlandsHarness) === null || _seedlandsHarness === void 0 ? void 0 : _seedlandsHarness.snapshot()) !== null && _seedlandsHarness$sn !== void 0 ? _seedlandsHarness$sn : null;\n}",
      "isFunction": "true",
      "arg": "Object"
    },
    "source": "/private/tmp/seedlands-v2-acceptance-8ae9e354/apps/web/tests/e2e/classic-support/harness.ts:102",
    "snapshot": {
      "player": [
        78.47907257080078,
        32.599998474121094,
        0.7473694682121277
      ],
      "server": [
        78.47907282969072,
        32.6,
        0.7473694847739465
      ],
      "view": [
        -544.7399999999999,
        -20.03000000000001
      ],
      "onGround": true,
      "colliding": false,
      "tick": 20756,
      "ack": 14074,
      "interactions": 32,
      "worldRevision": 160,
      "inventoryOps": 39,
      "worldItems": 0
    },
    "error": null
  },
  {
    "stepId": "pw:api@9103",
    "browserCallId": "call@17279",
    "startTime": 415644.067,
    "endTime": 415659.282,
    "title": "Evaluate",
    "params": {
      "expression": "() => {\n  var _seedlandsHarness$sn, _seedlandsHarness;\n  return (_seedlandsHarness$sn = (_seedlandsHarness = window.__seedlandsHarness) === null || _seedlandsHarness === void 0 ? void 0 : _seedlandsHarness.snapshot()) !== null && _seedlandsHarness$sn !== void 0 ? _seedlandsHarness$sn : null;\n}",
      "isFunction": "true",
      "arg": "Object"
    },
    "source": "/private/tmp/seedlands-v2-acceptance-8ae9e354/apps/web/tests/e2e/classic-support/harness.ts:102",
    "snapshot": {
      "player": [
        78.47907257080078,
        32.599998474121094,
        0.7473694682121277
      ],
      "server": [
        78.47907282969072,
        32.6,
        0.7473694847739465
      ],
      "view": [
        -544.7399999999999,
        -20.03000000000001
      ],
      "onGround": true,
      "colliding": false,
      "tick": 20758,
      "ack": 14076,
      "interactions": 32,
      "worldRevision": 160,
      "inventoryOps": 39,
      "worldItems": 0
    },
    "error": null
  },
  {
    "stepId": "pw:api@9104",
    "startTime": 415660.155,
    "endTime": 415661.908,
    "title": "Key down \"KeyS\"",
    "params": {
      "key": "KeyS"
    },
    "source": "/private/tmp/seedlands-v2-acceptance-8ae9e354/apps/web/tests/e2e/classic-support/harness.ts:248",
    "error": null
  },
  {
    "stepId": "pw:api@9105",
    "startTime": 415742.559,
    "endTime": 415744.281,
    "title": "Key up \"KeyS\"",
    "params": {
      "key": "KeyS"
    },
    "source": "/private/tmp/seedlands-v2-acceptance-8ae9e354/apps/web/tests/e2e/classic-support/harness.ts:254",
    "error": null
  },
  {
    "stepId": "pw:api@9107",
    "browserCallId": "call@17285",
    "startTime": 415745.008,
    "endTime": 415759.328,
    "title": "Evaluate",
    "params": {
      "expression": "() => {\n  var _seedlandsHarness$sn, _seedlandsHarness;\n  return (_seedlandsHarness$sn = (_seedlandsHarness = window.__seedlandsHarness) === null || _seedlandsHarness === void 0 ? void 0 : _seedlandsHarness.snapshot()) !== null && _seedlandsHarness$sn !== void 0 ? _seedlandsHarness$sn : null;\n}",
      "isFunction": "true",
      "arg": "Object"
    },
    "source": "/private/tmp/seedlands-v2-acceptance-8ae9e354/apps/web/tests/e2e/classic-support/harness.ts:102",
    "snapshot": {
      "player": [
        78.51006317138672,
        32.599998474121094,
        0.5390361547470093
      ],
      "server": [
        78.49146797116592,
        32.6,
        0.7057028181072799
      ],
      "view": [
        -544.7399999999999,
        -20.03000000000001
      ],
      "onGround": true,
      "colliding": false,
      "tick": 20763,
      "ack": 14081,
      "interactions": 32,
      "worldRevision": 160,
      "inventoryOps": 39,
      "worldItems": 0
    },
    "error": null
  },
  {
    "stepId": "pw:api@9110",
    "browserCallId": "call@17287",
    "startTime": 415761.089,
    "endTime": 415775.868,
    "title": "Evaluate",
    "params": {
      "expression": "() => {\n  var _seedlandsHarness$sn, _seedlandsHarness;\n  return (_seedlandsHarness$sn = (_seedlandsHarness = window.__seedlandsHarness) === null || _seedlandsHarness === void 0 ? void 0 : _seedlandsHarness.snapshot()) !== null && _seedlandsHarness$sn !== void 0 ? _seedlandsHarness$sn : null;\n}",
      "isFunction": "true",
      "arg": "Object"
    },
    "source": "/private/tmp/seedlands-v2-acceptance-8ae9e354/apps/web/tests/e2e/classic-support/harness.ts:102",
    "snapshot": {
      "player": [
        78.51006317138672,
        32.599998474121094,
        0.4834806025028229
      ],
      "server": [
        78.50386311264111,
        32.6,
        0.6084805958850577
      ],
      "view": [
        -544.7399999999999,
        -20.03000000000001
      ],
      "onGround": true,
      "colliding": false,
      "tick": 20765,
      "ack": 14083,
      "interactions": 32,
      "worldRevision": 160,
      "inventoryOps": 39,
      "worldItems": 0
    },
    "error": null
  },
  {
    "stepId": "pw:api@9112",
    "browserCallId": "call@17289",
    "startTime": 415793.881,
    "endTime": 415808.209,
    "title": "Evaluate",
    "params": {
      "expression": "() => {\n  var _seedlandsHarness$sn, _seedlandsHarness;\n  return (_seedlandsHarness$sn = (_seedlandsHarness = window.__seedlandsHarness) === null || _seedlandsHarness === void 0 ? void 0 : _seedlandsHarness.snapshot()) !== null && _seedlandsHarness$sn !== void 0 ? _seedlandsHarness$sn : null;\n}",
      "isFunction": "true",
      "arg": "Object"
    },
    "source": "/private/tmp/seedlands-v2-acceptance-8ae9e354/apps/web/tests/e2e/classic-support/harness.ts:102",
    "snapshot": {
      "player": [
        78.51006317138672,
        32.599998474121094,
        0.4140361547470093
      ],
      "server": [
        78.51006068337871,
        32.6,
        0.5390361514406132
      ],
      "view": [
        -544.7399999999999,
        -20.03000000000001
      ],
      "onGround": true,
      "colliding": false,
      "tick": 20766,
      "ack": 14084,
      "interactions": 32,
      "worldRevision": 160,
      "inventoryOps": 39,
      "worldItems": 0
    },
    "error": null
  },
  {
    "stepId": "pw:api@9114",
    "browserCallId": "call@17291",
    "startTime": 415809.632,
    "endTime": 415822.599,
    "title": "Evaluate",
    "params": {
      "expression": "() => {\n  var _seedlandsHarness$sn, _seedlandsHarness;\n  return (_seedlandsHarness$sn = (_seedlandsHarness = window.__seedlandsHarness) === null || _seedlandsHarness === void 0 ? void 0 : _seedlandsHarness.snapshot()) !== null && _seedlandsHarness$sn !== void 0 ? _seedlandsHarness$sn : null;\n}",
      "isFunction": "true",
      "arg": "Object"
    },
    "source": "/private/tmp/seedlands-v2-acceptance-8ae9e354/apps/web/tests/e2e/classic-support/harness.ts:102",
    "snapshot": {
      "player": [
        78.51006317138672,
        32.599998474121094,
        0.4001472592353821
      ],
      "server": [
        78.51006068337871,
        32.6,
        0.44181392921839097
      ],
      "view": [
        -544.7399999999999,
        -20.03000000000001
      ],
      "onGround": true,
      "colliding": false,
      "tick": 20768,
      "ack": 14086,
      "interactions": 32,
      "worldRevision": 160,
      "inventoryOps": 39,
      "worldItems": 0
    },
    "error": null
  },
  {
    "stepId": "pw:api@9115",
    "browserCallId": "call@17293",
    "startTime": 415823.876,
    "endTime": 415837.54,
    "title": "Evaluate",
    "params": {
      "expression": "() => {\n  var _seedlandsHarness$sn, _seedlandsHarness;\n  return (_seedlandsHarness$sn = (_seedlandsHarness = window.__seedlandsHarness) === null || _seedlandsHarness === void 0 ? void 0 : _seedlandsHarness.snapshot()) !== null && _seedlandsHarness$sn !== void 0 ? _seedlandsHarness$sn : null;\n}",
      "isFunction": "true",
      "arg": "Object"
    },
    "source": "/private/tmp/seedlands-v2-acceptance-8ae9e354/apps/web/tests/e2e/classic-support/harness.ts:102",
    "snapshot": {
      "player": [
        78.51006317138672,
        32.599998474121094,
        0.4001472592353821
      ],
      "server": [
        78.51006068337871,
        32.6,
        0.4140361514406132
      ],
      "view": [
        -544.7399999999999,
        -20.03000000000001
      ],
      "onGround": true,
      "colliding": false,
      "tick": 20769,
      "ack": 14087,
      "interactions": 32,
      "worldRevision": 160,
      "inventoryOps": 39,
      "worldItems": 0
    },
    "error": null
  },
  {
    "stepId": "pw:api@9116",
    "browserCallId": "call@17295",
    "startTime": 415838.754,
    "endTime": 415842.1,
    "title": "Bounding box locator('#game')",
    "params": {
      "selector": "#game",
      "strict": "true",
      "state": "attached"
    },
    "source": "/private/tmp/seedlands-v2-acceptance-8ae9e354/apps/web/tests/e2e/classic-support/mouse-input.ts:24",
    "error": null
  },
  {
    "stepId": "pw:api@9117",
    "startTime": 415842.479,
    "endTime": 415855.859,
    "title": "Mouse move",
    "params": {
      "x": "298.73616801087405",
      "y": "270"
    },
    "source": "/private/tmp/seedlands-v2-acceptance-8ae9e354/apps/web/tests/e2e/classic-support/mouse-input.ts:43",
    "error": null
  },
  {
    "stepId": "pw:api@9118",
    "browserCallId": "call@17301",
    "startTime": 415856.324,
    "endTime": 415889.292,
    "title": "Evaluate",
    "params": {
      "expression": "() => new Promise(resolve => requestAnimationFrame(() => requestAnimationFrame(() => resolve())))",
      "isFunction": "true",
      "arg": "Object"
    },
    "source": "/private/tmp/seedlands-v2-acceptance-8ae9e354/apps/web/tests/e2e/classic-support/mouse-input.ts:45",
    "error": null
  },
  {
    "stepId": "pw:api@9119",
    "browserCallId": "call@17303",
    "startTime": 415889.729,
    "endTime": 415902.387,
    "title": "Evaluate",
    "params": {
      "expression": "() => {\n  var _seedlandsHarness$sn, _seedlandsHarness;\n  return (_seedlandsHarness$sn = (_seedlandsHarness = window.__seedlandsHarness) === null || _seedlandsHarness === void 0 ? void 0 : _seedlandsHarness.snapshot()) !== null && _seedlandsHarness$sn !== void 0 ? _seedlandsHarness$sn : null;\n}",
      "isFunction": "true",
      "arg": "Object"
    },
    "source": "/private/tmp/seedlands-v2-acceptance-8ae9e354/apps/web/tests/e2e/classic-support/harness.ts:102",
    "snapshot": {
      "player": [
        78.51006317138672,
        32.599998474121094,
        0.4001472592353821
      ],
      "server": [
        78.51006068337871,
        32.6,
        0.4001472625517243
      ],
      "view": [
        -534.3399999999999,
        -20.03000000000001
      ],
      "onGround": true,
      "colliding": false,
      "tick": 20773,
      "ack": 14091,
      "interactions": 32,
      "worldRevision": 160,
      "inventoryOps": 39,
      "worldItems": 0
    },
    "error": null
  },
  {
    "stepId": "pw:api@9120",
    "browserCallId": "call@17305",
    "startTime": 415903.195,
    "endTime": 415910.549,
    "title": "Bounding box locator('#game')",
    "params": {
      "selector": "#game",
      "strict": "true",
      "state": "attached"
    },
    "source": "/private/tmp/seedlands-v2-acceptance-8ae9e354/apps/web/tests/e2e/classic-support/mouse-input.ts:24",
    "error": null
  },
  {
    "stepId": "pw:api@9121",
    "startTime": 415910.938,
    "endTime": 415923.04,
    "title": "Mouse move",
    "params": {
      "x": "218.73616801087405",
      "y": "270"
    },
    "source": "/private/tmp/seedlands-v2-acceptance-8ae9e354/apps/web/tests/e2e/classic-support/mouse-input.ts:43",
    "error": null
  },
  {
    "stepId": "pw:api@9122",
    "browserCallId": "call@17311",
    "startTime": 415923.503,
    "endTime": 415956.142,
    "title": "Evaluate",
    "params": {
      "expression": "() => new Promise(resolve => requestAnimationFrame(() => requestAnimationFrame(() => resolve())))",
      "isFunction": "true",
      "arg": "Object"
    },
    "source": "/private/tmp/seedlands-v2-acceptance-8ae9e354/apps/web/tests/e2e/classic-support/mouse-input.ts:45",
    "error": null
  },
  {
    "stepId": "pw:api@9123",
    "browserCallId": "call@17313",
    "startTime": 415956.554,
    "endTime": 415969.176,
    "title": "Evaluate",
    "params": {
      "expression": "() => {\n  var _seedlandsHarness$sn, _seedlandsHarness;\n  return (_seedlandsHarness$sn = (_seedlandsHarness = window.__seedlandsHarness) === null || _seedlandsHarness === void 0 ? void 0 : _seedlandsHarness.snapshot()) !== null && _seedlandsHarness$sn !== void 0 ? _seedlandsHarness$sn : null;\n}",
      "isFunction": "true",
      "arg": "Object"
    },
    "source": "/private/tmp/seedlands-v2-acceptance-8ae9e354/apps/web/tests/e2e/classic-support/harness.ts:102",
    "snapshot": {
      "player": [
        78.51006317138672,
        32.599998474121094,
        0.4001472592353821
      ],
      "server": [
        78.51006068337871,
        32.6,
        0.4001472625517243
      ],
      "view": [
        -523.9399999999999,
        -20.03000000000001
      ],
      "onGround": true,
      "colliding": false,
      "tick": 20777,
      "ack": 14095,
      "interactions": 32,
      "worldRevision": 160,
      "inventoryOps": 39,
      "worldItems": 0
    },
    "error": null
  },
  {
    "stepId": "pw:api@9124",
    "browserCallId": "call@17315",
    "startTime": 415970.163,
    "endTime": 415974.836,
    "title": "Bounding box locator('#game')",
    "params": {
      "selector": "#game",
      "strict": "true",
      "state": "attached"
    },
    "source": "/private/tmp/seedlands-v2-acceptance-8ae9e354/apps/web/tests/e2e/classic-support/mouse-input.ts:24",
    "error": null
  },
  {
    "stepId": "pw:api@9125",
    "startTime": 415975.21,
    "endTime": 415988.968,
    "title": "Mouse move",
    "params": {
      "x": "138.73616801087405",
      "y": "270"
    },
    "source": "/private/tmp/seedlands-v2-acceptance-8ae9e354/apps/web/tests/e2e/classic-support/mouse-input.ts:43",
    "error": null
  },
  {
    "stepId": "pw:api@9126",
    "browserCallId": "call@17321",
    "startTime": 415989.652,
    "endTime": 416023.23,
    "title": "Evaluate",
    "params": {
      "expression": "() => new Promise(resolve => requestAnimationFrame(() => requestAnimationFrame(() => resolve())))",
      "isFunction": "true",
      "arg": "Object"
    },
    "source": "/private/tmp/seedlands-v2-acceptance-8ae9e354/apps/web/tests/e2e/classic-support/mouse-input.ts:45",
    "error": null
  },
  {
    "stepId": "pw:api@9127",
    "browserCallId": "call@17323",
    "startTime": 416023.688,
    "endTime": 416036.272,
    "title": "Evaluate",
    "params": {
      "expression": "() => {\n  var _seedlandsHarness$sn, _seedlandsHarness;\n  return (_seedlandsHarness$sn = (_seedlandsHarness = window.__seedlandsHarness) === null || _seedlandsHarness === void 0 ? void 0 : _seedlandsHarness.snapshot()) !== null && _seedlandsHarness$sn !== void 0 ? _seedlandsHarness$sn : null;\n}",
      "isFunction": "true",
      "arg": "Object"
    },
    "source": "/private/tmp/seedlands-v2-acceptance-8ae9e354/apps/web/tests/e2e/classic-support/harness.ts:102",
    "snapshot": {
      "player": [
        78.51006317138672,
        32.599998474121094,
        0.4001472592353821
      ],
      "server": [
        78.51006068337871,
        32.6,
        0.4001472625517243
      ],
      "view": [
        -513.54,
        -20.03000000000001
      ],
      "onGround": true,
      "colliding": false,
      "tick": 20781,
      "ack": 14099,
      "interactions": 32,
      "worldRevision": 160,
      "inventoryOps": 39,
      "worldItems": 0
    },
    "error": null
  },
  {
    "stepId": "pw:api@9128",
    "browserCallId": "call@17325",
    "startTime": 416037.106,
    "endTime": 416042.21,
    "title": "Bounding box locator('#game')",
    "params": {
      "selector": "#game",
      "strict": "true",
      "state": "attached"
    },
    "source": "/private/tmp/seedlands-v2-acceptance-8ae9e354/apps/web/tests/e2e/classic-support/mouse-input.ts:24",
    "error": null
  },
  {
    "stepId": "pw:api@9129",
    "browserCallId": "call@17329",
    "startTime": 416042.587,
    "endTime": 416045.407,
    "title": "Evaluate",
    "params": {
      "expression": "() => document.exitPointerLock()",
      "isFunction": "true",
      "arg": "Object"
    },
    "source": "/private/tmp/seedlands-v2-acceptance-8ae9e354/apps/web/tests/e2e/classic-support/mouse-input.ts:33",
    "error": null
  },
  {
    "stepId": "pw:api@9130",
    "browserCallId": "call@17331",
    "startTime": 416045.804,
    "endTime": 416047.236,
    "title": "Wait for function",
    "params": {
      "pollingInterval": "undefined",
      "expression": "() => document.pointerLockElement === null",
      "isFunction": "true",
      "arg": "Object"
    },
    "source": "/private/tmp/seedlands-v2-acceptance-8ae9e354/apps/web/tests/e2e/classic-support/mouse-input.ts:34",
    "error": null
  },
  {
    "stepId": "pw:api@9131",
    "startTime": 416047.549,
    "endTime": 417551.752,
    "title": "Wait for timeout",
    "params": {
      "waitTimeout": "1500"
    },
    "source": "/private/tmp/seedlands-v2-acceptance-8ae9e354/apps/web/tests/e2e/classic-support/mouse-input.ts:36",
    "error": null
  },
  {
    "stepId": "pw:api@9132",
    "browserCallId": "call@17335",
    "startTime": 417552.771,
    "endTime": 417559.38,
    "title": "Is visible getByRole('button', { name: '继续游戏', exact: true })",
    "params": {
      "selector": "internal:role=button[name=\"继续游戏\"s]",
      "strict": "true"
    },
    "source": "/private/tmp/seedlands-v2-acceptance-8ae9e354/apps/web/tests/e2e/classic-support/mouse-input.ts:38",
    "error": null
  },
  {
    "stepId": "pw:api@9133",
    "startTime": 417560.37,
    "endTime": 417602.771,
    "title": "Click getByRole('button', { name: '继续游戏', exact: true })",
    "params": {
      "selector": "internal:role=button[name=\"继续游戏\"s]",
      "strict": "true"
    },
    "source": "/private/tmp/seedlands-v2-acceptance-8ae9e354/apps/web/tests/e2e/classic-support/mouse-input.ts:38",
    "error": null
  },
  {
    "stepId": "pw:api@9134",
    "browserCallId": "call@17339",
    "startTime": 417604.114,
    "endTime": 417627.073,
    "title": "Is visible locator('#debug')",
    "params": {
      "selector": "#debug",
      "strict": "true"
    },
    "source": "/private/tmp/seedlands-v2-acceptance-8ae9e354/apps/web/tests/e2e/classic-support/mouse-input.ts:7",
    "error": null
  },
  {
    "stepId": "pw:api@9135",
    "browserCallId": "call@17341",
    "startTime": 417627.732,
    "endTime": 417664.525,
    "title": "Bounding box locator('#game')",
    "params": {
      "selector": "#game",
      "strict": "true",
      "state": "attached"
    },
    "source": "/private/tmp/seedlands-v2-acceptance-8ae9e354/apps/web/tests/e2e/classic-support/mouse-input.ts:9",
    "error": null
  },
  {
    "stepId": "pw:api@9136",
    "startTime": 417665.277,
    "endTime": 417712.486,
    "title": "Click locator('#game')",
    "params": {
      "selector": "#game",
      "strict": "true",
      "position": "Object"
    },
    "source": "/private/tmp/seedlands-v2-acceptance-8ae9e354/apps/web/tests/e2e/classic-support/mouse-input.ts:11",
    "error": null
  },
  {
    "stepId": "pw:api@9137",
    "browserCallId": "call@17347",
    "startTime": 417713.155,
    "endTime": 417749.38,
    "title": "Wait for function",
    "params": {
      "pollingInterval": "undefined",
      "expression": "() => {\n    var _document$pointerLock;\n    return ((_document$pointerLock = document.pointerLockElement) === null || _document$pointerLock === void 0 ? void 0 : _document$pointerLock.id) === 'game';\n  }",
      "isFunction": "true",
      "arg": "Object"
    },
    "source": "/private/tmp/seedlands-v2-acceptance-8ae9e354/apps/web/tests/e2e/classic-support/mouse-input.ts:12",
    "error": null
  },
  {
    "stepId": "pw:api@9138",
    "startTime": 417749.865,
    "endTime": 417757.893,
    "title": "Mouse move",
    "params": {
      "x": "400",
      "y": "270"
    },
    "source": "/private/tmp/seedlands-v2-acceptance-8ae9e354/apps/web/tests/e2e/classic-support/mouse-input.ts:43",
    "error": null
  },
  {
    "stepId": "pw:api@9139",
    "browserCallId": "call@17351",
    "startTime": 417758.469,
    "endTime": 417790.147,
    "title": "Evaluate",
    "params": {
      "expression": "() => new Promise(resolve => requestAnimationFrame(() => requestAnimationFrame(() => resolve())))",
      "isFunction": "true",
      "arg": "Object"
    },
    "source": "/private/tmp/seedlands-v2-acceptance-8ae9e354/apps/web/tests/e2e/classic-support/mouse-input.ts:45",
    "error": null
  },
  {
    "stepId": "pw:api@9140",
    "browserCallId": "call@17353",
    "startTime": 417790.686,
    "endTime": 417805.049,
    "title": "Evaluate",
    "params": {
      "expression": "() => {\n  var _seedlandsHarness$sn, _seedlandsHarness;\n  return (_seedlandsHarness$sn = (_seedlandsHarness = window.__seedlandsHarness) === null || _seedlandsHarness === void 0 ? void 0 : _seedlandsHarness.snapshot()) !== null && _seedlandsHarness$sn !== void 0 ? _seedlandsHarness$sn : null;\n}",
      "isFunction": "true",
      "arg": "Object"
    },
    "source": "/private/tmp/seedlands-v2-acceptance-8ae9e354/apps/web/tests/e2e/classic-support/harness.ts:102",
    "snapshot": {
      "player": [
        78.51006317138672,
        32.599998474121094,
        0.4001472592353821
      ],
      "server": [
        78.51006068337871,
        32.6,
        0.4001472625517243
      ],
      "view": [
        -503.14,
        -20.03000000000001
      ],
      "onGround": true,
      "colliding": false,
      "tick": 20794,
      "ack": 14114,
      "interactions": 32,
      "worldRevision": 160,
      "inventoryOps": 39,
      "worldItems": 0
    },
    "error": null
  },
  {
    "stepId": "pw:api@9141",
    "browserCallId": "call@17355",
    "startTime": 417806.507,
    "endTime": 417810.308,
    "title": "Bounding box locator('#game')",
    "params": {
      "selector": "#game",
      "strict": "true",
      "state": "attached"
    },
    "source": "/private/tmp/seedlands-v2-acceptance-8ae9e354/apps/web/tests/e2e/classic-support/mouse-input.ts:24",
    "error": null
  },
  {
    "stepId": "pw:api@9142",
    "startTime": 417810.682,
    "endTime": 417821.241,
    "title": "Mouse move",
    "params": {
      "x": "320",
      "y": "270"
    },
    "source": "/private/tmp/seedlands-v2-acceptance-8ae9e354/apps/web/tests/e2e/classic-support/mouse-input.ts:43",
    "error": null
  },
  {
    "stepId": "pw:api@9143",
    "browserCallId": "call@17361",
    "startTime": 417821.848,
    "endTime": 417854.726,
    "title": "Evaluate",
    "params": {
      "expression": "() => new Promise(resolve => requestAnimationFrame(() => requestAnimationFrame(() => resolve())))",
      "isFunction": "true",
      "arg": "Object"
    },
    "source": "/private/tmp/seedlands-v2-acceptance-8ae9e354/apps/web/tests/e2e/classic-support/mouse-input.ts:45",
    "error": null
  },
  {
    "stepId": "pw:api@9144",
    "browserCallId": "call@17363",
    "startTime": 417855.237,
    "endTime": 417871.069,
    "title": "Evaluate",
    "params": {
      "expression": "() => {\n  var _seedlandsHarness$sn, _seedlandsHarness;\n  return (_seedlandsHarness$sn = (_seedlandsHarness = window.__seedlandsHarness) === null || _seedlandsHarness === void 0 ? void 0 : _seedlandsHarness.snapshot()) !== null && _seedlandsHarness$sn !== void 0 ? _seedlandsHarness$sn : null;\n}",
      "isFunction": "true",
      "arg": "Object"
    },
    "source": "/private/tmp/seedlands-v2-acceptance-8ae9e354/apps/web/tests/e2e/classic-support/harness.ts:102",
    "snapshot": {
      "player": [
        78.51006317138672,
        32.599998474121094,
        0.4001472592353821
      ],
      "server": [
        78.51006068337871,
        32.6,
        0.4001472625517243
      ],
      "view": [
        -492.74,
        -20.03000000000001
      ],
      "onGround": true,
      "colliding": false,
      "tick": 20797,
      "ack": 14117,
      "interactions": 32,
      "worldRevision": 160,
      "inventoryOps": 39,
      "worldItems": 0
    },
    "error": null
  },
  {
    "stepId": "pw:api@9145",
    "browserCallId": "call@17365",
    "startTime": 417872.296,
    "endTime": 417892.81,
    "title": "Bounding box locator('#game')",
    "params": {
      "selector": "#game",
      "strict": "true",
      "state": "attached"
    },
    "source": "/private/tmp/seedlands-v2-acceptance-8ae9e354/apps/web/tests/e2e/classic-support/mouse-input.ts:24",
    "error": null
  },
  {
    "stepId": "pw:api@9146",
    "startTime": 417893.238,
    "endTime": 417906.287,
    "title": "Mouse move",
    "params": {
      "x": "240",
      "y": "270"
    },
    "source": "/private/tmp/seedlands-v2-acceptance-8ae9e354/apps/web/tests/e2e/classic-support/mouse-input.ts:43",
    "error": null
  },
  {
    "stepId": "pw:api@9147",
    "browserCallId": "call@17371",
    "startTime": 417906.753,
    "endTime": 417939.501,
    "title": "Evaluate",
    "params": {
      "expression": "() => new Promise(resolve => requestAnimationFrame(() => requestAnimationFrame(() => resolve())))",
      "isFunction": "true",
      "arg": "Object"
    },
    "source": "/private/tmp/seedlands-v2-acceptance-8ae9e354/apps/web/tests/e2e/classic-support/mouse-input.ts:45",
    "error": null
  },
  {
    "stepId": "pw:api@9148",
    "browserCallId": "call@17373",
    "startTime": 417939.974,
    "endTime": 417953.109,
    "title": "Evaluate",
    "params": {
      "expression": "() => {\n  var _seedlandsHarness$sn, _seedlandsHarness;\n  return (_seedlandsHarness$sn = (_seedlandsHarness = window.__seedlandsHarness) === null || _seedlandsHarness === void 0 ? void 0 : _seedlandsHarness.snapshot()) !== null && _seedlandsHarness$sn !== void 0 ? _seedlandsHarness$sn : null;\n}",
      "isFunction": "true",
      "arg": "Object"
    },
    "source": "/private/tmp/seedlands-v2-acceptance-8ae9e354/apps/web/tests/e2e/classic-support/harness.ts:102",
    "snapshot": {
      "player": [
        78.51006317138672,
        32.599998474121094,
        0.4001472592353821
      ],
      "server": [
        78.51006068337871,
        32.6,
        0.4001472625517243
      ],
      "view": [
        -482.34000000000003,
        -20.03000000000001
      ],
      "onGround": true,
      "colliding": false,
      "tick": 20802,
      "ack": 14122,
      "interactions": 32,
      "worldRevision": 160,
      "inventoryOps": 39,
      "worldItems": 0
    },
    "error": null
  },
  {
    "stepId": "pw:api@9149",
    "browserCallId": "call@17375",
    "startTime": 417954.422,
    "endTime": 417958.182,
    "title": "Bounding box locator('#game')",
    "params": {
      "selector": "#game",
      "strict": "true",
      "state": "attached"
    },
    "source": "/private/tmp/seedlands-v2-acceptance-8ae9e354/apps/web/tests/e2e/classic-support/mouse-input.ts:24",
    "error": null
  },
  {
    "stepId": "pw:api@9150",
    "startTime": 417958.569,
    "endTime": 417972.495,
    "title": "Mouse move",
    "params": {
      "x": "160",
      "y": "270"
    },
    "source": "/private/tmp/seedlands-v2-acceptance-8ae9e354/apps/web/tests/e2e/classic-support/mouse-input.ts:43",
    "error": null
  },
  {
    "stepId": "pw:api@9151",
    "browserCallId": "call@17381",
    "startTime": 417972.98,
    "endTime": 418005.683,
    "title": "Evaluate",
    "params": {
      "expression": "() => new Promise(resolve => requestAnimationFrame(() => requestAnimationFrame(() => resolve())))",
      "isFunction": "true",
      "arg": "Object"
    },
    "source": "/private/tmp/seedlands-v2-acceptance-8ae9e354/apps/web/tests/e2e/classic-support/mouse-input.ts:45",
    "error": null
  },
  {
    "stepId": "pw:api@9152",
    "browserCallId": "call@17383",
    "startTime": 418006.14,
    "endTime": 418019.329,
    "title": "Evaluate",
    "params": {
      "expression": "() => {\n  var _seedlandsHarness$sn, _seedlandsHarness;\n  return (_seedlandsHarness$sn = (_seedlandsHarness = window.__seedlandsHarness) === null || _seedlandsHarness === void 0 ? void 0 : _seedlandsHarness.snapshot()) !== null && _seedlandsHarness$sn !== void 0 ? _seedlandsHarness$sn : null;\n}",
      "isFunction": "true",
      "arg": "Object"
    },
    "source": "/private/tmp/seedlands-v2-acceptance-8ae9e354/apps/web/tests/e2e/classic-support/harness.ts:102",
    "snapshot": {
      "player": [
        78.51006317138672,
        32.599998474121094,
        0.4001472592353821
      ],
      "server": [
        78.51006068337871,
        32.6,
        0.4001472625517243
      ],
      "view": [
        -471.94000000000005,
        -20.03000000000001
      ],
      "onGround": true,
      "colliding": false,
      "tick": 20806,
      "ack": 14126,
      "interactions": 32,
      "worldRevision": 160,
      "inventoryOps": 39,
      "worldItems": 0
    },
    "error": null
  },
  {
    "stepId": "pw:api@9153",
    "browserCallId": "call@17385",
    "startTime": 418020.759,
    "endTime": 418025.564,
    "title": "Bounding box locator('#game')",
    "params": {
      "selector": "#game",
      "strict": "true",
      "state": "attached"
    },
    "source": "/private/tmp/seedlands-v2-acceptance-8ae9e354/apps/web/tests/e2e/classic-support/mouse-input.ts:24",
    "error": null
  },
  {
    "stepId": "pw:api@9154",
    "startTime": 418025.945,
    "endTime": 418039.836,
    "title": "Mouse move",
    "params": {
      "x": "80",
      "y": "270"
    },
    "source": "/private/tmp/seedlands-v2-acceptance-8ae9e354/apps/web/tests/e2e/classic-support/mouse-input.ts:43",
    "error": null
  },
  {
    "stepId": "pw:api@9155",
    "browserCallId": "call@17391",
    "startTime": 418040.345,
    "endTime": 418073.402,
    "title": "Evaluate",
    "params": {
      "expression": "() => new Promise(resolve => requestAnimationFrame(() => requestAnimationFrame(() => resolve())))",
      "isFunction": "true",
      "arg": "Object"
    },
    "source": "/private/tmp/seedlands-v2-acceptance-8ae9e354/apps/web/tests/e2e/classic-support/mouse-input.ts:45",
    "error": null
  },
  {
    "stepId": "pw:api@9156",
    "browserCallId": "call@17393",
    "startTime": 418073.883,
    "endTime": 418087.366,
    "title": "Evaluate",
    "params": {
      "expression": "() => {\n  var _seedlandsHarness$sn, _seedlandsHarness;\n  return (_seedlandsHarness$sn = (_seedlandsHarness = window.__seedlandsHarness) === null || _seedlandsHarness === void 0 ? void 0 : _seedlandsHarness.snapshot()) !== null && _seedlandsHarness$sn !== void 0 ? _seedlandsHarness$sn : null;\n}",
      "isFunction": "true",
      "arg": "Object"
    },
    "source": "/private/tmp/seedlands-v2-acceptance-8ae9e354/apps/web/tests/e2e/classic-support/harness.ts:102",
    "snapshot": {
      "player": [
        78.51006317138672,
        32.599998474121094,
        0.4001472592353821
      ],
      "server": [
        78.51006068337871,
        32.6,
        0.4001472625517243
      ],
      "view": [
        -461.5400000000001,
        -20.03000000000001
      ],
      "onGround": true,
      "colliding": false,
      "tick": 20810,
      "ack": 14130,
      "interactions": 32,
      "worldRevision": 160,
      "inventoryOps": 39,
      "worldItems": 0
    },
    "error": null
  },
  {
    "stepId": "pw:api@9157",
    "browserCallId": "call@17395",
    "startTime": 418088.68,
    "endTime": 418092.328,
    "title": "Bounding box locator('#game')",
    "params": {
      "selector": "#game",
      "strict": "true",
      "state": "attached"
    },
    "source": "/private/tmp/seedlands-v2-acceptance-8ae9e354/apps/web/tests/e2e/classic-support/mouse-input.ts:24",
    "error": null
  },
  {
    "stepId": "pw:api@9158",
    "browserCallId": "call@17399",
    "startTime": 418092.744,
    "endTime": 418095.551,
    "title": "Evaluate",
    "params": {
      "expression": "() => document.exitPointerLock()",
      "isFunction": "true",
      "arg": "Object"
    },
    "source": "/private/tmp/seedlands-v2-acceptance-8ae9e354/apps/web/tests/e2e/classic-support/mouse-input.ts:33",
    "error": null
  },
  {
    "stepId": "pw:api@9159",
    "browserCallId": "call@17401",
    "startTime": 418095.985,
    "endTime": 418097.557,
    "title": "Wait for function",
    "params": {
      "pollingInterval": "undefined",
      "expression": "() => document.pointerLockElement === null",
      "isFunction": "true",
      "arg": "Object"
    },
    "source": "/private/tmp/seedlands-v2-acceptance-8ae9e354/apps/web/tests/e2e/classic-support/mouse-input.ts:34",
    "error": null
  },
  {
    "stepId": "pw:api@9160",
    "startTime": 418097.932,
    "endTime": 419602.344,
    "title": "Wait for timeout",
    "params": {
      "waitTimeout": "1500"
    },
    "source": "/private/tmp/seedlands-v2-acceptance-8ae9e354/apps/web/tests/e2e/classic-support/mouse-input.ts:36",
    "error": null
  },
  {
    "stepId": "pw:api@9161",
    "browserCallId": "call@17405",
    "startTime": 419603.621,
    "endTime": 419609.24,
    "title": "Is visible getByRole('button', { name: '继续游戏', exact: true })",
    "params": {
      "selector": "internal:role=button[name=\"继续游戏\"s]",
      "strict": "true"
    },
    "source": "/private/tmp/seedlands-v2-acceptance-8ae9e354/apps/web/tests/e2e/classic-support/mouse-input.ts:38",
    "error": null
  },
  {
    "stepId": "pw:api@9162",
    "startTime": 419610.16,
    "endTime": 419646.381,
    "title": "Click getByRole('button', { name: '继续游戏', exact: true })",
    "params": {
      "selector": "internal:role=button[name=\"继续游戏\"s]",
      "strict": "true"
    },
    "source": "/private/tmp/seedlands-v2-acceptance-8ae9e354/apps/web/tests/e2e/classic-support/mouse-input.ts:38",
    "error": null
  },
  {
    "stepId": "pw:api@9163",
    "browserCallId": "call@17409",
    "startTime": 419647.143,
    "endTime": 419649.582,
    "title": "Is visible locator('#debug')",
    "params": {
      "selector": "#debug",
      "strict": "true"
    },
    "source": "/private/tmp/seedlands-v2-acceptance-8ae9e354/apps/web/tests/e2e/classic-support/mouse-input.ts:7",
    "error": null
  },
  {
    "stepId": "pw:api@9164",
    "browserCallId": "call@17411",
    "startTime": 419650.177,
    "endTime": 419653.437,
    "title": "Bounding box locator('#game')",
    "params": {
      "selector": "#game",
      "strict": "true",
      "state": "attached"
    },
    "source": "/private/tmp/seedlands-v2-acceptance-8ae9e354/apps/web/tests/e2e/classic-support/mouse-input.ts:9",
    "error": null
  },
  {
    "stepId": "pw:api@9165",
    "startTime": 419654.074,
    "endTime": 419749.997,
    "title": "Click locator('#game')",
    "params": {
      "selector": "#game",
      "strict": "true",
      "position": "Object"
    },
    "source": "/private/tmp/seedlands-v2-acceptance-8ae9e354/apps/web/tests/e2e/classic-support/mouse-input.ts:11",
    "error": null
  },
  {
    "stepId": "pw:api@9166",
    "browserCallId": "call@17417",
    "startTime": 419750.497,
    "endTime": 419752.2,
    "title": "Wait for function",
    "params": {
      "pollingInterval": "undefined",
      "expression": "() => {\n    var _document$pointerLock;\n    return ((_document$pointerLock = document.pointerLockElement) === null || _document$pointerLock === void 0 ? void 0 : _document$pointerLock.id) === 'game';\n  }",
      "isFunction": "true",
      "arg": "Object"
    },
    "source": "/private/tmp/seedlands-v2-acceptance-8ae9e354/apps/web/tests/e2e/classic-support/mouse-input.ts:12",
    "error": null
  },
  {
    "stepId": "pw:api@9167",
    "startTime": 419752.603,
    "endTime": 419794.479,
    "title": "Mouse move",
    "params": {
      "x": "400",
      "y": "270"
    },
    "source": "/private/tmp/seedlands-v2-acceptance-8ae9e354/apps/web/tests/e2e/classic-support/mouse-input.ts:43",
    "error": null
  },
  {
    "stepId": "pw:api@9168",
    "browserCallId": "call@17421",
    "startTime": 419794.94,
    "endTime": 419826.984,
    "title": "Evaluate",
    "params": {
      "expression": "() => new Promise(resolve => requestAnimationFrame(() => requestAnimationFrame(() => resolve())))",
      "isFunction": "true",
      "arg": "Object"
    },
    "source": "/private/tmp/seedlands-v2-acceptance-8ae9e354/apps/web/tests/e2e/classic-support/mouse-input.ts:45",
    "error": null
  },
  {
    "stepId": "pw:api@9169",
    "browserCallId": "call@17423",
    "startTime": 419827.466,
    "endTime": 419842.126,
    "title": "Evaluate",
    "params": {
      "expression": "() => {\n  var _seedlandsHarness$sn, _seedlandsHarness;\n  return (_seedlandsHarness$sn = (_seedlandsHarness = window.__seedlandsHarness) === null || _seedlandsHarness === void 0 ? void 0 : _seedlandsHarness.snapshot()) !== null && _seedlandsHarness$sn !== void 0 ? _seedlandsHarness$sn : null;\n}",
      "isFunction": "true",
      "arg": "Object"
    },
    "source": "/private/tmp/seedlands-v2-acceptance-8ae9e354/apps/web/tests/e2e/classic-support/harness.ts:102",
    "snapshot": {
      "player": [
        78.51006317138672,
        32.599998474121094,
        0.4001472592353821
      ],
      "server": [
        78.51006068337871,
        32.6,
        0.4001472625517243
      ],
      "view": [
        -451.1400000000001,
        -20.03000000000001
      ],
      "onGround": true,
      "colliding": false,
      "tick": 20823,
      "ack": 14145,
      "interactions": 32,
      "worldRevision": 160,
      "inventoryOps": 39,
      "worldItems": 0
    },
    "error": null
  },
  {
    "stepId": "pw:api@9170",
    "browserCallId": "call@17425",
    "startTime": 419843.406,
    "endTime": 419846.129,
    "title": "Bounding box locator('#game')",
    "params": {
      "selector": "#game",
      "strict": "true",
      "state": "attached"
    },
    "source": "/private/tmp/seedlands-v2-acceptance-8ae9e354/apps/web/tests/e2e/classic-support/mouse-input.ts:24",
    "error": null
  },
  {
    "stepId": "pw:api@9171",
    "startTime": 419846.468,
    "endTime": 419856.121,
    "title": "Mouse move",
    "params": {
      "x": "320",
      "y": "270"
    },
    "source": "/private/tmp/seedlands-v2-acceptance-8ae9e354/apps/web/tests/e2e/classic-support/mouse-input.ts:43",
    "error": null
  },
  {
    "stepId": "pw:api@9172",
    "browserCallId": "call@17431",
    "startTime": 419856.601,
    "endTime": 419889.516,
    "title": "Evaluate",
    "params": {
      "expression": "() => new Promise(resolve => requestAnimationFrame(() => requestAnimationFrame(() => resolve())))",
      "isFunction": "true",
      "arg": "Object"
    },
    "source": "/private/tmp/seedlands-v2-acceptance-8ae9e354/apps/web/tests/e2e/classic-support/mouse-input.ts:45",
    "error": null
  },
  {
    "stepId": "pw:api@9173",
    "browserCallId": "call@17433",
    "startTime": 419890.047,
    "endTime": 419904.337,
    "title": "Evaluate",
    "params": {
      "expression": "() => {\n  var _seedlandsHarness$sn, _seedlandsHarness;\n  return (_seedlandsHarness$sn = (_seedlandsHarness = window.__seedlandsHarness) === null || _seedlandsHarness === void 0 ? void 0 : _seedlandsHarness.snapshot()) !== null && _seedlandsHarness$sn !== void 0 ? _seedlandsHarness$sn : null;\n}",
      "isFunction": "true",
      "arg": "Object"
    },
    "source": "/private/tmp/seedlands-v2-acceptance-8ae9e354/apps/web/tests/e2e/classic-support/harness.ts:102",
    "snapshot": {
      "player": [
        78.51006317138672,
        32.599998474121094,
        0.4001472592353821
      ],
      "server": [
        78.51006068337871,
        32.6,
        0.4001472625517243
      ],
      "view": [
        -440.7400000000001,
        -20.03000000000001
      ],
      "onGround": true,
      "colliding": false,
      "tick": 20826,
      "ack": 14148,
      "interactions": 32,
      "worldRevision": 160,
      "inventoryOps": 39,
      "worldItems": 0
    },
    "error": null
  },
  {
    "stepId": "pw:api@9174",
    "browserCallId": "call@17435",
    "startTime": 419905.672,
    "endTime": 419915.153,
    "title": "Bounding box locator('#game')",
    "params": {
      "selector": "#game",
      "strict": "true",
      "state": "attached"
    },
    "source": "/private/tmp/seedlands-v2-acceptance-8ae9e354/apps/web/tests/e2e/classic-support/mouse-input.ts:24",
    "error": null
  },
  {
    "stepId": "pw:api@9175",
    "startTime": 419915.521,
    "endTime": 419922.017,
    "title": "Mouse move",
    "params": {
      "x": "240",
      "y": "270"
    },
    "source": "/private/tmp/seedlands-v2-acceptance-8ae9e354/apps/web/tests/e2e/classic-support/mouse-input.ts:43",
    "error": null
  },
  {
    "stepId": "pw:api@9176",
    "browserCallId": "call@17441",
    "startTime": 419922.487,
    "endTime": 419954.953,
    "title": "Evaluate",
    "params": {
      "expression": "() => new Promise(resolve => requestAnimationFrame(() => requestAnimationFrame(() => resolve())))",
      "isFunction": "true",
      "arg": "Object"
    },
    "source": "/private/tmp/seedlands-v2-acceptance-8ae9e354/apps/web/tests/e2e/classic-support/mouse-input.ts:45",
    "error": null
  },
  {
    "stepId": "pw:api@9177",
    "browserCallId": "call@17443",
    "startTime": 419955.401,
    "endTime": 419968.363,
    "title": "Evaluate",
    "params": {
      "expression": "() => {\n  var _seedlandsHarness$sn, _seedlandsHarness;\n  return (_seedlandsHarness$sn = (_seedlandsHarness = window.__seedlandsHarness) === null || _seedlandsHarness === void 0 ? void 0 : _seedlandsHarness.snapshot()) !== null && _seedlandsHarness$sn !== void 0 ? _seedlandsHarness$sn : null;\n}",
      "isFunction": "true",
      "arg": "Object"
    },
    "source": "/private/tmp/seedlands-v2-acceptance-8ae9e354/apps/web/tests/e2e/classic-support/harness.ts:102",
    "snapshot": {
      "player": [
        78.51006317138672,
        32.599998474121094,
        0.4001472592353821
      ],
      "server": [
        78.51006068337871,
        32.6,
        0.4001472625517243
      ],
      "view": [
        -430.34000000000015,
        -20.03000000000001
      ],
      "onGround": true,
      "colliding": false,
      "tick": 20830,
      "ack": 14152,
      "interactions": 32,
      "worldRevision": 160,
      "inventoryOps": 39,
      "worldItems": 0
    },
    "error": null
  },
  {
    "stepId": "pw:api@9178",
    "browserCallId": "call@17445",
    "startTime": 419970.049,
    "endTime": 419974.078,
    "title": "Bounding box locator('#game')",
    "params": {
      "selector": "#game",
      "strict": "true",
      "state": "attached"
    },
    "source": "/private/tmp/seedlands-v2-acceptance-8ae9e354/apps/web/tests/e2e/classic-support/mouse-input.ts:24",
    "error": null
  },
  {
    "stepId": "pw:api@9179",
    "startTime": 419974.459,
    "endTime": 419989.335,
    "title": "Mouse move",
    "params": {
      "x": "160",
      "y": "270"
    },
    "source": "/private/tmp/seedlands-v2-acceptance-8ae9e354/apps/web/tests/e2e/classic-support/mouse-input.ts:43",
    "error": null
  },
  {
    "stepId": "pw:api@9180",
    "browserCallId": "call@17451",
    "startTime": 419989.889,
    "endTime": 420022.694,
    "title": "Evaluate",
    "params": {
      "expression": "() => new Promise(resolve => requestAnimationFrame(() => requestAnimationFrame(() => resolve())))",
      "isFunction": "true",
      "arg": "Object"
    },
    "source": "/private/tmp/seedlands-v2-acceptance-8ae9e354/apps/web/tests/e2e/classic-support/mouse-input.ts:45",
    "error": null
  },
  {
    "stepId": "pw:api@9181",
    "browserCallId": "call@17453",
    "startTime": 420023.177,
    "endTime": 420036.109,
    "title": "Evaluate",
    "params": {
      "expression": "() => {\n  var _seedlandsHarness$sn, _seedlandsHarness;\n  return (_seedlandsHarness$sn = (_seedlandsHarness = window.__seedlandsHarness) === null || _seedlandsHarness === void 0 ? void 0 : _seedlandsHarness.snapshot()) !== null && _seedlandsHarness$sn !== void 0 ? _seedlandsHarness$sn : null;\n}",
      "isFunction": "true",
      "arg": "Object"
    },
    "source": "/private/tmp/seedlands-v2-acceptance-8ae9e354/apps/web/tests/e2e/classic-support/harness.ts:102",
    "snapshot": {
      "player": [
        78.51006317138672,
        32.599998474121094,
        0.4001472592353821
      ],
      "server": [
        78.51006068337871,
        32.6,
        0.4001472625517243
      ],
      "view": [
        -419.94000000000017,
        -20.03000000000001
      ],
      "onGround": true,
      "colliding": false,
      "tick": 20834,
      "ack": 14156,
      "interactions": 32,
      "worldRevision": 160,
      "inventoryOps": 39,
      "worldItems": 0
    },
    "error": null
  },
  {
    "stepId": "pw:api@9182",
    "browserCallId": "call@17455",
    "startTime": 420037.263,
    "endTime": 420041.512,
    "title": "Bounding box locator('#game')",
    "params": {
      "selector": "#game",
      "strict": "true",
      "state": "attached"
    },
    "source": "/private/tmp/seedlands-v2-acceptance-8ae9e354/apps/web/tests/e2e/classic-support/mouse-input.ts:24",
    "error": null
  },
  {
    "stepId": "pw:api@9183",
    "startTime": 420041.891,
    "endTime": 420056.11,
    "title": "Mouse move",
    "params": {
      "x": "80",
      "y": "270"
    },
    "source": "/private/tmp/seedlands-v2-acceptance-8ae9e354/apps/web/tests/e2e/classic-support/mouse-input.ts:43",
    "error": null
  },
  {
    "stepId": "pw:api@9184",
    "browserCallId": "call@17461",
    "startTime": 420056.564,
    "endTime": 420088.722,
    "title": "Evaluate",
    "params": {
      "expression": "() => new Promise(resolve => requestAnimationFrame(() => requestAnimationFrame(() => resolve())))",
      "isFunction": "true",
      "arg": "Object"
    },
    "source": "/private/tmp/seedlands-v2-acceptance-8ae9e354/apps/web/tests/e2e/classic-support/mouse-input.ts:45",
    "error": null
  },
  {
    "stepId": "pw:api@9185",
    "browserCallId": "call@17463",
    "startTime": 420089.16,
    "endTime": 420102.982,
    "title": "Evaluate",
    "params": {
      "expression": "() => {\n  var _seedlandsHarness$sn, _seedlandsHarness;\n  return (_seedlandsHarness$sn = (_seedlandsHarness = window.__seedlandsHarness) === null || _seedlandsHarness === void 0 ? void 0 : _seedlandsHarness.snapshot()) !== null && _seedlandsHarness$sn !== void 0 ? _seedlandsHarness$sn : null;\n}",
      "isFunction": "true",
      "arg": "Object"
    },
    "source": "/private/tmp/seedlands-v2-acceptance-8ae9e354/apps/web/tests/e2e/classic-support/harness.ts:102",
    "snapshot": {
      "player": [
        78.51006317138672,
        32.599998474121094,
        0.4001472592353821
      ],
      "server": [
        78.51006068337871,
        32.6,
        0.4001472625517243
      ],
      "view": [
        -409.5400000000002,
        -20.03000000000001
      ],
      "onGround": true,
      "colliding": false,
      "tick": 20838,
      "ack": 14159,
      "interactions": 32,
      "worldRevision": 160,
      "inventoryOps": 39,
      "worldItems": 0
    },
    "error": null
  },
  {
    "stepId": "pw:api@9186",
    "browserCallId": "call@17465",
    "startTime": 420104.332,
    "endTime": 420107.726,
    "title": "Bounding box locator('#game')",
    "params": {
      "selector": "#game",
      "strict": "true",
      "state": "attached"
    },
    "source": "/private/tmp/seedlands-v2-acceptance-8ae9e354/apps/web/tests/e2e/classic-support/mouse-input.ts:24",
    "error": null
  },
  {
    "stepId": "pw:api@9187",
    "browserCallId": "call@17469",
    "startTime": 420108.118,
    "endTime": 420111.098,
    "title": "Evaluate",
    "params": {
      "expression": "() => document.exitPointerLock()",
      "isFunction": "true",
      "arg": "Object"
    },
    "source": "/private/tmp/seedlands-v2-acceptance-8ae9e354/apps/web/tests/e2e/classic-support/mouse-input.ts:33",
    "error": null
  },
  {
    "stepId": "pw:api@9188",
    "browserCallId": "call@17471",
    "startTime": 420111.501,
    "endTime": 420112.979,
    "title": "Wait for function",
    "params": {
      "pollingInterval": "undefined",
      "expression": "() => document.pointerLockElement === null",
      "isFunction": "true",
      "arg": "Object"
    },
    "source": "/private/tmp/seedlands-v2-acceptance-8ae9e354/apps/web/tests/e2e/classic-support/mouse-input.ts:34",
    "error": null
  },
  {
    "stepId": "pw:api@9189",
    "startTime": 420113.314,
    "endTime": 421616.999,
    "title": "Wait for timeout",
    "params": {
      "waitTimeout": "1500"
    },
    "source": "/private/tmp/seedlands-v2-acceptance-8ae9e354/apps/web/tests/e2e/classic-support/mouse-input.ts:36",
    "error": null
  },
  {
    "stepId": "pw:api@9190",
    "browserCallId": "call@17475",
    "startTime": 421617.919,
    "endTime": 421625.17,
    "title": "Is visible getByRole('button', { name: '继续游戏', exact: true })",
    "params": {
      "selector": "internal:role=button[name=\"继续游戏\"s]",
      "strict": "true"
    },
    "source": "/private/tmp/seedlands-v2-acceptance-8ae9e354/apps/web/tests/e2e/classic-support/mouse-input.ts:38",
    "error": null
  },
  {
    "stepId": "pw:api@9191",
    "startTime": 421626.838,
    "endTime": 421679.656,
    "title": "Click getByRole('button', { name: '继续游戏', exact: true })",
    "params": {
      "selector": "internal:role=button[name=\"继续游戏\"s]",
      "strict": "true"
    },
    "source": "/private/tmp/seedlands-v2-acceptance-8ae9e354/apps/web/tests/e2e/classic-support/mouse-input.ts:38",
    "error": null
  },
  {
    "stepId": "pw:api@9192",
    "browserCallId": "call@17479",
    "startTime": 421680.46,
    "endTime": 421682.932,
    "title": "Is visible locator('#debug')",
    "params": {
      "selector": "#debug",
      "strict": "true"
    },
    "source": "/private/tmp/seedlands-v2-acceptance-8ae9e354/apps/web/tests/e2e/classic-support/mouse-input.ts:7",
    "error": null
  },
  {
    "stepId": "pw:api@9193",
    "browserCallId": "call@17481",
    "startTime": 421683.502,
    "endTime": 421686.297,
    "title": "Bounding box locator('#game')",
    "params": {
      "selector": "#game",
      "strict": "true",
      "state": "attached"
    },
    "source": "/private/tmp/seedlands-v2-acceptance-8ae9e354/apps/web/tests/e2e/classic-support/mouse-input.ts:9",
    "error": null
  },
  {
    "stepId": "pw:api@9194",
    "startTime": 421686.787,
    "endTime": 421790.919,
    "title": "Click locator('#game')",
    "params": {
      "selector": "#game",
      "strict": "true",
      "position": "Object"
    },
    "source": "/private/tmp/seedlands-v2-acceptance-8ae9e354/apps/web/tests/e2e/classic-support/mouse-input.ts:11",
    "error": null
  },
  {
    "stepId": "pw:api@9195",
    "browserCallId": "call@17487",
    "startTime": 421791.73,
    "endTime": 421834.99,
    "title": "Wait for function",
    "params": {
      "pollingInterval": "undefined",
      "expression": "() => {\n    var _document$pointerLock;\n    return ((_document$pointerLock = document.pointerLockElement) === null || _document$pointerLock === void 0 ? void 0 : _document$pointerLock.id) === 'game';\n  }",
      "isFunction": "true",
      "arg": "Object"
    },
    "source": "/private/tmp/seedlands-v2-acceptance-8ae9e354/apps/web/tests/e2e/classic-support/mouse-input.ts:12",
    "error": null
  },
  {
    "stepId": "pw:api@9196",
    "startTime": 421836.079,
    "endTime": 421857.806,
    "title": "Mouse move",
    "params": {
      "x": "400",
      "y": "270"
    },
    "source": "/private/tmp/seedlands-v2-acceptance-8ae9e354/apps/web/tests/e2e/classic-support/mouse-input.ts:43",
    "error": null
  },
  {
    "stepId": "pw:api@9197",
    "browserCallId": "call@17491",
    "startTime": 421858.498,
    "endTime": 421889.026,
    "title": "Evaluate",
    "params": {
      "expression": "() => new Promise(resolve => requestAnimationFrame(() => requestAnimationFrame(() => resolve())))",
      "isFunction": "true",
      "arg": "Object"
    },
    "source": "/private/tmp/seedlands-v2-acceptance-8ae9e354/apps/web/tests/e2e/classic-support/mouse-input.ts:45",
    "error": null
  },
  {
    "stepId": "pw:api@9198",
    "browserCallId": "call@17493",
    "startTime": 421889.531,
    "endTime": 421904.748,
    "title": "Evaluate",
    "params": {
      "expression": "() => {\n  var _seedlandsHarness$sn, _seedlandsHarness;\n  return (_seedlandsHarness$sn = (_seedlandsHarness = window.__seedlandsHarness) === null || _seedlandsHarness === void 0 ? void 0 : _seedlandsHarness.snapshot()) !== null && _seedlandsHarness$sn !== void 0 ? _seedlandsHarness$sn : null;\n}",
      "isFunction": "true",
      "arg": "Object"
    },
    "source": "/private/tmp/seedlands-v2-acceptance-8ae9e354/apps/web/tests/e2e/classic-support/harness.ts:102",
    "snapshot": {
      "player": [
        78.51006317138672,
        32.599998474121094,
        0.4001472592353821
      ],
      "server": [
        78.51006068337871,
        32.6,
        0.4001472625517243
      ],
      "view": [
        -399.1400000000002,
        -20.03000000000001
      ],
      "onGround": true,
      "colliding": false,
      "tick": 20852,
      "ack": 14176,
      "interactions": 32,
      "worldRevision": 160,
      "inventoryOps": 39,
      "worldItems": 0
    },
    "error": null
  },
  {
    "stepId": "pw:api@9199",
    "browserCallId": "call@17495",
    "startTime": 421906.343,
    "endTime": 421909.868,
    "title": "Bounding box locator('#game')",
    "params": {
      "selector": "#game",
      "strict": "true",
      "state": "attached"
    },
    "source": "/private/tmp/seedlands-v2-acceptance-8ae9e354/apps/web/tests/e2e/classic-support/mouse-input.ts:24",
    "error": null
  },
  {
    "stepId": "pw:api@9200",
    "startTime": 421910.319,
    "endTime": 421923.199,
    "title": "Mouse move",
    "params": {
      "x": "320",
      "y": "270"
    },
    "source": "/private/tmp/seedlands-v2-acceptance-8ae9e354/apps/web/tests/e2e/classic-support/mouse-input.ts:43",
    "error": null
  },
  {
    "stepId": "pw:api@9201",
    "browserCallId": "call@17501",
    "startTime": 421923.746,
    "endTime": 421957.073,
    "title": "Evaluate",
    "params": {
      "expression": "() => new Promise(resolve => requestAnimationFrame(() => requestAnimationFrame(() => resolve())))",
      "isFunction": "true",
      "arg": "Object"
    },
    "source": "/private/tmp/seedlands-v2-acceptance-8ae9e354/apps/web/tests/e2e/classic-support/mouse-input.ts:45",
    "error": null
  },
  {
    "stepId": "pw:api@9202",
    "browserCallId": "call@17503",
    "startTime": 421957.529,
    "endTime": 421970.525,
    "title": "Evaluate",
    "params": {
      "expression": "() => {\n  var _seedlandsHarness$sn, _seedlandsHarness;\n  return (_seedlandsHarness$sn = (_seedlandsHarness = window.__seedlandsHarness) === null || _seedlandsHarness === void 0 ? void 0 : _seedlandsHarness.snapshot()) !== null && _seedlandsHarness$sn !== void 0 ? _seedlandsHarness$sn : null;\n}",
      "isFunction": "true",
      "arg": "Object"
    },
    "source": "/private/tmp/seedlands-v2-acceptance-8ae9e354/apps/web/tests/e2e/classic-support/harness.ts:102",
    "snapshot": {
      "player": [
        78.51006317138672,
        32.599998474121094,
        0.4001472592353821
      ],
      "server": [
        78.51006068337871,
        32.6,
        0.4001472625517243
      ],
      "view": [
        -388.74000000000024,
        -20.03000000000001
      ],
      "onGround": true,
      "colliding": false,
      "tick": 20857,
      "ack": 14180,
      "interactions": 32,
      "worldRevision": 160,
      "inventoryOps": 39,
      "worldItems": 0
    },
    "error": null
  },
  {
    "stepId": "pw:api@9203",
    "browserCallId": "call@17505",
    "startTime": 421971.916,
    "endTime": 421975.167,
    "title": "Bounding box locator('#game')",
    "params": {
      "selector": "#game",
      "strict": "true",
      "state": "attached"
    },
    "source": "/private/tmp/seedlands-v2-acceptance-8ae9e354/apps/web/tests/e2e/classic-support/mouse-input.ts:24",
    "error": null
  },
  {
    "stepId": "pw:api@9204",
    "startTime": 421975.526,
    "endTime": 421987.685,
    "title": "Mouse move",
    "params": {
      "x": "240",
      "y": "270"
    },
    "source": "/private/tmp/seedlands-v2-acceptance-8ae9e354/apps/web/tests/e2e/classic-support/mouse-input.ts:43",
    "error": null
  },
  {
    "stepId": "pw:api@9205",
    "browserCallId": "call@17511",
    "startTime": 421988.185,
    "endTime": 422021.445,
    "title": "Evaluate",
    "params": {
      "expression": "() => new Promise(resolve => requestAnimationFrame(() => requestAnimationFrame(() => resolve())))",
      "isFunction": "true",
      "arg": "Object"
    },
    "source": "/private/tmp/seedlands-v2-acceptance-8ae9e354/apps/web/tests/e2e/classic-support/mouse-input.ts:45",
    "error": null
  },
  {
    "stepId": "pw:api@9206",
    "browserCallId": "call@17513",
    "startTime": 422022.179,
    "endTime": 422035.303,
    "title": "Evaluate",
    "params": {
      "expression": "() => {\n  var _seedlandsHarness$sn, _seedlandsHarness;\n  return (_seedlandsHarness$sn = (_seedlandsHarness = window.__seedlandsHarness) === null || _seedlandsHarness === void 0 ? void 0 : _seedlandsHarness.snapshot()) !== null && _seedlandsHarness$sn !== void 0 ? _seedlandsHarness$sn : null;\n}",
      "isFunction": "true",
      "arg": "Object"
    },
    "source": "/private/tmp/seedlands-v2-acceptance-8ae9e354/apps/web/tests/e2e/classic-support/harness.ts:102",
    "snapshot": {
      "player": [
        78.51006317138672,
        32.599998474121094,
        0.4001472592353821
      ],
      "server": [
        78.51006068337871,
        32.6,
        0.4001472625517243
      ],
      "view": [
        -378.34000000000026,
        -20.03000000000001
      ],
      "onGround": true,
      "colliding": false,
      "tick": 20860,
      "ack": 14183,
      "interactions": 32,
      "worldRevision": 160,
      "inventoryOps": 39,
      "worldItems": 0
    },
    "error": null
  },
  {
    "stepId": "pw:api@9207",
    "browserCallId": "call@17515",
    "startTime": 422036.293,
    "endTime": 422041.289,
    "title": "Bounding box locator('#game')",
    "params": {
      "selector": "#game",
      "strict": "true",
      "state": "attached"
    },
    "source": "/private/tmp/seedlands-v2-acceptance-8ae9e354/apps/web/tests/e2e/classic-support/mouse-input.ts:24",
    "error": null
  },
  {
    "stepId": "pw:api@9208",
    "startTime": 422041.667,
    "endTime": 422056.087,
    "title": "Mouse move",
    "params": {
      "x": "160",
      "y": "270"
    },
    "source": "/private/tmp/seedlands-v2-acceptance-8ae9e354/apps/web/tests/e2e/classic-support/mouse-input.ts:43",
    "error": null
  },
  {
    "stepId": "pw:api@9209",
    "browserCallId": "call@17521",
    "startTime": 422056.555,
    "endTime": 422090.079,
    "title": "Evaluate",
    "params": {
      "expression": "() => new Promise(resolve => requestAnimationFrame(() => requestAnimationFrame(() => resolve())))",
      "isFunction": "true",
      "arg": "Object"
    },
    "source": "/private/tmp/seedlands-v2-acceptance-8ae9e354/apps/web/tests/e2e/classic-support/mouse-input.ts:45",
    "error": null
  },
  {
    "stepId": "pw:api@9210",
    "browserCallId": "call@17523",
    "startTime": 422090.496,
    "endTime": 422103.147,
    "title": "Evaluate",
    "params": {
      "expression": "() => {\n  var _seedlandsHarness$sn, _seedlandsHarness;\n  return (_seedlandsHarness$sn = (_seedlandsHarness = window.__seedlandsHarness) === null || _seedlandsHarness === void 0 ? void 0 : _seedlandsHarness.snapshot()) !== null && _seedlandsHarness$sn !== void 0 ? _seedlandsHarness$sn : null;\n}",
      "isFunction": "true",
      "arg": "Object"
    },
    "source": "/private/tmp/seedlands-v2-acceptance-8ae9e354/apps/web/tests/e2e/classic-support/harness.ts:102",
    "snapshot": {
      "player": [
        78.51006317138672,
        32.599998474121094,
        0.4001472592353821
      ],
      "server": [
        78.51006068337871,
        32.6,
        0.4001472625517243
      ],
      "view": [
        -367.9400000000003,
        -20.03000000000001
      ],
      "onGround": true,
      "colliding": false,
      "tick": 20865,
      "ack": 14188,
      "interactions": 32,
      "worldRevision": 160,
      "inventoryOps": 39,
      "worldItems": 0
    },
    "error": null
  },
  {
    "stepId": "pw:api@9211",
    "browserCallId": "call@17525",
    "startTime": 422104.37,
    "endTime": 422108.141,
    "title": "Bounding box locator('#game')",
    "params": {
      "selector": "#game",
      "strict": "true",
      "state": "attached"
    },
    "source": "/private/tmp/seedlands-v2-acceptance-8ae9e354/apps/web/tests/e2e/classic-support/mouse-input.ts:24",
    "error": null
  },
  {
    "stepId": "pw:api@9212",
    "startTime": 422108.537,
    "endTime": 422122.823,
    "title": "Mouse move",
    "params": {
      "x": "143.19111424543385",
      "y": "270"
    },
    "source": "/private/tmp/seedlands-v2-acceptance-8ae9e354/apps/web/tests/e2e/classic-support/mouse-input.ts:43",
    "error": null
  },
  {
    "stepId": "pw:api@9213",
    "browserCallId": "call@17531",
    "startTime": 422123.325,
    "endTime": 422154.259,
    "title": "Evaluate",
    "params": {
      "expression": "() => new Promise(resolve => requestAnimationFrame(() => requestAnimationFrame(() => resolve())))",
      "isFunction": "true",
      "arg": "Object"
    },
    "source": "/private/tmp/seedlands-v2-acceptance-8ae9e354/apps/web/tests/e2e/classic-support/mouse-input.ts:45",
    "error": null
  },
  {
    "stepId": "pw:api@9214",
    "browserCallId": "call@17533",
    "startTime": 422154.761,
    "endTime": 422167.55,
    "title": "Evaluate",
    "params": {
      "expression": "() => {\n  var _seedlandsHarness$sn, _seedlandsHarness;\n  return (_seedlandsHarness$sn = (_seedlandsHarness = window.__seedlandsHarness) === null || _seedlandsHarness === void 0 ? void 0 : _seedlandsHarness.snapshot()) !== null && _seedlandsHarness$sn !== void 0 ? _seedlandsHarness$sn : null;\n}",
      "isFunction": "true",
      "arg": "Object"
    },
    "source": "/private/tmp/seedlands-v2-acceptance-8ae9e354/apps/web/tests/e2e/classic-support/harness.ts:102",
    "snapshot": {
      "player": [
        78.51006317138672,
        32.599998474121094,
        0.4001472592353821
      ],
      "server": [
        78.51006068337871,
        32.6,
        0.4001472625517243
      ],
      "view": [
        -365.7300000000003,
        -20.03000000000001
      ],
      "onGround": true,
      "colliding": false,
      "tick": 20868,
      "ack": 14191,
      "interactions": 32,
      "worldRevision": 160,
      "inventoryOps": 39,
      "worldItems": 0
    },
    "error": null
  },
  {
    "stepId": "pw:api@9215",
    "browserCallId": "call@17535",
    "startTime": 422168.348,
    "endTime": 422182.483,
    "title": "Evaluate",
    "params": {
      "expression": "() => {\n  var _seedlandsHarness$sn, _seedlandsHarness;\n  return (_seedlandsHarness$sn = (_seedlandsHarness = window.__seedlandsHarness) === null || _seedlandsHarness === void 0 ? void 0 : _seedlandsHarness.snapshot()) !== null && _seedlandsHarness$sn !== void 0 ? _seedlandsHarness$sn : null;\n}",
      "isFunction": "true",
      "arg": "Object"
    },
    "source": "/private/tmp/seedlands-v2-acceptance-8ae9e354/apps/web/tests/e2e/classic-support/harness.ts:102",
    "snapshot": {
      "player": [
        78.51006317138672,
        32.599998474121094,
        0.4001472592353821
      ],
      "server": [
        78.51006068337871,
        32.6,
        0.4001472625517243
      ],
      "view": [
        -365.7300000000003,
        -20.03000000000001
      ],
      "onGround": true,
      "colliding": false,
      "tick": 20869,
      "ack": 14192,
      "interactions": 32,
      "worldRevision": 160,
      "inventoryOps": 39,
      "worldItems": 0
    },
    "error": null
  },
  {
    "stepId": "pw:api@9216",
    "startTime": 422183.307,
    "endTime": 422184.898,
    "title": "Key down \"KeyS\"",
    "params": {
      "key": "KeyS"
    },
    "source": "/private/tmp/seedlands-v2-acceptance-8ae9e354/apps/web/tests/e2e/classic-support/harness.ts:248",
    "error": null
  },
  {
    "stepId": "pw:api@9217",
    "startTime": 422265.806,
    "endTime": 422267.694,
    "title": "Key up \"KeyS\"",
    "params": {
      "key": "KeyS"
    },
    "source": "/private/tmp/seedlands-v2-acceptance-8ae9e354/apps/web/tests/e2e/classic-support/harness.ts:254",
    "error": null
  },
  {
    "stepId": "pw:api@9219",
    "browserCallId": "call@17541",
    "startTime": 422268.4,
    "endTime": 422283.125,
    "title": "Evaluate",
    "params": {
      "expression": "() => {\n  var _seedlandsHarness$sn, _seedlandsHarness;\n  return (_seedlandsHarness$sn = (_seedlandsHarness = window.__seedlandsHarness) === null || _seedlandsHarness === void 0 ? void 0 : _seedlandsHarness.snapshot()) !== null && _seedlandsHarness$sn !== void 0 ? _seedlandsHarness$sn : null;\n}",
      "isFunction": "true",
      "arg": "Object"
    },
    "source": "/private/tmp/seedlands-v2-acceptance-8ae9e354/apps/web/tests/e2e/classic-support/harness.ts:102",
    "snapshot": {
      "player": [
        78.48011016845703,
        32.599998474121094,
        0.6084805727005005
      ],
      "server": [
        78.49508457077157,
        32.6,
        0.44181392921839097
      ],
      "view": [
        -365.7300000000003,
        -20.03000000000001
      ],
      "onGround": true,
      "colliding": false,
      "tick": 20875,
      "ack": 14198,
      "interactions": 32,
      "worldRevision": 160,
      "inventoryOps": 39,
      "worldItems": 0
    },
    "error": null
  },
  {
    "stepId": "pw:api@9221",
    "browserCallId": "call@17543",
    "startTime": 422284.405,
    "endTime": 422300.03,
    "title": "Evaluate",
    "params": {
      "expression": "() => {\n  var _seedlandsHarness$sn, _seedlandsHarness;\n  return (_seedlandsHarness$sn = (_seedlandsHarness = window.__seedlandsHarness) === null || _seedlandsHarness === void 0 ? void 0 : _seedlandsHarness.snapshot()) !== null && _seedlandsHarness$sn !== void 0 ? _seedlandsHarness$sn : null;\n}",
      "isFunction": "true",
      "arg": "Object"
    },
    "source": "/private/tmp/seedlands-v2-acceptance-8ae9e354/apps/web/tests/e2e/classic-support/harness.ts:102",
    "snapshot": {
      "player": [
        78.48011016845703,
        32.599998474121094,
        0.6223694682121277
      ],
      "server": [
        78.487596514468,
        32.6,
        0.48348059588505765
      ],
      "view": [
        -365.7300000000003,
        -20.03000000000001
      ],
      "onGround": true,
      "colliding": false,
      "tick": 20876,
      "ack": 14199,
      "interactions": 32,
      "worldRevision": 160,
      "inventoryOps": 39,
      "worldItems": 0
    },
    "error": null
  },
  {
    "stepId": "pw:api@9222",
    "browserCallId": "call@17545",
    "startTime": 422300.897,
    "endTime": 422305.297,
    "title": "Bounding box locator('#game')",
    "params": {
      "selector": "#game",
      "strict": "true",
      "state": "attached"
    },
    "source": "/private/tmp/seedlands-v2-acceptance-8ae9e354/apps/web/tests/e2e/classic-support/mouse-input.ts:24",
    "error": null
  },
  {
    "stepId": "pw:api@9223",
    "browserCallId": "call@17549",
    "startTime": 422305.701,
    "endTime": 422308.914,
    "title": "Evaluate",
    "params": {
      "expression": "() => document.exitPointerLock()",
      "isFunction": "true",
      "arg": "Object"
    },
    "source": "/private/tmp/seedlands-v2-acceptance-8ae9e354/apps/web/tests/e2e/classic-support/mouse-input.ts:33",
    "error": null
  },
  {
    "stepId": "pw:api@9224",
    "browserCallId": "call@17551",
    "startTime": 422309.294,
    "endTime": 422310.767,
    "title": "Wait for function",
    "params": {
      "pollingInterval": "undefined",
      "expression": "() => document.pointerLockElement === null",
      "isFunction": "true",
      "arg": "Object"
    },
    "source": "/private/tmp/seedlands-v2-acceptance-8ae9e354/apps/web/tests/e2e/classic-support/mouse-input.ts:34",
    "error": null
  },
  {
    "stepId": "pw:api@9225",
    "startTime": 422311.139,
    "endTime": 423815.299,
    "title": "Wait for timeout",
    "params": {
      "waitTimeout": "1500"
    },
    "source": "/private/tmp/seedlands-v2-acceptance-8ae9e354/apps/web/tests/e2e/classic-support/mouse-input.ts:36",
    "error": null
  },
  {
    "stepId": "pw:api@9226",
    "browserCallId": "call@17555",
    "startTime": 423816.367,
    "endTime": 423823.079,
    "title": "Is visible getByRole('button', { name: '继续游戏', exact: true })",
    "params": {
      "selector": "internal:role=button[name=\"继续游戏\"s]",
      "strict": "true"
    },
    "source": "/private/tmp/seedlands-v2-acceptance-8ae9e354/apps/web/tests/e2e/classic-support/mouse-input.ts:38",
    "error": null
  },
  {
    "stepId": "pw:api@9227",
    "startTime": 423824.06,
    "endTime": 423863.581,
    "title": "Click getByRole('button', { name: '继续游戏', exact: true })",
    "params": {
      "selector": "internal:role=button[name=\"继续游戏\"s]",
      "strict": "true"
    },
    "source": "/private/tmp/seedlands-v2-acceptance-8ae9e354/apps/web/tests/e2e/classic-support/mouse-input.ts:38",
    "error": null
  },
  {
    "stepId": "pw:api@9228",
    "browserCallId": "call@17559",
    "startTime": 423864.503,
    "endTime": 423867.254,
    "title": "Is visible locator('#debug')",
    "params": {
      "selector": "#debug",
      "strict": "true"
    },
    "source": "/private/tmp/seedlands-v2-acceptance-8ae9e354/apps/web/tests/e2e/classic-support/mouse-input.ts:7",
    "error": null
  },
  {
    "stepId": "pw:api@9229",
    "browserCallId": "call@17561",
    "startTime": 423867.908,
    "endTime": 423925.308,
    "title": "Bounding box locator('#game')",
    "params": {
      "selector": "#game",
      "strict": "true",
      "state": "attached"
    },
    "source": "/private/tmp/seedlands-v2-acceptance-8ae9e354/apps/web/tests/e2e/classic-support/mouse-input.ts:9",
    "error": null
  },
  {
    "stepId": "pw:api@9230",
    "startTime": 423925.966,
    "endTime": 423972.468,
    "title": "Click locator('#game')",
    "params": {
      "selector": "#game",
      "strict": "true",
      "position": "Object"
    },
    "source": "/private/tmp/seedlands-v2-acceptance-8ae9e354/apps/web/tests/e2e/classic-support/mouse-input.ts:11",
    "error": null
  },
  {
    "stepId": "pw:api@9231",
    "browserCallId": "call@17567",
    "startTime": 423973.128,
    "endTime": 424014.818,
    "title": "Wait for function",
    "params": {
      "pollingInterval": "undefined",
      "expression": "() => {\n    var _document$pointerLock;\n    return ((_document$pointerLock = document.pointerLockElement) === null || _document$pointerLock === void 0 ? void 0 : _document$pointerLock.id) === 'game';\n  }",
      "isFunction": "true",
      "arg": "Object"
    },
    "source": "/private/tmp/seedlands-v2-acceptance-8ae9e354/apps/web/tests/e2e/classic-support/mouse-input.ts:12",
    "error": null
  },
  {
    "stepId": "pw:api@9232",
    "startTime": 424016.816,
    "endTime": 424039.818,
    "title": "Mouse move",
    "params": {
      "x": "400",
      "y": "270"
    },
    "source": "/private/tmp/seedlands-v2-acceptance-8ae9e354/apps/web/tests/e2e/classic-support/mouse-input.ts:43",
    "error": null
  },
  {
    "stepId": "pw:api@9233",
    "browserCallId": "call@17571",
    "startTime": 424040.686,
    "endTime": 424080.693,
    "title": "Evaluate",
    "params": {
      "expression": "() => new Promise(resolve => requestAnimationFrame(() => requestAnimationFrame(() => resolve())))",
      "isFunction": "true",
      "arg": "Object"
    },
    "source": "/private/tmp/seedlands-v2-acceptance-8ae9e354/apps/web/tests/e2e/classic-support/mouse-input.ts:45",
    "error": null
  },
  {
    "stepId": "pw:api@9234",
    "browserCallId": "call@17573",
    "startTime": 424081.233,
    "endTime": 424097.154,
    "title": "Evaluate",
    "params": {
      "expression": "() => {\n  var _seedlandsHarness$sn, _seedlandsHarness;\n  return (_seedlandsHarness$sn = (_seedlandsHarness = window.__seedlandsHarness) === null || _seedlandsHarness === void 0 ? void 0 : _seedlandsHarness.snapshot()) !== null && _seedlandsHarness$sn !== void 0 ? _seedlandsHarness$sn : null;\n}",
      "isFunction": "true",
      "arg": "Object"
    },
    "source": "/private/tmp/seedlands-v2-acceptance-8ae9e354/apps/web/tests/e2e/classic-support/harness.ts:102",
    "snapshot": {
      "player": [
        78.48011016845703,
        32.599998474121094,
        0.5807028412818909
      ],
      "server": [
        78.48010845816442,
        32.6,
        0.5807028181072799
      ],
      "view": [
        -355.3300000000003,
        -20.03000000000001
      ],
      "onGround": true,
      "colliding": false,
      "tick": 20890,
      "ack": 14215,
      "interactions": 32,
      "worldRevision": 160,
      "inventoryOps": 39,
      "worldItems": 0
    },
    "error": null
  },
  {
    "stepId": "pw:api@9235",
    "browserCallId": "call@17575",
    "startTime": 424098.355,
    "endTime": 424101.505,
    "title": "Bounding box locator('#game')",
    "params": {
      "selector": "#game",
      "strict": "true",
      "state": "attached"
    },
    "source": "/private/tmp/seedlands-v2-acceptance-8ae9e354/apps/web/tests/e2e/classic-support/mouse-input.ts:24",
    "error": null
  },
  {
    "stepId": "pw:api@9236",
    "startTime": 424101.87,
    "endTime": 424105.897,
    "title": "Mouse move",
    "params": {
      "x": "320",
      "y": "270"
    },
    "source": "/private/tmp/seedlands-v2-acceptance-8ae9e354/apps/web/tests/e2e/classic-support/mouse-input.ts:43",
    "error": null
  },
  {
    "stepId": "pw:api@9237",
    "browserCallId": "call@17581",
    "startTime": 424106.416,
    "endTime": 424142.568,
    "title": "Evaluate",
    "params": {
      "expression": "() => new Promise(resolve => requestAnimationFrame(() => requestAnimationFrame(() => resolve())))",
      "isFunction": "true",
      "arg": "Object"
    },
    "source": "/private/tmp/seedlands-v2-acceptance-8ae9e354/apps/web/tests/e2e/classic-support/mouse-input.ts:45",
    "error": null
  },
  {
    "stepId": "pw:api@9238",
    "browserCallId": "call@17583",
    "startTime": 424143.055,
    "endTime": 424156.874,
    "title": "Evaluate",
    "params": {
      "expression": "() => {\n  var _seedlandsHarness$sn, _seedlandsHarness;\n  return (_seedlandsHarness$sn = (_seedlandsHarness = window.__seedlandsHarness) === null || _seedlandsHarness === void 0 ? void 0 : _seedlandsHarness.snapshot()) !== null && _seedlandsHarness$sn !== void 0 ? _seedlandsHarness$sn : null;\n}",
      "isFunction": "true",
      "arg": "Object"
    },
    "source": "/private/tmp/seedlands-v2-acceptance-8ae9e354/apps/web/tests/e2e/classic-support/harness.ts:102",
    "snapshot": {
      "player": [
        78.48011016845703,
        32.599998474121094,
        0.5807028412818909
      ],
      "server": [
        78.48010845816442,
        32.6,
        0.5807028181072799
      ],
      "view": [
        -344.93000000000035,
        -20.03000000000001
      ],
      "onGround": true,
      "colliding": false,
      "tick": 20893,
      "ack": 14218,
      "interactions": 32,
      "worldRevision": 160,
      "inventoryOps": 39,
      "worldItems": 0
    },
    "error": null
  },
  {
    "stepId": "pw:api@9239",
    "browserCallId": "call@17585",
    "startTime": 424158.062,
    "endTime": 424161.113,
    "title": "Bounding box locator('#game')",
    "params": {
      "selector": "#game",
      "strict": "true",
      "state": "attached"
    },
    "source": "/private/tmp/seedlands-v2-acceptance-8ae9e354/apps/web/tests/e2e/classic-support/mouse-input.ts:24",
    "error": null
  },
  {
    "stepId": "pw:api@9240",
    "startTime": 424161.463,
    "endTime": 424171.978,
    "title": "Mouse move",
    "params": {
      "x": "240",
      "y": "270"
    },
    "source": "/private/tmp/seedlands-v2-acceptance-8ae9e354/apps/web/tests/e2e/classic-support/mouse-input.ts:43",
    "error": null
  },
  {
    "stepId": "pw:api@9241",
    "browserCallId": "call@17591",
    "startTime": 424172.502,
    "endTime": 424206.119,
    "title": "Evaluate",
    "params": {
      "expression": "() => new Promise(resolve => requestAnimationFrame(() => requestAnimationFrame(() => resolve())))",
      "isFunction": "true",
      "arg": "Object"
    },
    "source": "/private/tmp/seedlands-v2-acceptance-8ae9e354/apps/web/tests/e2e/classic-support/mouse-input.ts:45",
    "error": null
  },
  {
    "stepId": "pw:api@9242",
    "browserCallId": "call@17593",
    "startTime": 424206.569,
    "endTime": 424219.618,
    "title": "Evaluate",
    "params": {
      "expression": "() => {\n  var _seedlandsHarness$sn, _seedlandsHarness;\n  return (_seedlandsHarness$sn = (_seedlandsHarness = window.__seedlandsHarness) === null || _seedlandsHarness === void 0 ? void 0 : _seedlandsHarness.snapshot()) !== null && _seedlandsHarness$sn !== void 0 ? _seedlandsHarness$sn : null;\n}",
      "isFunction": "true",
      "arg": "Object"
    },
    "source": "/private/tmp/seedlands-v2-acceptance-8ae9e354/apps/web/tests/e2e/classic-support/harness.ts:102",
    "snapshot": {
      "player": [
        78.48011016845703,
        32.599998474121094,
        0.5807028412818909
      ],
      "server": [
        78.48010845816442,
        32.6,
        0.5807028181072799
      ],
      "view": [
        -334.53000000000037,
        -20.03000000000001
      ],
      "onGround": true,
      "colliding": false,
      "tick": 20898,
      "ack": 14223,
      "interactions": 32,
      "worldRevision": 160,
      "inventoryOps": 39,
      "worldItems": 0
    },
    "error": null
  },
  {
    "stepId": "pw:api@9243",
    "browserCallId": "call@17595",
    "startTime": 424220.546,
    "endTime": 424224.613,
    "title": "Bounding box locator('#game')",
    "params": {
      "selector": "#game",
      "strict": "true",
      "state": "attached"
    },
    "source": "/private/tmp/seedlands-v2-acceptance-8ae9e354/apps/web/tests/e2e/classic-support/mouse-input.ts:24",
    "error": null
  },
  {
    "stepId": "pw:api@9244",
    "startTime": 424224.977,
    "endTime": 424238.723,
    "title": "Mouse move",
    "params": {
      "x": "160",
      "y": "270"
    },
    "source": "/private/tmp/seedlands-v2-acceptance-8ae9e354/apps/web/tests/e2e/classic-support/mouse-input.ts:43",
    "error": null
  },
  {
    "stepId": "pw:api@9245",
    "browserCallId": "call@17601",
    "startTime": 424239.18,
    "endTime": 424272.074,
    "title": "Evaluate",
    "params": {
      "expression": "() => new Promise(resolve => requestAnimationFrame(() => requestAnimationFrame(() => resolve())))",
      "isFunction": "true",
      "arg": "Object"
    },
    "source": "/private/tmp/seedlands-v2-acceptance-8ae9e354/apps/web/tests/e2e/classic-support/mouse-input.ts:45",
    "error": null
  },
  {
    "stepId": "pw:api@9246",
    "browserCallId": "call@17603",
    "startTime": 424272.543,
    "endTime": 424285.216,
    "title": "Evaluate",
    "params": {
      "expression": "() => {\n  var _seedlandsHarness$sn, _seedlandsHarness;\n  return (_seedlandsHarness$sn = (_seedlandsHarness = window.__seedlandsHarness) === null || _seedlandsHarness === void 0 ? void 0 : _seedlandsHarness.snapshot()) !== null && _seedlandsHarness$sn !== void 0 ? _seedlandsHarness$sn : null;\n}",
      "isFunction": "true",
      "arg": "Object"
    },
    "source": "/private/tmp/seedlands-v2-acceptance-8ae9e354/apps/web/tests/e2e/classic-support/harness.ts:102",
    "snapshot": {
      "player": [
        78.48011016845703,
        32.599998474121094,
        0.5807028412818909
      ],
      "server": [
        78.48010845816442,
        32.6,
        0.5807028181072799
      ],
      "view": [
        -324.1300000000004,
        -20.03000000000001
      ],
      "onGround": true,
      "colliding": false,
      "tick": 20902,
      "ack": 14227,
      "interactions": 32,
      "worldRevision": 160,
      "inventoryOps": 39,
      "worldItems": 0
    },
    "error": null
  },
  {
    "stepId": "pw:api@9247",
    "browserCallId": "call@17605",
    "startTime": 424286.079,
    "endTime": 424291.272,
    "title": "Bounding box locator('#game')",
    "params": {
      "selector": "#game",
      "strict": "true",
      "state": "attached"
    },
    "source": "/private/tmp/seedlands-v2-acceptance-8ae9e354/apps/web/tests/e2e/classic-support/mouse-input.ts:24",
    "error": null
  },
  {
    "stepId": "pw:api@9248",
    "startTime": 424291.661,
    "endTime": 424305.85,
    "title": "Mouse move",
    "params": {
      "x": "80",
      "y": "270"
    },
    "source": "/private/tmp/seedlands-v2-acceptance-8ae9e354/apps/web/tests/e2e/classic-support/mouse-input.ts:43",
    "error": null
  },
  {
    "stepId": "pw:api@9249",
    "browserCallId": "call@17611",
    "startTime": 424306.321,
    "endTime": 424339.171,
    "title": "Evaluate",
    "params": {
      "expression": "() => new Promise(resolve => requestAnimationFrame(() => requestAnimationFrame(() => resolve())))",
      "isFunction": "true",
      "arg": "Object"
    },
    "source": "/private/tmp/seedlands-v2-acceptance-8ae9e354/apps/web/tests/e2e/classic-support/mouse-input.ts:45",
    "error": null
  },
  {
    "stepId": "pw:api@9250",
    "browserCallId": "call@17613",
    "startTime": 424339.659,
    "endTime": 424352.935,
    "title": "Evaluate",
    "params": {
      "expression": "() => {\n  var _seedlandsHarness$sn, _seedlandsHarness;\n  return (_seedlandsHarness$sn = (_seedlandsHarness = window.__seedlandsHarness) === null || _seedlandsHarness === void 0 ? void 0 : _seedlandsHarness.snapshot()) !== null && _seedlandsHarness$sn !== void 0 ? _seedlandsHarness$sn : null;\n}",
      "isFunction": "true",
      "arg": "Object"
    },
    "source": "/private/tmp/seedlands-v2-acceptance-8ae9e354/apps/web/tests/e2e/classic-support/harness.ts:102",
    "snapshot": {
      "player": [
        78.48011016845703,
        32.599998474121094,
        0.5807028412818909
      ],
      "server": [
        78.48010845816442,
        32.6,
        0.5807028181072799
      ],
      "view": [
        -313.7300000000004,
        -20.03000000000001
      ],
      "onGround": true,
      "colliding": false,
      "tick": 20906,
      "ack": 14231,
      "interactions": 32,
      "worldRevision": 160,
      "inventoryOps": 39,
      "worldItems": 0
    },
    "error": null
  },
  {
    "stepId": "pw:api@9251",
    "browserCallId": "call@17615",
    "startTime": 424354.176,
    "endTime": 424356.856,
    "title": "Bounding box locator('#game')",
    "params": {
      "selector": "#game",
      "strict": "true",
      "state": "attached"
    },
    "source": "/private/tmp/seedlands-v2-acceptance-8ae9e354/apps/web/tests/e2e/classic-support/mouse-input.ts:24",
    "error": null
  },
  {
    "stepId": "pw:api@9252",
    "browserCallId": "call@17619",
    "startTime": 424357.195,
    "endTime": 424359.987,
    "title": "Evaluate",
    "params": {
      "expression": "() => document.exitPointerLock()",
      "isFunction": "true",
      "arg": "Object"
    },
    "source": "/private/tmp/seedlands-v2-acceptance-8ae9e354/apps/web/tests/e2e/classic-support/mouse-input.ts:33",
    "error": null
  },
  {
    "stepId": "pw:api@9253",
    "browserCallId": "call@17621",
    "startTime": 424360.34,
    "endTime": 424361.957,
    "title": "Wait for function",
    "params": {
      "pollingInterval": "undefined",
      "expression": "() => document.pointerLockElement === null",
      "isFunction": "true",
      "arg": "Object"
    },
    "source": "/private/tmp/seedlands-v2-acceptance-8ae9e354/apps/web/tests/e2e/classic-support/mouse-input.ts:34",
    "error": null
  },
  {
    "stepId": "pw:api@9254",
    "startTime": 424362.292,
    "endTime": 425866.545,
    "title": "Wait for timeout",
    "params": {
      "waitTimeout": "1500"
    },
    "source": "/private/tmp/seedlands-v2-acceptance-8ae9e354/apps/web/tests/e2e/classic-support/mouse-input.ts:36",
    "error": null
  },
  {
    "stepId": "pw:api@9255",
    "browserCallId": "call@17625",
    "startTime": 425867.679,
    "endTime": 425874.317,
    "title": "Is visible getByRole('button', { name: '继续游戏', exact: true })",
    "params": {
      "selector": "internal:role=button[name=\"继续游戏\"s]",
      "strict": "true"
    },
    "source": "/private/tmp/seedlands-v2-acceptance-8ae9e354/apps/web/tests/e2e/classic-support/mouse-input.ts:38",
    "error": null
  },
  {
    "stepId": "pw:api@9256",
    "startTime": 425875.433,
    "endTime": 425911.037,
    "title": "Click getByRole('button', { name: '继续游戏', exact: true })",
    "params": {
      "selector": "internal:role=button[name=\"继续游戏\"s]",
      "strict": "true"
    },
    "source": "/private/tmp/seedlands-v2-acceptance-8ae9e354/apps/web/tests/e2e/classic-support/mouse-input.ts:38",
    "error": null
  },
  {
    "stepId": "pw:api@9257",
    "browserCallId": "call@17629",
    "startTime": 425911.902,
    "endTime": 425914.346,
    "title": "Is visible locator('#debug')",
    "params": {
      "selector": "#debug",
      "strict": "true"
    },
    "source": "/private/tmp/seedlands-v2-acceptance-8ae9e354/apps/web/tests/e2e/classic-support/mouse-input.ts:7",
    "error": null
  },
  {
    "stepId": "pw:api@9258",
    "browserCallId": "call@17631",
    "startTime": 425914.882,
    "endTime": 425917.683,
    "title": "Bounding box locator('#game')",
    "params": {
      "selector": "#game",
      "strict": "true",
      "state": "attached"
    },
    "source": "/private/tmp/seedlands-v2-acceptance-8ae9e354/apps/web/tests/e2e/classic-support/mouse-input.ts:9",
    "error": null
  },
  {
    "stepId": "pw:api@9259",
    "startTime": 425918.171,
    "endTime": 425981.967,
    "title": "Click locator('#game')",
    "params": {
      "selector": "#game",
      "strict": "true",
      "position": "Object"
    },
    "source": "/private/tmp/seedlands-v2-acceptance-8ae9e354/apps/web/tests/e2e/classic-support/mouse-input.ts:11",
    "error": null
  },
  {
    "stepId": "pw:api@9260",
    "browserCallId": "call@17637",
    "startTime": 425982.614,
    "endTime": 425985.064,
    "title": "Wait for function",
    "params": {
      "pollingInterval": "undefined",
      "expression": "() => {\n    var _document$pointerLock;\n    return ((_document$pointerLock = document.pointerLockElement) === null || _document$pointerLock === void 0 ? void 0 : _document$pointerLock.id) === 'game';\n  }",
      "isFunction": "true",
      "arg": "Object"
    },
    "source": "/private/tmp/seedlands-v2-acceptance-8ae9e354/apps/web/tests/e2e/classic-support/mouse-input.ts:12",
    "error": null
  },
  {
    "stepId": "pw:api@9261",
    "startTime": 425985.73,
    "endTime": 426028.809,
    "title": "Mouse move",
    "params": {
      "x": "400",
      "y": "270"
    },
    "source": "/private/tmp/seedlands-v2-acceptance-8ae9e354/apps/web/tests/e2e/classic-support/mouse-input.ts:43",
    "error": null
  },
  {
    "stepId": "pw:api@9262",
    "browserCallId": "call@17641",
    "startTime": 426029.327,
    "endTime": 426055.689,
    "title": "Evaluate",
    "params": {
      "expression": "() => new Promise(resolve => requestAnimationFrame(() => requestAnimationFrame(() => resolve())))",
      "isFunction": "true",
      "arg": "Object"
    },
    "source": "/private/tmp/seedlands-v2-acceptance-8ae9e354/apps/web/tests/e2e/classic-support/mouse-input.ts:45",
    "error": null
  },
  {
    "stepId": "pw:api@9263",
    "browserCallId": "call@17643",
    "startTime": 426056.183,
    "endTime": 426070.55,
    "title": "Evaluate",
    "params": {
      "expression": "() => {\n  var _seedlandsHarness$sn, _seedlandsHarness;\n  return (_seedlandsHarness$sn = (_seedlandsHarness = window.__seedlandsHarness) === null || _seedlandsHarness === void 0 ? void 0 : _seedlandsHarness.snapshot()) !== null && _seedlandsHarness$sn !== void 0 ? _seedlandsHarness$sn : null;\n}",
      "isFunction": "true",
      "arg": "Object"
    },
    "source": "/private/tmp/seedlands-v2-acceptance-8ae9e354/apps/web/tests/e2e/classic-support/harness.ts:102",
    "snapshot": {
      "player": [
        78.48011016845703,
        32.599998474121094,
        0.5807028412818909
      ],
      "server": [
        78.48010845816442,
        32.6,
        0.5807028181072799
      ],
      "view": [
        -303.33000000000044,
        -20.03000000000001
      ],
      "onGround": true,
      "colliding": false,
      "tick": 20917,
      "ack": 14245,
      "interactions": 32,
      "worldRevision": 160,
      "inventoryOps": 39,
      "worldItems": 0
    },
    "error": null
  },
  {
    "stepId": "pw:api@9264",
    "browserCallId": "call@17645",
    "startTime": 426072.793,
    "endTime": 426078.032,
    "title": "Bounding box locator('#game')",
    "params": {
      "selector": "#game",
      "strict": "true",
      "state": "attached"
    },
    "source": "/private/tmp/seedlands-v2-acceptance-8ae9e354/apps/web/tests/e2e/classic-support/mouse-input.ts:24",
    "error": null
  },
  {
    "stepId": "pw:api@9265",
    "startTime": 426078.502,
    "endTime": 426089.707,
    "title": "Mouse move",
    "params": {
      "x": "320",
      "y": "270"
    },
    "source": "/private/tmp/seedlands-v2-acceptance-8ae9e354/apps/web/tests/e2e/classic-support/mouse-input.ts:43",
    "error": null
  },
  {
    "stepId": "pw:api@9266",
    "browserCallId": "call@17651",
    "startTime": 426090.351,
    "endTime": 426123.58,
    "title": "Evaluate",
    "params": {
      "expression": "() => new Promise(resolve => requestAnimationFrame(() => requestAnimationFrame(() => resolve())))",
      "isFunction": "true",
      "arg": "Object"
    },
    "source": "/private/tmp/seedlands-v2-acceptance-8ae9e354/apps/web/tests/e2e/classic-support/mouse-input.ts:45",
    "error": null
  },
  {
    "stepId": "pw:api@9267",
    "browserCallId": "call@17653",
    "startTime": 426123.996,
    "endTime": 426137.86,
    "title": "Evaluate",
    "params": {
      "expression": "() => {\n  var _seedlandsHarness$sn, _seedlandsHarness;\n  return (_seedlandsHarness$sn = (_seedlandsHarness = window.__seedlandsHarness) === null || _seedlandsHarness === void 0 ? void 0 : _seedlandsHarness.snapshot()) !== null && _seedlandsHarness$sn !== void 0 ? _seedlandsHarness$sn : null;\n}",
      "isFunction": "true",
      "arg": "Object"
    },
    "source": "/private/tmp/seedlands-v2-acceptance-8ae9e354/apps/web/tests/e2e/classic-support/harness.ts:102",
    "snapshot": {
      "player": [
        78.48011016845703,
        32.599998474121094,
        0.5807028412818909
      ],
      "server": [
        78.48010845816442,
        32.6,
        0.5807028181072799
      ],
      "view": [
        -292.93000000000046,
        -20.03000000000001
      ],
      "onGround": true,
      "colliding": false,
      "tick": 20920,
      "ack": 14248,
      "interactions": 32,
      "worldRevision": 160,
      "inventoryOps": 39,
      "worldItems": 0
    },
    "error": null
  },
  {
    "stepId": "pw:api@9268",
    "browserCallId": "call@17655",
    "startTime": 426139.546,
    "endTime": 426145.384,
    "title": "Bounding box locator('#game')",
    "params": {
      "selector": "#game",
      "strict": "true",
      "state": "attached"
    },
    "source": "/private/tmp/seedlands-v2-acceptance-8ae9e354/apps/web/tests/e2e/classic-support/mouse-input.ts:24",
    "error": null
  },
  {
    "stepId": "pw:api@9269",
    "startTime": 426145.78,
    "endTime": 426155.551,
    "title": "Mouse move",
    "params": {
      "x": "240",
      "y": "270"
    },
    "source": "/private/tmp/seedlands-v2-acceptance-8ae9e354/apps/web/tests/e2e/classic-support/mouse-input.ts:43",
    "error": null
  },
  {
    "stepId": "pw:api@9270",
    "browserCallId": "call@17661",
    "startTime": 426156.041,
    "endTime": 426192.13,
    "title": "Evaluate",
    "params": {
      "expression": "() => new Promise(resolve => requestAnimationFrame(() => requestAnimationFrame(() => resolve())))",
      "isFunction": "true",
      "arg": "Object"
    },
    "source": "/private/tmp/seedlands-v2-acceptance-8ae9e354/apps/web/tests/e2e/classic-support/mouse-input.ts:45",
    "error": null
  },
  {
    "stepId": "pw:api@9271",
    "browserCallId": "call@17663",
    "startTime": 426192.547,
    "endTime": 426205.404,
    "title": "Evaluate",
    "params": {
      "expression": "() => {\n  var _seedlandsHarness$sn, _seedlandsHarness;\n  return (_seedlandsHarness$sn = (_seedlandsHarness = window.__seedlandsHarness) === null || _seedlandsHarness === void 0 ? void 0 : _seedlandsHarness.snapshot()) !== null && _seedlandsHarness$sn !== void 0 ? _seedlandsHarness$sn : null;\n}",
      "isFunction": "true",
      "arg": "Object"
    },
    "source": "/private/tmp/seedlands-v2-acceptance-8ae9e354/apps/web/tests/e2e/classic-support/harness.ts:102",
    "snapshot": {
      "player": [
        78.48011016845703,
        32.599998474121094,
        0.5807028412818909
      ],
      "server": [
        78.48010845816442,
        32.6,
        0.5807028181072799
      ],
      "view": [
        -282.5300000000005,
        -20.03000000000001
      ],
      "onGround": true,
      "colliding": false,
      "tick": 20924,
      "ack": 14251,
      "interactions": 32,
      "worldRevision": 160,
      "inventoryOps": 39,
      "worldItems": 0
    },
    "error": null
  },
  {
    "stepId": "pw:api@9272",
    "browserCallId": "call@17665",
    "startTime": 426206.704,
    "endTime": 426209.576,
    "title": "Bounding box locator('#game')",
    "params": {
      "selector": "#game",
      "strict": "true",
      "state": "attached"
    },
    "source": "/private/tmp/seedlands-v2-acceptance-8ae9e354/apps/web/tests/e2e/classic-support/mouse-input.ts:24",
    "error": null
  },
  {
    "stepId": "pw:api@9273",
    "startTime": 426209.922,
    "endTime": 426221.707,
    "title": "Mouse move",
    "params": {
      "x": "160",
      "y": "270"
    },
    "source": "/private/tmp/seedlands-v2-acceptance-8ae9e354/apps/web/tests/e2e/classic-support/mouse-input.ts:43",
    "error": null
  },
  {
    "stepId": "pw:api@9274",
    "browserCallId": "call@17671",
    "startTime": 426222.202,
    "endTime": 426255.473,
    "title": "Evaluate",
    "params": {
      "expression": "() => new Promise(resolve => requestAnimationFrame(() => requestAnimationFrame(() => resolve())))",
      "isFunction": "true",
      "arg": "Object"
    },
    "source": "/private/tmp/seedlands-v2-acceptance-8ae9e354/apps/web/tests/e2e/classic-support/mouse-input.ts:45",
    "error": null
  },
  {
    "stepId": "pw:api@9275",
    "browserCallId": "call@17673",
    "startTime": 426255.914,
    "endTime": 426268.989,
    "title": "Evaluate",
    "params": {
      "expression": "() => {\n  var _seedlandsHarness$sn, _seedlandsHarness;\n  return (_seedlandsHarness$sn = (_seedlandsHarness = window.__seedlandsHarness) === null || _seedlandsHarness === void 0 ? void 0 : _seedlandsHarness.snapshot()) !== null && _seedlandsHarness$sn !== void 0 ? _seedlandsHarness$sn : null;\n}",
      "isFunction": "true",
      "arg": "Object"
    },
    "source": "/private/tmp/seedlands-v2-acceptance-8ae9e354/apps/web/tests/e2e/classic-support/harness.ts:102",
    "snapshot": {
      "player": [
        78.48011016845703,
        32.599998474121094,
        0.5807028412818909
      ],
      "server": [
        78.48010845816442,
        32.6,
        0.5807028181072799
      ],
      "view": [
        -272.1300000000005,
        -20.03000000000001
      ],
      "onGround": true,
      "colliding": false,
      "tick": 20928,
      "ack": 14255,
      "interactions": 32,
      "worldRevision": 160,
      "inventoryOps": 39,
      "worldItems": 0
    },
    "error": null
  },
  {
    "stepId": "pw:api@9276",
    "browserCallId": "call@17675",
    "startTime": 426269.991,
    "endTime": 426274.436,
    "title": "Bounding box locator('#game')",
    "params": {
      "selector": "#game",
      "strict": "true",
      "state": "attached"
    },
    "source": "/private/tmp/seedlands-v2-acceptance-8ae9e354/apps/web/tests/e2e/classic-support/mouse-input.ts:24",
    "error": null
  },
  {
    "stepId": "pw:api@9277",
    "startTime": 426274.811,
    "endTime": 426289.331,
    "title": "Mouse move",
    "params": {
      "x": "80",
      "y": "270"
    },
    "source": "/private/tmp/seedlands-v2-acceptance-8ae9e354/apps/web/tests/e2e/classic-support/mouse-input.ts:43",
    "error": null
  },
  {
    "stepId": "pw:api@9278",
    "browserCallId": "call@17681",
    "startTime": 426289.846,
    "endTime": 426322.153,
    "title": "Evaluate",
    "params": {
      "expression": "() => new Promise(resolve => requestAnimationFrame(() => requestAnimationFrame(() => resolve())))",
      "isFunction": "true",
      "arg": "Object"
    },
    "source": "/private/tmp/seedlands-v2-acceptance-8ae9e354/apps/web/tests/e2e/classic-support/mouse-input.ts:45",
    "error": null
  },
  {
    "stepId": "pw:api@9279",
    "browserCallId": "call@17683",
    "startTime": 426322.614,
    "endTime": 426335.335,
    "title": "Evaluate",
    "params": {
      "expression": "() => {\n  var _seedlandsHarness$sn, _seedlandsHarness;\n  return (_seedlandsHarness$sn = (_seedlandsHarness = window.__seedlandsHarness) === null || _seedlandsHarness === void 0 ? void 0 : _seedlandsHarness.snapshot()) !== null && _seedlandsHarness$sn !== void 0 ? _seedlandsHarness$sn : null;\n}",
      "isFunction": "true",
      "arg": "Object"
    },
    "source": "/private/tmp/seedlands-v2-acceptance-8ae9e354/apps/web/tests/e2e/classic-support/harness.ts:102",
    "snapshot": {
      "player": [
        78.48011016845703,
        32.599998474121094,
        0.5807028412818909
      ],
      "server": [
        78.48010845816442,
        32.6,
        0.5807028181072799
      ],
      "view": [
        -261.73000000000053,
        -20.03000000000001
      ],
      "onGround": true,
      "colliding": false,
      "tick": 20932,
      "ack": 14259,
      "interactions": 32,
      "worldRevision": 160,
      "inventoryOps": 39,
      "worldItems": 0
    },
    "error": null
  },
  {
    "stepId": "pw:api@9280",
    "browserCallId": "call@17685",
    "startTime": 426336.275,
    "endTime": 426341.395,
    "title": "Bounding box locator('#game')",
    "params": {
      "selector": "#game",
      "strict": "true",
      "state": "attached"
    },
    "source": "/private/tmp/seedlands-v2-acceptance-8ae9e354/apps/web/tests/e2e/classic-support/mouse-input.ts:24",
    "error": null
  },
  {
    "stepId": "pw:api@9281",
    "browserCallId": "call@17689",
    "startTime": 426341.781,
    "endTime": 426345.662,
    "title": "Evaluate",
    "params": {
      "expression": "() => document.exitPointerLock()",
      "isFunction": "true",
      "arg": "Object"
    },
    "source": "/private/tmp/seedlands-v2-acceptance-8ae9e354/apps/web/tests/e2e/classic-support/mouse-input.ts:33",
    "error": null
  },
  {
    "stepId": "pw:api@9282",
    "browserCallId": "call@17691",
    "startTime": 426346.075,
    "endTime": 426347.554,
    "title": "Wait for function",
    "params": {
      "pollingInterval": "undefined",
      "expression": "() => document.pointerLockElement === null",
      "isFunction": "true",
      "arg": "Object"
    },
    "source": "/private/tmp/seedlands-v2-acceptance-8ae9e354/apps/web/tests/e2e/classic-support/mouse-input.ts:34",
    "error": null
  },
  {
    "stepId": "pw:api@9283",
    "startTime": 426347.885,
    "endTime": 427851.569,
    "title": "Wait for timeout",
    "params": {
      "waitTimeout": "1500"
    },
    "source": "/private/tmp/seedlands-v2-acceptance-8ae9e354/apps/web/tests/e2e/classic-support/mouse-input.ts:36",
    "error": null
  },
  {
    "stepId": "pw:api@9284",
    "browserCallId": "call@17695",
    "startTime": 427852.594,
    "endTime": 427856.547,
    "title": "Is visible getByRole('button', { name: '继续游戏', exact: true })",
    "params": {
      "selector": "internal:role=button[name=\"继续游戏\"s]",
      "strict": "true"
    },
    "source": "/private/tmp/seedlands-v2-acceptance-8ae9e354/apps/web/tests/e2e/classic-support/mouse-input.ts:38",
    "error": null
  },
  {
    "stepId": "pw:api@9285",
    "startTime": 427857.336,
    "endTime": 427894.964,
    "title": "Click getByRole('button', { name: '继续游戏', exact: true })",
    "params": {
      "selector": "internal:role=button[name=\"继续游戏\"s]",
      "strict": "true"
    },
    "source": "/private/tmp/seedlands-v2-acceptance-8ae9e354/apps/web/tests/e2e/classic-support/mouse-input.ts:38",
    "error": null
  },
  {
    "stepId": "pw:api@9286",
    "browserCallId": "call@17699",
    "startTime": 427895.561,
    "endTime": 427897.437,
    "title": "Is visible locator('#debug')",
    "params": {
      "selector": "#debug",
      "strict": "true"
    },
    "source": "/private/tmp/seedlands-v2-acceptance-8ae9e354/apps/web/tests/e2e/classic-support/mouse-input.ts:7",
    "error": null
  },
  {
    "stepId": "pw:api@9287",
    "browserCallId": "call@17701",
    "startTime": 427897.893,
    "endTime": 427900.356,
    "title": "Bounding box locator('#game')",
    "params": {
      "selector": "#game",
      "strict": "true",
      "state": "attached"
    },
    "source": "/private/tmp/seedlands-v2-acceptance-8ae9e354/apps/web/tests/e2e/classic-support/mouse-input.ts:9",
    "error": null
  },
  {
    "stepId": "pw:api@9288",
    "startTime": 427900.792,
    "endTime": 427960.36,
    "title": "Click locator('#game')",
    "params": {
      "selector": "#game",
      "strict": "true",
      "position": "Object"
    },
    "source": "/private/tmp/seedlands-v2-acceptance-8ae9e354/apps/web/tests/e2e/classic-support/mouse-input.ts:11",
    "error": null
  },
  {
    "stepId": "pw:api@9289",
    "browserCallId": "call@17707",
    "startTime": 427960.964,
    "endTime": 427992.65,
    "title": "Wait for function",
    "params": {
      "pollingInterval": "undefined",
      "expression": "() => {\n    var _document$pointerLock;\n    return ((_document$pointerLock = document.pointerLockElement) === null || _document$pointerLock === void 0 ? void 0 : _document$pointerLock.id) === 'game';\n  }",
      "isFunction": "true",
      "arg": "Object"
    },
    "source": "/private/tmp/seedlands-v2-acceptance-8ae9e354/apps/web/tests/e2e/classic-support/mouse-input.ts:12",
    "error": null
  },
  {
    "stepId": "pw:api@9290",
    "startTime": 427993.108,
    "endTime": 428006.096,
    "title": "Mouse move",
    "params": {
      "x": "400",
      "y": "270"
    },
    "source": "/private/tmp/seedlands-v2-acceptance-8ae9e354/apps/web/tests/e2e/classic-support/mouse-input.ts:43",
    "error": null
  },
  {
    "stepId": "pw:api@9291",
    "browserCallId": "call@17711",
    "startTime": 428006.803,
    "endTime": 428039.148,
    "title": "Evaluate",
    "params": {
      "expression": "() => new Promise(resolve => requestAnimationFrame(() => requestAnimationFrame(() => resolve())))",
      "isFunction": "true",
      "arg": "Object"
    },
    "source": "/private/tmp/seedlands-v2-acceptance-8ae9e354/apps/web/tests/e2e/classic-support/mouse-input.ts:45",
    "error": null
  },
  {
    "stepId": "pw:api@9292",
    "browserCallId": "call@17713",
    "startTime": 428039.67,
    "endTime": 428053.201,
    "title": "Evaluate",
    "params": {
      "expression": "() => {\n  var _seedlandsHarness$sn, _seedlandsHarness;\n  return (_seedlandsHarness$sn = (_seedlandsHarness = window.__seedlandsHarness) === null || _seedlandsHarness === void 0 ? void 0 : _seedlandsHarness.snapshot()) !== null && _seedlandsHarness$sn !== void 0 ? _seedlandsHarness$sn : null;\n}",
      "isFunction": "true",
      "arg": "Object"
    },
    "source": "/private/tmp/seedlands-v2-acceptance-8ae9e354/apps/web/tests/e2e/classic-support/harness.ts:102",
    "snapshot": {
      "player": [
        78.48011016845703,
        32.599998474121094,
        0.5807028412818909
      ],
      "server": [
        78.48010845816442,
        32.6,
        0.5807028181072799
      ],
      "view": [
        -251.33000000000052,
        -20.03000000000001
      ],
      "onGround": true,
      "colliding": false,
      "tick": 20942,
      "ack": 14271,
      "interactions": 32,
      "worldRevision": 160,
      "inventoryOps": 39,
      "worldItems": 0
    },
    "error": null
  },
  {
    "stepId": "pw:api@9293",
    "browserCallId": "call@17715",
    "startTime": 428054.562,
    "endTime": 428058.756,
    "title": "Bounding box locator('#game')",
    "params": {
      "selector": "#game",
      "strict": "true",
      "state": "attached"
    },
    "source": "/private/tmp/seedlands-v2-acceptance-8ae9e354/apps/web/tests/e2e/classic-support/mouse-input.ts:24",
    "error": null
  },
  {
    "stepId": "pw:api@9294",
    "startTime": 428059.202,
    "endTime": 428072.689,
    "title": "Mouse move",
    "params": {
      "x": "320",
      "y": "270"
    },
    "source": "/private/tmp/seedlands-v2-acceptance-8ae9e354/apps/web/tests/e2e/classic-support/mouse-input.ts:43",
    "error": null
  },
  {
    "stepId": "pw:api@9295",
    "browserCallId": "call@17721",
    "startTime": 428073.172,
    "endTime": 428108.965,
    "title": "Evaluate",
    "params": {
      "expression": "() => new Promise(resolve => requestAnimationFrame(() => requestAnimationFrame(() => resolve())))",
      "isFunction": "true",
      "arg": "Object"
    },
    "source": "/private/tmp/seedlands-v2-acceptance-8ae9e354/apps/web/tests/e2e/classic-support/mouse-input.ts:45",
    "error": null
  },
  {
    "stepId": "pw:api@9296",
    "browserCallId": "call@17723",
    "startTime": 428109.391,
    "endTime": 428122.106,
    "title": "Evaluate",
    "params": {
      "expression": "() => {\n  var _seedlandsHarness$sn, _seedlandsHarness;\n  return (_seedlandsHarness$sn = (_seedlandsHarness = window.__seedlandsHarness) === null || _seedlandsHarness === void 0 ? void 0 : _seedlandsHarness.snapshot()) !== null && _seedlandsHarness$sn !== void 0 ? _seedlandsHarness$sn : null;\n}",
      "isFunction": "true",
      "arg": "Object"
    },
    "source": "/private/tmp/seedlands-v2-acceptance-8ae9e354/apps/web/tests/e2e/classic-support/harness.ts:102",
    "snapshot": {
      "player": [
        78.48011016845703,
        32.599998474121094,
        0.5807028412818909
      ],
      "server": [
        78.48010845816442,
        32.6,
        0.5807028181072799
      ],
      "view": [
        -240.93000000000052,
        -20.03000000000001
      ],
      "onGround": true,
      "colliding": false,
      "tick": 20947,
      "ack": 14276,
      "interactions": 32,
      "worldRevision": 160,
      "inventoryOps": 39,
      "worldItems": 0
    },
    "error": null
  },
  {
    "stepId": "pw:api@9297",
    "browserCallId": "call@17725",
    "startTime": 428123.382,
    "endTime": 428126.353,
    "title": "Bounding box locator('#game')",
    "params": {
      "selector": "#game",
      "strict": "true",
      "state": "attached"
    },
    "source": "/private/tmp/seedlands-v2-acceptance-8ae9e354/apps/web/tests/e2e/classic-support/mouse-input.ts:24",
    "error": null
  },
  {
    "stepId": "pw:api@9298",
    "startTime": 428126.71,
    "endTime": 428138.456,
    "title": "Mouse move",
    "params": {
      "x": "240",
      "y": "270"
    },
    "source": "/private/tmp/seedlands-v2-acceptance-8ae9e354/apps/web/tests/e2e/classic-support/mouse-input.ts:43",
    "error": null
  },
  {
    "stepId": "pw:api@9299",
    "browserCallId": "call@17731",
    "startTime": 428138.875,
    "endTime": 428173.178,
    "title": "Evaluate",
    "params": {
      "expression": "() => new Promise(resolve => requestAnimationFrame(() => requestAnimationFrame(() => resolve())))",
      "isFunction": "true",
      "arg": "Object"
    },
    "source": "/private/tmp/seedlands-v2-acceptance-8ae9e354/apps/web/tests/e2e/classic-support/mouse-input.ts:45",
    "error": null
  },
  {
    "stepId": "pw:api@9300",
    "browserCallId": "call@17733",
    "startTime": 428173.632,
    "endTime": 428186.997,
    "title": "Evaluate",
    "params": {
      "expression": "() => {\n  var _seedlandsHarness$sn, _seedlandsHarness;\n  return (_seedlandsHarness$sn = (_seedlandsHarness = window.__seedlandsHarness) === null || _seedlandsHarness === void 0 ? void 0 : _seedlandsHarness.snapshot()) !== null && _seedlandsHarness$sn !== void 0 ? _seedlandsHarness$sn : null;\n}",
      "isFunction": "true",
      "arg": "Object"
    },
    "source": "/private/tmp/seedlands-v2-acceptance-8ae9e354/apps/web/tests/e2e/classic-support/harness.ts:102",
    "snapshot": {
      "player": [
        78.48011016845703,
        32.599998474121094,
        0.5807028412818909
      ],
      "server": [
        78.48010845816442,
        32.6,
        0.5807028181072799
      ],
      "view": [
        -230.5300000000005,
        -20.03000000000001
      ],
      "onGround": true,
      "colliding": false,
      "tick": 20951,
      "ack": 14280,
      "interactions": 32,
      "worldRevision": 160,
      "inventoryOps": 39,
      "worldItems": 0
    },
    "error": null
  },
  {
    "stepId": "pw:api@9301",
    "browserCallId": "call@17735",
    "startTime": 428188.254,
    "endTime": 428191.408,
    "title": "Bounding box locator('#game')",
    "params": {
      "selector": "#game",
      "strict": "true",
      "state": "attached"
    },
    "source": "/private/tmp/seedlands-v2-acceptance-8ae9e354/apps/web/tests/e2e/classic-support/mouse-input.ts:24",
    "error": null
  },
  {
    "stepId": "pw:api@9302",
    "startTime": 428191.764,
    "endTime": 428205.592,
    "title": "Mouse move",
    "params": {
      "x": "160",
      "y": "270"
    },
    "source": "/private/tmp/seedlands-v2-acceptance-8ae9e354/apps/web/tests/e2e/classic-support/mouse-input.ts:43",
    "error": null
  },
  {
    "stepId": "pw:api@9303",
    "browserCallId": "call@17741",
    "startTime": 428206.082,
    "endTime": 428238.764,
    "title": "Evaluate",
    "params": {
      "expression": "() => new Promise(resolve => requestAnimationFrame(() => requestAnimationFrame(() => resolve())))",
      "isFunction": "true",
      "arg": "Object"
    },
    "source": "/private/tmp/seedlands-v2-acceptance-8ae9e354/apps/web/tests/e2e/classic-support/mouse-input.ts:45",
    "error": null
  },
  {
    "stepId": "pw:api@9304",
    "browserCallId": "call@17743",
    "startTime": 428239.22,
    "endTime": 428252.714,
    "title": "Evaluate",
    "params": {
      "expression": "() => {\n  var _seedlandsHarness$sn, _seedlandsHarness;\n  return (_seedlandsHarness$sn = (_seedlandsHarness = window.__seedlandsHarness) === null || _seedlandsHarness === void 0 ? void 0 : _seedlandsHarness.snapshot()) !== null && _seedlandsHarness$sn !== void 0 ? _seedlandsHarness$sn : null;\n}",
      "isFunction": "true",
      "arg": "Object"
    },
    "source": "/private/tmp/seedlands-v2-acceptance-8ae9e354/apps/web/tests/e2e/classic-support/harness.ts:102",
    "snapshot": {
      "player": [
        78.48011016845703,
        32.599998474121094,
        0.5807028412818909
      ],
      "server": [
        78.48010845816442,
        32.6,
        0.5807028181072799
      ],
      "view": [
        -220.1300000000005,
        -20.03000000000001
      ],
      "onGround": true,
      "colliding": false,
      "tick": 20954,
      "ack": 14283,
      "interactions": 32,
      "worldRevision": 160,
      "inventoryOps": 39,
      "worldItems": 0
    },
    "error": null
  },
  {
    "stepId": "pw:api@9305",
    "browserCallId": "call@17745",
    "startTime": 428253.919,
    "endTime": 428257.921,
    "title": "Bounding box locator('#game')",
    "params": {
      "selector": "#game",
      "strict": "true",
      "state": "attached"
    },
    "source": "/private/tmp/seedlands-v2-acceptance-8ae9e354/apps/web/tests/e2e/classic-support/mouse-input.ts:24",
    "error": null
  },
  {
    "stepId": "pw:api@9306",
    "startTime": 428258.267,
    "endTime": 428272.65,
    "title": "Mouse move",
    "params": {
      "x": "80",
      "y": "270"
    },
    "source": "/private/tmp/seedlands-v2-acceptance-8ae9e354/apps/web/tests/e2e/classic-support/mouse-input.ts:43",
    "error": null
  },
  {
    "stepId": "pw:api@9307",
    "browserCallId": "call@17751",
    "startTime": 428273.092,
    "endTime": 428305.674,
    "title": "Evaluate",
    "params": {
      "expression": "() => new Promise(resolve => requestAnimationFrame(() => requestAnimationFrame(() => resolve())))",
      "isFunction": "true",
      "arg": "Object"
    },
    "source": "/private/tmp/seedlands-v2-acceptance-8ae9e354/apps/web/tests/e2e/classic-support/mouse-input.ts:45",
    "error": null
  },
  {
    "stepId": "pw:api@9308",
    "browserCallId": "call@17753",
    "startTime": 428306.137,
    "endTime": 428318.836,
    "title": "Evaluate",
    "params": {
      "expression": "() => {\n  var _seedlandsHarness$sn, _seedlandsHarness;\n  return (_seedlandsHarness$sn = (_seedlandsHarness = window.__seedlandsHarness) === null || _seedlandsHarness === void 0 ? void 0 : _seedlandsHarness.snapshot()) !== null && _seedlandsHarness$sn !== void 0 ? _seedlandsHarness$sn : null;\n}",
      "isFunction": "true",
      "arg": "Object"
    },
    "source": "/private/tmp/seedlands-v2-acceptance-8ae9e354/apps/web/tests/e2e/classic-support/harness.ts:102",
    "snapshot": {
      "player": [
        78.48011016845703,
        32.599998474121094,
        0.5807028412818909
      ],
      "server": [
        78.48010845816442,
        32.6,
        0.5807028181072799
      ],
      "view": [
        -209.7300000000005,
        -20.03000000000001
      ],
      "onGround": true,
      "colliding": false,
      "tick": 20959,
      "ack": 14288,
      "interactions": 32,
      "worldRevision": 160,
      "inventoryOps": 39,
      "worldItems": 0
    },
    "error": null
  },
  {
    "stepId": "pw:api@9309",
    "browserCallId": "call@17755",
    "startTime": 428319.689,
    "endTime": 428324.896,
    "title": "Bounding box locator('#game')",
    "params": {
      "selector": "#game",
      "strict": "true",
      "state": "attached"
    },
    "source": "/private/tmp/seedlands-v2-acceptance-8ae9e354/apps/web/tests/e2e/classic-support/mouse-input.ts:24",
    "error": null
  },
  {
    "stepId": "pw:api@9310",
    "browserCallId": "call@17759",
    "startTime": 428325.28,
    "endTime": 428328.197,
    "title": "Evaluate",
    "params": {
      "expression": "() => document.exitPointerLock()",
      "isFunction": "true",
      "arg": "Object"
    },
    "source": "/private/tmp/seedlands-v2-acceptance-8ae9e354/apps/web/tests/e2e/classic-support/mouse-input.ts:33",
    "error": null
  },
  {
    "stepId": "pw:api@9311",
    "browserCallId": "call@17761",
    "startTime": 428328.572,
    "endTime": 428329.987,
    "title": "Wait for function",
    "params": {
      "pollingInterval": "undefined",
      "expression": "() => document.pointerLockElement === null",
      "isFunction": "true",
      "arg": "Object"
    },
    "source": "/private/tmp/seedlands-v2-acceptance-8ae9e354/apps/web/tests/e2e/classic-support/mouse-input.ts:34",
    "error": null
  },
  {
    "stepId": "pw:api@9312",
    "startTime": 428330.331,
    "endTime": 429834.443,
    "title": "Wait for timeout",
    "params": {
      "waitTimeout": "1500"
    },
    "source": "/private/tmp/seedlands-v2-acceptance-8ae9e354/apps/web/tests/e2e/classic-support/mouse-input.ts:36",
    "error": null
  },
  {
    "stepId": "pw:api@9313",
    "browserCallId": "call@17765",
    "startTime": 429835.598,
    "endTime": 429842.083,
    "title": "Is visible getByRole('button', { name: '继续游戏', exact: true })",
    "params": {
      "selector": "internal:role=button[name=\"继续游戏\"s]",
      "strict": "true"
    },
    "source": "/private/tmp/seedlands-v2-acceptance-8ae9e354/apps/web/tests/e2e/classic-support/mouse-input.ts:38",
    "error": null
  },
  {
    "stepId": "pw:api@9314",
    "startTime": 429843.022,
    "endTime": 429879.185,
    "title": "Click getByRole('button', { name: '继续游戏', exact: true })",
    "params": {
      "selector": "internal:role=button[name=\"继续游戏\"s]",
      "strict": "true"
    },
    "source": "/private/tmp/seedlands-v2-acceptance-8ae9e354/apps/web/tests/e2e/classic-support/mouse-input.ts:38",
    "error": null
  },
  {
    "stepId": "pw:api@9315",
    "browserCallId": "call@17769",
    "startTime": 429879.968,
    "endTime": 429882.437,
    "title": "Is visible locator('#debug')",
    "params": {
      "selector": "#debug",
      "strict": "true"
    },
    "source": "/private/tmp/seedlands-v2-acceptance-8ae9e354/apps/web/tests/e2e/classic-support/mouse-input.ts:7",
    "error": null
  },
  {
    "stepId": "pw:api@9316",
    "browserCallId": "call@17771",
    "startTime": 429883.038,
    "endTime": 429895.5,
    "title": "Bounding box locator('#game')",
    "params": {
      "selector": "#game",
      "strict": "true",
      "state": "attached"
    },
    "source": "/private/tmp/seedlands-v2-acceptance-8ae9e354/apps/web/tests/e2e/classic-support/mouse-input.ts:9",
    "error": null
  },
  {
    "stepId": "pw:api@9317",
    "startTime": 429896.203,
    "endTime": 429990.732,
    "title": "Click locator('#game')",
    "params": {
      "selector": "#game",
      "strict": "true",
      "position": "Object"
    },
    "source": "/private/tmp/seedlands-v2-acceptance-8ae9e354/apps/web/tests/e2e/classic-support/mouse-input.ts:11",
    "error": null
  },
  {
    "stepId": "pw:api@9318",
    "browserCallId": "call@17777",
    "startTime": 429992.608,
    "endTime": 430034.541,
    "title": "Wait for function",
    "params": {
      "pollingInterval": "undefined",
      "expression": "() => {\n    var _document$pointerLock;\n    return ((_document$pointerLock = document.pointerLockElement) === null || _document$pointerLock === void 0 ? void 0 : _document$pointerLock.id) === 'game';\n  }",
      "isFunction": "true",
      "arg": "Object"
    },
    "source": "/private/tmp/seedlands-v2-acceptance-8ae9e354/apps/web/tests/e2e/classic-support/mouse-input.ts:12",
    "error": null
  },
  {
    "stepId": "pw:api@9319",
    "startTime": 430035.213,
    "endTime": 430054.594,
    "title": "Mouse move",
    "params": {
      "x": "400",
      "y": "270"
    },
    "source": "/private/tmp/seedlands-v2-acceptance-8ae9e354/apps/web/tests/e2e/classic-support/mouse-input.ts:43",
    "error": null
  },
  {
    "stepId": "pw:api@9320",
    "browserCallId": "call@17781",
    "startTime": 430055.261,
    "endTime": 430089.83,
    "title": "Evaluate",
    "params": {
      "expression": "() => new Promise(resolve => requestAnimationFrame(() => requestAnimationFrame(() => resolve())))",
      "isFunction": "true",
      "arg": "Object"
    },
    "source": "/private/tmp/seedlands-v2-acceptance-8ae9e354/apps/web/tests/e2e/classic-support/mouse-input.ts:45",
    "error": null
  },
  {
    "stepId": "pw:api@9321",
    "browserCallId": "call@17783",
    "startTime": 430090.332,
    "endTime": 430105.49,
    "title": "Evaluate",
    "params": {
      "expression": "() => {\n  var _seedlandsHarness$sn, _seedlandsHarness;\n  return (_seedlandsHarness$sn = (_seedlandsHarness = window.__seedlandsHarness) === null || _seedlandsHarness === void 0 ? void 0 : _seedlandsHarness.snapshot()) !== null && _seedlandsHarness$sn !== void 0 ? _seedlandsHarness$sn : null;\n}",
      "isFunction": "true",
      "arg": "Object"
    },
    "source": "/private/tmp/seedlands-v2-acceptance-8ae9e354/apps/web/tests/e2e/classic-support/harness.ts:102",
    "snapshot": {
      "player": [
        78.48011016845703,
        32.599998474121094,
        0.5807028412818909
      ],
      "server": [
        78.48010845816442,
        32.6,
        0.5807028181072799
      ],
      "view": [
        -199.3300000000005,
        -20.03000000000001
      ],
      "onGround": true,
      "colliding": false,
      "tick": 20971,
      "ack": 14302,
      "interactions": 32,
      "worldRevision": 160,
      "inventoryOps": 39,
      "worldItems": 0
    },
    "error": null
  },
  {
    "stepId": "pw:api@9322",
    "browserCallId": "call@17785",
    "startTime": 430106.957,
    "endTime": 430111.149,
    "title": "Bounding box locator('#game')",
    "params": {
      "selector": "#game",
      "strict": "true",
      "state": "attached"
    },
    "source": "/private/tmp/seedlands-v2-acceptance-8ae9e354/apps/web/tests/e2e/classic-support/mouse-input.ts:24",
    "error": null
  },
  {
    "stepId": "pw:api@9323",
    "startTime": 430111.546,
    "endTime": 430122.219,
    "title": "Mouse move",
    "params": {
      "x": "357.80816409928775",
      "y": "270"
    },
    "source": "/private/tmp/seedlands-v2-acceptance-8ae9e354/apps/web/tests/e2e/classic-support/mouse-input.ts:43",
    "error": null
  },
  {
    "stepId": "pw:api@9324",
    "browserCallId": "call@17791",
    "startTime": 430122.756,
    "endTime": 430156.463,
    "title": "Evaluate",
    "params": {
      "expression": "() => new Promise(resolve => requestAnimationFrame(() => requestAnimationFrame(() => resolve())))",
      "isFunction": "true",
      "arg": "Object"
    },
    "source": "/private/tmp/seedlands-v2-acceptance-8ae9e354/apps/web/tests/e2e/classic-support/mouse-input.ts:45",
    "error": null
  },
  {
    "stepId": "pw:api@9325",
    "browserCallId": "call@17793",
    "startTime": 430156.957,
    "endTime": 430170.396,
    "title": "Evaluate",
    "params": {
      "expression": "() => {\n  var _seedlandsHarness$sn, _seedlandsHarness;\n  return (_seedlandsHarness$sn = (_seedlandsHarness = window.__seedlandsHarness) === null || _seedlandsHarness === void 0 ? void 0 : _seedlandsHarness.snapshot()) !== null && _seedlandsHarness$sn !== void 0 ? _seedlandsHarness$sn : null;\n}",
      "isFunction": "true",
      "arg": "Object"
    },
    "source": "/private/tmp/seedlands-v2-acceptance-8ae9e354/apps/web/tests/e2e/classic-support/harness.ts:102",
    "snapshot": {
      "player": [
        78.48011016845703,
        32.599998474121094,
        0.5807028412818909
      ],
      "server": [
        78.48010845816442,
        32.6,
        0.5807028181072799
      ],
      "view": [
        -193.7400000000005,
        -20.03000000000001
      ],
      "onGround": true,
      "colliding": false,
      "tick": 20977,
      "ack": 14308,
      "interactions": 32,
      "worldRevision": 160,
      "inventoryOps": 39,
      "worldItems": 0
    },
    "error": null
  },
  {
    "stepId": "pw:api@9326",
    "browserCallId": "call@17795",
    "startTime": 430171.68,
    "endTime": 430192.78,
    "title": "Evaluate",
    "params": {
      "expression": "() => {\n  var _seedlandsHarness$sn, _seedlandsHarness;\n  return (_seedlandsHarness$sn = (_seedlandsHarness = window.__seedlandsHarness) === null || _seedlandsHarness === void 0 ? void 0 : _seedlandsHarness.snapshot()) !== null && _seedlandsHarness$sn !== void 0 ? _seedlandsHarness$sn : null;\n}",
      "isFunction": "true",
      "arg": "Object"
    },
    "source": "/private/tmp/seedlands-v2-acceptance-8ae9e354/apps/web/tests/e2e/classic-support/harness.ts:102",
    "snapshot": {
      "player": [
        78.48011016845703,
        32.599998474121094,
        0.5807028412818909
      ],
      "server": [
        78.48010845816442,
        32.6,
        0.5807028181072799
      ],
      "view": [
        -193.7400000000005,
        -20.03000000000001
      ],
      "onGround": true,
      "colliding": false,
      "tick": 20977,
      "ack": 14308,
      "interactions": 32,
      "worldRevision": 160,
      "inventoryOps": 39,
      "worldItems": 0
    },
    "error": null
  },
  {
    "stepId": "pw:api@9327",
    "startTime": 430194.536,
    "endTime": 430205.027,
    "title": "Key down \"KeyS\"",
    "params": {
      "key": "KeyS"
    },
    "source": "/private/tmp/seedlands-v2-acceptance-8ae9e354/apps/web/tests/e2e/classic-support/harness.ts:248",
    "error": null
  },
  {
    "stepId": "pw:api@9328",
    "startTime": 430287.736,
    "endTime": 430290.358,
    "title": "Key up \"KeyS\"",
    "params": {
      "key": "KeyS"
    },
    "source": "/private/tmp/seedlands-v2-acceptance-8ae9e354/apps/web/tests/e2e/classic-support/harness.ts:254",
    "error": null
  },
  {
    "stepId": "pw:api@9330",
    "browserCallId": "call@17801",
    "startTime": 430291.15,
    "endTime": 430305.093,
    "title": "Evaluate",
    "params": {
      "expression": "() => {\n  var _seedlandsHarness$sn, _seedlandsHarness;\n  return (_seedlandsHarness$sn = (_seedlandsHarness = window.__seedlandsHarness) === null || _seedlandsHarness === void 0 ? void 0 : _seedlandsHarness.snapshot()) !== null && _seedlandsHarness$sn !== void 0 ? _seedlandsHarness$sn : null;\n}",
      "isFunction": "true",
      "arg": "Object"
    },
    "source": "/private/tmp/seedlands-v2-acceptance-8ae9e354/apps/web/tests/e2e/classic-support/harness.ts:102",
    "snapshot": {
      "player": [
        78.58306884765625,
        32.599998474121094,
        0.2995157241821289
      ],
      "server": [
        78.52962480063614,
        32.6,
        0.49736948477394655
      ],
      "view": [
        -193.7400000000005,
        -20.03000000000001
      ],
      "onGround": true,
      "colliding": false,
      "tick": 20984,
      "ack": 14315,
      "interactions": 32,
      "worldRevision": 160,
      "inventoryOps": 39,
      "worldItems": 0
    },
    "error": null
  },
  {
    "stepId": "pw:api@9332",
    "browserCallId": "call@17803",
    "startTime": 430307.147,
    "endTime": 430320.426,
    "title": "Evaluate",
    "params": {
      "expression": "() => {\n  var _seedlandsHarness$sn, _seedlandsHarness;\n  return (_seedlandsHarness$sn = (_seedlandsHarness = window.__seedlandsHarness) === null || _seedlandsHarness === void 0 ? void 0 : _seedlandsHarness.snapshot()) !== null && _seedlandsHarness$sn !== void 0 ? _seedlandsHarness$sn : null;\n}",
      "isFunction": "true",
      "arg": "Object"
    },
    "source": "/private/tmp/seedlands-v2-acceptance-8ae9e354/apps/web/tests/e2e/classic-support/harness.ts:102",
    "snapshot": {
      "player": [
        78.58306884765625,
        32.599998474121094,
        0.2995157241821289
      ],
      "server": [
        78.56525225421898,
        32.6,
        0.3723694847739465
      ],
      "view": [
        -193.7400000000005,
        -20.03000000000001
      ],
      "onGround": true,
      "colliding": false,
      "tick": 20986,
      "ack": 14317,
      "interactions": 32,
      "worldRevision": 160,
      "inventoryOps": 39,
      "worldItems": 0
    },
    "error": null
  },
  {
    "stepId": "pw:api@9333",
    "browserCallId": "call@17805",
    "startTime": 430321.709,
    "endTime": 430324.646,
    "title": "Bounding box locator('#game')",
    "params": {
      "selector": "#game",
      "strict": "true",
      "state": "attached"
    },
    "source": "/private/tmp/seedlands-v2-acceptance-8ae9e354/apps/web/tests/e2e/classic-support/mouse-input.ts:24",
    "error": null
  },
  {
    "stepId": "pw:api@9334",
    "startTime": 430324.978,
    "endTime": 430338.806,
    "title": "Mouse move",
    "params": {
      "x": "277.80816409928775",
      "y": "270"
    },
    "source": "/private/tmp/seedlands-v2-acceptance-8ae9e354/apps/web/tests/e2e/classic-support/mouse-input.ts:43",
    "error": null
  },
  {
    "stepId": "pw:api@9335",
    "browserCallId": "call@17811",
    "startTime": 430339.595,
    "endTime": 430371.655,
    "title": "Evaluate",
    "params": {
      "expression": "() => new Promise(resolve => requestAnimationFrame(() => requestAnimationFrame(() => resolve())))",
      "isFunction": "true",
      "arg": "Object"
    },
    "source": "/private/tmp/seedlands-v2-acceptance-8ae9e354/apps/web/tests/e2e/classic-support/mouse-input.ts:45",
    "error": null
  },
  {
    "stepId": "pw:api@9336",
    "browserCallId": "call@17813",
    "startTime": 430372.131,
    "endTime": 430384.697,
    "title": "Evaluate",
    "params": {
      "expression": "() => {\n  var _seedlandsHarness$sn, _seedlandsHarness;\n  return (_seedlandsHarness$sn = (_seedlandsHarness = window.__seedlandsHarness) === null || _seedlandsHarness === void 0 ? void 0 : _seedlandsHarness.snapshot()) !== null && _seedlandsHarness$sn !== void 0 ? _seedlandsHarness$sn : null;\n}",
      "isFunction": "true",
      "arg": "Object"
    },
    "source": "/private/tmp/seedlands-v2-acceptance-8ae9e354/apps/web/tests/e2e/classic-support/harness.ts:102",
    "snapshot": {
      "player": [
        78.58699035644531,
        32.599998474121094,
        0.14358022809028625
      ],
      "server": [
        78.58699081891291,
        32.6,
        0.19547485514090623
      ],
      "view": [
        -183.3400000000005,
        -20.03000000000001
      ],
      "onGround": true,
      "colliding": false,
      "tick": 20989,
      "ack": 14320,
      "interactions": 32,
      "worldRevision": 160,
      "inventoryOps": 39,
      "worldItems": 0
    },
    "error": null
  },
  {
    "stepId": "pw:api@9337",
    "browserCallId": "call@17815",
    "startTime": 430385.638,
    "endTime": 430390.164,
    "title": "Bounding box locator('#game')",
    "params": {
      "selector": "#game",
      "strict": "true",
      "state": "attached"
    },
    "source": "/private/tmp/seedlands-v2-acceptance-8ae9e354/apps/web/tests/e2e/classic-support/mouse-input.ts:24",
    "error": null
  },
  {
    "stepId": "pw:api@9338",
    "startTime": 430390.538,
    "endTime": 430408.945,
    "title": "Mouse move",
    "params": {
      "x": "197.80816409928775",
      "y": "270"
    },
    "source": "/private/tmp/seedlands-v2-acceptance-8ae9e354/apps/web/tests/e2e/classic-support/mouse-input.ts:43",
    "error": null
  },
  {
    "stepId": "pw:api@9339",
    "browserCallId": "call@17821",
    "startTime": 430409.373,
    "endTime": 430438.727,
    "title": "Evaluate",
    "params": {
      "expression": "() => new Promise(resolve => requestAnimationFrame(() => requestAnimationFrame(() => resolve())))",
      "isFunction": "true",
      "arg": "Object"
    },
    "source": "/private/tmp/seedlands-v2-acceptance-8ae9e354/apps/web/tests/e2e/classic-support/mouse-input.ts:45",
    "error": null
  },
  {
    "stepId": "pw:api@9340",
    "browserCallId": "call@17823",
    "startTime": 430439.186,
    "endTime": 430451.945,
    "title": "Evaluate",
    "params": {
      "expression": "() => {\n  var _seedlandsHarness$sn, _seedlandsHarness;\n  return (_seedlandsHarness$sn = (_seedlandsHarness = window.__seedlandsHarness) === null || _seedlandsHarness === void 0 ? void 0 : _seedlandsHarness.snapshot()) !== null && _seedlandsHarness$sn !== void 0 ? _seedlandsHarness$sn : null;\n}",
      "isFunction": "true",
      "arg": "Object"
    },
    "source": "/private/tmp/seedlands-v2-acceptance-8ae9e354/apps/web/tests/e2e/classic-support/harness.ts:102",
    "snapshot": {
      "player": [
        78.58699035644531,
        32.599998474121094,
        0.14358022809028625
      ],
      "server": [
        78.58699081891291,
        32.6,
        0.14358022550786598
      ],
      "view": [
        -172.94000000000048,
        -20.03000000000001
      ],
      "onGround": true,
      "colliding": false,
      "tick": 20993,
      "ack": 14324,
      "interactions": 32,
      "worldRevision": 160,
      "inventoryOps": 39,
      "worldItems": 0
    },
    "error": null
  },
  {
    "stepId": "pw:api@9341",
    "browserCallId": "call@17825",
    "startTime": 430453.103,
    "endTime": 430456.26,
    "title": "Bounding box locator('#game')",
    "params": {
      "selector": "#game",
      "strict": "true",
      "state": "attached"
    },
    "source": "/private/tmp/seedlands-v2-acceptance-8ae9e354/apps/web/tests/e2e/classic-support/mouse-input.ts:24",
    "error": null
  },
  {
    "stepId": "pw:api@9342",
    "startTime": 430456.626,
    "endTime": 430471.305,
    "title": "Mouse move",
    "params": {
      "x": "117.80816409928775",
      "y": "270"
    },
    "source": "/private/tmp/seedlands-v2-acceptance-8ae9e354/apps/web/tests/e2e/classic-support/mouse-input.ts:43",
    "error": null
  },
  {
    "stepId": "pw:api@9343",
    "browserCallId": "call@17831",
    "startTime": 430471.846,
    "endTime": 430505.939,
    "title": "Evaluate",
    "params": {
      "expression": "() => new Promise(resolve => requestAnimationFrame(() => requestAnimationFrame(() => resolve())))",
      "isFunction": "true",
      "arg": "Object"
    },
    "source": "/private/tmp/seedlands-v2-acceptance-8ae9e354/apps/web/tests/e2e/classic-support/mouse-input.ts:45",
    "error": null
  },
  {
    "stepId": "pw:api@9344",
    "browserCallId": "call@17833",
    "startTime": 430506.443,
    "endTime": 430520.634,
    "title": "Evaluate",
    "params": {
      "expression": "() => {\n  var _seedlandsHarness$sn, _seedlandsHarness;\n  return (_seedlandsHarness$sn = (_seedlandsHarness = window.__seedlandsHarness) === null || _seedlandsHarness === void 0 ? void 0 : _seedlandsHarness.snapshot()) !== null && _seedlandsHarness$sn !== void 0 ? _seedlandsHarness$sn : null;\n}",
      "isFunction": "true",
      "arg": "Object"
    },
    "source": "/private/tmp/seedlands-v2-acceptance-8ae9e354/apps/web/tests/e2e/classic-support/harness.ts:102",
    "snapshot": {
      "player": [
        78.58699035644531,
        32.599998474121094,
        0.14358022809028625
      ],
      "server": [
        78.58699081891291,
        32.6,
        0.14358022550786598
      ],
      "view": [
        -162.54000000000048,
        -20.03000000000001
      ],
      "onGround": true,
      "colliding": false,
      "tick": 20997,
      "ack": 14327,
      "interactions": 32,
      "worldRevision": 160,
      "inventoryOps": 39,
      "worldItems": 0
    },
    "error": null
  },
  {
    "stepId": "pw:api@9345",
    "browserCallId": "call@17835",
    "startTime": 430522.006,
    "endTime": 430524.759,
    "title": "Bounding box locator('#game')",
    "params": {
      "selector": "#game",
      "strict": "true",
      "state": "attached"
    },
    "source": "/private/tmp/seedlands-v2-acceptance-8ae9e354/apps/web/tests/e2e/classic-support/mouse-input.ts:24",
    "error": null
  },
  {
    "stepId": "pw:api@9346",
    "browserCallId": "call@17839",
    "startTime": 430525.126,
    "endTime": 430528.051,
    "title": "Evaluate",
    "params": {
      "expression": "() => document.exitPointerLock()",
      "isFunction": "true",
      "arg": "Object"
    },
    "source": "/private/tmp/seedlands-v2-acceptance-8ae9e354/apps/web/tests/e2e/classic-support/mouse-input.ts:33",
    "error": null
  },
  {
    "stepId": "pw:api@9347",
    "browserCallId": "call@17841",
    "startTime": 430528.487,
    "endTime": 430530.073,
    "title": "Wait for function",
    "params": {
      "pollingInterval": "undefined",
      "expression": "() => document.pointerLockElement === null",
      "isFunction": "true",
      "arg": "Object"
    },
    "source": "/private/tmp/seedlands-v2-acceptance-8ae9e354/apps/web/tests/e2e/classic-support/mouse-input.ts:34",
    "error": null
  },
  {
    "stepId": "pw:api@9348",
    "startTime": 430530.408,
    "endTime": 432033.998,
    "title": "Wait for timeout",
    "params": {
      "waitTimeout": "1500"
    },
    "source": "/private/tmp/seedlands-v2-acceptance-8ae9e354/apps/web/tests/e2e/classic-support/mouse-input.ts:36",
    "error": null
  },
  {
    "stepId": "pw:api@9349",
    "browserCallId": "call@17845",
    "startTime": 432034.991,
    "endTime": 432040.588,
    "title": "Is visible getByRole('button', { name: '继续游戏', exact: true })",
    "params": {
      "selector": "internal:role=button[name=\"继续游戏\"s]",
      "strict": "true"
    },
    "source": "/private/tmp/seedlands-v2-acceptance-8ae9e354/apps/web/tests/e2e/classic-support/mouse-input.ts:38",
    "error": null
  },
  {
    "stepId": "pw:api@9350",
    "startTime": 432041.588,
    "endTime": 432078.903,
    "title": "Click getByRole('button', { name: '继续游戏', exact: true })",
    "params": {
      "selector": "internal:role=button[name=\"继续游戏\"s]",
      "strict": "true"
    },
    "source": "/private/tmp/seedlands-v2-acceptance-8ae9e354/apps/web/tests/e2e/classic-support/mouse-input.ts:38",
    "error": null
  },
  {
    "stepId": "pw:api@9351",
    "browserCallId": "call@17849",
    "startTime": 432079.685,
    "endTime": 432082.282,
    "title": "Is visible locator('#debug')",
    "params": {
      "selector": "#debug",
      "strict": "true"
    },
    "source": "/private/tmp/seedlands-v2-acceptance-8ae9e354/apps/web/tests/e2e/classic-support/mouse-input.ts:7",
    "error": null
  },
  {
    "stepId": "pw:api@9352",
    "browserCallId": "call@17851",
    "startTime": 432082.861,
    "endTime": 432085.981,
    "title": "Bounding box locator('#game')",
    "params": {
      "selector": "#game",
      "strict": "true",
      "state": "attached"
    },
    "source": "/private/tmp/seedlands-v2-acceptance-8ae9e354/apps/web/tests/e2e/classic-support/mouse-input.ts:9",
    "error": null
  },
  {
    "stepId": "pw:api@9353",
    "startTime": 432086.56,
    "endTime": 432165.442,
    "title": "Click locator('#game')",
    "params": {
      "selector": "#game",
      "strict": "true",
      "position": "Object"
    },
    "source": "/private/tmp/seedlands-v2-acceptance-8ae9e354/apps/web/tests/e2e/classic-support/mouse-input.ts:11",
    "error": null
  },
  {
    "stepId": "pw:api@9354",
    "browserCallId": "call@17857",
    "startTime": 432165.953,
    "endTime": 432167.586,
    "title": "Wait for function",
    "params": {
      "pollingInterval": "undefined",
      "expression": "() => {\n    var _document$pointerLock;\n    return ((_document$pointerLock = document.pointerLockElement) === null || _document$pointerLock === void 0 ? void 0 : _document$pointerLock.id) === 'game';\n  }",
      "isFunction": "true",
      "arg": "Object"
    },
    "source": "/private/tmp/seedlands-v2-acceptance-8ae9e354/apps/web/tests/e2e/classic-support/mouse-input.ts:12",
    "error": null
  },
  {
    "stepId": "pw:api@9355",
    "startTime": 432167.947,
    "endTime": 432174.097,
    "title": "Mouse move",
    "params": {
      "x": "400",
      "y": "270"
    },
    "source": "/private/tmp/seedlands-v2-acceptance-8ae9e354/apps/web/tests/e2e/classic-support/mouse-input.ts:43",
    "error": null
  },
  {
    "stepId": "pw:api@9356",
    "browserCallId": "call@17861",
    "startTime": 432175.023,
    "endTime": 432221.866,
    "title": "Evaluate",
    "params": {
      "expression": "() => new Promise(resolve => requestAnimationFrame(() => requestAnimationFrame(() => resolve())))",
      "isFunction": "true",
      "arg": "Object"
    },
    "source": "/private/tmp/seedlands-v2-acceptance-8ae9e354/apps/web/tests/e2e/classic-support/mouse-input.ts:45",
    "error": null
  },
  {
    "stepId": "pw:api@9357",
    "browserCallId": "call@17863",
    "startTime": 432222.375,
    "endTime": 432237.88,
    "title": "Evaluate",
    "params": {
      "expression": "() => {\n  var _seedlandsHarness$sn, _seedlandsHarness;\n  return (_seedlandsHarness$sn = (_seedlandsHarness = window.__seedlandsHarness) === null || _seedlandsHarness === void 0 ? void 0 : _seedlandsHarness.snapshot()) !== null && _seedlandsHarness$sn !== void 0 ? _seedlandsHarness$sn : null;\n}",
      "isFunction": "true",
      "arg": "Object"
    },
    "source": "/private/tmp/seedlands-v2-acceptance-8ae9e354/apps/web/tests/e2e/classic-support/harness.ts:102",
    "snapshot": {
      "player": [
        78.58699035644531,
        32.599998474121094,
        0.14358022809028625
      ],
      "server": [
        78.58699081891291,
        32.6,
        0.14358022550786598
      ],
      "view": [
        -152.14000000000047,
        -20.03000000000001
      ],
      "onGround": true,
      "colliding": false,
      "tick": 21008,
      "ack": 14340,
      "interactions": 32,
      "worldRevision": 160,
      "inventoryOps": 39,
      "worldItems": 0
    },
    "error": null
  },
  {
    "stepId": "pw:api@9358",
    "browserCallId": "call@17865",
    "startTime": 432239.731,
    "endTime": 432243.743,
    "title": "Bounding box locator('#game')",
    "params": {
      "selector": "#game",
      "strict": "true",
      "state": "attached"
    },
    "source": "/private/tmp/seedlands-v2-acceptance-8ae9e354/apps/web/tests/e2e/classic-support/mouse-input.ts:24",
    "error": null
  },
  {
    "stepId": "pw:api@9359",
    "startTime": 432244.202,
    "endTime": 432262.531,
    "title": "Mouse move",
    "params": {
      "x": "320",
      "y": "270"
    },
    "source": "/private/tmp/seedlands-v2-acceptance-8ae9e354/apps/web/tests/e2e/classic-support/mouse-input.ts:43",
    "error": null
  },
  {
    "stepId": "pw:api@9360",
    "browserCallId": "call@17871",
    "startTime": 432263.026,
    "endTime": 432288.898,
    "title": "Evaluate",
    "params": {
      "expression": "() => new Promise(resolve => requestAnimationFrame(() => requestAnimationFrame(() => resolve())))",
      "isFunction": "true",
      "arg": "Object"
    },
    "source": "/private/tmp/seedlands-v2-acceptance-8ae9e354/apps/web/tests/e2e/classic-support/mouse-input.ts:45",
    "error": null
  },
  {
    "stepId": "pw:api@9361",
    "browserCallId": "call@17873",
    "startTime": 432289.385,
    "endTime": 432303.339,
    "title": "Evaluate",
    "params": {
      "expression": "() => {\n  var _seedlandsHarness$sn, _seedlandsHarness;\n  return (_seedlandsHarness$sn = (_seedlandsHarness = window.__seedlandsHarness) === null || _seedlandsHarness === void 0 ? void 0 : _seedlandsHarness.snapshot()) !== null && _seedlandsHarness$sn !== void 0 ? _seedlandsHarness$sn : null;\n}",
      "isFunction": "true",
      "arg": "Object"
    },
    "source": "/private/tmp/seedlands-v2-acceptance-8ae9e354/apps/web/tests/e2e/classic-support/harness.ts:102",
    "snapshot": {
      "player": [
        78.58699035644531,
        32.599998474121094,
        0.14358022809028625
      ],
      "server": [
        78.58699081891291,
        32.6,
        0.14358022550786598
      ],
      "view": [
        -141.74000000000046,
        -20.03000000000001
      ],
      "onGround": true,
      "colliding": false,
      "tick": 21011,
      "ack": 14343,
      "interactions": 32,
      "worldRevision": 160,
      "inventoryOps": 39,
      "worldItems": 0
    },
    "error": null
  },
  {
    "stepId": "pw:api@9362",
    "browserCallId": "call@17875",
    "startTime": 432304.578,
    "endTime": 432308.076,
    "title": "Bounding box locator('#game')",
    "params": {
      "selector": "#game",
      "strict": "true",
      "state": "attached"
    },
    "source": "/private/tmp/seedlands-v2-acceptance-8ae9e354/apps/web/tests/e2e/classic-support/mouse-input.ts:24",
    "error": null
  },
  {
    "stepId": "pw:api@9363",
    "startTime": 432308.444,
    "endTime": 432322.346,
    "title": "Mouse move",
    "params": {
      "x": "240",
      "y": "270"
    },
    "source": "/private/tmp/seedlands-v2-acceptance-8ae9e354/apps/web/tests/e2e/classic-support/mouse-input.ts:43",
    "error": null
  },
  {
    "stepId": "pw:api@9364",
    "browserCallId": "call@17881",
    "startTime": 432322.873,
    "endTime": 432358.325,
    "title": "Evaluate",
    "params": {
      "expression": "() => new Promise(resolve => requestAnimationFrame(() => requestAnimationFrame(() => resolve())))",
      "isFunction": "true",
      "arg": "Object"
    },
    "source": "/private/tmp/seedlands-v2-acceptance-8ae9e354/apps/web/tests/e2e/classic-support/mouse-input.ts:45",
    "error": null
  },
  {
    "stepId": "pw:api@9365",
    "browserCallId": "call@17883",
    "startTime": 432358.766,
    "endTime": 432371.554,
    "title": "Evaluate",
    "params": {
      "expression": "() => {\n  var _seedlandsHarness$sn, _seedlandsHarness;\n  return (_seedlandsHarness$sn = (_seedlandsHarness = window.__seedlandsHarness) === null || _seedlandsHarness === void 0 ? void 0 : _seedlandsHarness.snapshot()) !== null && _seedlandsHarness$sn !== void 0 ? _seedlandsHarness$sn : null;\n}",
      "isFunction": "true",
      "arg": "Object"
    },
    "source": "/private/tmp/seedlands-v2-acceptance-8ae9e354/apps/web/tests/e2e/classic-support/harness.ts:102",
    "snapshot": {
      "player": [
        78.58699035644531,
        32.599998474121094,
        0.14358022809028625
      ],
      "server": [
        78.58699081891291,
        32.6,
        0.14358022550786598
      ],
      "view": [
        -131.34000000000046,
        -20.03000000000001
      ],
      "onGround": true,
      "colliding": false,
      "tick": 21016,
      "ack": 14348,
      "interactions": 32,
      "worldRevision": 160,
      "inventoryOps": 39,
      "worldItems": 0
    },
    "error": null
  },
  {
    "stepId": "pw:api@9366",
    "browserCallId": "call@17885",
    "startTime": 432372.825,
    "endTime": 432375.694,
    "title": "Bounding box locator('#game')",
    "params": {
      "selector": "#game",
      "strict": "true",
      "state": "attached"
    },
    "source": "/private/tmp/seedlands-v2-acceptance-8ae9e354/apps/web/tests/e2e/classic-support/mouse-input.ts:24",
    "error": null
  },
  {
    "stepId": "pw:api@9367",
    "startTime": 432376.022,
    "endTime": 432388.065,
    "title": "Mouse move",
    "params": {
      "x": "160",
      "y": "270"
    },
    "source": "/private/tmp/seedlands-v2-acceptance-8ae9e354/apps/web/tests/e2e/classic-support/mouse-input.ts:43",
    "error": null
  },
  {
    "stepId": "pw:api@9368",
    "browserCallId": "call@17891",
    "startTime": 432388.534,
    "endTime": 432421.424,
    "title": "Evaluate",
    "params": {
      "expression": "() => new Promise(resolve => requestAnimationFrame(() => requestAnimationFrame(() => resolve())))",
      "isFunction": "true",
      "arg": "Object"
    },
    "source": "/private/tmp/seedlands-v2-acceptance-8ae9e354/apps/web/tests/e2e/classic-support/mouse-input.ts:45",
    "error": null
  },
  {
    "stepId": "pw:api@9369",
    "browserCallId": "call@17893",
    "startTime": 432421.89,
    "endTime": 432434.852,
    "title": "Evaluate",
    "params": {
      "expression": "() => {\n  var _seedlandsHarness$sn, _seedlandsHarness;\n  return (_seedlandsHarness$sn = (_seedlandsHarness = window.__seedlandsHarness) === null || _seedlandsHarness === void 0 ? void 0 : _seedlandsHarness.snapshot()) !== null && _seedlandsHarness$sn !== void 0 ? _seedlandsHarness$sn : null;\n}",
      "isFunction": "true",
      "arg": "Object"
    },
    "source": "/private/tmp/seedlands-v2-acceptance-8ae9e354/apps/web/tests/e2e/classic-support/harness.ts:102",
    "snapshot": {
      "player": [
        78.58699035644531,
        32.599998474121094,
        0.14358022809028625
      ],
      "server": [
        78.58699081891291,
        32.6,
        0.14358022550786598
      ],
      "view": [
        -120.94000000000045,
        -20.03000000000001
      ],
      "onGround": true,
      "colliding": false,
      "tick": 21020,
      "ack": 14352,
      "interactions": 32,
      "worldRevision": 160,
      "inventoryOps": 39,
      "worldItems": 0
    },
    "error": null
  },
  {
    "stepId": "pw:api@9370",
    "browserCallId": "call@17895",
    "startTime": 432436.253,
    "endTime": 432441.443,
    "title": "Bounding box locator('#game')",
    "params": {
      "selector": "#game",
      "strict": "true",
      "state": "attached"
    },
    "source": "/private/tmp/seedlands-v2-acceptance-8ae9e354/apps/web/tests/e2e/classic-support/mouse-input.ts:24",
    "error": null
  },
  {
    "stepId": "pw:api@9371",
    "startTime": 432441.845,
    "endTime": 432456.12,
    "title": "Mouse move",
    "params": {
      "x": "80",
      "y": "270"
    },
    "source": "/private/tmp/seedlands-v2-acceptance-8ae9e354/apps/web/tests/e2e/classic-support/mouse-input.ts:43",
    "error": null
  },
  {
    "stepId": "pw:api@9372",
    "browserCallId": "call@17901",
    "startTime": 432456.601,
    "endTime": 432487.528,
    "title": "Evaluate",
    "params": {
      "expression": "() => new Promise(resolve => requestAnimationFrame(() => requestAnimationFrame(() => resolve())))",
      "isFunction": "true",
      "arg": "Object"
    },
    "source": "/private/tmp/seedlands-v2-acceptance-8ae9e354/apps/web/tests/e2e/classic-support/mouse-input.ts:45",
    "error": null
  },
  {
    "stepId": "pw:api@9373",
    "browserCallId": "call@17903",
    "startTime": 432487.96,
    "endTime": 432500.865,
    "title": "Evaluate",
    "params": {
      "expression": "() => {\n  var _seedlandsHarness$sn, _seedlandsHarness;\n  return (_seedlandsHarness$sn = (_seedlandsHarness = window.__seedlandsHarness) === null || _seedlandsHarness === void 0 ? void 0 : _seedlandsHarness.snapshot()) !== null && _seedlandsHarness$sn !== void 0 ? _seedlandsHarness$sn : null;\n}",
      "isFunction": "true",
      "arg": "Object"
    },
    "source": "/private/tmp/seedlands-v2-acceptance-8ae9e354/apps/web/tests/e2e/classic-support/harness.ts:102",
    "snapshot": {
      "player": [
        78.58699035644531,
        32.599998474121094,
        0.14358022809028625
      ],
      "server": [
        78.58699081891291,
        32.6,
        0.14358022550786598
      ],
      "view": [
        -110.54000000000045,
        -20.03000000000001
      ],
      "onGround": true,
      "colliding": false,
      "tick": 21023,
      "ack": 14355,
      "interactions": 32,
      "worldRevision": 160,
      "inventoryOps": 39,
      "worldItems": 0
    },
    "error": null
  },
  {
    "stepId": "pw:api@9374",
    "browserCallId": "call@17905",
    "startTime": 432501.652,
    "endTime": 432505.976,
    "title": "Bounding box locator('#game')",
    "params": {
      "selector": "#game",
      "strict": "true",
      "state": "attached"
    },
    "source": "/private/tmp/seedlands-v2-acceptance-8ae9e354/apps/web/tests/e2e/classic-support/mouse-input.ts:24",
    "error": null
  },
  {
    "stepId": "pw:api@9375",
    "browserCallId": "call@17909",
    "startTime": 432506.396,
    "endTime": 432510.302,
    "title": "Evaluate",
    "params": {
      "expression": "() => document.exitPointerLock()",
      "isFunction": "true",
      "arg": "Object"
    },
    "source": "/private/tmp/seedlands-v2-acceptance-8ae9e354/apps/web/tests/e2e/classic-support/mouse-input.ts:33",
    "error": null
  },
  {
    "stepId": "pw:api@9376",
    "browserCallId": "call@17911",
    "startTime": 432510.704,
    "endTime": 432512.213,
    "title": "Wait for function",
    "params": {
      "pollingInterval": "undefined",
      "expression": "() => document.pointerLockElement === null",
      "isFunction": "true",
      "arg": "Object"
    },
    "source": "/private/tmp/seedlands-v2-acceptance-8ae9e354/apps/web/tests/e2e/classic-support/mouse-input.ts:34",
    "error": null
  },
  {
    "stepId": "pw:api@9377",
    "startTime": 432512.547,
    "endTime": 434016.397,
    "title": "Wait for timeout",
    "params": {
      "waitTimeout": "1500"
    },
    "source": "/private/tmp/seedlands-v2-acceptance-8ae9e354/apps/web/tests/e2e/classic-support/mouse-input.ts:36",
    "error": null
  },
  {
    "stepId": "pw:api@9378",
    "browserCallId": "call@17915",
    "startTime": 434017.356,
    "endTime": 434022.18,
    "title": "Is visible getByRole('button', { name: '继续游戏', exact: true })",
    "params": {
      "selector": "internal:role=button[name=\"继续游戏\"s]",
      "strict": "true"
    },
    "source": "/private/tmp/seedlands-v2-acceptance-8ae9e354/apps/web/tests/e2e/classic-support/mouse-input.ts:38",
    "error": null
  },
  {
    "stepId": "pw:api@9379",
    "startTime": 434023.062,
    "endTime": 434063.07,
    "title": "Click getByRole('button', { name: '继续游戏', exact: true })",
    "params": {
      "selector": "internal:role=button[name=\"继续游戏\"s]",
      "strict": "true"
    },
    "source": "/private/tmp/seedlands-v2-acceptance-8ae9e354/apps/web/tests/e2e/classic-support/mouse-input.ts:38",
    "error": null
  },
  {
    "stepId": "pw:api@9380",
    "browserCallId": "call@17919",
    "startTime": 434063.843,
    "endTime": 434066.448,
    "title": "Is visible locator('#debug')",
    "params": {
      "selector": "#debug",
      "strict": "true"
    },
    "source": "/private/tmp/seedlands-v2-acceptance-8ae9e354/apps/web/tests/e2e/classic-support/mouse-input.ts:7",
    "error": null
  },
  {
    "stepId": "pw:api@9381",
    "browserCallId": "call@17921",
    "startTime": 434067.093,
    "endTime": 434079.874,
    "title": "Bounding box locator('#game')",
    "params": {
      "selector": "#game",
      "strict": "true",
      "state": "attached"
    },
    "source": "/private/tmp/seedlands-v2-acceptance-8ae9e354/apps/web/tests/e2e/classic-support/mouse-input.ts:9",
    "error": null
  },
  {
    "stepId": "pw:api@9382",
    "startTime": 434080.566,
    "endTime": 434165.788,
    "title": "Click locator('#game')",
    "params": {
      "selector": "#game",
      "strict": "true",
      "position": "Object"
    },
    "source": "/private/tmp/seedlands-v2-acceptance-8ae9e354/apps/web/tests/e2e/classic-support/mouse-input.ts:11",
    "error": null
  },
  {
    "stepId": "pw:api@9383",
    "browserCallId": "call@17927",
    "startTime": 434166.372,
    "endTime": 434168.154,
    "title": "Wait for function",
    "params": {
      "pollingInterval": "undefined",
      "expression": "() => {\n    var _document$pointerLock;\n    return ((_document$pointerLock = document.pointerLockElement) === null || _document$pointerLock === void 0 ? void 0 : _document$pointerLock.id) === 'game';\n  }",
      "isFunction": "true",
      "arg": "Object"
    },
    "source": "/private/tmp/seedlands-v2-acceptance-8ae9e354/apps/web/tests/e2e/classic-support/mouse-input.ts:12",
    "error": null
  },
  {
    "stepId": "pw:api@9384",
    "startTime": 434168.817,
    "endTime": 434212.114,
    "title": "Mouse move",
    "params": {
      "x": "400",
      "y": "270"
    },
    "source": "/private/tmp/seedlands-v2-acceptance-8ae9e354/apps/web/tests/e2e/classic-support/mouse-input.ts:43",
    "error": null
  },
  {
    "stepId": "pw:api@9385",
    "browserCallId": "call@17931",
    "startTime": 434212.6,
    "endTime": 434238.908,
    "title": "Evaluate",
    "params": {
      "expression": "() => new Promise(resolve => requestAnimationFrame(() => requestAnimationFrame(() => resolve())))",
      "isFunction": "true",
      "arg": "Object"
    },
    "source": "/private/tmp/seedlands-v2-acceptance-8ae9e354/apps/web/tests/e2e/classic-support/mouse-input.ts:45",
    "error": null
  },
  {
    "stepId": "pw:api@9386",
    "browserCallId": "call@17933",
    "startTime": 434239.422,
    "endTime": 434277.232,
    "title": "Evaluate",
    "params": {
      "expression": "() => {\n  var _seedlandsHarness$sn, _seedlandsHarness;\n  return (_seedlandsHarness$sn = (_seedlandsHarness = window.__seedlandsHarness) === null || _seedlandsHarness === void 0 ? void 0 : _seedlandsHarness.snapshot()) !== null && _seedlandsHarness$sn !== void 0 ? _seedlandsHarness$sn : null;\n}",
      "isFunction": "true",
      "arg": "Object"
    },
    "source": "/private/tmp/seedlands-v2-acceptance-8ae9e354/apps/web/tests/e2e/classic-support/harness.ts:102",
    "snapshot": {
      "player": [
        78.58699035644531,
        32.599998474121094,
        0.14358022809028625
      ],
      "server": [
        78.58699081891291,
        32.6,
        0.14358022550786598
      ],
      "view": [
        -100.14000000000044,
        -20.03000000000001
      ],
      "onGround": true,
      "colliding": false,
      "tick": 21036,
      "ack": 14370,
      "interactions": 32,
      "worldRevision": 160,
      "inventoryOps": 39,
      "worldItems": 0
    },
    "error": null
  }
]
