{
  "schemaVersion": 1,
  "status": "FAIL",
  "attempts": [
    {
      "schemaVersion": 1,
      "status": "FAIL",
      "attempt": 0,
      "test": "Classic 生产旅程以真实输入完成 C0-C5，并复用同一运行时性能场景",
      "project": "chromium",
      "benchmark": false,
      "stages": {
        "C0": {
          "status": "PASS",
          "observation": "Production preview loaded the fixed seed with a stamped Classic composition, Authority/logic/persistence/compute Workers, consumed Wasm bytes and an actual WebGL2 context."
        },
        "C1": {
          "status": "PASS",
          "observation": "Pointer Lock mouse movement changed the route, then held W+Space crossed from Chunk 0 to Chunk 1 and Authority acknowledged it."
        },
        "C2": {
          "status": "PASS",
          "observation": "Mouse mining produced visible drops; movement picked them up; E opened inventory and real 2x2 pointer interactions produced planks, sticks, a wood sword and a workbench."
        },
        "C3": {
          "status": "PASS",
          "observation": "Right click placed crafted planks with a consumed mesh commit; inventory food restored health; held real mouse input buffered and completed the wood-sword second combo hit before defeating the fixed creature; a crafted workbench was placed, opened through the station runtime, then dismantled and recovered through real actions."
        }
      },
      "errors": [
        "Error: \u001b[2mexpect(\u001b[22m\u001b[31mreceived\u001b[39m\u001b[2m).\u001b[22mtoBe\u001b[2m(\u001b[22m\u001b[32mexpected\u001b[39m\u001b[2m) // Object.is equality\u001b[22m\n\nExpected: \u001b[32mtrue\u001b[39m\nReceived: \u001b[31mfalse\u001b[39m\n\nCall Log:\n- Timeout 5000ms exceeded while waiting on the predicate"
      ],
      "current": {
        "frameMs": 14.799999997019768,
        "player": [
          67.35381317138672,
          32.60000228881836,
          0.6452956795692444
        ],
        "viewAngles": [
          -78.17,
          -28.740000000000002
        ],
        "streamCenter": [
          2,
          0
        ],
        "loadedChunks": 24,
        "renderedChunks": 13,
        "generationQueue": 0,
        "meshingQueue": 0,
        "deferredRemeshes": 0,
        "onGround": true,
        "colliding": false,
        "interactionAttempts": 13,
        "mutationCount": 4254,
        "worldRevision": 141,
        "structuralEventCount": 141,
        "remeshSchedulingCount": 141,
        "lastCommitMutationCount": 6,
        "lastCommitMeshChunkCount": 2,
        "storageBytes": 32676508,
        "worldTime": 20.045999999995715,
        "timePaused": false,
        "quality": "low",
        "triangles": 90308,
        "drawCalls": 25,
        "blockLightBricks": 24,
        "blockLightAllocatedBytes": 6291456,
        "blockLightRebuildCount": 1186,
        "collisionDebug": {
          "enabled": false,
          "entityCount": 0,
          "meshCount": 0,
          "materialCount": 0,
          "visibleBatchCount": 0,
          "vertexCapacity": 0,
          "buildCount": 0,
          "authorityRequestCount": 0
        },
        "runtime": "authority-worker",
        "workers": {
          "total": 5,
          "authority": 1,
          "logic": 1,
          "persistence": 1,
          "fluid": 1,
          "general": 1
        },
        "authority": {
          "physicsHz": 60,
          "paused": true,
          "physicsTick": 12268,
          "integratedPhysicsTimeMs": 204466.6666666392,
          "acknowledgedInputSequence": 5500,
          "physicsDebtMs": 12.533333376748487,
          "activeTimeMs": 204479.20000001596,
          "commitSequence": 52592,
          "physicsCost": {
            "count": 12268,
            "capacity": 256,
            "samplesMs": [
              0.29999999701976776,
              0.29999999701976776,
              0.3999999910593033,
              0.3999999910593033,
              0.30000001192092896,
              0.5,
              0.4000000059604645,
              0.3999999910593033,
              0.3999999910593033,
              0.3999999910593033,
              0.4000000059604645,
              0.4000000059604645,
              0.29999999701976776,
              0.4000000059604645,
              0.4000000059604645,
              0.30000001192092896,
              0.30000001192092896,
              0.29999999701976776,
              0.5,
              0.5,
              0.29999999701976776,
              0.5,
              0.20000000298023224,
              0.4000000059604645,
              0.4000000059604645,
              0.5,
              0.29999999701976776,
              0.4000000059604645,
              0.29999999701976776,
              0.5,
              0.30000001192092896,
              0.29999999701976776,
              0.3999999910593033,
              0.3999999910593033,
              0.20000000298023224,
              0.4000000059604645,
              0.29999999701976776,
              0.29999999701976776,
              0.4000000059604645,
              0.3999999910593033,
              0.29999999701976776,
              0.30000001192092896,
              0.29999999701976776,
              0.3999999910593033,
              0.4000000059604645,
              0.4000000059604645,
              0.5,
              0.29999999701976776,
              0.30000001192092896,
              0.29999999701976776,
              0.29999999701976776,
              0.3999999910593033,
              0.29999999701976776,
              0.5,
              0.29999999701976776,
              0.4000000059604645,
              0.3999999910593033,
              0.5,
              0.29999999701976776,
              0.4000000059604645,
              0.4000000059604645,
              0.29999999701976776,
              0.19999998807907104,
              0.4000000059604645,
              0.29999999701976776,
              0.29999999701976776,
              0.3999999910593033,
              0.3999999910593033,
              0.30000001192092896,
              0.5,
              0.29999999701976776,
              0.5,
              0.7000000029802322,
              0.5999999940395355,
              0.5,
              0.3999999910593033,
              0.3999999910593033,
              0.4000000059604645,
              0.3999999910593033,
              0.5,
              0.4000000059604645,
              0.4000000059604645,
              0.30000001192092896,
              0.29999999701976776,
              0.4000000059604645,
              0.5,
              0.20000000298023224,
              0.4000000059604645,
              0.29999999701976776,
              0.3999999910593033,
              0.4000000059604645,
              0.29999999701976776,
              0.30000001192092896,
              0.4000000059604645,
              0.3999999910593033,
              0.4000000059604645,
              0.30000001192092896,
              0.29999999701976776,
              0.4000000059604645,
              0.4000000059604645,
              0.4000000059604645,
              0.29999999701976776,
              0.5,
              0.5,
              0.29999999701976776,
              0.4000000059604645,
              0.4000000059604645,
              0.30000001192092896,
              0.4000000059604645,
              0.4000000059604645,
              0.4000000059604645,
              0.5,
              0.4000000059604645,
              0.5,
              0.3999999910593033,
              0.5,
              0.4000000059604645,
              0.5,
              0.5,
              0.3999999910593033,
              0.29999999701976776,
              0.20000000298023224,
              0.3999999910593033,
              0.4000000059604645,
              0.29999999701976776,
              0.3999999910593033,
              0.5,
              0.3999999910593033,
              0.3999999910593033,
              0.29999999701976776,
              0.29999999701976776,
              0.5,
              0.30000001192092896,
              0.4000000059604645,
              0.5,
              0.29999999701976776,
              0.3999999910593033,
              0.3999999910593033,
              0.4000000059604645,
              0.5,
              0.4000000059604645,
              0.4000000059604645,
              0.29999999701976776,
              0.5,
              0.29999999701976776,
              0.30000001192092896,
              0.29999999701976776,
              0.29999999701976776,
              0.29999999701976776,
              0.4000000059604645,
              0.4000000059604645,
              0.29999999701976776,
              0.29999999701976776,
              0.4000000059604645,
              0.29999999701976776,
              0.3999999910593033,
              0.30000001192092896,
              0.4000000059604645,
              0.29999999701976776,
              0.29999999701976776,
              0.29999999701976776,
              0.3999999910593033,
              0.5,
              0.20000000298023224,
              0.5,
              0.5,
              0.5,
              0.4000000059604645,
              0.5,
              0.4000000059604645,
              0.4000000059604645,
              0.5999999940395355,
              0.4000000059604645,
              0.29999999701976776,
              0.5,
              0.5,
              0.29999999701976776,
              0.4000000059604645,
              0.5,
              0.6000000089406967,
              0.3999999910593033,
              0.5,
              0.6000000089406967,
              0.4000000059604645,
              0.3999999910593033,
              0.29999999701976776,
              0.5,
              0.4000000059604645,
              0.4000000059604645,
              0.5999999940395355,
              0.4000000059604645,
              0.3999999910593033,
              0.3999999910593033,
              0.5,
              0.4000000059604645,
              0.5,
              0.5,
              0.5,
              0.4000000059604645,
              0.4000000059604645,
              0.5,
              0.3999999910593033,
              0.4000000059604645,
              0.29999999701976776,
              0.30000001192092896,
              0.30000001192092896,
              0.5,
              0.3999999910593033,
              0.5,
              0.5,
              0.4000000059604645,
              0.4000000059604645,
              0.4000000059604645,
              0.5,
              0.3999999910593033,
              0.29999999701976776,
              0.4000000059604645,
              0.4000000059604645,
              0.5999999940395355,
              0.5,
              0.5,
              0.4000000059604645,
              0.4000000059604645,
              0.3999999910593033,
              0.3999999910593033,
              0.5,
              0.5,
              0.4000000059604645,
              0.3999999910593033,
              0.29999999701976776,
              0.5,
              0.29999999701976776,
              0.3999999910593033,
              0.4000000059604645,
              0.5,
              0.3999999910593033,
              0.3999999910593033,
              0.4000000059604645,
              0.5,
              0.4000000059604645,
              0.30000001192092896,
              0.4000000059604645,
              0.4000000059604645,
              0.29999999701976776,
              0.4000000059604645,
              0.4000000059604645,
              0.3999999910593033,
              0.4000000059604645,
              0.4000000059604645,
              0.5,
              0.4000000059604645,
              0.30000001192092896,
              0.3999999910593033,
              0.5,
              0.4000000059604645,
              0.5
            ]
          },
          "fluid": {
            "pendingCellCount": 0,
            "inFlightLeaseCount": 0,
            "acceptedCandidateCount": 128,
            "rejectedCandidateCount": 0,
            "returnedLeaseCount": 0,
            "issuedLeaseCount": 128,
            "settledLeaseCount": 128
          },
          "residency": {
            "residentCount": 59,
            "target": 256,
            "hardLimit": 2048,
            "pinnedCount": 38,
            "dirtyCount": 0,
            "evictableCleanCount": 21,
            "evictionCount": 0,
            "rejectedAdmissionCount": 0,
            "oversubscribed": false,
            "autoSaveInFlight": false,
            "autoSaveFailureCount": 0,
            "nextRetryActiveTimeMs": 0,
            "lastSaveError": null
          },
          "bodies": {
            "total": 4,
            "actors": 4,
            "worldItems": 0,
            "nearPlayer": 1
          },
          "snapshotRejections": {
            "wrong-epoch": 0,
            "duplicate": 14,
            "physics-tick-regressed": 0,
            "commit-regressed": 0,
            "ack-regressed": 0
          }
        },
        "logic": {
          "blockStartedCount": 0,
          "blockCompletedCount": 0,
          "observationInFlight": true,
          "pendingObservationCount": 0,
          "submittedObservationCount": 2788,
          "receivedBatchCount": 2787,
          "completedBatchCount": 2787,
          "rejectedBatchCount": 0,
          "lastRoundTripMs": 0.8999999910593033
        },
        "trajectory": [
          {
            "physicsTick": 11929,
            "activeTimeMs": 198823.90000001894,
            "position": [
              67.35381531679855,
              32.600001,
              0.6452957045056721
            ]
          },
          {
            "physicsTick": 11930,
            "activeTimeMs": 198840.80000001,
            "position": [
              67.35381531679855,
              32.600001,
              0.6452957045056721
            ]
          },
          {
            "physicsTick": 11931,
            "activeTimeMs": 198862.40000001894,
            "position": [
              67.35381531679855,
              32.600001,
              0.6452957045056721
            ]
          },
          {
            "physicsTick": 11933,
            "activeTimeMs": 198885.40000001894,
            "position": [
              67.35381531679855,
              32.600001,
              0.6452957045056721
            ]
          },
          {
            "physicsTick": 11934,
            "activeTimeMs": 198904.50000001298,
            "position": [
              67.35381531679855,
              32.600001,
              0.6452957045056721
            ]
          },
          {
            "physicsTick": 11935,
            "activeTimeMs": 198925.70000001596,
            "position": [
              67.35381531679855,
              32.600001,
              0.6452957045056721
            ]
          },
          {
            "physicsTick": 11936,
            "activeTimeMs": 198942.50000001298,
            "position": [
              67.35381531679855,
              32.600001,
              0.6452957045056721
            ]
          },
          {
            "physicsTick": 11937,
            "activeTimeMs": 198960.30000001,
            "position": [
              67.35381531679855,
              32.600001,
              0.6452957045056721
            ]
          },
          {
            "physicsTick": 11939,
            "activeTimeMs": 198985.60000000702,
            "position": [
              67.35381531679855,
              32.600001,
              0.6452957045056721
            ]
          },
          {
            "physicsTick": 11940,
            "activeTimeMs": 199008.80000001,
            "position": [
              67.35381531679855,
              32.600001,
              0.6452957045056721
            ]
          },
          {
            "physicsTick": 11941,
            "activeTimeMs": 199032.80000001,
            "position": [
              67.35381531679855,
              32.600001,
              0.6452957045056721
            ]
          },
          {
            "physicsTick": 11943,
            "activeTimeMs": 199053.50000001298,
            "position": [
              67.35381531679855,
              32.600001,
              0.6452957045056721
            ]
          },
          {
            "physicsTick": 11944,
            "activeTimeMs": 199071.10000000702,
            "position": [
              67.35381531679855,
              32.600001,
              0.6452957045056721
            ]
          },
          {
            "physicsTick": 11945,
            "activeTimeMs": 199088.90000001894,
            "position": [
              67.35381531679855,
              32.600001,
              0.6452957045056721
            ]
          },
          {
            "physicsTick": 11946,
            "activeTimeMs": 199112.00000001298,
            "position": [
              67.35381531679855,
              32.600001,
              0.6452957045056721
            ]
          },
          {
            "physicsTick": 11947,
            "activeTimeMs": 199129.70000001596,
            "position": [
              67.35381531679855,
              32.600001,
              0.6452957045056721
            ]
          },
          {
            "physicsTick": 11949,
            "activeTimeMs": 199151.90000001894,
            "position": [
              67.35381531679855,
              32.600001,
              0.6452957045056721
            ]
          },
          {
            "physicsTick": 11950,
            "activeTimeMs": 199175.80000001,
            "position": [
              67.35381531679855,
              32.600001,
              0.6452957045056721
            ]
          },
          {
            "physicsTick": 11951,
            "activeTimeMs": 199198.00000001298,
            "position": [
              67.35381531679855,
              32.600001,
              0.6452957045056721
            ]
          },
          {
            "physicsTick": 11952,
            "activeTimeMs": 199215.50000001298,
            "position": [
              67.35381531679855,
              32.600001,
              0.6452957045056721
            ]
          },
          {
            "physicsTick": 11954,
            "activeTimeMs": 199238.90000001894,
            "position": [
              67.35381531679855,
              32.600001,
              0.6452957045056721
            ]
          },
          {
            "physicsTick": 11955,
            "activeTimeMs": 199262.20000001596,
            "position": [
              67.35381531679855,
              32.600001,
              0.6452957045056721
            ]
          },
          {
            "physicsTick": 11956,
            "activeTimeMs": 199279.00000001298,
            "position": [
              67.35381531679855,
              32.600001,
              0.6452957045056721
            ]
          },
          {
            "physicsTick": 11958,
            "activeTimeMs": 199303.60000000702,
            "position": [
              67.35381531679855,
              32.600001,
              0.6452957045056721
            ]
          },
          {
            "physicsTick": 11959,
            "activeTimeMs": 199325.70000001596,
            "position": [
              67.35381531679855,
              32.600001,
              0.6452957045056721
            ]
          },
          {
            "physicsTick": 11961,
            "activeTimeMs": 199353.30000001,
            "position": [
              67.35381531679855,
              32.600001,
              0.6452957045056721
            ]
          },
          {
            "physicsTick": 11962,
            "activeTimeMs": 199375.80000001,
            "position": [
              67.35381531679855,
              32.600001,
              0.6452957045056721
            ]
          },
          {
            "physicsTick": 11964,
            "activeTimeMs": 199400.10000000702,
            "position": [
              67.35381531679855,
              32.600001,
              0.6452957045056721
            ]
          },
          {
            "physicsTick": 11965,
            "activeTimeMs": 199424.20000001596,
            "position": [
              67.35381531679855,
              32.600001,
              0.6452957045056721
            ]
          },
          {
            "physicsTick": 11966,
            "activeTimeMs": 199448.20000001596,
            "position": [
              67.35381531679855,
              32.600001,
              0.6452957045056721
            ]
          },
          {
            "physicsTick": 11968,
            "activeTimeMs": 199472.90000001894,
            "position": [
              67.35381531679855,
              32.600001,
              0.6452957045056721
            ]
          },
          {
            "physicsTick": 11969,
            "activeTimeMs": 199494.10000000702,
            "position": [
              67.35381531679855,
              32.600001,
              0.6452957045056721
            ]
          },
          {
            "physicsTick": 11971,
            "activeTimeMs": 199520.70000001596,
            "position": [
              67.35381531679855,
              32.600001,
              0.6452957045056721
            ]
          },
          {
            "physicsTick": 11972,
            "activeTimeMs": 199537.40000001894,
            "position": [
              67.35381531679855,
              32.600001,
              0.6452957045056721
            ]
          },
          {
            "physicsTick": 11973,
            "activeTimeMs": 199558.80000001,
            "position": [
              67.35381531679855,
              32.600001,
              0.6452957045056721
            ]
          },
          {
            "physicsTick": 11975,
            "activeTimeMs": 199584.60000000702,
            "position": [
              67.35381531679855,
              32.600001,
              0.6452957045056721
            ]
          },
          {
            "physicsTick": 11976,
            "activeTimeMs": 199605.50000001298,
            "position": [
              67.35381531679855,
              32.600001,
              0.6452957045056721
            ]
          },
          {
            "physicsTick": 11977,
            "activeTimeMs": 199622.40000001894,
            "position": [
              67.35381531679855,
              32.600001,
              0.6452957045056721
            ]
          },
          {
            "physicsTick": 11978,
            "activeTimeMs": 199648.40000001894,
            "position": [
              67.35381531679855,
              32.600001,
              0.6452957045056721
            ]
          },
          {
            "physicsTick": 11980,
            "activeTimeMs": 199672.60000000702,
            "position": [
              67.35381531679855,
              32.600001,
              0.6452957045056721
            ]
          },
          {
            "physicsTick": 11981,
            "activeTimeMs": 199695.60000000702,
            "position": [
              67.35381531679855,
              32.600001,
              0.6452957045056721
            ]
          },
          {
            "physicsTick": 11983,
            "activeTimeMs": 199721.00000001298,
            "position": [
              67.35381531679855,
              32.600001,
              0.6452957045056721
            ]
          },
          {
            "physicsTick": 11984,
            "activeTimeMs": 199743.50000001298,
            "position": [
              67.35381531679855,
              32.600001,
              0.6452957045056721
            ]
          },
          {
            "physicsTick": 11985,
            "activeTimeMs": 199766.20000001596,
            "position": [
              67.35381531679855,
              32.600001,
              0.6452957045056721
            ]
          },
          {
            "physicsTick": 11987,
            "activeTimeMs": 199790.00000001298,
            "position": [
              67.35381531679855,
              32.600001,
              0.6452957045056721
            ]
          },
          {
            "physicsTick": 11988,
            "activeTimeMs": 199814.90000001894,
            "position": [
              67.35381531679855,
              32.600001,
              0.6452957045056721
            ]
          },
          {
            "physicsTick": 11989,
            "activeTimeMs": 199831.80000001,
            "position": [
              67.35381531679855,
              32.600001,
              0.6452957045056721
            ]
          },
          {
            "physicsTick": 11990,
            "activeTimeMs": 199848.70000001596,
            "position": [
              67.35381531679855,
              32.600001,
              0.6452957045056721
            ]
          },
          {
            "physicsTick": 11992,
            "activeTimeMs": 199872.40000001894,
            "position": [
              67.35381531679855,
              32.600001,
              0.6452957045056721
            ]
          },
          {
            "physicsTick": 11993,
            "activeTimeMs": 199889.30000001,
            "position": [
              67.35381531679855,
              32.600001,
              0.6452957045056721
            ]
          },
          {
            "physicsTick": 11994,
            "activeTimeMs": 199911.10000000702,
            "position": [
              67.35381531679855,
              32.600001,
              0.6452957045056721
            ]
          },
          {
            "physicsTick": 11996,
            "activeTimeMs": 199936.80000001,
            "position": [
              67.35381531679855,
              32.600001,
              0.6452957045056721
            ]
          },
          {
            "physicsTick": 11997,
            "activeTimeMs": 199957.40000001894,
            "position": [
              67.35381531679855,
              32.600001,
              0.6452957045056721
            ]
          },
          {
            "physicsTick": 11999,
            "activeTimeMs": 199984.50000001298,
            "position": [
              67.35381531679855,
              32.600001,
              0.6452957045056721
            ]
          },
          {
            "physicsTick": 12000,
            "activeTimeMs": 200001.60000000702,
            "position": [
              67.35381531679855,
              32.600001,
              0.6452957045056721
            ]
          },
          {
            "physicsTick": 12001,
            "activeTimeMs": 200022.50000001298,
            "position": [
              67.35381531679855,
              32.600001,
              0.6452957045056721
            ]
          },
          {
            "physicsTick": 12002,
            "activeTimeMs": 200048.00000001298,
            "position": [
              67.35381531679855,
              32.600001,
              0.6452957045056721
            ]
          },
          {
            "physicsTick": 12004,
            "activeTimeMs": 200072.60000000702,
            "position": [
              67.35381531679855,
              32.600001,
              0.6452957045056721
            ]
          },
          {
            "physicsTick": 12005,
            "activeTimeMs": 200095.20000001596,
            "position": [
              67.35381531679855,
              32.600001,
              0.6452957045056721
            ]
          },
          {
            "physicsTick": 12007,
            "activeTimeMs": 200121.50000001298,
            "position": [
              67.35381531679855,
              32.600001,
              0.6452957045056721
            ]
          },
          {
            "physicsTick": 12008,
            "activeTimeMs": 200142.60000000702,
            "position": [
              67.35381531679855,
              32.600001,
              0.6452957045056721
            ]
          },
          {
            "physicsTick": 12010,
            "activeTimeMs": 200168.70000001596,
            "position": [
              67.35381531679855,
              32.600001,
              0.6452957045056721
            ]
          },
          {
            "physicsTick": 12011,
            "activeTimeMs": 200189.40000001894,
            "position": [
              67.35381531679855,
              32.600001,
              0.6452957045056721
            ]
          },
          {
            "physicsTick": 12012,
            "activeTimeMs": 200215.70000001596,
            "position": [
              67.35381531679855,
              32.600001,
              0.6452957045056721
            ]
          },
          {
            "physicsTick": 12014,
            "activeTimeMs": 200239.20000001596,
            "position": [
              67.35381531679855,
              32.600001,
              0.6452957045056721
            ]
          },
          {
            "physicsTick": 12015,
            "activeTimeMs": 200263.80000001,
            "position": [
              67.35381531679855,
              32.600001,
              0.6452957045056721
            ]
          },
          {
            "physicsTick": 12017,
            "activeTimeMs": 200288.10000000702,
            "position": [
              67.35381531679855,
              32.600001,
              0.6452957045056721
            ]
          },
          {
            "physicsTick": 12018,
            "activeTimeMs": 200309.70000001596,
            "position": [
              67.35381531679855,
              32.600001,
              0.6452957045056721
            ]
          },
          {
            "physicsTick": 12019,
            "activeTimeMs": 200327.10000000702,
            "position": [
              67.35381531679855,
              32.600001,
              0.6452957045056721
            ]
          },
          {
            "physicsTick": 12021,
            "activeTimeMs": 200352.80000001,
            "position": [
              67.35381531679855,
              32.600001,
              0.6452957045056721
            ]
          },
          {
            "physicsTick": 12022,
            "activeTimeMs": 200374.00000001298,
            "position": [
              67.35381531679855,
              32.600001,
              0.6452957045056721
            ]
          },
          {
            "physicsTick": 12024,
            "activeTimeMs": 200401.80000001,
            "position": [
              67.35381531679855,
              32.600001,
              0.6452957045056721
            ]
          },
          {
            "physicsTick": 12025,
            "activeTimeMs": 200422.00000001298,
            "position": [
              67.35381531679855,
              32.600001,
              0.6452957045056721
            ]
          },
          {
            "physicsTick": 12026,
            "activeTimeMs": 200448.00000001298,
            "position": [
              67.35381531679855,
              32.600001,
              0.6452957045056721
            ]
          },
          {
            "physicsTick": 12028,
            "activeTimeMs": 200472.60000000702,
            "position": [
              67.35381531679855,
              32.600001,
              0.6452957045056721
            ]
          },
          {
            "physicsTick": 12029,
            "activeTimeMs": 200495.50000001298,
            "position": [
              67.35381531679855,
              32.600001,
              0.6452957045056721
            ]
          },
          {
            "physicsTick": 12031,
            "activeTimeMs": 200518.20000001596,
            "position": [
              67.35381531679855,
              32.600001,
              0.6452957045056721
            ]
          },
          {
            "physicsTick": 12032,
            "activeTimeMs": 200536.10000000702,
            "position": [
              67.35381531679855,
              32.600001,
              0.6452957045056721
            ]
          },
          {
            "physicsTick": 12033,
            "activeTimeMs": 200553.30000001,
            "position": [
              67.35381531679855,
              32.600001,
              0.6452957045056721
            ]
          },
          {
            "physicsTick": 12034,
            "activeTimeMs": 200574.00000001298,
            "position": [
              67.35381531679855,
              32.600001,
              0.6452957045056721
            ]
          },
          {
            "physicsTick": 12035,
            "activeTimeMs": 200598.80000001,
            "position": [
              67.35381531679855,
              32.600001,
              0.6452957045056721
            ]
          },
          {
            "physicsTick": 12037,
            "activeTimeMs": 200622.50000001298,
            "position": [
              67.35381531679855,
              32.600001,
              0.6452957045056721
            ]
          },
          {
            "physicsTick": 12038,
            "activeTimeMs": 200647.90000001894,
            "position": [
              67.35381531679855,
              32.600001,
              0.6452957045056721
            ]
          },
          {
            "physicsTick": 12040,
            "activeTimeMs": 200672.60000000702,
            "position": [
              67.35381531679855,
              32.600001,
              0.6452957045056721
            ]
          },
          {
            "physicsTick": 12041,
            "activeTimeMs": 200695.60000000702,
            "position": [
              67.35381531679855,
              32.600001,
              0.6452957045056721
            ]
          },
          {
            "physicsTick": 12043,
            "activeTimeMs": 200721.60000000702,
            "position": [
              67.35381531679855,
              32.600001,
              0.6452957045056721
            ]
          },
          {
            "physicsTick": 12044,
            "activeTimeMs": 200743.20000001596,
            "position": [
              67.35381531679855,
              32.600001,
              0.6452957045056721
            ]
          },
          {
            "physicsTick": 12046,
            "activeTimeMs": 200768.90000001894,
            "position": [
              67.35381531679855,
              32.600001,
              0.6452957045056721
            ]
          },
          {
            "physicsTick": 12047,
            "activeTimeMs": 200790.30000001,
            "position": [
              67.35381531679855,
              32.600001,
              0.6452957045056721
            ]
          },
          {
            "physicsTick": 12049,
            "activeTimeMs": 200816.70000001596,
            "position": [
              67.35381531679855,
              32.600001,
              0.6452957045056721
            ]
          },
          {
            "physicsTick": 12050,
            "activeTimeMs": 200833.50000001298,
            "position": [
              67.35381531679855,
              32.600001,
              0.6452957045056721
            ]
          },
          {
            "physicsTick": 12051,
            "activeTimeMs": 200855.90000001894,
            "position": [
              67.35381531679855,
              32.600001,
              0.6452957045056721
            ]
          },
          {
            "physicsTick": 12052,
            "activeTimeMs": 200877.50000001298,
            "position": [
              67.35381531679855,
              32.600001,
              0.6452957045056721
            ]
          },
          {
            "physicsTick": 12053,
            "activeTimeMs": 200895.80000001,
            "position": [
              67.35381531679855,
              32.600001,
              0.6452957045056721
            ]
          },
          {
            "physicsTick": 12055,
            "activeTimeMs": 200918.20000001596,
            "position": [
              67.35381531679855,
              32.600001,
              0.6452957045056721
            ]
          },
          {
            "physicsTick": 12056,
            "activeTimeMs": 200934.90000001894,
            "position": [
              67.35381531679855,
              32.600001,
              0.6452957045056721
            ]
          },
          {
            "physicsTick": 12057,
            "activeTimeMs": 200952.30000001,
            "position": [
              67.35381531679855,
              32.600001,
              0.6452957045056721
            ]
          },
          {
            "physicsTick": 12058,
            "activeTimeMs": 200969.10000000702,
            "position": [
              67.35381531679855,
              32.600001,
              0.6452957045056721
            ]
          },
          {
            "physicsTick": 12059,
            "activeTimeMs": 200989.70000001596,
            "position": [
              67.35381531679855,
              32.600001,
              0.6452957045056721
            ]
          },
          {
            "physicsTick": 12060,
            "activeTimeMs": 201014.40000001894,
            "position": [
              67.35381531679855,
              32.600001,
              0.6452957045056721
            ]
          },
          {
            "physicsTick": 12062,
            "activeTimeMs": 201038.40000001894,
            "position": [
              67.35381531679855,
              32.600001,
              0.6452957045056721
            ]
          },
          {
            "physicsTick": 12063,
            "activeTimeMs": 201063.10000000702,
            "position": [
              67.35381531679855,
              32.600001,
              0.6452957045056721
            ]
          },
          {
            "physicsTick": 12064,
            "activeTimeMs": 201080.20000001596,
            "position": [
              67.35381531679855,
              32.600001,
              0.6452957045056721
            ]
          },
          {
            "physicsTick": 12066,
            "activeTimeMs": 201104.00000001298,
            "position": [
              67.35381531679855,
              32.600001,
              0.6452957045056721
            ]
          },
          {
            "physicsTick": 12067,
            "activeTimeMs": 201121.50000001298,
            "position": [
              67.35381531679855,
              32.600001,
              0.6452957045056721
            ]
          },
          {
            "physicsTick": 12068,
            "activeTimeMs": 201143.50000001298,
            "position": [
              67.35381531679855,
              32.600001,
              0.6452957045056721
            ]
          },
          {
            "physicsTick": 12069,
            "activeTimeMs": 201166.50000001298,
            "position": [
              67.35381531679855,
              32.600001,
              0.6452957045056721
            ]
          },
          {
            "physicsTick": 12071,
            "activeTimeMs": 201184.20000001596,
            "position": [
              67.35381531679855,
              32.600001,
              0.6452957045056721
            ]
          },
          {
            "physicsTick": 12072,
            "activeTimeMs": 201205.20000001596,
            "position": [
              67.35381531679855,
              32.600001,
              0.6452957045056721
            ]
          },
          {
            "physicsTick": 12074,
            "activeTimeMs": 201233.50000001298,
            "position": [
              67.35381531679855,
              32.600001,
              0.6452957045056721
            ]
          },
          {
            "physicsTick": 12075,
            "activeTimeMs": 201255.30000001,
            "position": [
              67.35381531679855,
              32.600001,
              0.6452957045056721
            ]
          },
          {
            "physicsTick": 12076,
            "activeTimeMs": 201272.60000000702,
            "position": [
              67.35381531679855,
              32.600001,
              0.6452957045056721
            ]
          },
          {
            "physicsTick": 12077,
            "activeTimeMs": 201295.30000001,
            "position": [
              67.35381531679855,
              32.600001,
              0.6452957045056721
            ]
          },
          {
            "physicsTick": 12079,
            "activeTimeMs": 201318.10000000702,
            "position": [
              67.35381531679855,
              32.600001,
              0.6452957045056721
            ]
          },
          {
            "physicsTick": 12080,
            "activeTimeMs": 201337.10000000702,
            "position": [
              67.35381531679855,
              32.600001,
              0.6452957045056721
            ]
          },
          {
            "physicsTick": 12081,
            "activeTimeMs": 201356.80000001,
            "position": [
              67.35381531679855,
              32.600001,
              0.6452957045056721
            ]
          },
          {
            "physicsTick": 12082,
            "activeTimeMs": 201373.50000001298,
            "position": [
              67.35381531679855,
              32.600001,
              0.6452957045056721
            ]
          },
          {
            "physicsTick": 12084,
            "activeTimeMs": 201400.70000001596,
            "position": [
              67.35381531679855,
              32.600001,
              0.6452957045056721
            ]
          },
          {
            "physicsTick": 12085,
            "activeTimeMs": 201422.50000001298,
            "position": [
              67.35381531679855,
              32.600001,
              0.6452957045056721
            ]
          },
          {
            "physicsTick": 12086,
            "activeTimeMs": 201445.90000001894,
            "position": [
              67.35381531679855,
              32.600001,
              0.6452957045056721
            ]
          },
          {
            "physicsTick": 12088,
            "activeTimeMs": 201472.40000001894,
            "position": [
              67.35381531679855,
              32.600001,
              0.6452957045056721
            ]
          },
          {
            "physicsTick": 12089,
            "activeTimeMs": 201495.30000001,
            "position": [
              67.35381531679855,
              32.600001,
              0.6452957045056721
            ]
          },
          {
            "physicsTick": 12091,
            "activeTimeMs": 201520.70000001596,
            "position": [
              67.35381531679855,
              32.600001,
              0.6452957045056721
            ]
          },
          {
            "physicsTick": 12092,
            "activeTimeMs": 201537.70000001596,
            "position": [
              67.35381531679855,
              32.600001,
              0.6452957045056721
            ]
          },
          {
            "physicsTick": 12093,
            "activeTimeMs": 201558.20000001596,
            "position": [
              67.35381531679855,
              32.600001,
              0.6452957045056721
            ]
          },
          {
            "physicsTick": 12095,
            "activeTimeMs": 201584.10000000702,
            "position": [
              67.35381531679855,
              32.600001,
              0.6452957045056721
            ]
          },
          {
            "physicsTick": 12096,
            "activeTimeMs": 201601.40000001894,
            "position": [
              67.35381531679855,
              32.600001,
              0.6452957045056721
            ]
          },
          {
            "physicsTick": 12097,
            "activeTimeMs": 201622.40000001894,
            "position": [
              67.35381531679855,
              32.600001,
              0.6452957045056721
            ]
          },
          {
            "physicsTick": 12098,
            "activeTimeMs": 201646.70000001596,
            "position": [
              67.35381531679855,
              32.600001,
              0.6452957045056721
            ]
          },
          {
            "physicsTick": 12100,
            "activeTimeMs": 201671.50000001298,
            "position": [
              67.35381531679855,
              32.600001,
              0.6452957045056721
            ]
          },
          {
            "physicsTick": 12101,
            "activeTimeMs": 201695.10000000702,
            "position": [
              67.35381531679855,
              32.600001,
              0.6452957045056721
            ]
          },
          {
            "physicsTick": 12103,
            "activeTimeMs": 201720.60000000702,
            "position": [
              67.35381531679855,
              32.600001,
              0.6452957045056721
            ]
          },
          {
            "physicsTick": 12104,
            "activeTimeMs": 201737.70000001596,
            "position": [
              67.35381531679855,
              32.600001,
              0.6452957045056721
            ]
          },
          {
            "physicsTick": 12105,
            "activeTimeMs": 201758.10000000702,
            "position": [
              67.35381531679855,
              32.600001,
              0.6452957045056721
            ]
          },
          {
            "physicsTick": 12107,
            "activeTimeMs": 201785.10000000702,
            "position": [
              67.35381531679855,
              32.600001,
              0.6452957045056721
            ]
          },
          {
            "physicsTick": 12108,
            "activeTimeMs": 201806.00000001298,
            "position": [
              67.35381531679855,
              32.600001,
              0.6452957045056721
            ]
          },
          {
            "physicsTick": 12109,
            "activeTimeMs": 201833.00000001298,
            "position": [
              67.35381531679855,
              32.600001,
              0.6452957045056721
            ]
          },
          {
            "physicsTick": 12111,
            "activeTimeMs": 201854.40000001894,
            "position": [
              67.35381531679855,
              32.600001,
              0.6452957045056721
            ]
          },
          {
            "physicsTick": 12112,
            "activeTimeMs": 201872.50000001298,
            "position": [
              67.35381531679855,
              32.600001,
              0.6452957045056721
            ]
          },
          {
            "physicsTick": 12113,
            "activeTimeMs": 201896.20000001596,
            "position": [
              67.35381531679855,
              32.600001,
              0.6452957045056721
            ]
          },
          {
            "physicsTick": 12115,
            "activeTimeMs": 201921.10000000702,
            "position": [
              67.35381531679855,
              32.600001,
              0.6452957045056721
            ]
          },
          {
            "physicsTick": 12116,
            "activeTimeMs": 201943.50000001298,
            "position": [
              67.35381531679855,
              32.600001,
              0.6452957045056721
            ]
          },
          {
            "physicsTick": 12118,
            "activeTimeMs": 201968.30000001,
            "position": [
              67.35381531679855,
              32.600001,
              0.6452957045056721
            ]
          },
          {
            "physicsTick": 12119,
            "activeTimeMs": 201990.60000000702,
            "position": [
              67.35381531679855,
              32.600001,
              0.6452957045056721
            ]
          },
          {
            "physicsTick": 12120,
            "activeTimeMs": 202015.40000001894,
            "position": [
              67.35381531679855,
              32.600001,
              0.6452957045056721
            ]
          },
          {
            "physicsTick": 12122,
            "activeTimeMs": 202038.30000001,
            "position": [
              67.35381531679855,
              32.600001,
              0.6452957045056721
            ]
          },
          {
            "physicsTick": 12123,
            "activeTimeMs": 202063.00000001298,
            "position": [
              67.35381531679855,
              32.600001,
              0.6452957045056721
            ]
          },
          {
            "physicsTick": 12125,
            "activeTimeMs": 202088.00000001298,
            "position": [
              67.35381531679855,
              32.600001,
              0.6452957045056721
            ]
          },
          {
            "physicsTick": 12126,
            "activeTimeMs": 202109.90000001894,
            "position": [
              67.35381531679855,
              32.600001,
              0.6452957045056721
            ]
          },
          {
            "physicsTick": 12127,
            "activeTimeMs": 202127.10000000702,
            "position": [
              67.35381531679855,
              32.600001,
              0.6452957045056721
            ]
          },
          {
            "physicsTick": 12129,
            "activeTimeMs": 202151.30000001,
            "position": [
              67.35381531679855,
              32.600001,
              0.6452957045056721
            ]
          },
          {
            "physicsTick": 12130,
            "activeTimeMs": 202168.80000001,
            "position": [
              67.35381531679855,
              32.600001,
              0.6452957045056721
            ]
          },
          {
            "physicsTick": 12131,
            "activeTimeMs": 202189.70000001596,
            "position": [
              67.35381531679855,
              32.600001,
              0.6452957045056721
            ]
          },
          {
            "physicsTick": 12132,
            "activeTimeMs": 202215.10000000702,
            "position": [
              67.35381531679855,
              32.600001,
              0.6452957045056721
            ]
          },
          {
            "physicsTick": 12134,
            "activeTimeMs": 202239.20000001596,
            "position": [
              67.35381531679855,
              32.600001,
              0.6452957045056721
            ]
          },
          {
            "physicsTick": 12135,
            "activeTimeMs": 202261.30000001,
            "position": [
              67.35381531679855,
              32.600001,
              0.6452957045056721
            ]
          },
          {
            "physicsTick": 12136,
            "activeTimeMs": 202278.30000001,
            "position": [
              67.35381531679855,
              32.600001,
              0.6452957045056721
            ]
          },
          {
            "physicsTick": 12137,
            "activeTimeMs": 202295.40000001894,
            "position": [
              67.35381531679855,
              32.600001,
              0.6452957045056721
            ]
          },
          {
            "physicsTick": 12139,
            "activeTimeMs": 202321.60000000702,
            "position": [
              67.35381531679855,
              32.600001,
              0.6452957045056721
            ]
          },
          {
            "physicsTick": 12140,
            "activeTimeMs": 202342.20000001596,
            "position": [
              67.35381531679855,
              32.600001,
              0.6452957045056721
            ]
          },
          {
            "physicsTick": 12142,
            "activeTimeMs": 202368.80000001,
            "position": [
              67.35381531679855,
              32.600001,
              0.6452957045056721
            ]
          },
          {
            "physicsTick": 12143,
            "activeTimeMs": 202389.10000000702,
            "position": [
              67.35381531679855,
              32.600001,
              0.6452957045056721
            ]
          },
          {
            "physicsTick": 12144,
            "activeTimeMs": 202406.10000000702,
            "position": [
              67.35381531679855,
              32.600001,
              0.6452957045056721
            ]
          },
          {
            "physicsTick": 12145,
            "activeTimeMs": 202433.00000001298,
            "position": [
              67.35381531679855,
              32.600001,
              0.6452957045056721
            ]
          },
          {
            "physicsTick": 12147,
            "activeTimeMs": 202453.90000001894,
            "position": [
              67.35381531679855,
              32.600001,
              0.6452957045056721
            ]
          },
          {
            "physicsTick": 12148,
            "activeTimeMs": 202478.70000001596,
            "position": [
              67.35381531679855,
              32.600001,
              0.6452957045056721
            ]
          },
          {
            "physicsTick": 12150,
            "activeTimeMs": 202502.10000000702,
            "position": [
              67.35381531679855,
              32.600001,
              0.6452957045056721
            ]
          },
          {
            "physicsTick": 12151,
            "activeTimeMs": 202521.10000000702,
            "position": [
              67.35381531679855,
              32.600001,
              0.6452957045056721
            ]
          },
          {
            "physicsTick": 12152,
            "activeTimeMs": 202541.90000001894,
            "position": [
              67.35381531679855,
              32.600001,
              0.6452957045056721
            ]
          },
          {
            "physicsTick": 12153,
            "activeTimeMs": 202566.20000001596,
            "position": [
              67.35381531679855,
              32.600001,
              0.6452957045056721
            ]
          },
          {
            "physicsTick": 12155,
            "activeTimeMs": 202584.50000001298,
            "position": [
              67.35381531679855,
              32.600001,
              0.6452957045056721
            ]
          },
          {
            "physicsTick": 12156,
            "activeTimeMs": 202605.50000001298,
            "position": [
              67.35381531679855,
              32.600001,
              0.6452957045056721
            ]
          },
          {
            "physicsTick": 12157,
            "activeTimeMs": 202622.50000001298,
            "position": [
              67.35381531679855,
              32.600001,
              0.6452957045056721
            ]
          },
          {
            "physicsTick": 12158,
            "activeTimeMs": 202648.50000001298,
            "position": [
              67.35381531679855,
              32.600001,
              0.6452957045056721
            ]
          },
          {
            "physicsTick": 12160,
            "activeTimeMs": 202672.40000001894,
            "position": [
              67.35381531679855,
              32.600001,
              0.6452957045056721
            ]
          },
          {
            "physicsTick": 12161,
            "activeTimeMs": 202693.90000001894,
            "position": [
              67.35381531679855,
              32.600001,
              0.6452957045056721
            ]
          },
          {
            "physicsTick": 12163,
            "activeTimeMs": 202721.60000000702,
            "position": [
              67.35381531679855,
              32.600001,
              0.6452957045056721
            ]
          },
          {
            "physicsTick": 12164,
            "activeTimeMs": 202742.90000001894,
            "position": [
              67.35381531679855,
              32.600001,
              0.6452957045056721
            ]
          },
          {
            "physicsTick": 12166,
            "activeTimeMs": 202769.50000001298,
            "position": [
              67.35381531679855,
              32.600001,
              0.6452957045056721
            ]
          },
          {
            "physicsTick": 12167,
            "activeTimeMs": 202790.30000001,
            "position": [
              67.35381531679855,
              32.600001,
              0.6452957045056721
            ]
          },
          {
            "physicsTick": 12168,
            "activeTimeMs": 202814.80000001,
            "position": [
              67.35381531679855,
              32.600001,
              0.6452957045056721
            ]
          },
          {
            "physicsTick": 12170,
            "activeTimeMs": 202839.20000001596,
            "position": [
              67.35381531679855,
              32.600001,
              0.6452957045056721
            ]
          },
          {
            "physicsTick": 12171,
            "activeTimeMs": 202862.80000001,
            "position": [
              67.35381531679855,
              32.600001,
              0.6452957045056721
            ]
          },
          {
            "physicsTick": 12172,
            "activeTimeMs": 202880.80000001,
            "position": [
              67.35381531679855,
              32.600001,
              0.6452957045056721
            ]
          },
          {
            "physicsTick": 12174,
            "activeTimeMs": 202904.10000000702,
            "position": [
              67.35381531679855,
              32.600001,
              0.6452957045056721
            ]
          },
          {
            "physicsTick": 12175,
            "activeTimeMs": 202927.30000001,
            "position": [
              67.35381531679855,
              32.600001,
              0.6452957045056721
            ]
          },
          {
            "physicsTick": 12177,
            "activeTimeMs": 202950.20000001596,
            "position": [
              67.35381531679855,
              32.600001,
              0.6452957045056721
            ]
          },
          {
            "physicsTick": 12178,
            "activeTimeMs": 202967.30000001,
            "position": [
              67.35381531679855,
              32.600001,
              0.6452957045056721
            ]
          },
          {
            "physicsTick": 12179,
            "activeTimeMs": 202985.60000000702,
            "position": [
              67.35381531679855,
              32.600001,
              0.6452957045056721
            ]
          },
          {
            "physicsTick": 12180,
            "activeTimeMs": 203005.80000001,
            "position": [
              67.35381531679855,
              32.600001,
              0.6452957045056721
            ]
          },
          {
            "physicsTick": 12181,
            "activeTimeMs": 203032.00000001298,
            "position": [
              67.35381531679855,
              32.600001,
              0.6452957045056721
            ]
          },
          {
            "physicsTick": 12182,
            "activeTimeMs": 203049.30000001,
            "position": [
              67.35381531679855,
              32.600001,
              0.6452957045056721
            ]
          },
          {
            "physicsTick": 12184,
            "activeTimeMs": 203072.00000001298,
            "position": [
              67.35381531679855,
              32.600001,
              0.6452957045056721
            ]
          },
          {
            "physicsTick": 12185,
            "activeTimeMs": 203095.50000001298,
            "position": [
              67.35381531679855,
              32.600001,
              0.6452957045056721
            ]
          },
          {
            "physicsTick": 12187,
            "activeTimeMs": 203120.80000001,
            "position": [
              67.35381531679855,
              32.600001,
              0.6452957045056721
            ]
          },
          {
            "physicsTick": 12188,
            "activeTimeMs": 203142.10000000702,
            "position": [
              67.35381531679855,
              32.600001,
              0.6452957045056721
            ]
          },
          {
            "physicsTick": 12190,
            "activeTimeMs": 203168.90000001894,
            "position": [
              67.35381531679855,
              32.600001,
              0.6452957045056721
            ]
          },
          {
            "physicsTick": 12191,
            "activeTimeMs": 203190.60000000702,
            "position": [
              67.35381531679855,
              32.600001,
              0.6452957045056721
            ]
          },
          {
            "physicsTick": 12192,
            "activeTimeMs": 203215.30000001,
            "position": [
              67.35381531679855,
              32.600001,
              0.6452957045056721
            ]
          },
          {
            "physicsTick": 12193,
            "activeTimeMs": 203232.40000001894,
            "position": [
              67.35381531679855,
              32.600001,
              0.6452957045056721
            ]
          },
          {
            "physicsTick": 12195,
            "activeTimeMs": 203254.70000001596,
            "position": [
              67.35381531679855,
              32.600001,
              0.6452957045056721
            ]
          },
          {
            "physicsTick": 12196,
            "activeTimeMs": 203280.00000001298,
            "position": [
              67.35381531679855,
              32.600001,
              0.6452957045056721
            ]
          },
          {
            "physicsTick": 12198,
            "activeTimeMs": 203301.80000001,
            "position": [
              67.35381531679855,
              32.600001,
              0.6452957045056721
            ]
          },
          {
            "physicsTick": 12199,
            "activeTimeMs": 203321.00000001298,
            "position": [
              67.35381531679855,
              32.600001,
              0.6452957045056721
            ]
          },
          {
            "physicsTick": 12200,
            "activeTimeMs": 203343.40000001894,
            "position": [
              67.35381531679855,
              32.600001,
              0.6452957045056721
            ]
          },
          {
            "physicsTick": 12202,
            "activeTimeMs": 203369.20000001596,
            "position": [
              67.35381531679855,
              32.600001,
              0.6452957045056721
            ]
          },
          {
            "physicsTick": 12203,
            "activeTimeMs": 203390.60000000702,
            "position": [
              67.35381531679855,
              32.600001,
              0.6452957045056721
            ]
          },
          {
            "physicsTick": 12204,
            "activeTimeMs": 203414.60000000702,
            "position": [
              67.35381531679855,
              32.600001,
              0.6452957045056721
            ]
          },
          {
            "physicsTick": 12205,
            "activeTimeMs": 203432.30000001,
            "position": [
              67.35381531679855,
              32.600001,
              0.6452957045056721
            ]
          },
          {
            "physicsTick": 12207,
            "activeTimeMs": 203454.40000001894,
            "position": [
              67.35381531679855,
              32.600001,
              0.6452957045056721
            ]
          },
          {
            "physicsTick": 12208,
            "activeTimeMs": 203480.10000000702,
            "position": [
              67.35381531679855,
              32.600001,
              0.6452957045056721
            ]
          },
          {
            "physicsTick": 12210,
            "activeTimeMs": 203504.20000001596,
            "position": [
              67.35381531679855,
              32.600001,
              0.6452957045056721
            ]
          },
          {
            "physicsTick": 12211,
            "activeTimeMs": 203527.10000000702,
            "position": [
              67.35381531679855,
              32.600001,
              0.6452957045056721
            ]
          },
          {
            "physicsTick": 12213,
            "activeTimeMs": 203552.70000001596,
            "position": [
              67.35381531679855,
              32.600001,
              0.6452957045056721
            ]
          },
          {
            "physicsTick": 12214,
            "activeTimeMs": 203575.20000001596,
            "position": [
              67.35381531679855,
              32.600001,
              0.6452957045056721
            ]
          },
          {
            "physicsTick": 12216,
            "activeTimeMs": 203600.50000001298,
            "position": [
              67.35381531679855,
              32.600001,
              0.6452957045056721
            ]
          },
          {
            "physicsTick": 12217,
            "activeTimeMs": 203621.60000000702,
            "position": [
              67.35381531679855,
              32.600001,
              0.6452957045056721
            ]
          },
          {
            "physicsTick": 12218,
            "activeTimeMs": 203639.00000001298,
            "position": [
              67.35381531679855,
              32.600001,
              0.6452957045056721
            ]
          },
          {
            "physicsTick": 12219,
            "activeTimeMs": 203662.80000001,
            "position": [
              67.35381531679855,
              32.600001,
              0.6452957045056721
            ]
          },
          {
            "physicsTick": 12220,
            "activeTimeMs": 203679.70000001596,
            "position": [
              67.35381531679855,
              32.600001,
              0.6452957045056721
            ]
          },
          {
            "physicsTick": 12222,
            "activeTimeMs": 203704.10000000702,
            "position": [
              67.35381531679855,
              32.600001,
              0.6452957045056721
            ]
          },
          {
            "physicsTick": 12223,
            "activeTimeMs": 203725.80000001,
            "position": [
              67.35381531679855,
              32.600001,
              0.6452957045056721
            ]
          },
          {
            "physicsTick": 12224,
            "activeTimeMs": 203743.30000001,
            "position": [
              67.35381531679855,
              32.600001,
              0.6452957045056721
            ]
          },
          {
            "physicsTick": 12226,
            "activeTimeMs": 203768.60000000702,
            "position": [
              67.35381531679855,
              32.600001,
              0.6452957045056721
            ]
          },
          {
            "physicsTick": 12227,
            "activeTimeMs": 203789.80000001,
            "position": [
              67.35381531679855,
              32.600001,
              0.6452957045056721
            ]
          },
          {
            "physicsTick": 12228,
            "activeTimeMs": 203806.80000001,
            "position": [
              67.35381531679855,
              32.600001,
              0.6452957045056721
            ]
          },
          {
            "physicsTick": 12229,
            "activeTimeMs": 203832.60000000702,
            "position": [
              67.35381531679855,
              32.600001,
              0.6452957045056721
            ]
          },
          {
            "physicsTick": 12231,
            "activeTimeMs": 203854.20000001596,
            "position": [
              67.35381531679855,
              32.600001,
              0.6452957045056721
            ]
          },
          {
            "physicsTick": 12232,
            "activeTimeMs": 203872.30000001,
            "position": [
              67.35381531679855,
              32.600001,
              0.6452957045056721
            ]
          },
          {
            "physicsTick": 12233,
            "activeTimeMs": 203894.20000001596,
            "position": [
              67.35381531679855,
              32.600001,
              0.6452957045056721
            ]
          },
          {
            "physicsTick": 12235,
            "activeTimeMs": 203919.50000001298,
            "position": [
              67.35381531679855,
              32.600001,
              0.6452957045056721
            ]
          },
          {
            "physicsTick": 12236,
            "activeTimeMs": 203942.10000000702,
            "position": [
              67.35381531679855,
              32.600001,
              0.6452957045056721
            ]
          },
          {
            "physicsTick": 12238,
            "activeTimeMs": 203969.20000001596,
            "position": [
              67.35381531679855,
              32.600001,
              0.6452957045056721
            ]
          },
          {
            "physicsTick": 12239,
            "activeTimeMs": 203989.10000000702,
            "position": [
              67.35381531679855,
              32.600001,
              0.6452957045056721
            ]
          },
          {
            "physicsTick": 12240,
            "activeTimeMs": 204005.80000001,
            "position": [
              67.35381531679855,
              32.600001,
              0.6452957045056721
            ]
          },
          {
            "physicsTick": 12241,
            "activeTimeMs": 204032.40000001894,
            "position": [
              67.35381531679855,
              32.600001,
              0.6452957045056721
            ]
          },
          {
            "physicsTick": 12243,
            "activeTimeMs": 204054.60000000702,
            "position": [
              67.35381531679855,
              32.600001,
              0.6452957045056721
            ]
          },
          {
            "physicsTick": 12244,
            "activeTimeMs": 204072.30000001,
            "position": [
              67.35381531679855,
              32.600001,
              0.6452957045056721
            ]
          },
          {
            "physicsTick": 12245,
            "activeTimeMs": 204094.80000001,
            "position": [
              67.35381531679855,
              32.600001,
              0.6452957045056721
            ]
          },
          {
            "physicsTick": 12247,
            "activeTimeMs": 204120.90000001894,
            "position": [
              67.35381531679855,
              32.600001,
              0.6452957045056721
            ]
          },
          {
            "physicsTick": 12248,
            "activeTimeMs": 204142.10000000702,
            "position": [
              67.35381531679855,
              32.600001,
              0.6452957045056721
            ]
          },
          {
            "physicsTick": 12250,
            "activeTimeMs": 204169.00000001298,
            "position": [
              67.35381531679855,
              32.600001,
              0.6452957045056721
            ]
          },
          {
            "physicsTick": 12251,
            "activeTimeMs": 204190.80000001,
            "position": [
              67.35381531679855,
              32.600001,
              0.6452957045056721
            ]
          },
          {
            "physicsTick": 12252,
            "activeTimeMs": 204215.10000000702,
            "position": [
              67.35381531679855,
              32.600001,
              0.6452957045056721
            ]
          },
          {
            "physicsTick": 12254,
            "activeTimeMs": 204237.10000000702,
            "position": [
              67.35381531679855,
              32.600001,
              0.6452957045056721
            ]
          },
          {
            "physicsTick": 12255,
            "activeTimeMs": 204255.50000001298,
            "position": [
              67.35381531679855,
              32.600001,
              0.6452957045056721
            ]
          },
          {
            "physicsTick": 12256,
            "activeTimeMs": 204280.70000001596,
            "position": [
              67.35381531679855,
              32.600001,
              0.6452957045056721
            ]
          },
          {
            "physicsTick": 12258,
            "activeTimeMs": 204304.20000001596,
            "position": [
              67.35381531679855,
              32.600001,
              0.6452957045056721
            ]
          },
          {
            "physicsTick": 12259,
            "activeTimeMs": 204326.90000001894,
            "position": [
              67.35381531679855,
              32.600001,
              0.6452957045056721
            ]
          },
          {
            "physicsTick": 12261,
            "activeTimeMs": 204352.70000001596,
            "position": [
              67.35381531679855,
              32.600001,
              0.6452957045056721
            ]
          },
          {
            "physicsTick": 12262,
            "activeTimeMs": 204374.20000001596,
            "position": [
              67.35381531679855,
              32.600001,
              0.6452957045056721
            ]
          },
          {
            "physicsTick": 12264,
            "activeTimeMs": 204400.50000001298,
            "position": [
              67.35381531679855,
              32.600001,
              0.6452957045056721
            ]
          },
          {
            "physicsTick": 12265,
            "activeTimeMs": 204422.40000001894,
            "position": [
              67.35381531679855,
              32.600001,
              0.6452957045056721
            ]
          },
          {
            "physicsTick": 12266,
            "activeTimeMs": 204447.60000000702,
            "position": [
              67.35381531679855,
              32.600001,
              0.6452957045056721
            ]
          },
          {
            "physicsTick": 12268,
            "activeTimeMs": 204470.10000000702,
            "position": [
              67.35381531679855,
              32.600001,
              0.6452957045056721
            ]
          },
          {
            "physicsTick": 12268,
            "activeTimeMs": 204479.20000001596,
            "position": [
              67.35381531679855,
              32.600001,
              0.6452957045056721
            ]
          }
        ],
        "generatorVersion": 11,
        "renderPipeline": {
          "drawUnit": "chunk-render-category",
          "batchMode": "category",
          "vertexLayout": "float16-uv-uint16-index",
          "shaderMode": "voxel-array-chunks",
          "backend": "webgl2"
        },
        "experiments": {
          "requested": {
            "renderer": "webgl2",
            "wasm": true,
            "simd": true
          },
          "kernels": [
            "w02",
            "w03",
            "w04",
            "w05",
            "w06"
          ],
          "renderer": {
            "requestedRenderer": "webgl2",
            "effectiveRenderer": "webgl2",
            "rendererStatus": "matched"
          },
          "workers": [
            {
              "epoch": "seedlands:classic-canonical-runtime-v11:1",
              "lane": "fluid",
              "index": 0,
              "status": "off",
              "requestedArtifact": "simd",
              "effectiveArtifact": "off",
              "selected": [],
              "reason": "no-selected-kernel"
            },
            {
              "epoch": "seedlands:classic-canonical-runtime-v11:1",
              "lane": "general",
              "index": 1,
              "status": "matched",
              "requestedArtifact": "simd",
              "effectiveArtifact": "simd",
              "selected": [
                "w02",
                "w03",
                "w04",
                "w05",
                "w06"
              ],
              "artifactSha256": "c1a763778c4eb4873772cf480c758f8b18cbc77beee80c933dda6b2fd19e4b2c"
            }
          ]
        },
        "serverRevision": 1,
        "voxelAtOrigin": 42,
        "serverPlayerPosition": [
          67.35381531679855,
          32.600001,
          0.6452957045056721
        ],
        "serverPlayerVelocity": [
          0,
          0,
          0
        ],
        "prediction": {
          "pendingFrames": 0,
          "lastResetReason": "authority-resync",
          "resetCounts": {
            "input-interrupted": 14,
            "authority-resync": 506,
            "collision-history-missing": 124,
            "large-error": 1,
            "movement-mode-changed": 3
          },
          "presentationOffset": {
            "x": 0,
            "y": 0,
            "z": 0
          }
        },
        "serverWorldTime": 20.04799999999571,
        "performance": {
          "scenarioId": "default",
          "frame": {
            "count": 1200,
            "p50Ms": 17.599999994039536,
            "p95Ms": 28.200000002980232,
            "p99Ms": 32.70000000298023,
            "maxMs": 156,
            "longFrameCount": 11,
            "lastLongFrameMs": 33.400000005960464
          },
          "chunkVisible": {
            "count": 103,
            "p50Ms": 1284.7999999970198,
            "p95Ms": 16644.70000000298,
            "p99Ms": 17660.80000001192,
            "maxMs": 17892.5
          },
          "completedChunkTraces": 103,
          "traceEventCount": 1455,
          "maxMeshCommitsInFrame": 1,
          "maxMeshPartsInFrame": 2,
          "visibleAfterPostrender": true,
          "incidents": 32,
          "droppedEvents": 0,
          "uploadQueueDepth": 0,
          "estimatedMeshBytes": 6321560
        },
        "compute": {
          "workerCount": 2,
          "fluidWorkerCount": 1,
          "generalWorkerCount": 1,
          "running": 0,
          "queued": 0,
          "queuedBytes": 0,
          "cancellationRequests": 0,
          "staleResults": 0,
          "failedTasks": 0,
          "completedTasks": 255,
          "submittedTasks": 255,
          "submittedBytes": 98795520,
          "maxQueued": 1,
          "maxQueuedBytes": 0,
          "workerTaskDuration": {
            "fluid": {
              "count": 128,
              "capacity": 256,
              "samplesMs": [
                0.6000000089406967,
                0.5,
                0.29999999701976776,
                0.5999999940395355,
                0.5,
                0.30000001192092896,
                0.19999998807907104,
                0.10000000894069672,
                0.09999999403953552,
                0.20000000298023224,
                0.20000000298023224,
                0.20000000298023224,
                0.09999999403953552,
                0.10000000894069672,
                0.29999999701976776,
                0.4000000059604645,
                0.29999999701976776,
                0.5,
                0.4000000059604645,
                0.5,
                0.29999999701976776,
                0.3999999910593033,
                0.20000000298023224,
                0.4000000059604645,
                0.30000001192092896,
                0.09999999403953552,
                0.29999999701976776,
                0.20000000298023224,
                0.09999999403953552,
                0.09999999403953552,
                0.09999999403953552,
                0.10000000894069672,
                0.09999999403953552,
                0,
                0,
                0.20000000298023224,
                0.20000000298023224,
                0.5,
                0.19999998807907104,
                0.19999998807907104,
                0.09999999403953552,
                0.09999999403953552,
                0.19999998807907104,
                0.09999999403953552,
                0.10000000894069672,
                0.10000000894069672,
                0.09999999403953552,
                0.19999998807907104,
                0.09999999403953552,
                0.09999999403953552,
                0,
                0.10000000894069672,
                0.20000000298023224,
                0.20000000298023224,
                0.10000000894069672,
                0.09999999403953552,
                0.09999999403953552,
                0.10000000894069672,
                0.09999999403953552,
                0.09999999403953552,
                0.20000000298023224,
                0.09999999403953552,
                0.09999999403953552,
                0.09999999403953552,
                0,
                0.09999999403953552,
                0.19999998807907104,
                0.20000000298023224,
                0.10000000894069672,
                0,
                0.10000000894069672,
                0,
                0.09999999403953552,
                0.20000000298023224,
                0.09999999403953552,
                0.29999999701976776,
                0.09999999403953552,
                0.09999999403953552,
                0.10000000894069672,
                0.09999999403953552,
                0.09999999403953552,
                0,
                0.20000000298023224,
                0.09999999403953552,
                0.09999999403953552,
                0.19999998807907104,
                0.10000000894069672,
                0.20000000298023224,
                0.09999999403953552,
                0.20000000298023224,
                0.09999999403953552,
                0.29999999701976776,
                0.20000000298023224,
                0.30000001192092896,
                0.20000000298023224,
                0.09999999403953552,
                0.29999999701976776,
                0.3999999910593033,
                0.19999998807907104,
                0.20000000298023224,
                0.3999999910593033,
                0.29999999701976776,
                0.20000000298023224,
                0.20000000298023224,
                0.10000000894069672,
                0.30000001192092896,
                0.29999999701976776,
                0.30000001192092896,
                0.30000001192092896,
                0.09999999403953552,
                0.20000000298023224,
                0.29999999701976776,
                0.29999999701976776,
                0.29999999701976776,
                0.30000001192092896,
                0.29999999701976776,
                0.29999999701976776,
                0.20000000298023224,
                0.09999999403953552,
                0.3999999910593033,
                0.19999998807907104,
                0.10000000894069672,
                0.09999999403953552,
                0.20000000298023224,
                0,
                0,
                0.09999999403953552,
                0
              ]
            },
            "general": {
              "count": 127,
              "capacity": 256,
              "samplesMs": [
                1587.5999999940395,
                336.29999999701977,
                230.90000000596046,
                333,
                51.1000000089407,
                44.79999999701977,
                46.099999994039536,
                46.400000005960464,
                47.1000000089407,
                48.5,
                50.5,
                41,
                43.20000000298023,
                45.5,
                47,
                46.099999994039536,
                48.900000005960464,
                53,
                90,
                97.6000000089407,
                101,
                104.20000000298023,
                104.5,
                105.40000000596046,
                106,
                96.6000000089407,
                97.69999998807907,
                105.40000000596046,
                108.70000000298023,
                101.6000000089407,
                103.79999999701977,
                102.6000000089407,
                354.5,
                336.3999999910593,
                280.09999999403954,
                44.599999994039536,
                277.20000000298023,
                278.90000000596046,
                268.29999999701977,
                324.29999999701977,
                223.6000000089407,
                227.79999999701977,
                216.6000000089407,
                245.80000001192093,
                268.30000001192093,
                272.19999998807907,
                315.59999999403954,
                323.19999998807907,
                225.69999998807907,
                223.69999998807907,
                229.40000000596046,
                229.69999998807907,
                288.29999999701977,
                230.69999998807907,
                270.40000000596046,
                335.29999999701977,
                225.20000000298023,
                230.29999999701977,
                279.59999999403954,
                270.5,
                229,
                224.79999999701977,
                273.1000000089407,
                267,
                229.80000001192093,
                217.3999999910593,
                273.1000000089407,
                266.30000001192093,
                219.8999999910593,
                216.59999999403954,
                274.19999998807907,
                268.79999999701977,
                247.69999998807907,
                217.79999999701977,
                271.70000000298023,
                268,
                220.20000000298023,
                216.59999999403954,
                273.90000000596046,
                268.20000000298023,
                220.1000000089407,
                221.59999999403954,
                278.90000000596046,
                241.5,
                279.6000000089407,
                330.8999999910593,
                238.90000000596046,
                256.29999999701977,
                274.70000000298023,
                268.70000000298023,
                225.59999999403954,
                232.09999999403954,
                269.79999999701977,
                262.5,
                221.69999998807907,
                229.09999999403954,
                275.80000001192093,
                234.5,
                263.59999999403954,
                222.5,
                268.3999999910593,
                277.70000000298023,
                226.19999998807907,
                274.09999999403954,
                227.40000000596046,
                267.40000000596046,
                269.40000000596046,
                292.40000000596046,
                218.8999999910593,
                224,
                265.90000000596046,
                223.5,
                278.5,
                228.29999999701977,
                271.8999999910593,
                277.6000000089407,
                267,
                273.29999999701977,
                271,
                274.5,
                266.3999999910593,
                268.79999999701977,
                269.20000000298023,
                275.59999999403954,
                265.59999999403954,
                283,
                273.1000000089407
              ]
            }
          },
          "workerKernelStates": [
            {
              "epoch": "seedlands:classic-canonical-runtime-v11:1",
              "lane": "fluid",
              "index": 0,
              "status": "off",
              "requestedArtifact": "simd",
              "effectiveArtifact": "off",
              "selected": [],
              "reason": "no-selected-kernel"
            },
            {
              "epoch": "seedlands:classic-canonical-runtime-v11:1",
              "lane": "general",
              "index": 1,
              "status": "matched",
              "requestedArtifact": "simd",
              "effectiveArtifact": "simd",
              "selected": [
                "w02",
                "w03",
                "w04",
                "w05",
                "w06"
              ],
              "artifactSha256": "c1a763778c4eb4873772cf480c758f8b18cbc77beee80c933dda6b2fd19e4b2c"
            }
          ],
          "workerActivity": [
            {
              "lane": "fluid",
              "index": 0,
              "status": "idle",
              "taskId": null,
              "taskCategory": null,
              "taskAgeMs": null,
              "sampledAtMs": 89278.10000000894,
              "completedTasks": 128,
              "lastTaskDurationMs": 0,
              "kernel": null
            },
            {
              "lane": "general",
              "index": 1,
              "status": "idle",
              "taskId": null,
              "taskCategory": null,
              "taskAgeMs": null,
              "sampledAtMs": 90447.80000001192,
              "completedTasks": 127,
              "lastTaskDurationMs": 273.1000000089407,
              "kernel": {
                "calls": 2105,
                "failures": 0,
                "memoryBytes": 18874368,
                "durationMs": 9.900000125169754,
                "failed": false
              }
            }
          ]
        },
        "fluidFeedback": {
          "count": 0,
          "pending": false,
          "pendingSample": null,
          "p50Ms": 0,
          "p95Ms": 0,
          "p99Ms": 0,
          "maxMs": 0,
          "samples": []
        },
        "waterTransitions": {
          "activeCount": 0,
          "active": [],
          "recent": [
            {
              "chunkKey": "2,0,0",
              "targetRevision": 5,
              "traceId": "trace-69",
              "geometry": {
                "mode": "surface-morph",
                "patchCount": 46,
                "retainedPatchCount": 0,
                "addedPatchCount": 46,
                "removedPatchCount": 0,
                "visibleWaterMeshCount": 1,
                "opacityCrossfade": false
              },
              "progress": 1,
              "frameCount": 9,
              "completed": true,
              "superseded": false,
              "progressSamples": [
                0,
                0.15111111112766795,
                0.2905555556217829,
                0.43111111116078166,
                0.5733333333498902,
                0.7077777778108915,
                0.864444444494115,
                1,
                1
              ]
            },
            {
              "chunkKey": "2,1,0",
              "targetRevision": 0,
              "traceId": "trace-77",
              "geometry": {
                "mode": "surface-morph",
                "patchCount": 54,
                "retainedPatchCount": 0,
                "addedPatchCount": 54,
                "removedPatchCount": 0,
                "visibleWaterMeshCount": 1,
                "opacityCrossfade": false
              },
              "progress": 1,
              "frameCount": 9,
              "completed": true,
              "superseded": false,
              "progressSamples": [
                0,
                0.1455555555721124,
                0.2905555555389987,
                0.43499999998344313,
                0.5772222222553359,
                0.7222222222222222,
                0.8672222221891085,
                1,
                1
              ]
            },
            {
              "chunkKey": "2,0,-1",
              "targetRevision": 10,
              "traceId": "trace-78",
              "geometry": {
                "mode": "surface-morph",
                "patchCount": 124,
                "retainedPatchCount": 0,
                "addedPatchCount": 124,
                "removedPatchCount": 0,
                "visibleWaterMeshCount": 1,
                "opacityCrossfade": false
              },
              "progress": 1,
              "frameCount": 9,
              "completed": true,
              "superseded": false,
              "progressSamples": [
                0,
                0.14611111109455427,
                0.30499999995032945,
                0.4583333333333333,
                0.6005555555224419,
                0.7438888888392183,
                0.8766666666501098,
                1,
                1
              ]
            },
            {
              "chunkKey": "2,1,-1",
              "targetRevision": 0,
              "traceId": "trace-71",
              "geometry": {
                "mode": "surface-morph",
                "patchCount": 24,
                "retainedPatchCount": 0,
                "addedPatchCount": 24,
                "removedPatchCount": 0,
                "visibleWaterMeshCount": 1,
                "opacityCrossfade": false
              },
              "progress": 1,
              "frameCount": 9,
              "completed": true,
              "superseded": false,
              "progressSamples": [
                0,
                0.13555555558866925,
                0.2905555555389987,
                0.43000000003311367,
                0.5911111111442248,
                0.7349999999834431,
                0.8811111110779974,
                1,
                1
              ]
            },
            {
              "chunkKey": "2,0,0",
              "targetRevision": 24,
              "traceId": "trace-72",
              "geometry": {
                "mode": "surface-morph",
                "patchCount": 753,
                "retainedPatchCount": 45,
                "addedPatchCount": 707,
                "removedPatchCount": 1,
                "visibleWaterMeshCount": 1,
                "opacityCrossfade": false
              },
              "progress": 1,
              "frameCount": 9,
              "completed": true,
              "superseded": false,
              "progressSamples": [
                0,
                0.14555555548932816,
                0.29111111106144055,
                0.4316666666004393,
                0.5677777777115504,
                0.7133333332836628,
                0.8655555555389987,
                1,
                1
              ]
            },
            {
              "chunkKey": "1,0,0",
              "targetRevision": 34,
              "traceId": "trace-73",
              "geometry": {
                "mode": "surface-morph",
                "patchCount": 224,
                "retainedPatchCount": 0,
                "addedPatchCount": 224,
                "removedPatchCount": 0,
                "visibleWaterMeshCount": 1,
                "opacityCrossfade": false
              },
              "progress": 1,
              "frameCount": 10,
              "completed": true,
              "superseded": false,
              "progressSamples": [
                0,
                0.13722222223877906,
                0.27111111109455427,
                0.40222222217255166,
                0.5416666666666666,
                0.6816666666832235,
                0.8044444444278877,
                0.9527777777777777,
                1,
                1
              ]
            },
            {
              "chunkKey": "1,1,0",
              "targetRevision": 0,
              "traceId": "trace-74",
              "geometry": {
                "mode": "surface-morph",
                "patchCount": 9,
                "retainedPatchCount": 0,
                "addedPatchCount": 9,
                "removedPatchCount": 0,
                "visibleWaterMeshCount": 1,
                "opacityCrossfade": false
              },
              "progress": 1,
              "frameCount": 10,
              "completed": true,
              "superseded": false,
              "progressSamples": [
                0,
                0.15222222217255169,
                0.29222222218910854,
                0.4305555555555556,
                0.5744444443947739,
                0.7116666666335529,
                0.8549999999503295,
                0.9894444444113307,
                1,
                1
              ]
            },
            {
              "chunkKey": "1,0,-1",
              "targetRevision": 8,
              "traceId": "trace-75",
              "geometry": {
                "mode": "surface-morph",
                "patchCount": 78,
                "retainedPatchCount": 0,
                "addedPatchCount": 78,
                "removedPatchCount": 0,
                "visibleWaterMeshCount": 1,
                "opacityCrossfade": false
              },
              "progress": 1,
              "frameCount": 10,
              "completed": true,
              "superseded": false,
              "progressSamples": [
                0,
                0.13722222223877906,
                0.27388888895511626,
                0.4072222222884496,
                0.5550000000331137,
                0.688333333366447,
                0.8116666667163372,
                0.9661111111442248,
                1,
                1
              ]
            },
            {
              "chunkKey": "2,0,-1",
              "targetRevision": 31,
              "traceId": "trace-79",
              "geometry": {
                "mode": "surface-morph",
                "patchCount": 577,
                "retainedPatchCount": 121,
                "addedPatchCount": 453,
                "removedPatchCount": 3,
                "visibleWaterMeshCount": 1,
                "opacityCrossfade": false
              },
              "progress": 1,
              "frameCount": 10,
              "completed": true,
              "superseded": false,
              "progressSamples": [
                0,
                0.14000000001655685,
                0.2811111110779974,
                0.4222222222222222,
                0.5611111111111111,
                0.7061111110779974,
                0.8472222222222222,
                0.9838888888557752,
                1,
                1
              ]
            },
            {
              "chunkKey": "2,0,0",
              "targetRevision": 36,
              "traceId": "trace-80",
              "geometry": {
                "mode": "surface-morph",
                "patchCount": 903,
                "retainedPatchCount": 634,
                "addedPatchCount": 151,
                "removedPatchCount": 118,
                "visibleWaterMeshCount": 1,
                "opacityCrossfade": false
              },
              "progress": 1,
              "frameCount": 10,
              "completed": true,
              "superseded": false,
              "progressSamples": [
                0,
                0.14000000001655685,
                0.28888888888888886,
                0.42888888890544574,
                0.5766666666501098,
                0.7099999999834432,
                0.8477777777446641,
                0.9844444444610013,
                1,
                1
              ]
            },
            {
              "chunkKey": "1,0,0",
              "targetRevision": 41,
              "traceId": "trace-89",
              "geometry": {
                "mode": "surface-morph",
                "patchCount": 238,
                "retainedPatchCount": 187,
                "addedPatchCount": 14,
                "removedPatchCount": 37,
                "visibleWaterMeshCount": 1,
                "opacityCrossfade": false
              },
              "progress": 1,
              "frameCount": 9,
              "completed": true,
              "superseded": false,
              "progressSamples": [
                0,
                0.17222222222222222,
                0.3161111110614406,
                0.4627777777612209,
                0.6183333333167765,
                0.773333333267106,
                0.9311111110779974,
                1,
                1
              ]
            },
            {
              "chunkKey": "2,1,0",
              "targetRevision": 0,
              "traceId": "trace-82",
              "geometry": {
                "mode": "surface-morph",
                "patchCount": 54,
                "retainedPatchCount": 0,
                "addedPatchCount": 0,
                "removedPatchCount": 54,
                "visibleWaterMeshCount": 1,
                "opacityCrossfade": false
              },
              "progress": 1,
              "frameCount": 9,
              "completed": true,
              "superseded": false,
              "progressSamples": [
                0,
                0.1505555556052261,
                0.2872222222387791,
                0.42666666673289405,
                0.5672222222718928,
                0.7072222222884496,
                0.8638888888888889,
                1,
                1
              ]
            },
            {
              "chunkKey": "2,1,-1",
              "targetRevision": 0,
              "traceId": "trace-84",
              "geometry": {
                "mode": "surface-morph",
                "patchCount": 24,
                "retainedPatchCount": 0,
                "addedPatchCount": 0,
                "removedPatchCount": 24,
                "visibleWaterMeshCount": 1,
                "opacityCrossfade": false
              },
              "progress": 1,
              "frameCount": 9,
              "completed": true,
              "superseded": false,
              "progressSamples": [
                0,
                0.13722222223877906,
                0.2916666666666667,
                0.42999999995032945,
                0.5705555555721123,
                0.7316666666832236,
                0.8738888888723321,
                1,
                1
              ]
            },
            {
              "chunkKey": "2,0,-1",
              "targetRevision": 55,
              "traceId": "trace-83",
              "geometry": {
                "mode": "surface-morph",
                "patchCount": 579,
                "retainedPatchCount": 462,
                "addedPatchCount": 5,
                "removedPatchCount": 112,
                "visibleWaterMeshCount": 1,
                "opacityCrossfade": false
              },
              "progress": 1,
              "frameCount": 9,
              "completed": true,
              "superseded": false,
              "progressSamples": [
                0,
                0.1388888888888889,
                0.29666666661699614,
                0.4361111111111111,
                0.5838888888557752,
                0.723888888872332,
                0.861666666633553,
                1,
                1
              ]
            },
            {
              "chunkKey": "1,1,0",
              "targetRevision": 0,
              "traceId": "trace-85",
              "geometry": {
                "mode": "surface-morph",
                "patchCount": 9,
                "retainedPatchCount": 0,
                "addedPatchCount": 0,
                "removedPatchCount": 9,
                "visibleWaterMeshCount": 1,
                "opacityCrossfade": false
              },
              "progress": 1,
              "frameCount": 9,
              "completed": true,
              "superseded": false,
              "progressSamples": [
                0,
                0.1433333333167765,
                0.29888888887233206,
                0.4522222221725517,
                0.5955555554893281,
                0.7411111110614406,
                0.8822222222056654,
                1,
                1
              ]
            },
            {
              "chunkKey": "1,0,-1",
              "targetRevision": 8,
              "traceId": "trace-86",
              "geometry": {
                "mode": "surface-morph",
                "patchCount": 78,
                "retainedPatchCount": 76,
                "addedPatchCount": 0,
                "removedPatchCount": 2,
                "visibleWaterMeshCount": 1,
                "opacityCrossfade": false
              },
              "progress": 1,
              "frameCount": 9,
              "completed": true,
              "superseded": false,
              "progressSamples": [
                0,
                0.1683333333167765,
                0.30833333333333335,
                0.46111111111111114,
                0.6161111110614406,
                0.7705555555721124,
                0.9133333332836628,
                1,
                1
              ]
            },
            {
              "chunkKey": "2,0,0",
              "targetRevision": 76,
              "traceId": "trace-88",
              "geometry": {
                "mode": "surface-morph",
                "patchCount": 804,
                "retainedPatchCount": 563,
                "addedPatchCount": 19,
                "removedPatchCount": 222,
                "visibleWaterMeshCount": 1,
                "opacityCrossfade": false
              },
              "progress": 1,
              "frameCount": 9,
              "completed": true,
              "superseded": false,
              "progressSamples": [
                0,
                0.14611111109455427,
                0.2905555555389987,
                0.43499999998344313,
                0.5766666666501098,
                0.7338888888557752,
                0.8783333333002197,
                1,
                1
              ]
            },
            {
              "chunkKey": "1,0,0",
              "targetRevision": 77,
              "traceId": "trace-94",
              "geometry": {
                "mode": "surface-morph",
                "patchCount": 203,
                "retainedPatchCount": 176,
                "addedPatchCount": 2,
                "removedPatchCount": 25,
                "visibleWaterMeshCount": 1,
                "opacityCrossfade": false
              },
              "progress": 1,
              "frameCount": 9,
              "completed": true,
              "superseded": false,
              "progressSamples": [
                0,
                0.14222222218910854,
                0.27611111112766795,
                0.43222222220566536,
                0.5727777777446641,
                0.713333333366447,
                0.8805555555555555,
                1,
                1
              ]
            },
            {
              "chunkKey": "2,0,-1",
              "targetRevision": 87,
              "traceId": "trace-91",
              "geometry": {
                "mode": "surface-morph",
                "patchCount": 474,
                "retainedPatchCount": 363,
                "addedPatchCount": 7,
                "removedPatchCount": 104,
                "visibleWaterMeshCount": 1,
                "opacityCrossfade": false
              },
              "progress": 1,
              "frameCount": 9,
              "completed": true,
              "superseded": false,
              "progressSamples": [
                0,
                0.1544444444278876,
                0.29444444444444445,
                0.43944444441133074,
                0.5794444444278876,
                0.7216666666169961,
                0.8661111110614406,
                1,
                1
              ]
            },
            {
              "chunkKey": "1,0,-1",
              "targetRevision": 13,
              "traceId": "trace-92",
              "geometry": {
                "mode": "surface-morph",
                "patchCount": 76,
                "retainedPatchCount": 57,
                "addedPatchCount": 0,
                "removedPatchCount": 19,
                "visibleWaterMeshCount": 1,
                "opacityCrossfade": false
              },
              "progress": 1,
              "frameCount": 9,
              "completed": true,
              "superseded": false,
              "progressSamples": [
                0,
                0.16777777779433461,
                0.31055555558866926,
                0.4505555556052261,
                0.5950000000496706,
                0.7300000000331137,
                0.8677777777943346,
                1,
                1
              ]
            },
            {
              "chunkKey": "2,0,0",
              "targetRevision": 97,
              "traceId": "trace-93",
              "geometry": {
                "mode": "surface-morph",
                "patchCount": 602,
                "retainedPatchCount": 427,
                "addedPatchCount": 20,
                "removedPatchCount": 155,
                "visibleWaterMeshCount": 1,
                "opacityCrossfade": false
              },
              "progress": 1,
              "frameCount": 9,
              "completed": true,
              "superseded": false,
              "progressSamples": [
                0,
                0.14500000004967054,
                0.2827777778108915,
                0.4927777777943346,
                0.6466666666997803,
                0.7950000000496705,
                0.9544444444278876,
                1,
                1
              ]
            },
            {
              "chunkKey": "1,0,0",
              "targetRevision": 98,
              "traceId": "trace-95",
              "geometry": {
                "mode": "surface-morph",
                "patchCount": 184,
                "retainedPatchCount": 164,
                "addedPatchCount": 6,
                "removedPatchCount": 14,
                "visibleWaterMeshCount": 1,
                "opacityCrossfade": false
              },
              "progress": 1,
              "frameCount": 9,
              "completed": true,
              "superseded": false,
              "progressSamples": [
                0,
                0.15222222217255169,
                0.28888888888888886,
                0.4327777777281072,
                0.5894444444113307,
                0.7333333333333333,
                0.8761111111276679,
                1,
                1
              ]
            },
            {
              "chunkKey": "2,0,-1",
              "targetRevision": 107,
              "traceId": "trace-96",
              "geometry": {
                "mode": "surface-morph",
                "patchCount": 377,
                "retainedPatchCount": 200,
                "addedPatchCount": 7,
                "removedPatchCount": 170,
                "visibleWaterMeshCount": 1,
                "opacityCrossfade": false
              },
              "progress": 1,
              "frameCount": 9,
              "completed": true,
              "superseded": false,
              "progressSamples": [
                0,
                0.14222222218910854,
                0.325,
                0.4661111110614406,
                0.6127777777612209,
                0.7549999999503295,
                0.8994444443947739,
                1,
                1
              ]
            },
            {
              "chunkKey": "1,0,-1",
              "targetRevision": 21,
              "traceId": "trace-101",
              "geometry": {
                "mode": "surface-morph",
                "patchCount": 60,
                "retainedPatchCount": 22,
                "addedPatchCount": 3,
                "removedPatchCount": 35,
                "visibleWaterMeshCount": 1,
                "opacityCrossfade": false
              },
              "progress": 1,
              "frameCount": 10,
              "completed": true,
              "superseded": false,
              "progressSamples": [
                0,
                0.13722222223877906,
                0.2838888889385594,
                0.4222222222222222,
                0.5550000000331137,
                0.7,
                0.8388888888888889,
                0.9716666666997804,
                1,
                1
              ]
            },
            {
              "chunkKey": "2,0,0",
              "targetRevision": 116,
              "traceId": "trace-98",
              "geometry": {
                "mode": "surface-morph",
                "patchCount": 483,
                "retainedPatchCount": 309,
                "addedPatchCount": 36,
                "removedPatchCount": 138,
                "visibleWaterMeshCount": 1,
                "opacityCrossfade": false
              },
              "progress": 1,
              "frameCount": 9,
              "completed": true,
              "superseded": false,
              "progressSamples": [
                0,
                0.12444444439477391,
                0.27722222217255166,
                0.4222222222222222,
                0.576111111127668,
                0.7205555555721124,
                0.8572222222056654,
                1,
                1
              ]
            },
            {
              "chunkKey": "1,0,0",
              "targetRevision": 111,
              "traceId": "trace-99",
              "geometry": {
                "mode": "surface-morph",
                "patchCount": 170,
                "retainedPatchCount": 0,
                "addedPatchCount": 0,
                "removedPatchCount": 170,
                "visibleWaterMeshCount": 1,
                "opacityCrossfade": false
              },
              "progress": 1,
              "frameCount": 10,
              "completed": true,
              "superseded": false,
              "progressSamples": [
                0,
                0.15166666665010983,
                0.2799999999503295,
                0.4083333333333333,
                0.551111111127668,
                0.7138888888888889,
                0.8438888888392183,
                0.9922222221891085,
                1,
                1
              ]
            },
            {
              "chunkKey": "2,0,-1",
              "targetRevision": 120,
              "traceId": "trace-100",
              "geometry": {
                "mode": "surface-morph",
                "patchCount": 207,
                "retainedPatchCount": 0,
                "addedPatchCount": 0,
                "removedPatchCount": 207,
                "visibleWaterMeshCount": 1,
                "opacityCrossfade": false
              },
              "progress": 1,
              "frameCount": 10,
              "completed": true,
              "superseded": false,
              "progressSamples": [
                0,
                0.14444444444444443,
                0.2794444444278876,
                0.41722222218910854,
                0.5533333333002196,
                0.7072222222056653,
                0.8316666666832235,
                0.9666666666666667,
                1,
                1
              ]
            },
            {
              "chunkKey": "1,0,-1",
              "targetRevision": 24,
              "traceId": "trace-102",
              "geometry": {
                "mode": "surface-morph",
                "patchCount": 25,
                "retainedPatchCount": 0,
                "addedPatchCount": 0,
                "removedPatchCount": 25,
                "visibleWaterMeshCount": 1,
                "opacityCrossfade": false
              },
              "progress": 1,
              "frameCount": 4,
              "completed": true,
              "superseded": false,
              "progressSamples": [
                0,
                0.8194444444444444,
                1,
                1
              ]
            },
            {
              "chunkKey": "2,0,0",
              "targetRevision": 123,
              "traceId": "trace-103",
              "geometry": {
                "mode": "surface-morph",
                "patchCount": 345,
                "retainedPatchCount": 0,
                "addedPatchCount": 0,
                "removedPatchCount": 345,
                "visibleWaterMeshCount": 1,
                "opacityCrossfade": false
              },
              "progress": 1,
              "frameCount": 10,
              "completed": true,
              "superseded": false,
              "progressSamples": [
                0,
                0.14222222218910854,
                0.2788888889054457,
                0.4199999999668863,
                0.5572222222056654,
                0.6938888888392184,
                0.8222222222222222,
                0.9633333332836628,
                1,
                1
              ]
            }
          ]
        },
        "ui": {
          "runtime": "svelte5",
          "shellPublishCount": 60,
          "hudPublishCount": 190,
          "interactionPublishCount": 308,
          "debugProjectionCount": 358,
          "debugPublishCount": 360,
          "staleUpdateCount": 0,
          "coalescedUpdateCount": 18765,
          "domCommitCount": 843,
          "projectionDurationMs": 806.0999998748302,
          "publishDurationMs": 17.700000047683716,
          "domCommitDurationMs": 1169.3999999314547,
          "debugProjectionRate": 3.8329274306248444,
          "totalPublishRate": 9.765351628024533
        },
        "gameplay": {
          "entityCount": 5,
          "worldItemCount": 0,
          "creatureCount": 4,
          "npcCount": 0,
          "nearbyVisitedBucketCount": 27,
          "nearbyCandidateCount": 2,
          "nearbyReturnedCount": 2,
          "inventoryOperationCount": 35,
          "gameplayEventCount": 3600,
          "snapshotBytes": 54493,
          "retainedActorCount": 4,
          "activeActorCount": 2,
          "behaviorEvaluationCount": 0,
          "navigationPlanCount": 0,
          "navigationExpandedNodeCount": 0,
          "pathRecomputeCount": 0,
          "actionCompletionCount": 13,
          "actionFailureCount": 0,
          "actionInterruptionCount": 0,
          "perceptionLineOfSightCheckCount": 0,
          "simulationTime": 204.4,
          "presentedEntityCount": 4
        },
        "breakingOverlay": null,
        "viewmodel": {
          "isolatedLayer": true
        },
        "visualEffects": {
          "activeLocalLights": 0,
          "shadowedLocalLights": 0,
          "localLightLimit": 0,
          "localShadowLimit": 0,
          "sunShadows": false,
          "sunShadowResolution": 0,
          "reflectionEnabled": false,
          "reflectionActive": false,
          "reflectionResolution": 0,
          "reflectionFrameInterval": 0,
          "reflectionRenderCount": 0,
          "waterPlaneY": null,
          "postProcessing": false,
          "shadowUpdateCount": 0,
          "shadowStableFrameCount": 4960,
          "blockLightReady": true,
          "blockLightSourceRevision": 141,
          "blockLightRebuildCount": 1186
        },
        "water": {
          "bodyFraction": 0,
          "wading": false,
          "swimming": false,
          "cameraSubmerged": false,
          "cameraDepth": null,
          "waterSurfaceY": null,
          "underwaterBlend": 0
        }
      },
      "logicEvidence": []
    },
    {
      "schemaVersion": 1,
      "status": "FAIL",
      "attempt": 0,
      "test": "非 Classic Playbook 从锁定 production artifact 启动并消费自定义 worldgen/voxel/presentation",
      "project": "chromium",
      "benchmark": false,
      "stages": {},
      "errors": [],
      "current": null,
      "logicEvidence": []
    }
  ]
}
