{
  "schemaVersion": 1,
  "status": "FAIL",
  "attempt": 0,
  "test": "Classic 生产旅程以真实输入完成 C0-C5，并复用同一运行时性能场景",
  "project": "chromium",
  "benchmark": false,
  "stages": {
    "C0": {
      "status": "PASS",
      "observation": "Production preview loaded the fixed seed with a stamped Classic composition, Authority/logic/persistence/compute Workers, consumed Wasm bytes and an actual WebGL2 context."
    },
    "C1": {
      "status": "PASS",
      "observation": "Pointer Lock mouse movement changed the route, then held W+Space crossed from Chunk 0 to Chunk 1 and Authority acknowledged it."
    },
    "C2": {
      "status": "PASS",
      "observation": "Mouse mining produced visible drops; movement picked them up; E opened inventory and real 2x2 pointer interactions produced planks, sticks, a wood sword and a workbench."
    },
    "C3": {
      "status": "PASS",
      "observation": "Right click placed crafted planks with a consumed mesh commit; inventory food restored health; held real mouse input buffered and completed the wood-sword second combo hit before defeating the fixed creature; a crafted workbench was placed, opened through the station runtime, then dismantled and recovered through real actions."
    }
  },
  "errors": [
    "Error: Real input route timed out before 77.2,2.5."
  ],
  "current": {
    "frameMs": 18.69999998807907,
    "player": [
      81.31999969482422,
      32.599998474121094,
      2.495638370513916
    ],
    "viewAngles": [
      270.1000000000001,
      -27.82999999999999
    ],
    "streamCenter": [
      2,
      0
    ],
    "loadedChunks": 30,
    "renderedChunks": 19,
    "generationQueue": 0,
    "meshingQueue": 0,
    "deferredRemeshes": 0,
    "onGround": false,
    "colliding": false,
    "interactionAttempts": 29,
    "mutationCount": 4274,
    "worldRevision": 157,
    "structuralEventCount": 157,
    "remeshSchedulingCount": 152,
    "lastCommitMutationCount": 1,
    "lastCommitMeshChunkCount": 2,
    "storageBytes": 42196596,
    "worldTime": 23.323999999988075,
    "timePaused": false,
    "quality": "low",
    "triangles": 110982,
    "drawCalls": 34,
    "blockLightBricks": 30,
    "blockLightAllocatedBytes": 7864320,
    "blockLightRebuildCount": 2062,
    "collisionDebug": {
      "enabled": false,
      "entityCount": 0,
      "meshCount": 0,
      "materialCount": 0,
      "visibleBatchCount": 0,
      "vertexCapacity": 0,
      "buildCount": 0,
      "authorityRequestCount": 0
    },
    "runtime": "authority-worker",
    "workers": {
      "total": 5,
      "authority": 1,
      "logic": 1,
      "persistence": 1,
      "fluid": 1,
      "general": 1
    },
    "authority": {
      "physicsHz": 60,
      "paused": true,
      "physicsTick": 17150,
      "integratedPhysicsTimeMs": 285833.3333332999,
      "acknowledgedInputSequence": 10321,
      "physicsDebtMs": 5.366666611575056,
      "activeTimeMs": 285838.6999999115,
      "commitSequence": 92465,
      "physicsCost": {
        "count": 17150,
        "capacity": 256,
        "samplesMs": [
          0.6000000238418579,
          0.4000000059604645,
          0.3999999761581421,
          0.4000000059604645,
          0.4000000059604645,
          0.5,
          0.4000000059604645,
          0.4000000059604645,
          0.5,
          0.5,
          0.5,
          0.29999998211860657,
          0.4000000059604645,
          0.3999999761581421,
          0.5,
          0.4000000059604645,
          1.0999999940395355,
          0.5999999940395355,
          0.5,
          0.4000000059604645,
          0.5,
          0.5,
          0.5,
          0.4000000059604645,
          0.6000000238418579,
          0.5,
          0.5,
          0.6000000238418579,
          0.5,
          0.5,
          0.5,
          0.4000000059604645,
          0.4000000059604645,
          0.3999999761581421,
          0.5,
          0.4000000059604645,
          0.4000000059604645,
          0.4000000059604645,
          0.4000000059604645,
          0.5,
          0.4000000059604645,
          0.3999999761581421,
          0.3999999761581421,
          0.5,
          0.4000000059604645,
          0.4000000059604645,
          0.5,
          0.5,
          0.5,
          0.4000000059604645,
          0.4000000059604645,
          0.4000000059604645,
          0.4000000059604645,
          0.30000001192092896,
          0.29999998211860657,
          0.4000000059604645,
          0.4000000059604645,
          0.5,
          0.4000000059604645,
          0.4000000059604645,
          0.4000000059604645,
          0.30000001192092896,
          0.30000001192092896,
          0.30000001192092896,
          0.4000000059604645,
          0.5,
          0.5,
          0.5,
          0.6000000238418579,
          0.4000000059604645,
          0.5,
          0.5999999940395355,
          0.4000000059604645,
          0.29999998211860657,
          0.3999999761581421,
          0.5,
          0.4000000059604645,
          0.5,
          0.4000000059604645,
          0.4000000059604645,
          0.4000000059604645,
          0.5,
          0.5,
          0.5,
          0.5,
          0.5,
          0.5,
          0.5,
          0.3999999761581421,
          0.4000000059604645,
          0.4000000059604645,
          0.4000000059604645,
          0.5,
          0.3999999761581421,
          0.4000000059604645,
          0.3999999761581421,
          0.30000001192092896,
          0.4000000059604645,
          0.5,
          0.4000000059604645,
          0.5,
          0.5,
          0.4000000059604645,
          0.4000000059604645,
          0.5999999940395355,
          0.5999999940395355,
          0.4000000059604645,
          0.6000000238418579,
          0.30000001192092896,
          0.8999999761581421,
          0.6000000238418579,
          0.5,
          0.5,
          0.4000000059604645,
          0.4000000059604645,
          0.5,
          0.5,
          0.5,
          0.5,
          0.29999998211860657,
          0.4000000059604645,
          0.4000000059604645,
          0.29999998211860657,
          0.4000000059604645,
          0.4000000059604645,
          0.4000000059604645,
          0.4000000059604645,
          0.29999998211860657,
          0.3999999761581421,
          0.5,
          0.5,
          0.4000000059604645,
          0.4000000059604645,
          0.5,
          0.5,
          0.30000001192092896,
          0.30000001192092896,
          0.5,
          0.3999999761581421,
          0.4000000059604645,
          0.5,
          0.4000000059604645,
          0.4000000059604645,
          0.5,
          0.4000000059604645,
          0.4000000059604645,
          0.30000001192092896,
          0.30000001192092896,
          0.3999999761581421,
          0.3999999761581421,
          0.6000000238418579,
          0.4000000059604645,
          0.5,
          0.5,
          0.4000000059604645,
          0.4000000059604645,
          0.3999999761581421,
          0.3999999761581421,
          0.3999999761581421,
          0.4000000059604645,
          0.4000000059604645,
          0.5,
          0.5,
          0.4000000059604645,
          0.29999998211860657,
          0.5,
          0.5,
          0.4000000059604645,
          0.5,
          0.4000000059604645,
          0.4000000059604645,
          0.3999999761581421,
          0.29999998211860657,
          0.5,
          0.5,
          0.5,
          0.4000000059604645,
          0.3999999761581421,
          0.4000000059604645,
          0.5,
          0.4000000059604645,
          0.4000000059604645,
          0.5,
          0.4000000059604645,
          0.3999999761581421,
          0.30000001192092896,
          0.4000000059604645,
          0.5,
          0.4000000059604645,
          0.5,
          0.4000000059604645,
          0.3999999761581421,
          0.4000000059604645,
          0.30000001192092896,
          0.29999998211860657,
          0.4000000059604645,
          0.3999999761581421,
          0.4000000059604645,
          0.4000000059604645,
          0.3999999761581421,
          0.30000001192092896,
          0.4000000059604645,
          0.4000000059604645,
          0.5,
          0.30000001192092896,
          0.30000001192092896,
          0.30000001192092896,
          0.5,
          0.4000000059604645,
          0.5,
          0.30000001192092896,
          0.4000000059604645,
          0.3999999761581421,
          0.4000000059604645,
          0.4000000059604645,
          0.30000001192092896,
          0.3999999761581421,
          0.6000000238418579,
          0.3999999761581421,
          0.5,
          0.4000000059604645,
          0.4000000059604645,
          0.4000000059604645,
          0.4000000059604645,
          0.4000000059604645,
          0.4000000059604645,
          0.4000000059604645,
          0.5,
          0.5,
          0.4000000059604645,
          0.4000000059604645,
          0.4000000059604645,
          0.5,
          0.4000000059604645,
          0.3999999761581421,
          0.4000000059604645,
          0.4000000059604645,
          0.5,
          0.5,
          0.30000001192092896,
          0.4000000059604645,
          0.4000000059604645,
          0.4000000059604645,
          0.4000000059604645,
          0.5,
          0.3999999761581421,
          0.5,
          0.5,
          0.5,
          0.5,
          0.3999999761581421,
          0.4000000059604645,
          0.4000000059604645,
          0.29999998211860657,
          0.3999999761581421,
          0.4000000059604645
        ]
      },
      "fluid": {
        "pendingCellCount": 0,
        "inFlightLeaseCount": 0,
        "acceptedCandidateCount": 128,
        "rejectedCandidateCount": 0,
        "returnedLeaseCount": 0,
        "issuedLeaseCount": 128,
        "settledLeaseCount": 128
      },
      "residency": {
        "residentCount": 67,
        "target": 256,
        "hardLimit": 2048,
        "pinnedCount": 36,
        "dirtyCount": 0,
        "evictableCleanCount": 31,
        "evictionCount": 0,
        "rejectedAdmissionCount": 0,
        "oversubscribed": false,
        "autoSaveInFlight": false,
        "autoSaveFailureCount": 0,
        "nextRetryActiveTimeMs": 0,
        "lastSaveError": null
      },
      "bodies": {
        "total": 8,
        "actors": 8,
        "worldItems": 0,
        "nearPlayer": 3
      },
      "snapshotRejections": {
        "wrong-epoch": 0,
        "duplicate": 2136,
        "physics-tick-regressed": 0,
        "commit-regressed": 0,
        "ack-regressed": 0
      }
    },
    "logic": {
      "blockStartedCount": 0,
      "blockCompletedCount": 0,
      "observationInFlight": false,
      "pendingObservationCount": 0,
      "submittedObservationCount": 4418,
      "receivedBatchCount": 4418,
      "completedBatchCount": 4418,
      "rejectedBatchCount": 0,
      "lastRoundTripMs": 2.199999988079071
    },
    "trajectory": [
      {
        "physicsTick": 16809,
        "activeTimeMs": 280154.09999991744,
        "position": [
          81.3200007042292,
          32.6,
          2.1628542169479608
        ]
      },
      {
        "physicsTick": 16810,
        "activeTimeMs": 280181.4999999234,
        "position": [
          81.3200007042292,
          32.6,
          2.1694427225670516
        ]
      },
      {
        "physicsTick": 16812,
        "activeTimeMs": 280202.6999999115,
        "position": [
          81.3200007042292,
          32.6,
          2.1694427225670516
        ]
      },
      {
        "physicsTick": 16813,
        "activeTimeMs": 280228.6999999115,
        "position": [
          81.3200007042292,
          32.6,
          2.1694427225670516
        ]
      },
      {
        "physicsTick": 16815,
        "activeTimeMs": 280251.4999999234,
        "position": [
          81.3200007042292,
          32.6,
          2.1694427225670516
        ]
      },
      {
        "physicsTick": 16816,
        "activeTimeMs": 280275.7999999353,
        "position": [
          81.3200007042292,
          32.6,
          2.1694427225670516
        ]
      },
      {
        "physicsTick": 16818,
        "activeTimeMs": 280300.59999991744,
        "position": [
          81.3200007042292,
          32.6,
          2.1816024182041165
        ]
      },
      {
        "physicsTick": 16819,
        "activeTimeMs": 280322.2999999353,
        "position": [
          81.3200007042292,
          32.6,
          2.187682266022649
        ]
      },
      {
        "physicsTick": 16820,
        "activeTimeMs": 280348.59999991744,
        "position": [
          81.3200007042292,
          32.6,
          2.1937621138411814
        ]
      },
      {
        "physicsTick": 16822,
        "activeTimeMs": 280370.4999999234,
        "position": [
          81.3200007042292,
          32.6,
          2.2059218094782462
        ]
      },
      {
        "physicsTick": 16823,
        "activeTimeMs": 280397.39999992936,
        "position": [
          81.3200007042292,
          32.6,
          2.2059218094782462
        ]
      },
      {
        "physicsTick": 16825,
        "activeTimeMs": 280420.9999999234,
        "position": [
          81.3200007042292,
          32.6,
          2.2059218094782462
        ]
      },
      {
        "physicsTick": 16826,
        "activeTimeMs": 280444.39999992936,
        "position": [
          81.3200007042292,
          32.6,
          2.2059218094782462
        ]
      },
      {
        "physicsTick": 16828,
        "activeTimeMs": 280469.1999999115,
        "position": [
          81.3200007042292,
          32.6,
          2.2059218094782462
        ]
      },
      {
        "physicsTick": 16829,
        "activeTimeMs": 280490.39999992936,
        "position": [
          81.3200007042292,
          32.6,
          2.2059218094782462
        ]
      },
      {
        "physicsTick": 16830,
        "activeTimeMs": 280515.4999999234,
        "position": [
          81.3200007042292,
          32.6,
          2.2113230128533607
        ]
      },
      {
        "physicsTick": 16831,
        "activeTimeMs": 280533.1999999115,
        "position": [
          81.3200007042292,
          32.6,
          2.2167242162284753
        ]
      },
      {
        "physicsTick": 16833,
        "activeTimeMs": 280555.09999991744,
        "position": [
          81.3200007042292,
          32.6,
          2.2275266229787043
        ]
      },
      {
        "physicsTick": 16834,
        "activeTimeMs": 280578.59999991744,
        "position": [
          81.3200007042292,
          32.6,
          2.232927826353819
        ]
      },
      {
        "physicsTick": 16835,
        "activeTimeMs": 280597.39999992936,
        "position": [
          81.3200007042292,
          32.6,
          2.2383290297289333
        ]
      },
      {
        "physicsTick": 16837,
        "activeTimeMs": 280619.2999999353,
        "position": [
          81.3200007042292,
          32.6,
          2.2383290297289333
        ]
      },
      {
        "physicsTick": 16838,
        "activeTimeMs": 280643.6999999115,
        "position": [
          81.3200007042292,
          32.6,
          2.2383290297289333
        ]
      },
      {
        "physicsTick": 16840,
        "activeTimeMs": 280668.09999991744,
        "position": [
          81.3200007042292,
          32.6,
          2.2383290297289333
        ]
      },
      {
        "physicsTick": 16841,
        "activeTimeMs": 280691.9999999234,
        "position": [
          81.3200007042292,
          32.6,
          2.2383290297289333
        ]
      },
      {
        "physicsTick": 16843,
        "activeTimeMs": 280716.9999999234,
        "position": [
          81.3200007042292,
          32.6,
          2.247773257383362
        ]
      },
      {
        "physicsTick": 16844,
        "activeTimeMs": 280738.9999999234,
        "position": [
          81.3200007042292,
          32.6,
          2.2524953712105766
        ]
      },
      {
        "physicsTick": 16845,
        "activeTimeMs": 280762.4999999234,
        "position": [
          81.3200007042292,
          32.6,
          2.257217485037791
        ]
      },
      {
        "physicsTick": 16846,
        "activeTimeMs": 280781.9999999234,
        "position": [
          81.3200007042292,
          32.6,
          2.2619395988650055
        ]
      },
      {
        "physicsTick": 16848,
        "activeTimeMs": 280802.6999999115,
        "position": [
          81.3200007042292,
          32.6,
          2.2713838265194344
        ]
      },
      {
        "physicsTick": 16849,
        "activeTimeMs": 280826.9999999234,
        "position": [
          81.3200007042292,
          32.6,
          2.2713838265194344
        ]
      },
      {
        "physicsTick": 16851,
        "activeTimeMs": 280852.6999999115,
        "position": [
          81.3200007042292,
          32.6,
          2.2713838265194344
        ]
      },
      {
        "physicsTick": 16852,
        "activeTimeMs": 280876.7999999353,
        "position": [
          81.3200007042292,
          32.6,
          2.2713838265194344
        ]
      },
      {
        "physicsTick": 16853,
        "activeTimeMs": 280899.1999999115,
        "position": [
          81.3200007042292,
          32.6,
          2.2713838265194344
        ]
      },
      {
        "physicsTick": 16855,
        "activeTimeMs": 280922.09999991744,
        "position": [
          81.3200007042292,
          32.6,
          2.275426461709
        ]
      },
      {
        "physicsTick": 16856,
        "activeTimeMs": 280948.6999999115,
        "position": [
          81.3200007042292,
          32.6,
          2.2794690968985654
        ]
      },
      {
        "physicsTick": 16858,
        "activeTimeMs": 280970.39999992936,
        "position": [
          81.3200007042292,
          32.6,
          2.2875543672776963
        ]
      },
      {
        "physicsTick": 16859,
        "activeTimeMs": 280997.59999991744,
        "position": [
          81.3200007042292,
          32.6,
          2.291597002467262
        ]
      },
      {
        "physicsTick": 16861,
        "activeTimeMs": 281019.39999992936,
        "position": [
          81.3200007042292,
          32.6,
          2.2956396376568273
        ]
      },
      {
        "physicsTick": 16862,
        "activeTimeMs": 281044.7999999353,
        "position": [
          81.3200007042292,
          32.6,
          2.2956396376568273
        ]
      },
      {
        "physicsTick": 16864,
        "activeTimeMs": 281068.39999992936,
        "position": [
          81.3200007042292,
          32.6,
          2.2956396376568273
        ]
      },
      {
        "physicsTick": 16865,
        "activeTimeMs": 281092.39999992936,
        "position": [
          81.3200007042292,
          32.6,
          2.2956396376568273
        ]
      },
      {
        "physicsTick": 16866,
        "activeTimeMs": 281116.09999991744,
        "position": [
          81.3200007042292,
          32.6,
          2.2956396376568273
        ]
      },
      {
        "physicsTick": 16868,
        "activeTimeMs": 281138.9999999234,
        "position": [
          81.3200007042292,
          32.6,
          2.303385060683767
        ]
      },
      {
        "physicsTick": 16869,
        "activeTimeMs": 281163.09999991744,
        "position": [
          81.3200007042292,
          32.6,
          2.3072577721972367
        ]
      },
      {
        "physicsTick": 16870,
        "activeTimeMs": 281181.89999992936,
        "position": [
          81.3200007042292,
          32.6,
          2.3111304837107065
        ]
      },
      {
        "physicsTick": 16872,
        "activeTimeMs": 281202.2999999353,
        "position": [
          81.3200007042292,
          32.6,
          2.318875906737646
        ]
      },
      {
        "physicsTick": 16873,
        "activeTimeMs": 281229.1999999115,
        "position": [
          81.3200007042292,
          32.6,
          2.318875906737646
        ]
      },
      {
        "physicsTick": 16875,
        "activeTimeMs": 281251.59999991744,
        "position": [
          81.3200007042292,
          32.6,
          2.318875906737646
        ]
      },
      {
        "physicsTick": 16876,
        "activeTimeMs": 281269.39999992936,
        "position": [
          81.3200007042292,
          32.6,
          2.318875906737646
        ]
      },
      {
        "physicsTick": 16877,
        "activeTimeMs": 281291.9999999234,
        "position": [
          81.3200007042292,
          32.6,
          2.318875906737646
        ]
      },
      {
        "physicsTick": 16878,
        "activeTimeMs": 281314.6999999115,
        "position": [
          81.3200007042292,
          32.6,
          2.318875906737646
        ]
      },
      {
        "physicsTick": 16879,
        "activeTimeMs": 281333.1999999115,
        "position": [
          81.3200007042292,
          32.6,
          2.3220687322200657
        ]
      },
      {
        "physicsTick": 16881,
        "activeTimeMs": 281354.89999992936,
        "position": [
          81.3200007042292,
          32.6,
          2.328454383184905
        ]
      },
      {
        "physicsTick": 16882,
        "activeTimeMs": 281377.59999991744,
        "position": [
          81.3200007042292,
          32.6,
          2.3316472086673246
        ]
      },
      {
        "physicsTick": 16884,
        "activeTimeMs": 281402.6999999115,
        "position": [
          81.3200007042292,
          32.6,
          2.338032859632164
        ]
      },
      {
        "physicsTick": 16885,
        "activeTimeMs": 281426.39999992936,
        "position": [
          81.3200007042292,
          32.6,
          2.338032859632164
        ]
      },
      {
        "physicsTick": 16886,
        "activeTimeMs": 281444.89999992936,
        "position": [
          81.3200007042292,
          32.6,
          2.338032859632164
        ]
      },
      {
        "physicsTick": 16888,
        "activeTimeMs": 281468.09999991744,
        "position": [
          81.3200007042292,
          32.6,
          2.338032859632164
        ]
      },
      {
        "physicsTick": 16889,
        "activeTimeMs": 281489.4999999234,
        "position": [
          81.3200007042292,
          32.6,
          2.338032859632164
        ]
      },
      {
        "physicsTick": 16890,
        "activeTimeMs": 281506.1999999115,
        "position": [
          81.3200007042292,
          32.6,
          2.338032859632164
        ]
      },
      {
        "physicsTick": 16892,
        "activeTimeMs": 281533.9999999234,
        "position": [
          81.3200007042292,
          32.6,
          2.344078481014556
        ]
      },
      {
        "physicsTick": 16893,
        "activeTimeMs": 281554.09999991744,
        "position": [
          81.3200007042292,
          32.6,
          2.347101291705752
        ]
      },
      {
        "physicsTick": 16894,
        "activeTimeMs": 281581.6999999115,
        "position": [
          81.3200007042292,
          32.6,
          2.350124102396948
        ]
      },
      {
        "physicsTick": 16896,
        "activeTimeMs": 281602.6999999115,
        "position": [
          81.3200007042292,
          32.6,
          2.35616972377934
        ]
      },
      {
        "physicsTick": 16897,
        "activeTimeMs": 281627.4999999234,
        "position": [
          81.3200007042292,
          32.6,
          2.35616972377934
        ]
      },
      {
        "physicsTick": 16899,
        "activeTimeMs": 281652.39999992936,
        "position": [
          81.3200007042292,
          32.6,
          2.35616972377934
        ]
      },
      {
        "physicsTick": 16900,
        "activeTimeMs": 281669.2999999353,
        "position": [
          81.3200007042292,
          32.6,
          2.35616972377934
        ]
      },
      {
        "physicsTick": 16901,
        "activeTimeMs": 281691.1999999115,
        "position": [
          81.3200007042292,
          32.6,
          2.35616972377934
        ]
      },
      {
        "physicsTick": 16903,
        "activeTimeMs": 281717.7999999353,
        "position": [
          81.3200007042292,
          32.6,
          2.358682400227663
        ]
      },
      {
        "physicsTick": 16904,
        "activeTimeMs": 281738.4999999234,
        "position": [
          81.3200007042292,
          32.6,
          2.361195076675986
        ]
      },
      {
        "physicsTick": 16905,
        "activeTimeMs": 281763.1999999115,
        "position": [
          81.3200007042292,
          32.6,
          2.363707753124309
        ]
      },
      {
        "physicsTick": 16906,
        "activeTimeMs": 281781.7999999353,
        "position": [
          81.3200007042292,
          32.6,
          2.366220429572632
        ]
      },
      {
        "physicsTick": 16908,
        "activeTimeMs": 281802.7999999353,
        "position": [
          81.3200007042292,
          32.6,
          2.371245782469278
        ]
      },
      {
        "physicsTick": 16909,
        "activeTimeMs": 281827.6999999115,
        "position": [
          81.3200007042292,
          32.6,
          2.371245782469278
        ]
      },
      {
        "physicsTick": 16911,
        "activeTimeMs": 281851.7999999353,
        "position": [
          81.3200007042292,
          32.6,
          2.371245782469278
        ]
      },
      {
        "physicsTick": 16912,
        "activeTimeMs": 281873.6999999115,
        "position": [
          81.3200007042292,
          32.6,
          2.371245782469278
        ]
      },
      {
        "physicsTick": 16913,
        "activeTimeMs": 281891.1999999115,
        "position": [
          81.3200007042292,
          32.6,
          2.371245782469278
        ]
      },
      {
        "physicsTick": 16915,
        "activeTimeMs": 281917.9999999234,
        "position": [
          81.3200007042292,
          32.6,
          2.3735883870523202
        ]
      },
      {
        "physicsTick": 16916,
        "activeTimeMs": 281939.39999992936,
        "position": [
          81.3200007042292,
          32.6,
          2.3759309916353626
        ]
      },
      {
        "physicsTick": 16917,
        "activeTimeMs": 281962.59999991744,
        "position": [
          81.3200007042292,
          32.6,
          2.378273596218405
        ]
      },
      {
        "physicsTick": 16919,
        "activeTimeMs": 281985.1999999115,
        "position": [
          81.3200007042292,
          32.6,
          2.3829588053844897
        ]
      },
      {
        "physicsTick": 16920,
        "activeTimeMs": 282010.7999999353,
        "position": [
          81.3200007042292,
          32.6,
          2.385301409967532
        ]
      },
      {
        "physicsTick": 16922,
        "activeTimeMs": 282033.6999999115,
        "position": [
          81.3200007042292,
          32.6,
          2.3876440145505744
        ]
      },
      {
        "physicsTick": 16923,
        "activeTimeMs": 282050.6999999115,
        "position": [
          81.3200007042292,
          32.6,
          2.3876440145505744
        ]
      },
      {
        "physicsTick": 16924,
        "activeTimeMs": 282075.39999992936,
        "position": [
          81.3200007042292,
          32.6,
          2.3876440145505744
        ]
      },
      {
        "physicsTick": 16925,
        "activeTimeMs": 282098.89999992936,
        "position": [
          81.3200007042292,
          32.6,
          2.3876440145505744
        ]
      },
      {
        "physicsTick": 16927,
        "activeTimeMs": 282121.39999992936,
        "position": [
          81.3200007042292,
          32.6,
          2.3876440145505744
        ]
      },
      {
        "physicsTick": 16928,
        "activeTimeMs": 282138.2999999353,
        "position": [
          81.3200007042292,
          32.6,
          2.3876440145505744
        ]
      },
      {
        "physicsTick": 16929,
        "activeTimeMs": 282155.09999991744,
        "position": [
          81.3200007042292,
          32.6,
          2.3898165352201106
        ]
      },
      {
        "physicsTick": 16930,
        "activeTimeMs": 282181.59999991744,
        "position": [
          81.3200007042292,
          32.6,
          2.391989055889647
        ]
      },
      {
        "physicsTick": 16932,
        "activeTimeMs": 282202.4999999234,
        "position": [
          81.3200007042292,
          32.6,
          2.3963340972287193
        ]
      },
      {
        "physicsTick": 16933,
        "activeTimeMs": 282225.9999999234,
        "position": [
          81.3200007042292,
          32.6,
          2.3985066178982555
        ]
      },
      {
        "physicsTick": 16934,
        "activeTimeMs": 282243.2999999353,
        "position": [
          81.3200007042292,
          32.6,
          2.4006791385677917
        ]
      },
      {
        "physicsTick": 16936,
        "activeTimeMs": 282267.2999999353,
        "position": [
          81.3200007042292,
          32.6,
          2.4006791385677917
        ]
      },
      {
        "physicsTick": 16937,
        "activeTimeMs": 282291.6999999115,
        "position": [
          81.3200007042292,
          32.6,
          2.4006791385677917
        ]
      },
      {
        "physicsTick": 16938,
        "activeTimeMs": 282314.9999999234,
        "position": [
          81.3200007042292,
          32.6,
          2.4006791385677917
        ]
      },
      {
        "physicsTick": 16940,
        "activeTimeMs": 282338.89999992936,
        "position": [
          81.3200007042292,
          32.6,
          2.4006791385677917
        ]
      },
      {
        "physicsTick": 16941,
        "activeTimeMs": 282363.9999999234,
        "position": [
          81.3200007042292,
          32.6,
          2.402341344251964
        ]
      },
      {
        "physicsTick": 16943,
        "activeTimeMs": 282385.6999999115,
        "position": [
          81.3200007042292,
          32.6,
          2.405665755620309
        ]
      },
      {
        "physicsTick": 16944,
        "activeTimeMs": 282402.4999999234,
        "position": [
          81.3200007042292,
          32.6,
          2.4073279613044813
        ]
      },
      {
        "physicsTick": 16945,
        "activeTimeMs": 282419.39999992936,
        "position": [
          81.3200007042292,
          32.6,
          2.4089901669886538
        ]
      },
      {
        "physicsTick": 16946,
        "activeTimeMs": 282442.4999999234,
        "position": [
          81.3200007042292,
          32.6,
          2.410652372672826
        ]
      },
      {
        "physicsTick": 16948,
        "activeTimeMs": 282467.6999999115,
        "position": [
          81.3200007042292,
          32.6,
          2.410652372672826
        ]
      },
      {
        "physicsTick": 16949,
        "activeTimeMs": 282484.6999999115,
        "position": [
          81.3200007042292,
          32.6,
          2.4123145783569986
        ]
      },
      {
        "physicsTick": 16950,
        "activeTimeMs": 282506.39999992936,
        "position": [
          81.3200007042292,
          32.6,
          2.413976784041171
        ]
      },
      {
        "physicsTick": 16951,
        "activeTimeMs": 282531.39999992936,
        "position": [
          81.3200007042292,
          32.6,
          2.4156389897253434
        ]
      },
      {
        "physicsTick": 16953,
        "activeTimeMs": 282553.59999991744,
        "position": [
          81.3200007042292,
          32.6,
          2.4189634010936882
        ]
      },
      {
        "physicsTick": 16954,
        "activeTimeMs": 282577.7999999353,
        "position": [
          81.3200007042292,
          32.6,
          2.4206256067778606
        ]
      },
      {
        "physicsTick": 16955,
        "activeTimeMs": 282595.6999999115,
        "position": [
          81.3200007042292,
          32.6,
          2.4206256067778606
        ]
      },
      {
        "physicsTick": 16957,
        "activeTimeMs": 282619.09999991744,
        "position": [
          81.3200007042292,
          32.6,
          2.4206256067778606
        ]
      },
      {
        "physicsTick": 16958,
        "activeTimeMs": 282643.6999999115,
        "position": [
          81.3200007042292,
          32.6,
          2.4206256067778606
        ]
      },
      {
        "physicsTick": 16960,
        "activeTimeMs": 282668.1999999115,
        "position": [
          81.3200007042292,
          32.6,
          2.4206256067778606
        ]
      },
      {
        "physicsTick": 16961,
        "activeTimeMs": 282690.09999991744,
        "position": [
          81.3200007042292,
          32.6,
          2.4221176891430853
        ]
      },
      {
        "physicsTick": 16962,
        "activeTimeMs": 282714.2999999353,
        "position": [
          81.3200007042292,
          32.6,
          2.42360977150831
        ]
      },
      {
        "physicsTick": 16964,
        "activeTimeMs": 282738.7999999353,
        "position": [
          81.3200007042292,
          32.6,
          2.4265939362387594
        ]
      },
      {
        "physicsTick": 16965,
        "activeTimeMs": 282763.4999999234,
        "position": [
          81.3200007042292,
          32.6,
          2.428086018603984
        ]
      },
      {
        "physicsTick": 16967,
        "activeTimeMs": 282787.09999991744,
        "position": [
          81.3200007042292,
          32.6,
          2.429578100969209
        ]
      },
      {
        "physicsTick": 16968,
        "activeTimeMs": 282810.59999991744,
        "position": [
          81.3200007042292,
          32.6,
          2.429578100969209
        ]
      },
      {
        "physicsTick": 16969,
        "activeTimeMs": 282829.1999999115,
        "position": [
          81.3200007042292,
          32.6,
          2.429578100969209
        ]
      },
      {
        "physicsTick": 16971,
        "activeTimeMs": 282851.09999991744,
        "position": [
          81.3200007042292,
          32.6,
          2.429578100969209
        ]
      },
      {
        "physicsTick": 16972,
        "activeTimeMs": 282876.1999999115,
        "position": [
          81.3200007042292,
          32.6,
          2.429578100969209
        ]
      },
      {
        "physicsTick": 16973,
        "activeTimeMs": 282899.09999991744,
        "position": [
          81.3200007042292,
          32.6,
          2.4309000524023983
        ]
      },
      {
        "physicsTick": 16975,
        "activeTimeMs": 282922.1999999115,
        "position": [
          81.3200007042292,
          32.6,
          2.433543955268777
        ]
      },
      {
        "physicsTick": 16976,
        "activeTimeMs": 282949.59999991744,
        "position": [
          81.3200007042292,
          32.6,
          2.4348659067019667
        ]
      },
      {
        "physicsTick": 16978,
        "activeTimeMs": 282969.7999999353,
        "position": [
          81.3200007042292,
          32.6,
          2.4375098095683456
        ]
      },
      {
        "physicsTick": 16979,
        "activeTimeMs": 282997.7999999353,
        "position": [
          81.3200007042292,
          32.6,
          2.4375098095683456
        ]
      },
      {
        "physicsTick": 16981,
        "activeTimeMs": 283017.4999999234,
        "position": [
          81.3200007042292,
          32.6,
          2.4375098095683456
        ]
      },
      {
        "physicsTick": 16982,
        "activeTimeMs": 283035.09999991744,
        "position": [
          81.3200007042292,
          32.6,
          2.4375098095683456
        ]
      },
      {
        "physicsTick": 16983,
        "activeTimeMs": 283058.89999992936,
        "position": [
          81.3200007042292,
          32.6,
          2.4375098095683456
        ]
      },
      {
        "physicsTick": 16985,
        "activeTimeMs": 283085.59999991744,
        "position": [
          81.3200007042292,
          32.6,
          2.4386616231782523
        ]
      },
      {
        "physicsTick": 16986,
        "activeTimeMs": 283107.9999999234,
        "position": [
          81.3200007042292,
          32.6,
          2.439813436788159
        ]
      },
      {
        "physicsTick": 16987,
        "activeTimeMs": 283132.89999992936,
        "position": [
          81.3200007042292,
          32.6,
          2.4409652503980657
        ]
      },
      {
        "physicsTick": 16989,
        "activeTimeMs": 283154.6999999115,
        "position": [
          81.3200007042292,
          32.6,
          2.443268877617879
        ]
      },
      {
        "physicsTick": 16990,
        "activeTimeMs": 283181.7999999353,
        "position": [
          81.3200007042292,
          32.6,
          2.4444206912277857
        ]
      },
      {
        "physicsTick": 16992,
        "activeTimeMs": 283202.39999992936,
        "position": [
          81.3200007042292,
          32.6,
          2.4444206912277857
        ]
      },
      {
        "physicsTick": 16993,
        "activeTimeMs": 283228.89999992936,
        "position": [
          81.3200007042292,
          32.6,
          2.4455725048376924
        ]
      },
      {
        "physicsTick": 16995,
        "activeTimeMs": 283252.4999999234,
        "position": [
          81.3200007042292,
          32.6,
          2.4478761320575058
        ]
      },
      {
        "physicsTick": 16996,
        "activeTimeMs": 283276.39999992936,
        "position": [
          81.3200007042292,
          32.6,
          2.4490279456674124
        ]
      },
      {
        "physicsTick": 16998,
        "activeTimeMs": 283300.39999992936,
        "position": [
          81.3200007042292,
          32.6,
          2.451331572887226
        ]
      },
      {
        "physicsTick": 16999,
        "activeTimeMs": 283322.39999992936,
        "position": [
          81.3200007042292,
          32.6,
          2.451331572887226
        ]
      },
      {
        "physicsTick": 17000,
        "activeTimeMs": 283339.2999999353,
        "position": [
          81.3200007042292,
          32.6,
          2.451331572887226
        ]
      },
      {
        "physicsTick": 17001,
        "activeTimeMs": 283363.09999991744,
        "position": [
          81.3200007042292,
          32.6,
          2.451331572887226
        ]
      },
      {
        "physicsTick": 17002,
        "activeTimeMs": 283380.39999992936,
        "position": [
          81.3200007042292,
          32.6,
          2.451331572887226
        ]
      },
      {
        "physicsTick": 17004,
        "activeTimeMs": 283401.2999999353,
        "position": [
          81.3200007042292,
          32.6,
          2.451331572887226
        ]
      },
      {
        "physicsTick": 17005,
        "activeTimeMs": 283419.09999991744,
        "position": [
          81.3200007042292,
          32.6,
          2.451331572887226
        ]
      },
      {
        "physicsTick": 17006,
        "activeTimeMs": 283444.1999999115,
        "position": [
          81.3200007042292,
          32.6,
          2.452143094007734
        ]
      },
      {
        "physicsTick": 17008,
        "activeTimeMs": 283468.09999991744,
        "position": [
          81.3200007042292,
          32.6,
          2.4537661362487504
        ]
      },
      {
        "physicsTick": 17009,
        "activeTimeMs": 283491.09999991744,
        "position": [
          81.3200007042292,
          32.6,
          2.4545776573692586
        ]
      },
      {
        "physicsTick": 17010,
        "activeTimeMs": 283514.4999999234,
        "position": [
          81.3200007042292,
          32.6,
          2.455389178489767
        ]
      },
      {
        "physicsTick": 17011,
        "activeTimeMs": 283532.4999999234,
        "position": [
          81.3200007042292,
          32.6,
          2.456200699610275
        ]
      },
      {
        "physicsTick": 17013,
        "activeTimeMs": 283554.09999991744,
        "position": [
          81.3200007042292,
          32.6,
          2.456200699610275
        ]
      },
      {
        "physicsTick": 17014,
        "activeTimeMs": 283581.6999999115,
        "position": [
          81.3200007042292,
          32.6,
          2.457012220730783
        ]
      },
      {
        "physicsTick": 17016,
        "activeTimeMs": 283602.39999992936,
        "position": [
          81.3200007042292,
          32.6,
          2.4586352629717996
        ]
      },
      {
        "physicsTick": 17017,
        "activeTimeMs": 283628.59999991744,
        "position": [
          81.3200007042292,
          32.6,
          2.4594467840923078
        ]
      },
      {
        "physicsTick": 17019,
        "activeTimeMs": 283651.09999991744,
        "position": [
          81.3200007042292,
          32.6,
          2.461069826333324
        ]
      },
      {
        "physicsTick": 17020,
        "activeTimeMs": 283669.39999992936,
        "position": [
          81.3200007042292,
          32.6,
          2.4618813474538324
        ]
      },
      {
        "physicsTick": 17021,
        "activeTimeMs": 283690.1999999115,
        "position": [
          81.3200007042292,
          32.6,
          2.4618813474538324
        ]
      },
      {
        "physicsTick": 17022,
        "activeTimeMs": 283714.1999999115,
        "position": [
          81.3200007042292,
          32.6,
          2.4618813474538324
        ]
      },
      {
        "physicsTick": 17023,
        "activeTimeMs": 283732.6999999115,
        "position": [
          81.3200007042292,
          32.6,
          2.4626928685743406
        ]
      },
      {
        "physicsTick": 17025,
        "activeTimeMs": 283753.9999999234,
        "position": [
          81.3200007042292,
          32.6,
          2.464315910815357
        ]
      },
      {
        "physicsTick": 17026,
        "activeTimeMs": 283781.6999999115,
        "position": [
          81.3200007042292,
          32.6,
          2.465127431935865
        ]
      },
      {
        "physicsTick": 17028,
        "activeTimeMs": 283802.59999991744,
        "position": [
          81.3200007042292,
          32.6,
          2.4667504741768815
        ]
      },
      {
        "physicsTick": 17029,
        "activeTimeMs": 283828.2999999353,
        "position": [
          81.3200007042292,
          32.6,
          2.4667504741768815
        ]
      },
      {
        "physicsTick": 17031,
        "activeTimeMs": 283852.4999999234,
        "position": [
          81.3200007042292,
          32.6,
          2.4667504741768815
        ]
      },
      {
        "physicsTick": 17032,
        "activeTimeMs": 283873.6999999115,
        "position": [
          81.3200007042292,
          32.6,
          2.4667504741768815
        ]
      },
      {
        "physicsTick": 17033,
        "activeTimeMs": 283891.7999999353,
        "position": [
          81.3200007042292,
          32.6,
          2.4667504741768815
        ]
      },
      {
        "physicsTick": 17034,
        "activeTimeMs": 283916.39999992936,
        "position": [
          81.3200007042292,
          32.6,
          2.4667504741768815
        ]
      },
      {
        "physicsTick": 17035,
        "activeTimeMs": 283933.2999999353,
        "position": [
          81.3200007042292,
          32.6,
          2.467391842328077
        ]
      },
      {
        "physicsTick": 17037,
        "activeTimeMs": 283953.59999991744,
        "position": [
          81.3200007042292,
          32.6,
          2.4686745786304685
        ]
      },
      {
        "physicsTick": 17038,
        "activeTimeMs": 283981.1999999115,
        "position": [
          81.3200007042292,
          32.6,
          2.469315946781664
        ]
      },
      {
        "physicsTick": 17040,
        "activeTimeMs": 284002.59999991744,
        "position": [
          81.3200007042292,
          32.6,
          2.4705986830840554
        ]
      },
      {
        "physicsTick": 17041,
        "activeTimeMs": 284028.6999999115,
        "position": [
          81.3200007042292,
          32.6,
          2.4705986830840554
        ]
      },
      {
        "physicsTick": 17043,
        "activeTimeMs": 284051.7999999353,
        "position": [
          81.3200007042292,
          32.6,
          2.471240051235251
        ]
      },
      {
        "physicsTick": 17044,
        "activeTimeMs": 284073.4999999234,
        "position": [
          81.3200007042292,
          32.6,
          2.4718814193864467
        ]
      },
      {
        "physicsTick": 17045,
        "activeTimeMs": 284091.7999999353,
        "position": [
          81.3200007042292,
          32.6,
          2.4725227875376423
        ]
      },
      {
        "physicsTick": 17046,
        "activeTimeMs": 284114.1999999115,
        "position": [
          81.3200007042292,
          32.6,
          2.473164155688838
        ]
      },
      {
        "physicsTick": 17048,
        "activeTimeMs": 284138.9999999234,
        "position": [
          81.3200007042292,
          32.6,
          2.4744468919912292
        ]
      },
      {
        "physicsTick": 17049,
        "activeTimeMs": 284162.9999999234,
        "position": [
          81.3200007042292,
          32.6,
          2.4744468919912292
        ]
      },
      {
        "physicsTick": 17050,
        "activeTimeMs": 284181.4999999234,
        "position": [
          81.3200007042292,
          32.6,
          2.4744468919912292
        ]
      },
      {
        "physicsTick": 17052,
        "activeTimeMs": 284202.1999999115,
        "position": [
          81.3200007042292,
          32.6,
          2.4744468919912292
        ]
      },
      {
        "physicsTick": 17053,
        "activeTimeMs": 284219.2999999353,
        "position": [
          81.3200007042292,
          32.6,
          2.4744468919912292
        ]
      },
      {
        "physicsTick": 17054,
        "activeTimeMs": 284244.89999992936,
        "position": [
          81.3200007042292,
          32.6,
          2.4744468919912292
        ]
      },
      {
        "physicsTick": 17056,
        "activeTimeMs": 284268.09999991744,
        "position": [
          81.3200007042292,
          32.6,
          2.475389315787004
        ]
      },
      {
        "physicsTick": 17057,
        "activeTimeMs": 284289.7999999353,
        "position": [
          81.3200007042292,
          32.6,
          2.4758605276848913
        ]
      },
      {
        "physicsTick": 17059,
        "activeTimeMs": 284317.39999992936,
        "position": [
          81.3200007042292,
          32.6,
          2.476802951480666
        ]
      },
      {
        "physicsTick": 17060,
        "activeTimeMs": 284338.6999999115,
        "position": [
          81.3200007042292,
          32.6,
          2.4772741633785533
        ]
      },
      {
        "physicsTick": 17061,
        "activeTimeMs": 284362.7999999353,
        "position": [
          81.3200007042292,
          32.6,
          2.4772741633785533
        ]
      },
      {
        "physicsTick": 17063,
        "activeTimeMs": 284385.89999992936,
        "position": [
          81.3200007042292,
          32.6,
          2.4777453752764407
        ]
      },
      {
        "physicsTick": 17064,
        "activeTimeMs": 284411.6999999115,
        "position": [
          81.3200007042292,
          32.6,
          2.478216587174328
        ]
      },
      {
        "physicsTick": 17065,
        "activeTimeMs": 284428.4999999234,
        "position": [
          81.3200007042292,
          32.6,
          2.4786877990722154
        ]
      },
      {
        "physicsTick": 17067,
        "activeTimeMs": 284452.2999999353,
        "position": [
          81.3200007042292,
          32.6,
          2.47963022286799
        ]
      },
      {
        "physicsTick": 17068,
        "activeTimeMs": 284469.2999999353,
        "position": [
          81.3200007042292,
          32.6,
          2.4801014347658774
        ]
      },
      {
        "physicsTick": 17069,
        "activeTimeMs": 284491.89999992936,
        "position": [
          81.3200007042292,
          32.6,
          2.4801014347658774
        ]
      },
      {
        "physicsTick": 17070,
        "activeTimeMs": 284514.2999999353,
        "position": [
          81.3200007042292,
          32.6,
          2.4801014347658774
        ]
      },
      {
        "physicsTick": 17071,
        "activeTimeMs": 284533.2999999353,
        "position": [
          81.3200007042292,
          32.6,
          2.4805726466637648
        ]
      },
      {
        "physicsTick": 17073,
        "activeTimeMs": 284554.09999991744,
        "position": [
          81.3200007042292,
          32.6,
          2.4815150704595395
        ]
      },
      {
        "physicsTick": 17074,
        "activeTimeMs": 284581.09999991744,
        "position": [
          81.3200007042292,
          32.6,
          2.481986282357427
        ]
      },
      {
        "physicsTick": 17076,
        "activeTimeMs": 284602.59999991744,
        "position": [
          81.3200007042292,
          32.6,
          2.4829287061532015
        ]
      },
      {
        "physicsTick": 17077,
        "activeTimeMs": 284619.39999992936,
        "position": [
          81.3200007042292,
          32.6,
          2.4829287061532015
        ]
      },
      {
        "physicsTick": 17078,
        "activeTimeMs": 284642.9999999234,
        "position": [
          81.3200007042292,
          32.6,
          2.4829287061532015
        ]
      },
      {
        "physicsTick": 17080,
        "activeTimeMs": 284669.1999999115,
        "position": [
          81.3200007042292,
          32.6,
          2.483399918051089
        ]
      },
      {
        "physicsTick": 17081,
        "activeTimeMs": 284689.9999999234,
        "position": [
          81.3200007042292,
          32.6,
          2.483871129948976
        ]
      },
      {
        "physicsTick": 17082,
        "activeTimeMs": 284715.7999999353,
        "position": [
          81.3200007042292,
          32.6,
          2.4843423418468635
        ]
      },
      {
        "physicsTick": 17083,
        "activeTimeMs": 284732.9999999234,
        "position": [
          81.3200007042292,
          32.6,
          2.484813553744751
        ]
      },
      {
        "physicsTick": 17085,
        "activeTimeMs": 284749.9999999234,
        "position": [
          81.3200007042292,
          32.6,
          2.4857559775405256
        ]
      },
      {
        "physicsTick": 17086,
        "activeTimeMs": 284769.1999999115,
        "position": [
          81.3200007042292,
          32.6,
          2.4857559775405256
        ]
      },
      {
        "physicsTick": 17087,
        "activeTimeMs": 284785.9999999234,
        "position": [
          81.3200007042292,
          32.6,
          2.4857559775405256
        ]
      },
      {
        "physicsTick": 17088,
        "activeTimeMs": 284811.2999999353,
        "position": [
          81.3200007042292,
          32.6,
          2.4857559775405256
        ]
      },
      {
        "physicsTick": 17090,
        "activeTimeMs": 284835.59999991744,
        "position": [
          81.3200007042292,
          32.6,
          2.4857559775405256
        ]
      },
      {
        "physicsTick": 17091,
        "activeTimeMs": 284857.7999999353,
        "position": [
          81.3200007042292,
          32.6,
          2.486057030751884
        ]
      },
      {
        "physicsTick": 17092,
        "activeTimeMs": 284875.59999991744,
        "position": [
          81.3200007042292,
          32.6,
          2.486358083963242
        ]
      },
      {
        "physicsTick": 17094,
        "activeTimeMs": 284900.1999999115,
        "position": [
          81.3200007042292,
          32.6,
          2.486960190385959
        ]
      },
      {
        "physicsTick": 17095,
        "activeTimeMs": 284917.4999999234,
        "position": [
          81.3200007042292,
          32.6,
          2.487261243597317
        ]
      },
      {
        "physicsTick": 17096,
        "activeTimeMs": 284938.39999992936,
        "position": [
          81.3200007042292,
          32.6,
          2.4875622968086755
        ]
      },
      {
        "physicsTick": 17097,
        "activeTimeMs": 284963.1999999115,
        "position": [
          81.3200007042292,
          32.6,
          2.487863350020034
        ]
      },
      {
        "physicsTick": 17098,
        "activeTimeMs": 284981.59999991744,
        "position": [
          81.3200007042292,
          32.6,
          2.487863350020034
        ]
      },
      {
        "physicsTick": 17100,
        "activeTimeMs": 285001.09999991744,
        "position": [
          81.3200007042292,
          32.6,
          2.488164403231392
        ]
      },
      {
        "physicsTick": 17101,
        "activeTimeMs": 285018.09999991744,
        "position": [
          81.3200007042292,
          32.6,
          2.4884654564427504
        ]
      },
      {
        "physicsTick": 17102,
        "activeTimeMs": 285045.4999999234,
        "position": [
          81.3200007042292,
          32.6,
          2.4887665096541087
        ]
      },
      {
        "physicsTick": 17104,
        "activeTimeMs": 285069.9999999234,
        "position": [
          81.3200007042292,
          32.6,
          2.4893686160768254
        ]
      },
      {
        "physicsTick": 17105,
        "activeTimeMs": 285090.59999991744,
        "position": [
          81.3200007042292,
          32.6,
          2.4896696692881837
        ]
      },
      {
        "physicsTick": 17106,
        "activeTimeMs": 285116.39999992936,
        "position": [
          81.3200007042292,
          32.6,
          2.4896696692881837
        ]
      },
      {
        "physicsTick": 17108,
        "activeTimeMs": 285138.6999999115,
        "position": [
          81.3200007042292,
          32.6,
          2.489970722499542
        ]
      },
      {
        "physicsTick": 17109,
        "activeTimeMs": 285163.59999991744,
        "position": [
          81.3200007042292,
          32.6,
          2.4902717757109003
        ]
      },
      {
        "physicsTick": 17110,
        "activeTimeMs": 285181.4999999234,
        "position": [
          81.3200007042292,
          32.6,
          2.4905728289222586
        ]
      },
      {
        "physicsTick": 17112,
        "activeTimeMs": 285201.09999991744,
        "position": [
          81.3200007042292,
          32.6,
          2.4911749353449752
        ]
      },
      {
        "physicsTick": 17113,
        "activeTimeMs": 285228.7999999353,
        "position": [
          81.3200007042292,
          32.6,
          2.4914759885563336
        ]
      },
      {
        "physicsTick": 17115,
        "activeTimeMs": 285251.7999999353,
        "position": [
          81.3200007042292,
          32.6,
          2.4914759885563336
        ]
      },
      {
        "physicsTick": 17116,
        "activeTimeMs": 285273.59999991744,
        "position": [
          81.3200007042292,
          32.6,
          2.4914759885563336
        ]
      },
      {
        "physicsTick": 17118,
        "activeTimeMs": 285301.09999991744,
        "position": [
          81.3200007042292,
          32.6,
          2.49207809497905
        ]
      },
      {
        "physicsTick": 17119,
        "activeTimeMs": 285321.1999999115,
        "position": [
          81.3200007042292,
          32.6,
          2.4923791481904085
        ]
      },
      {
        "physicsTick": 17120,
        "activeTimeMs": 285339.09999991744,
        "position": [
          81.3200007042292,
          32.6,
          2.492680201401767
        ]
      },
      {
        "physicsTick": 17121,
        "activeTimeMs": 285362.6999999115,
        "position": [
          81.3200007042292,
          32.6,
          2.492981254613125
        ]
      },
      {
        "physicsTick": 17123,
        "activeTimeMs": 285385.89999992936,
        "position": [
          81.3200007042292,
          32.6,
          2.4932823078244835
        ]
      },
      {
        "physicsTick": 17124,
        "activeTimeMs": 285411.09999991744,
        "position": [
          81.3200007042292,
          32.6,
          2.4932823078244835
        ]
      },
      {
        "physicsTick": 17125,
        "activeTimeMs": 285429.1999999115,
        "position": [
          81.3200007042292,
          32.6,
          2.4932823078244835
        ]
      },
      {
        "physicsTick": 17127,
        "activeTimeMs": 285452.2999999353,
        "position": [
          81.3200007042292,
          32.6,
          2.4932823078244835
        ]
      },
      {
        "physicsTick": 17128,
        "activeTimeMs": 285475.1999999115,
        "position": [
          81.3200007042292,
          32.6,
          2.4932823078244835
        ]
      },
      {
        "physicsTick": 17130,
        "activeTimeMs": 285500.89999992936,
        "position": [
          81.3200007042292,
          32.6,
          2.4935440938140654
        ]
      },
      {
        "physicsTick": 17131,
        "activeTimeMs": 285517.6999999115,
        "position": [
          81.3200007042292,
          32.6,
          2.4936749868088564
        ]
      },
      {
        "physicsTick": 17132,
        "activeTimeMs": 285538.89999992936,
        "position": [
          81.3200007042292,
          32.6,
          2.4938058798036473
        ]
      },
      {
        "physicsTick": 17133,
        "activeTimeMs": 285562.9999999234,
        "position": [
          81.3200007042292,
          32.6,
          2.4939367727984383
        ]
      },
      {
        "physicsTick": 17134,
        "activeTimeMs": 285580.4999999234,
        "position": [
          81.3200007042292,
          32.6,
          2.4940676657932292
        ]
      },
      {
        "physicsTick": 17136,
        "activeTimeMs": 285601.9999999234,
        "position": [
          81.3200007042292,
          32.6,
          2.4940676657932292
        ]
      },
      {
        "physicsTick": 17137,
        "activeTimeMs": 285626.39999992936,
        "position": [
          81.3200007042292,
          32.6,
          2.49419855878802
        ]
      },
      {
        "physicsTick": 17138,
        "activeTimeMs": 285644.39999992936,
        "position": [
          81.3200007042292,
          32.6,
          2.494329451782811
        ]
      },
      {
        "physicsTick": 17140,
        "activeTimeMs": 285667.7999999353,
        "position": [
          81.3200007042292,
          32.6,
          2.494591237772393
        ]
      },
      {
        "physicsTick": 17141,
        "activeTimeMs": 285684.89999992936,
        "position": [
          81.3200007042292,
          32.6,
          2.494722130767184
        ]
      },
      {
        "physicsTick": 17142,
        "activeTimeMs": 285705.89999992936,
        "position": [
          81.3200007042292,
          32.6,
          2.494853023761975
        ]
      },
      {
        "physicsTick": 17143,
        "activeTimeMs": 285722.89999992936,
        "position": [
          81.3200007042292,
          32.6,
          2.494853023761975
        ]
      },
      {
        "physicsTick": 17144,
        "activeTimeMs": 285749.4999999234,
        "position": [
          81.3200007042292,
          32.6,
          2.494853023761975
        ]
      },
      {
        "physicsTick": 17146,
        "activeTimeMs": 285770.4999999234,
        "position": [
          81.3200007042292,
          32.6,
          2.495114809751557
        ]
      },
      {
        "physicsTick": 17147,
        "activeTimeMs": 285796.1999999115,
        "position": [
          81.3200007042292,
          32.6,
          2.495245702746348
        ]
      },
      {
        "physicsTick": 17149,
        "activeTimeMs": 285817.2999999353,
        "position": [
          81.3200007042292,
          32.6,
          2.49550748873593
        ]
      },
      {
        "physicsTick": 17150,
        "activeTimeMs": 285835.9999999234,
        "position": [
          81.3200007042292,
          32.6,
          2.495638381730721
        ]
      },
      {
        "physicsTick": 17150,
        "activeTimeMs": 285838.6999999115,
        "position": [
          81.3200007042292,
          32.6,
          2.495638381730721
        ]
      }
    ],
    "generatorVersion": 11,
    "renderPipeline": {
      "drawUnit": "chunk-render-category",
      "batchMode": "category",
      "vertexLayout": "float16-uv-uint16-index",
      "shaderMode": "voxel-array-chunks",
      "backend": "webgl2"
    },
    "experiments": {
      "requested": {
        "renderer": "webgl2",
        "wasm": true,
        "simd": true
      },
      "kernels": [
        "w02",
        "w03",
        "w04",
        "w05",
        "w06"
      ],
      "renderer": {
        "requestedRenderer": "webgl2",
        "effectiveRenderer": "webgl2",
        "rendererStatus": "matched"
      },
      "workers": [
        {
          "epoch": "seedlands:classic-canonical-runtime-v11:1",
          "lane": "fluid",
          "index": 0,
          "status": "off",
          "requestedArtifact": "simd",
          "effectiveArtifact": "off",
          "selected": [],
          "reason": "no-selected-kernel"
        },
        {
          "epoch": "seedlands:classic-canonical-runtime-v11:1",
          "lane": "general",
          "index": 1,
          "status": "matched",
          "requestedArtifact": "simd",
          "effectiveArtifact": "simd",
          "selected": [
            "w02",
            "w03",
            "w04",
            "w05",
            "w06"
          ],
          "artifactSha256": "c1a763778c4eb4873772cf480c758f8b18cbc77beee80c933dda6b2fd19e4b2c"
        }
      ]
    },
    "serverRevision": 1,
    "voxelAtOrigin": 42,
    "serverPlayerPosition": [
      81.3200007042292,
      32.6,
      2.495638381730721
    ],
    "serverPlayerVelocity": [
      0,
      0,
      0
    ],
    "prediction": {
      "pendingFrames": 0,
      "lastResetReason": "authority-resync",
      "resetCounts": {
        "input-interrupted": 97,
        "authority-resync": 968,
        "collision-history-missing": 127,
        "movement-mode-changed": 26
      },
      "presentationOffset": {
        "x": 0,
        "y": 0,
        "z": 0
      }
    },
    "serverWorldTime": 23.323999999988075,
    "performance": {
      "scenarioId": "default",
      "frame": {
        "count": 1200,
        "p50Ms": 16.799999982118607,
        "p95Ms": 27.799999982118607,
        "p99Ms": 34.70000001788139,
        "maxMs": 127,
        "longFrameCount": 21,
        "lastLongFrameMs": 33.900000005960464
      },
      "chunkVisible": {
        "count": 159,
        "p50Ms": 994.5,
        "p95Ms": 15287.800000011921,
        "p99Ms": 16968.59999999404,
        "maxMs": 17202.59999999404
      },
      "completedChunkTraces": 159,
      "traceEventCount": 1976,
      "maxMeshCommitsInFrame": 1,
      "maxMeshPartsInFrame": 2,
      "visibleAfterPostrender": true,
      "incidents": 32,
      "droppedEvents": 4666,
      "uploadQueueDepth": 0,
      "estimatedMeshBytes": 7768740
    },
    "compute": {
      "workerCount": 2,
      "fluidWorkerCount": 1,
      "generalWorkerCount": 1,
      "running": 0,
      "queued": 0,
      "queuedBytes": 0,
      "cancellationRequests": 0,
      "staleResults": 0,
      "failedTasks": 0,
      "completedTasks": 308,
      "submittedTasks": 308,
      "submittedBytes": 133005312,
      "maxQueued": 1,
      "maxQueuedBytes": 0,
      "workerTaskDuration": {
        "fluid": {
          "count": 128,
          "capacity": 256,
          "samplesMs": [
            0.5,
            0.4000000059604645,
            0.29999998211860657,
            0.699999988079071,
            0.30000001192092896,
            0.30000001192092896,
            0.19999998807907104,
            0.19999998807907104,
            0.09999999403953552,
            0.10000002384185791,
            0.09999999403953552,
            0.19999998807907104,
            0.09999999403953552,
            0.19999998807907104,
            0.20000001788139343,
            0.29999998211860657,
            0.20000001788139343,
            0.3999999761581421,
            0.4000000059604645,
            0.4000000059604645,
            0.29999998211860657,
            0.4000000059604645,
            0.30000001192092896,
            0.30000001192092896,
            0.20000001788139343,
            0.09999999403953552,
            0.19999998807907104,
            0.20000001788139343,
            0.10000002384185791,
            0,
            0.20000001788139343,
            0,
            0,
            0.20000001788139343,
            0.09999999403953552,
            0.09999999403953552,
            0.20000001788139343,
            0.30000001192092896,
            0.30000001192092896,
            0.19999998807907104,
            0.20000001788139343,
            0.09999999403953552,
            0.10000002384185791,
            0.30000001192092896,
            0.09999999403953552,
            0.10000002384185791,
            0.09999999403953552,
            0.19999998807907104,
            0.19999998807907104,
            0.10000002384185791,
            0.09999999403953552,
            0.09999999403953552,
            0.09999999403953552,
            0.19999998807907104,
            0.19999998807907104,
            0.09999999403953552,
            0,
            0,
            0.09999999403953552,
            0.20000001788139343,
            0.09999999403953552,
            0.09999999403953552,
            0.10000002384185791,
            0.10000002384185791,
            0,
            0.09999999403953552,
            0.10000002384185791,
            0.09999999403953552,
            0.19999998807907104,
            0.19999998807907104,
            0.19999998807907104,
            0.09999999403953552,
            0.09999999403953552,
            0.09999999403953552,
            0.09999999403953552,
            0.19999998807907104,
            0.10000002384185791,
            0.20000001788139343,
            0.10000002384185791,
            0.30000001192092896,
            0.09999999403953552,
            0.09999999403953552,
            0,
            0.09999999403953552,
            0.09999999403953552,
            0.20000001788139343,
            0.19999998807907104,
            0.19999998807907104,
            0.19999998807907104,
            0.20000001788139343,
            0,
            0.20000001788139343,
            0.30000001192092896,
            0.19999998807907104,
            0.10000002384185791,
            0.19999998807907104,
            0.30000001192092896,
            0.19999998807907104,
            0.29999998211860657,
            0.29999998211860657,
            0.4000000059604645,
            0.30000001192092896,
            0.29999998211860657,
            0.19999998807907104,
            0.30000001192092896,
            0.30000001192092896,
            0.30000001192092896,
            0.30000001192092896,
            0.29999998211860657,
            0.09999999403953552,
            0.30000001192092896,
            0.19999998807907104,
            0.30000001192092896,
            0.30000001192092896,
            0.20000001788139343,
            0.19999998807907104,
            0.20000001788139343,
            0.20000001788139343,
            0.09999999403953552,
            0.20000001788139343,
            0.29999998211860657,
            0.20000001788139343,
            0,
            0.20000001788139343,
            0.09999999403953552,
            0.09999999403953552,
            0,
            0.09999999403953552
          ]
        },
        "general": {
          "count": 180,
          "capacity": 256,
          "samplesMs": [
            1571.0999999940395,
            324.7999999821186,
            228.59999999403954,
            41.5,
            43.099999994039536,
            44.099999994039536,
            43.60000002384186,
            44.80000001192093,
            47.70000001788139,
            49.30000001192093,
            42.69999998807907,
            43.900000005960464,
            44.19999998807907,
            44.099999994039536,
            43.29999998211861,
            46.400000005960464,
            48.900000005960464,
            86.5,
            85.7999999821186,
            95.59999999403954,
            96.2000000178814,
            97,
            97.90000000596046,
            98.5,
            87.69999998807907,
            88.7999999821186,
            95.40000000596046,
            99.2999999821186,
            98.80000001192093,
            100.80000001192093,
            101.39999997615814,
            331.09999999403954,
            282,
            292.59999999403954,
            42.70000001788139,
            271.2000000178814,
            283.7000000178814,
            326.5,
            228.30000001192093,
            227.40000000596046,
            223.7999999821186,
            227.19999998807907,
            275.89999997615814,
            273.30000001192093,
            316.89999997615814,
            342.39999997615814,
            233.09999999403954,
            228.69999998807907,
            243.59999999403954,
            231.2999999821186,
            285.59999999403954,
            239,
            271.2000000178814,
            331.69999998807907,
            230.2000000178814,
            231.09999999403954,
            280.7999999821186,
            272.89999997615814,
            236.7999999821186,
            221.39999997615814,
            275.09999999403954,
            270.7000000178814,
            226.30000001192093,
            222.5,
            275.5,
            271.59999999403954,
            225.7999999821186,
            246.80000001192093,
            274.40000000596046,
            270,
            225.2000000178814,
            225.2000000178814,
            274.89999997615814,
            270.40000000596046,
            224.90000000596046,
            226.10000002384186,
            279.69999998807907,
            270.7999999821186,
            226.10000002384186,
            225.40000000596046,
            271.89999997615814,
            241.69999998807907,
            275.40000000596046,
            339.40000000596046,
            236.40000000596046,
            242.40000000596046,
            268.09999999403954,
            263.40000000596046,
            229.2999999821186,
            230.59999999403954,
            268.80000001192093,
            263.7999999821186,
            233.7000000178814,
            224.39999997615814,
            276.30000001192093,
            219.5,
            264.09999999403954,
            223.09999999403954,
            266.19999998807907,
            278.39999997615814,
            228.59999999403954,
            269.59999999403954,
            220.5,
            224.80000001192093,
            264.59999999403954,
            267.60000002384186,
            276.40000000596046,
            221.90000000596046,
            253,
            222.30000001192093,
            265.59999999403954,
            271.19999998807907,
            226.80000001192093,
            267.69999998807907,
            275.59999999403954,
            266.59999999403954,
            271.30000001192093,
            268.5,
            274.40000000596046,
            264.10000002384186,
            269.5,
            268.59999999403954,
            275.5,
            264,
            295.5,
            265.90000000596046,
            257.5,
            124.40000000596046,
            265.69999998807907,
            216.2999999821186,
            260.7000000178814,
            124.30000001192093,
            264,
            215.30000001192093,
            258.90000000596046,
            135.5,
            268.2999999821186,
            217.09999999403954,
            260.19999998807907,
            125.69999998807907,
            262,
            215.59999999403954,
            264.5,
            150.39999997615814,
            266.90000000596046,
            218.5,
            320.40000000596046,
            230.30000001192093,
            319.2000000178814,
            327.89999997615814,
            229,
            264.5,
            265.19999998807907,
            127.5,
            262.30000001192093,
            128.19999998807907,
            260.5,
            126.5,
            259.40000000596046,
            126.69999998807907,
            272.2999999821186,
            131,
            268.89999997615814,
            130.09999999403954,
            260.09999999403954,
            126.5,
            261.59999999403954,
            133.69999998807907,
            276,
            229.10000002384186,
            329.69999998807907,
            267.30000001192093,
            268.2000000178814,
            231.40000000596046,
            268.59999999403954,
            260.59999999403954,
            128.09999999403954,
            226.5,
            265.09999999403954,
            226.40000000596046
          ]
        }
      },
      "workerKernelStates": [
        {
          "epoch": "seedlands:classic-canonical-runtime-v11:1",
          "lane": "fluid",
          "index": 0,
          "status": "off",
          "requestedArtifact": "simd",
          "effectiveArtifact": "off",
          "selected": [],
          "reason": "no-selected-kernel"
        },
        {
          "epoch": "seedlands:classic-canonical-runtime-v11:1",
          "lane": "general",
          "index": 1,
          "status": "matched",
          "requestedArtifact": "simd",
          "effectiveArtifact": "simd",
          "selected": [
            "w02",
            "w03",
            "w04",
            "w05",
            "w06"
          ],
          "artifactSha256": "c1a763778c4eb4873772cf480c758f8b18cbc77beee80c933dda6b2fd19e4b2c"
        }
      ],
      "workerActivity": [
        {
          "lane": "fluid",
          "index": 0,
          "status": "idle",
          "taskId": null,
          "taskCategory": null,
          "taskAgeMs": null,
          "sampledAtMs": 88928.30000001192,
          "completedTasks": 128,
          "lastTaskDurationMs": 0.09999999403953552,
          "kernel": null
        },
        {
          "lane": "general",
          "index": 1,
          "status": "idle",
          "taskId": null,
          "taskCategory": null,
          "taskAgeMs": null,
          "sampledAtMs": 206867.60000002384,
          "completedTasks": 180,
          "lastTaskDurationMs": 226.40000000596046,
          "kernel": {
            "calls": 3158,
            "failures": 0,
            "memoryBytes": 18874368,
            "durationMs": 15.299999833106995,
            "failed": false
          }
        }
      ]
    },
    "fluidFeedback": {
      "count": 0,
      "pending": false,
      "pendingSample": null,
      "p50Ms": 0,
      "p95Ms": 0,
      "p99Ms": 0,
      "maxMs": 0,
      "samples": []
    },
    "waterTransitions": {
      "activeCount": 0,
      "active": [],
      "recent": [
        {
          "chunkKey": "2,0,0",
          "targetRevision": 5,
          "traceId": "trace-65",
          "geometry": {
            "mode": "surface-morph",
            "patchCount": 46,
            "retainedPatchCount": 0,
            "addedPatchCount": 46,
            "removedPatchCount": 0,
            "visibleWaterMeshCount": 1,
            "opacityCrossfade": false
          },
          "progress": 1,
          "frameCount": 9,
          "completed": true,
          "superseded": false,
          "progressSamples": [
            0,
            0.1522222222553359,
            0.3022222222553359,
            0.4461111111773385,
            0.592222222354677,
            0.7400000000993411,
            0.8894444445768992,
            1,
            1
          ]
        },
        {
          "chunkKey": "2,0,-1",
          "targetRevision": 10,
          "traceId": "trace-67",
          "geometry": {
            "mode": "surface-morph",
            "patchCount": 124,
            "retainedPatchCount": 0,
            "addedPatchCount": 124,
            "removedPatchCount": 0,
            "visibleWaterMeshCount": 1,
            "opacityCrossfade": false
          },
          "progress": 1,
          "frameCount": 9,
          "completed": true,
          "superseded": false,
          "progressSamples": [
            0,
            0.15055555552244188,
            0.29333333323399224,
            0.4444444444444444,
            0.6094444443782171,
            0.7538888888226615,
            0.9038888888226615,
            1,
            1
          ]
        },
        {
          "chunkKey": "2,1,-1",
          "targetRevision": 0,
          "traceId": "trace-68",
          "geometry": {
            "mode": "surface-morph",
            "patchCount": 24,
            "retainedPatchCount": 0,
            "addedPatchCount": 24,
            "removedPatchCount": 0,
            "visibleWaterMeshCount": 1,
            "opacityCrossfade": false
          },
          "progress": 1,
          "frameCount": 9,
          "completed": true,
          "superseded": false,
          "progressSamples": [
            0,
            0.1461111111773385,
            0.28777777784400516,
            0.4322222222884496,
            0.5711111111773385,
            0.7094444443782171,
            0.85,
            1,
            1
          ]
        },
        {
          "chunkKey": "2,0,0",
          "targetRevision": 24,
          "traceId": "trace-77",
          "geometry": {
            "mode": "surface-morph",
            "patchCount": 753,
            "retainedPatchCount": 45,
            "addedPatchCount": 707,
            "removedPatchCount": 1,
            "visibleWaterMeshCount": 1,
            "opacityCrossfade": false
          },
          "progress": 1,
          "frameCount": 9,
          "completed": true,
          "superseded": false,
          "progressSamples": [
            0,
            0.1483333334326744,
            0.2916666666666667,
            0.4344444445437855,
            0.5911111111442248,
            0.726666666732894,
            0.8711111111773385,
            1,
            1
          ]
        },
        {
          "chunkKey": "1,0,0",
          "targetRevision": 35,
          "traceId": "trace-70",
          "geometry": {
            "mode": "surface-morph",
            "patchCount": 226,
            "retainedPatchCount": 0,
            "addedPatchCount": 226,
            "removedPatchCount": 0,
            "visibleWaterMeshCount": 1,
            "opacityCrossfade": false
          },
          "progress": 1,
          "frameCount": 10,
          "completed": true,
          "superseded": false,
          "progressSamples": [
            0,
            0.14444444444444443,
            0.2833333333333333,
            0.42722222208976746,
            0.5588888888557751,
            0.7088888888557752,
            0.8383333332008785,
            0.9644444444113307,
            1,
            1
          ]
        },
        {
          "chunkKey": "1,1,0",
          "targetRevision": 0,
          "traceId": "trace-71",
          "geometry": {
            "mode": "surface-morph",
            "patchCount": 9,
            "retainedPatchCount": 0,
            "addedPatchCount": 9,
            "removedPatchCount": 0,
            "visibleWaterMeshCount": 1,
            "opacityCrossfade": false
          },
          "progress": 1,
          "frameCount": 10,
          "completed": true,
          "superseded": false,
          "progressSamples": [
            0,
            0.15333333330021964,
            0.2938888889220026,
            0.43555555558866926,
            0.5811111110779974,
            0.7172222221891086,
            0.852222222255336,
            0.9855555555886693,
            1,
            1
          ]
        },
        {
          "chunkKey": "1,0,-1",
          "targetRevision": 8,
          "traceId": "trace-72",
          "geometry": {
            "mode": "surface-morph",
            "patchCount": 78,
            "retainedPatchCount": 0,
            "addedPatchCount": 78,
            "removedPatchCount": 0,
            "visibleWaterMeshCount": 1,
            "opacityCrossfade": false
          },
          "progress": 1,
          "frameCount": 10,
          "completed": true,
          "superseded": false,
          "progressSamples": [
            0,
            0.15499999986754523,
            0.2966666665342119,
            0.4383333332008786,
            0.5688888887564342,
            0.7022222220897675,
            0.8338888888557752,
            0.9677777777115504,
            1,
            1
          ]
        },
        {
          "chunkKey": "2,0,-1",
          "targetRevision": 33,
          "traceId": "trace-76",
          "geometry": {
            "mode": "surface-morph",
            "patchCount": 577,
            "retainedPatchCount": 121,
            "addedPatchCount": 453,
            "removedPatchCount": 3,
            "visibleWaterMeshCount": 1,
            "opacityCrossfade": false
          },
          "progress": 1,
          "frameCount": 9,
          "completed": true,
          "superseded": false,
          "progressSamples": [
            0,
            0.16722222218910854,
            0.3177777777115504,
            0.4649999999337726,
            0.6061111110779974,
            0.7572222222884496,
            0.8938888889220026,
            1,
            1
          ]
        },
        {
          "chunkKey": "2,0,0",
          "targetRevision": 38,
          "traceId": "trace-86",
          "geometry": {
            "mode": "surface-morph",
            "patchCount": 911,
            "retainedPatchCount": 573,
            "addedPatchCount": 159,
            "removedPatchCount": 179,
            "visibleWaterMeshCount": 1,
            "opacityCrossfade": false
          },
          "progress": 1,
          "frameCount": 9,
          "completed": true,
          "superseded": false,
          "progressSamples": [
            0,
            0.13666666663355298,
            0.2838888888557752,
            0.42111111101177,
            0.5677777777115504,
            0.7244444444775582,
            0.8944444444444445,
            1,
            1
          ]
        },
        {
          "chunkKey": "1,0,0",
          "targetRevision": 42,
          "traceId": "trace-88",
          "geometry": {
            "mode": "surface-morph",
            "patchCount": 237,
            "retainedPatchCount": 190,
            "addedPatchCount": 11,
            "removedPatchCount": 36,
            "visibleWaterMeshCount": 1,
            "opacityCrossfade": false
          },
          "progress": 1,
          "frameCount": 9,
          "completed": true,
          "superseded": false,
          "progressSamples": [
            0,
            0.1427777777115504,
            0.2861111111111111,
            0.42944444434510337,
            0.575,
            0.7244444444775582,
            0.8772222222553359,
            1,
            1
          ]
        },
        {
          "chunkKey": "2,1,-1",
          "targetRevision": 0,
          "traceId": "trace-81",
          "geometry": {
            "mode": "surface-morph",
            "patchCount": 24,
            "retainedPatchCount": 0,
            "addedPatchCount": 0,
            "removedPatchCount": 24,
            "visibleWaterMeshCount": 1,
            "opacityCrossfade": false
          },
          "progress": 1,
          "frameCount": 9,
          "completed": true,
          "superseded": false,
          "progressSamples": [
            0,
            0.14777777774466408,
            0.29944444447755814,
            0.4477777777446641,
            0.5922222221891086,
            0.7377777776784367,
            0.888333333366447,
            1,
            1
          ]
        },
        {
          "chunkKey": "1,1,0",
          "targetRevision": 0,
          "traceId": "trace-83",
          "geometry": {
            "mode": "surface-morph",
            "patchCount": 9,
            "retainedPatchCount": 0,
            "addedPatchCount": 0,
            "removedPatchCount": 9,
            "visibleWaterMeshCount": 1,
            "opacityCrossfade": false
          },
          "progress": 1,
          "frameCount": 9,
          "completed": true,
          "superseded": false,
          "progressSamples": [
            0,
            0.16333333320087856,
            0.31166666663355297,
            0.4777777777777778,
            0.6199999999668863,
            0.7644444444113307,
            0.9049999998675452,
            1,
            1
          ]
        },
        {
          "chunkKey": "2,0,-1",
          "targetRevision": 65,
          "traceId": "trace-82",
          "geometry": {
            "mode": "surface-morph",
            "patchCount": 578,
            "retainedPatchCount": 443,
            "addedPatchCount": 4,
            "removedPatchCount": 131,
            "visibleWaterMeshCount": 1,
            "opacityCrossfade": false
          },
          "progress": 1,
          "frameCount": 9,
          "completed": true,
          "superseded": false,
          "progressSamples": [
            0,
            0.15333333330021964,
            0.2911111111442248,
            0.43944444441133074,
            0.5761111112104522,
            0.7211111111773385,
            0.8672222221891085,
            1,
            1
          ]
        },
        {
          "chunkKey": "2,0,0",
          "targetRevision": 80,
          "traceId": "trace-92",
          "geometry": {
            "mode": "surface-morph",
            "patchCount": 751,
            "retainedPatchCount": 544,
            "addedPatchCount": 19,
            "removedPatchCount": 188,
            "visibleWaterMeshCount": 1,
            "opacityCrossfade": false
          },
          "progress": 1,
          "frameCount": 9,
          "completed": true,
          "superseded": false,
          "progressSamples": [
            0,
            0.14722222222222223,
            0.2911111111442248,
            0.43944444441133074,
            0.5916666666666667,
            0.7388888888888889,
            0.875,
            1,
            1
          ]
        },
        {
          "chunkKey": "1,0,0",
          "targetRevision": 81,
          "traceId": "trace-94",
          "geometry": {
            "mode": "surface-morph",
            "patchCount": 203,
            "retainedPatchCount": 173,
            "addedPatchCount": 2,
            "removedPatchCount": 28,
            "visibleWaterMeshCount": 1,
            "opacityCrossfade": false
          },
          "progress": 1,
          "frameCount": 9,
          "completed": true,
          "superseded": false,
          "progressSamples": [
            0,
            0.17666666673289405,
            0.3194444444444444,
            0.46833333339956074,
            0.6027777777777777,
            0.7738888889551163,
            0.9188888889220026,
            1,
            1
          ]
        },
        {
          "chunkKey": "2,0,-1",
          "targetRevision": 90,
          "traceId": "trace-90",
          "geometry": {
            "mode": "surface-morph",
            "patchCount": 456,
            "retainedPatchCount": 360,
            "addedPatchCount": 9,
            "removedPatchCount": 87,
            "visibleWaterMeshCount": 1,
            "opacityCrossfade": false
          },
          "progress": 1,
          "frameCount": 9,
          "completed": true,
          "superseded": false,
          "progressSamples": [
            0,
            0.15,
            0.28888888888888886,
            0.42666666673289405,
            0.5755555555224419,
            0.715555555621783,
            0.8638888888888889,
            1,
            1
          ]
        },
        {
          "chunkKey": "1,0,-1",
          "targetRevision": 13,
          "traceId": "trace-91",
          "geometry": {
            "mode": "surface-morph",
            "patchCount": 78,
            "retainedPatchCount": 57,
            "addedPatchCount": 0,
            "removedPatchCount": 21,
            "visibleWaterMeshCount": 1,
            "opacityCrossfade": false
          },
          "progress": 1,
          "frameCount": 9,
          "completed": true,
          "superseded": false,
          "progressSamples": [
            0,
            0.14944444447755814,
            0.2872222223215633,
            0.4361111111111111,
            0.5772222222553359,
            0.7261111112104521,
            0.8694444444444445,
            1,
            1
          ]
        },
        {
          "chunkKey": "2,0,0",
          "targetRevision": 99,
          "traceId": "trace-93",
          "geometry": {
            "mode": "surface-morph",
            "patchCount": 595,
            "retainedPatchCount": 418,
            "addedPatchCount": 32,
            "removedPatchCount": 145,
            "visibleWaterMeshCount": 1,
            "opacityCrossfade": false
          },
          "progress": 1,
          "frameCount": 9,
          "completed": true,
          "superseded": false,
          "progressSamples": [
            0,
            0.14388888875643413,
            0.31277777767843673,
            0.4566666666004393,
            0.6055555555555555,
            0.7538888888226615,
            0.8955555554893282,
            1,
            1
          ]
        },
        {
          "chunkKey": "1,0,0",
          "targetRevision": 100,
          "traceId": "trace-99",
          "geometry": {
            "mode": "surface-morph",
            "patchCount": 183,
            "retainedPatchCount": 164,
            "addedPatchCount": 8,
            "removedPatchCount": 11,
            "visibleWaterMeshCount": 1,
            "opacityCrossfade": false
          },
          "progress": 1,
          "frameCount": 10,
          "completed": true,
          "superseded": false,
          "progressSamples": [
            0,
            0.14055555562178293,
            0.2850000000662274,
            0.4433333333995607,
            0.5866666666335529,
            0.7322222222884496,
            0.8605555555886693,
            0.9994444444775581,
            1,
            1
          ]
        },
        {
          "chunkKey": "2,0,-1",
          "targetRevision": 109,
          "traceId": "trace-101",
          "geometry": {
            "mode": "surface-morph",
            "patchCount": 374,
            "retainedPatchCount": 145,
            "addedPatchCount": 5,
            "removedPatchCount": 224,
            "visibleWaterMeshCount": 1,
            "opacityCrossfade": false
          },
          "progress": 1,
          "frameCount": 9,
          "completed": true,
          "superseded": false,
          "progressSamples": [
            0,
            0.14833333326710596,
            0.30111111104488375,
            0.4649999999337726,
            0.6038888888226615,
            0.7444444444444445,
            0.9044444443451034,
            1,
            1
          ]
        },
        {
          "chunkKey": "1,0,-1",
          "targetRevision": 21,
          "traceId": "trace-97",
          "geometry": {
            "mode": "surface-morph",
            "patchCount": 60,
            "retainedPatchCount": 22,
            "addedPatchCount": 3,
            "removedPatchCount": 35,
            "visibleWaterMeshCount": 1,
            "opacityCrossfade": false
          },
          "progress": 1,
          "frameCount": 9,
          "completed": true,
          "superseded": false,
          "progressSamples": [
            0,
            0.13555555558866925,
            0.28166666660043926,
            0.44666666669978033,
            0.5933333333995607,
            0.7533333333002197,
            0.8988888889551163,
            1,
            1
          ]
        },
        {
          "chunkKey": "2,0,0",
          "targetRevision": 120,
          "traceId": "trace-104",
          "geometry": {
            "mode": "surface-morph",
            "patchCount": 455,
            "retainedPatchCount": 124,
            "addedPatchCount": 5,
            "removedPatchCount": 326,
            "visibleWaterMeshCount": 1,
            "opacityCrossfade": false
          },
          "progress": 1,
          "frameCount": 10,
          "completed": true,
          "superseded": false,
          "progressSamples": [
            0,
            0.14055555562178293,
            0.2683333333995607,
            0.40166666673289403,
            0.5311111112435659,
            0.6722222222222223,
            0.8055555555555556,
            0.951666666732894,
            1,
            1
          ]
        },
        {
          "chunkKey": "1,0,0",
          "targetRevision": 111,
          "traceId": "trace-100",
          "geometry": {
            "mode": "surface-morph",
            "patchCount": 172,
            "retainedPatchCount": 0,
            "addedPatchCount": 0,
            "removedPatchCount": 172,
            "visibleWaterMeshCount": 1,
            "opacityCrossfade": false
          },
          "progress": 1,
          "frameCount": 8,
          "completed": true,
          "superseded": false,
          "progressSamples": [
            0,
            0.2505555556880103,
            0.42166666669978037,
            0.6105555555886693,
            0.7950000001324548,
            0.9666666666666667,
            1,
            1
          ]
        },
        {
          "chunkKey": "2,0,-1",
          "targetRevision": 120,
          "traceId": "trace-102",
          "geometry": {
            "mode": "surface-morph",
            "patchCount": 150,
            "retainedPatchCount": 0,
            "addedPatchCount": 0,
            "removedPatchCount": 150,
            "visibleWaterMeshCount": 1,
            "opacityCrossfade": false
          },
          "progress": 1,
          "frameCount": 10,
          "completed": true,
          "superseded": false,
          "progressSamples": [
            0,
            0.15055555568801032,
            0.2838888890213437,
            0.4188888889220026,
            0.551666666732894,
            0.7005555556880103,
            0.8261111112104522,
            0.9611111111111111,
            1,
            1
          ]
        },
        {
          "chunkKey": "1,0,-1",
          "targetRevision": 24,
          "traceId": "trace-103",
          "geometry": {
            "mode": "surface-morph",
            "patchCount": 25,
            "retainedPatchCount": 0,
            "addedPatchCount": 0,
            "removedPatchCount": 25,
            "visibleWaterMeshCount": 1,
            "opacityCrossfade": false
          },
          "progress": 1,
          "frameCount": 10,
          "completed": true,
          "superseded": false,
          "progressSamples": [
            0,
            0.15,
            0.27944444434510335,
            0.41333333320087856,
            0.5777777777777777,
            0.7188888887564341,
            0.8488888887895478,
            0.9761111110448837,
            1,
            1
          ]
        },
        {
          "chunkKey": "2,0,0",
          "targetRevision": 123,
          "traceId": "trace-105",
          "geometry": {
            "mode": "surface-morph",
            "patchCount": 129,
            "retainedPatchCount": 0,
            "addedPatchCount": 0,
            "removedPatchCount": 129,
            "visibleWaterMeshCount": 1,
            "opacityCrossfade": false
          },
          "progress": 1,
          "frameCount": 10,
          "completed": true,
          "superseded": false,
          "progressSamples": [
            0,
            0.16166666663355297,
            0.30222222208976746,
            0.43777777767843673,
            0.5799999998675452,
            0.7277777777777777,
            0.8622222221559949,
            0.9922222221891085,
            1,
            1
          ]
        }
      ]
    },
    "ui": {
      "runtime": "svelte5",
      "shellPublishCount": 145,
      "hudPublishCount": 368,
      "interactionPublishCount": 697,
      "debugProjectionCount": 682,
      "debugPublishCount": 684,
      "staleUpdateCount": 0,
      "coalescedUpdateCount": 35765,
      "domCommitCount": 1705,
      "projectionDurationMs": 1603.5000002980232,
      "publishDurationMs": 28.800000190734863,
      "domCommitDurationMs": 1968.0000002086163,
      "debugProjectionRate": 3.1025124876125094,
      "totalPublishRate": 8.591222079668169
    },
    "gameplay": {
      "entityCount": 9,
      "worldItemCount": 0,
      "creatureCount": 8,
      "npcCount": 0,
      "nearbyVisitedBucketCount": 27,
      "nearbyCandidateCount": 2,
      "nearbyReturnedCount": 2,
      "inventoryOperationCount": 36,
      "gameplayEventCount": 5284,
      "snapshotBytes": 60625,
      "retainedActorCount": 8,
      "activeActorCount": 6,
      "behaviorEvaluationCount": 0,
      "navigationPlanCount": 0,
      "navigationExpandedNodeCount": 0,
      "pathRecomputeCount": 0,
      "actionCompletionCount": 12,
      "actionFailureCount": 0,
      "actionInterruptionCount": 0,
      "perceptionLineOfSightCheckCount": 0,
      "simulationTime": 285.8,
      "presentedEntityCount": 8
    },
    "breakingOverlay": null,
    "viewmodel": {
      "isolatedLayer": true
    },
    "visualEffects": {
      "activeLocalLights": 0,
      "shadowedLocalLights": 0,
      "localLightLimit": 0,
      "localShadowLimit": 0,
      "sunShadows": false,
      "sunShadowResolution": 0,
      "reflectionEnabled": false,
      "reflectionActive": false,
      "reflectionResolution": 0,
      "reflectionFrameInterval": 0,
      "reflectionRenderCount": 0,
      "waterPlaneY": null,
      "postProcessing": false,
      "shadowUpdateCount": 0,
      "shadowStableFrameCount": 9204,
      "blockLightReady": true,
      "blockLightSourceRevision": 157,
      "blockLightRebuildCount": 2062
    },
    "water": {
      "bodyFraction": 0,
      "wading": false,
      "swimming": false,
      "cameraSubmerged": false,
      "cameraDepth": null,
      "waterSurfaceY": null,
      "underwaterBlend": 0
    }
  },
  "restoreEvidence": {
    "before": {
      "v2Equipment": {
        "phase": "resources-placed",
        "steps": [
          {
            "step": "resources-placed",
            "snapshot": {
              "runtimeEpoch": "seedlands:classic-canonical-runtime-v11:1",
              "gameplayRevision": 74632,
              "actor": {
                "entityId": "player-1",
                "epoch": 1,
                "lifetime": 1
              },
              "inventoryRevision": 36,
              "slots": [
                null,
                null,
                {
                  "itemId": "stick",
                  "count": 3
                },
                null,
                {
                  "itemId": "wood-sword",
                  "count": 1
                },
                null,
                null,
                null,
                {
                  "itemId": "plank",
                  "count": 7
                },
                null,
                null,
                null,
                null,
                null,
                null,
                null,
                null,
                null,
                null,
                null,
                null,
                null,
                null,
                null,
                null,
                null,
                null,
                null,
                null,
                null,
                null,
                null,
                null,
                null,
                null,
                null
              ],
              "armor": {
                "helmet": null,
                "chestplate": null,
                "leggings": null,
                "boots": null
              },
              "cursor": {
                "version": 1,
                "revision": 26,
                "stack": null,
                "origin": null,
                "craftingGrid": [
                  null,
                  null,
                  null,
                  null
                ]
              },
              "player": {
                "health": 18,
                "lifecycle": "alive"
              },
              "armorPoints": 0
            }
          }
        ],
        "snapshot": {
          "runtimeEpoch": "seedlands:classic-canonical-runtime-v11:1",
          "gameplayRevision": 74632,
          "actor": {
            "entityId": "player-1",
            "epoch": 1,
            "lifetime": 1
          },
          "inventoryRevision": 36,
          "slots": [
            null,
            null,
            {
              "itemId": "stick",
              "count": 3
            },
            null,
            {
              "itemId": "wood-sword",
              "count": 1
            },
            null,
            null,
            null,
            {
              "itemId": "plank",
              "count": 7
            },
            null,
            null,
            null,
            null,
            null,
            null,
            null,
            null,
            null,
            null,
            null,
            null,
            null,
            null,
            null,
            null,
            null,
            null,
            null,
            null,
            null,
            null,
            null,
            null,
            null,
            null,
            null
          ],
          "armor": {
            "helmet": null,
            "chestplate": null,
            "leggings": null,
            "boots": null
          },
          "cursor": {
            "version": 1,
            "revision": 26,
            "stack": null,
            "origin": null,
            "craftingGrid": [
              null,
              null,
              null,
              null
            ]
          },
          "player": {
            "health": 18,
            "lifecycle": "alive"
          },
          "armorPoints": 0
        }
      }
    }
  },
  "logicEvidence": []
}