{
  "schemaVersion": 1,
  "status": "FAIL",
  "attempts": [
    {
      "schemaVersion": 1,
      "status": "FAIL",
      "attempt": 0,
      "test": "Classic 生产旅程以真实输入完成 C0-C5，并复用同一运行时性能场景",
      "project": "chromium",
      "benchmark": false,
      "stages": {
        "C0": {
          "status": "PASS",
          "observation": "Production preview loaded the fixed seed with a stamped Classic composition, Authority/logic/persistence/compute Workers, consumed Wasm bytes and an actual WebGL2 context."
        },
        "C1": {
          "status": "PASS",
          "observation": "Pointer Lock mouse movement changed the route, then held W+Space crossed from Chunk 0 to Chunk 1 and Authority acknowledged it."
        },
        "C2": {
          "status": "PASS",
          "observation": "Mouse mining produced visible drops; movement picked them up; E opened inventory and real 2x2 pointer interactions produced planks, sticks, a wood sword and a workbench."
        },
        "C3": {
          "status": "PASS",
          "observation": "Right click placed crafted planks with a consumed mesh commit; inventory food restored health; held real mouse input buffered and completed the wood-sword second combo hit before defeating the fixed creature; a crafted workbench was placed, opened through the station runtime, then dismantled and recovered through real actions."
        }
      },
      "errors": [
        "Error: Classic route aim did not converge: target=80.5,-0.5; direction=KeyS; lastDx=-15.749887530628607."
      ],
      "current": {
        "frameMs": 17.700000002980232,
        "player": [
          80.50038146972656,
          32.599998474121094,
          -0.5802028179168701
        ],
        "viewAngles": [
          -722.3199999999991,
          -20.159999999999993
        ],
        "streamCenter": [
          2,
          -1
        ],
        "loadedChunks": 30,
        "renderedChunks": 19,
        "generationQueue": 0,
        "meshingQueue": 0,
        "deferredRemeshes": 0,
        "onGround": true,
        "colliding": false,
        "interactionAttempts": 30,
        "mutationCount": 4275,
        "worldRevision": 158,
        "structuralEventCount": 158,
        "remeshSchedulingCount": 153,
        "lastCommitMutationCount": 1,
        "lastCommitMeshChunkCount": 2,
        "storageBytes": 39022782,
        "worldTime": 0.1399999999864221,
        "timePaused": false,
        "quality": "low",
        "triangles": 110968,
        "drawCalls": 34,
        "blockLightBricks": 30,
        "blockLightAllocatedBytes": 7864320,
        "blockLightRebuildCount": 2131,
        "collisionDebug": {
          "enabled": false,
          "entityCount": 0,
          "meshCount": 0,
          "materialCount": 0,
          "visibleBatchCount": 0,
          "vertexCapacity": 0,
          "buildCount": 0,
          "authorityRequestCount": 0
        },
        "runtime": "authority-worker",
        "workers": {
          "total": 5,
          "authority": 1,
          "logic": 1,
          "persistence": 1,
          "fluid": 1,
          "general": 1
        },
        "authority": {
          "physicsHz": 60,
          "paused": true,
          "physicsTick": 18374,
          "integratedPhysicsTimeMs": 306233.33333332365,
          "acknowledgedInputSequence": 11600,
          "physicsDebtMs": 7.666666700330097,
          "activeTimeMs": 306241.000000024,
          "commitSequence": 105928,
          "physicsCost": {
            "count": 18374,
            "capacity": 256,
            "samplesMs": [
              0.4000000022351742,
              0.30000000074505806,
              0.5,
              0.3999999985098839,
              0.4000000022351742,
              0.5,
              0.5,
              0.30000000074505806,
              0.30000000074505806,
              0.4000000022351742,
              0.3999999985098839,
              0.5,
              0.3999999985098839,
              0.3999999985098839,
              0.5,
              0.5,
              0.3999999985098839,
              0.3999999985098839,
              0.4000000022351742,
              0.4000000022351742,
              0.5,
              0.3999999985098839,
              0.5,
              0.5,
              0.4000000022351742,
              0.3999999985098839,
              0.4000000022351742,
              0.29999999701976776,
              0.3999999985098839,
              0.3999999985098839,
              0.4000000022351742,
              0.4000000022351742,
              0.5,
              0.3999999985098839,
              0.4000000022351742,
              0.3999999985098839,
              0.5,
              0.3999999985098839,
              0.5,
              0.4000000022351742,
              0.3999999985098839,
              0.4000000022351742,
              0.30000000074505806,
              0.5,
              0.5,
              0.5,
              0.3999999985098839,
              0.5,
              0.5,
              0.4000000022351742,
              0.3999999985098839,
              0.4000000022351742,
              0.3999999985098839,
              0.5,
              0.5,
              0.5,
              0.5,
              0.6000000014901161,
              0.4000000022351742,
              0.5,
              0.5,
              0.5,
              0.3999999985098839,
              0.5,
              0.5,
              0.5,
              0.5,
              0.5,
              1.199999999254942,
              0.5,
              0.4000000022351742,
              0.4000000022351742,
              0.3999999985098839,
              0.5,
              0.5,
              0.5,
              0.5999999977648258,
              0.5,
              0.5,
              0.5,
              0.5,
              0.5,
              0.3999999985098839,
              0.3999999985098839,
              0.4000000022351742,
              0.3999999985098839,
              0.5,
              0.5,
              0.5,
              0.5,
              0.5999999977648258,
              0.3999999985098839,
              0.5,
              0.5,
              0.3999999985098839,
              0.4000000022351742,
              0.5,
              0.4000000022351742,
              0.30000000074505806,
              0.5,
              0.4000000022351742,
              0.6000000014901161,
              0.5,
              0.5,
              0.5,
              0.5,
              0.5,
              0.5,
              0.7000000029802322,
              0.5,
              0.6000000014901161,
              0.3999999985098839,
              0.4000000022351742,
              0.5,
              0.6000000014901161,
              0.4000000022351742,
              0.5,
              0.5,
              0.5,
              0.3999999985098839,
              0.5999999977648258,
              0.4000000022351742,
              0.3999999985098839,
              0.3999999985098839,
              0.5,
              0.5,
              0.5,
              0.3999999985098839,
              0.4000000022351742,
              0.30000000074505806,
              0.3999999985098839,
              0.4000000022351742,
              0.3999999985098839,
              0.5,
              0.5,
              0.6000000014901161,
              0.3999999985098839,
              0.3999999985098839,
              0.4000000022351742,
              0.30000000074505806,
              0.5,
              0.5,
              0.5,
              0.5,
              0.29999999701976776,
              0.29999999701976776,
              0.4000000022351742,
              0.4000000022351742,
              0.30000000074505806,
              0.3999999985098839,
              0.5,
              0.5,
              0.5,
              0.6000000014901161,
              0.5,
              0.3999999985098839,
              0.3999999985098839,
              0.5,
              0.5,
              0.3999999985098839,
              0.5,
              0.5,
              0.5,
              0.3999999985098839,
              0.5,
              0.5,
              0.5,
              0.5,
              0.4000000022351742,
              0.5,
              0.3999999985098839,
              0.5,
              0.3999999985098839,
              0.5,
              0.5,
              0.5,
              0.5,
              0.5,
              0.4000000022351742,
              0.3999999985098839,
              0.6000000014901161,
              0.5,
              0.5,
              0.5,
              0.5999999977648258,
              0.5,
              0.4000000022351742,
              0.3999999985098839,
              0.5,
              0.8999999985098839,
              0.4000000022351742,
              0.5,
              0.3999999985098839,
              0.4000000022351742,
              0.5,
              0.6000000014901161,
              0.5,
              0.4000000022351742,
              0.5,
              0.5,
              0.5,
              0.3999999985098839,
              0.3999999985098839,
              0.3999999985098839,
              0.30000000074505806,
              0.5,
              0.5,
              0.4000000022351742,
              0.3999999985098839,
              0.5,
              0.6000000014901161,
              0.5999999977648258,
              0.3999999985098839,
              0.5,
              0.5,
              0.5999999977648258,
              0.5,
              0.5,
              0.5999999977648258,
              0.5,
              0.5,
              0.30000000074505806,
              0.5,
              0.5,
              0.5999999977648258,
              0.5,
              0.5,
              0.5,
              0.5,
              0.3999999985098839,
              0.5,
              0.5999999977648258,
              0.5999999977648258,
              0.3999999985098839,
              0.5,
              0.4000000022351742,
              0.5,
              0.3999999985098839,
              0.5,
              0.5,
              0.5999999977648258,
              0.3999999985098839,
              0.4000000022351742,
              0.6000000014901161,
              0.3999999985098839,
              0.5999999977648258,
              1,
              0.5,
              0.3999999985098839,
              0.4000000022351742,
              0.3999999985098839,
              0.3999999985098839,
              0.5,
              0.6000000014901161,
              0.5,
              0.5
            ]
          },
          "fluid": {
            "pendingCellCount": 0,
            "inFlightLeaseCount": 0,
            "acceptedCandidateCount": 128,
            "rejectedCandidateCount": 0,
            "returnedLeaseCount": 0,
            "issuedLeaseCount": 128,
            "settledLeaseCount": 128
          },
          "residency": {
            "residentCount": 67,
            "target": 256,
            "hardLimit": 2048,
            "pinnedCount": 36,
            "dirtyCount": 0,
            "evictableCleanCount": 31,
            "evictionCount": 0,
            "rejectedAdmissionCount": 0,
            "oversubscribed": false,
            "autoSaveInFlight": false,
            "autoSaveFailureCount": 0,
            "nextRetryActiveTimeMs": 0,
            "lastSaveError": null
          },
          "bodies": {
            "total": 9,
            "actors": 9,
            "worldItems": 0,
            "nearPlayer": 4
          },
          "snapshotRejections": {
            "wrong-epoch": 0,
            "duplicate": 4396,
            "physics-tick-regressed": 0,
            "commit-regressed": 0,
            "ack-regressed": 0
          }
        },
        "logic": {
          "blockStartedCount": 0,
          "blockCompletedCount": 0,
          "observationInFlight": true,
          "pendingObservationCount": 0,
          "submittedObservationCount": 4829,
          "receivedBatchCount": 4828,
          "completedBatchCount": 4828,
          "rejectedBatchCount": 0,
          "lastRoundTripMs": 0.30000000074505806
        },
        "trajectory": [
          {
            "physicsTick": 18042,
            "activeTimeMs": 300711.2000000195,
            "position": [
              80.49983199436296,
              32.6,
              -0.4996462627368515
            ]
          },
          {
            "physicsTick": 18044,
            "activeTimeMs": 300733.7000000195,
            "position": [
              80.49983199436296,
              32.6,
              -0.4996462627368515
            ]
          },
          {
            "physicsTick": 18045,
            "activeTimeMs": 300759.300000021,
            "position": [
              80.49983199436296,
              32.6,
              -0.4996462627368515
            ]
          },
          {
            "physicsTick": 18046,
            "activeTimeMs": 300783.00000002026,
            "position": [
              80.49983199436296,
              32.6,
              -0.4996462627368515
            ]
          },
          {
            "physicsTick": 18048,
            "activeTimeMs": 300804.300000021,
            "position": [
              80.49983199436296,
              32.6,
              -0.4996462627368515
            ]
          },
          {
            "physicsTick": 18049,
            "activeTimeMs": 300830.300000021,
            "position": [
              80.49983199436296,
              32.6,
              -0.4996462627368515
            ]
          },
          {
            "physicsTick": 18051,
            "activeTimeMs": 300852.00000002026,
            "position": [
              80.49983199436296,
              32.6,
              -0.4996462627368515
            ]
          },
          {
            "physicsTick": 18052,
            "activeTimeMs": 300877.90000001877,
            "position": [
              80.49983199436296,
              32.6,
              -0.4996462627368515
            ]
          },
          {
            "physicsTick": 18053,
            "activeTimeMs": 300899.90000001877,
            "position": [
              80.49983199436296,
              32.6,
              -0.4996462627368515
            ]
          },
          {
            "physicsTick": 18055,
            "activeTimeMs": 300926.50000002026,
            "position": [
              80.49983199436296,
              32.6,
              -0.4996462627368515
            ]
          },
          {
            "physicsTick": 18056,
            "activeTimeMs": 300947.40000001877,
            "position": [
              80.49983199436296,
              32.6,
              -0.4996462627368515
            ]
          },
          {
            "physicsTick": 18057,
            "activeTimeMs": 300964.50000002026,
            "position": [
              80.49983199436296,
              32.6,
              -0.4996462627368515
            ]
          },
          {
            "physicsTick": 18058,
            "activeTimeMs": 300981.40000001877,
            "position": [
              80.49983199436296,
              32.6,
              -0.4996462627368515
            ]
          },
          {
            "physicsTick": 18060,
            "activeTimeMs": 301006.60000002175,
            "position": [
              80.49983199436296,
              32.6,
              -0.4996462627368515
            ]
          },
          {
            "physicsTick": 18061,
            "activeTimeMs": 301028.300000021,
            "position": [
              80.49983199436296,
              32.6,
              -0.4996462627368515
            ]
          },
          {
            "physicsTick": 18063,
            "activeTimeMs": 301053.00000002026,
            "position": [
              80.49983199436296,
              32.6,
              -0.4996462627368515
            ]
          },
          {
            "physicsTick": 18064,
            "activeTimeMs": 301078.40000001877,
            "position": [
              80.49983199436296,
              32.6,
              -0.4996462627368515
            ]
          },
          {
            "physicsTick": 18065,
            "activeTimeMs": 301095.10000002175,
            "position": [
              80.49983199436296,
              32.6,
              -0.4996462627368515
            ]
          },
          {
            "physicsTick": 18067,
            "activeTimeMs": 301116.7000000195,
            "position": [
              80.49983199436296,
              32.6,
              -0.4996462627368515
            ]
          },
          {
            "physicsTick": 18068,
            "activeTimeMs": 301141.60000002175,
            "position": [
              80.49983199436296,
              32.6,
              -0.4996462627368515
            ]
          },
          {
            "physicsTick": 18069,
            "activeTimeMs": 301158.60000002175,
            "position": [
              80.49983199436296,
              32.6,
              -0.4996462627368515
            ]
          },
          {
            "physicsTick": 18070,
            "activeTimeMs": 301179.10000002175,
            "position": [
              80.49983199436296,
              32.6,
              -0.4996462627368515
            ]
          },
          {
            "physicsTick": 18071,
            "activeTimeMs": 301195.800000021,
            "position": [
              80.49983199436296,
              32.6,
              -0.4996462627368515
            ]
          },
          {
            "physicsTick": 18073,
            "activeTimeMs": 301220.7000000195,
            "position": [
              80.49983199436296,
              32.6,
              -0.4996462627368515
            ]
          },
          {
            "physicsTick": 18074,
            "activeTimeMs": 301245.10000002175,
            "position": [
              80.49983199436296,
              32.6,
              -0.4996462627368515
            ]
          },
          {
            "physicsTick": 18076,
            "activeTimeMs": 301268.40000001877,
            "position": [
              80.49983199436296,
              32.6,
              -0.4996462627368515
            ]
          },
          {
            "physicsTick": 18077,
            "activeTimeMs": 301285.7000000195,
            "position": [
              80.49983199436296,
              32.6,
              -0.4996462627368515
            ]
          },
          {
            "physicsTick": 18078,
            "activeTimeMs": 301307.60000002175,
            "position": [
              80.49983199436296,
              32.6,
              -0.4996462627368515
            ]
          },
          {
            "physicsTick": 18079,
            "activeTimeMs": 301327.00000002026,
            "position": [
              80.49983199436296,
              32.6,
              -0.4996462627368515
            ]
          },
          {
            "physicsTick": 18080,
            "activeTimeMs": 301346.7000000195,
            "position": [
              80.49983199436296,
              32.6,
              -0.4996462627368515
            ]
          },
          {
            "physicsTick": 18081,
            "activeTimeMs": 301363.800000021,
            "position": [
              80.49983199436296,
              32.6,
              -0.4996462627368515
            ]
          },
          {
            "physicsTick": 18082,
            "activeTimeMs": 301380.7000000195,
            "position": [
              80.49983199436296,
              32.6,
              -0.4996462627368515
            ]
          },
          {
            "physicsTick": 18084,
            "activeTimeMs": 301403.800000021,
            "position": [
              80.49983199436296,
              32.6,
              -0.4996462627368515
            ]
          },
          {
            "physicsTick": 18085,
            "activeTimeMs": 301428.300000021,
            "position": [
              80.49983199436296,
              32.6,
              -0.4996462627368515
            ]
          },
          {
            "physicsTick": 18087,
            "activeTimeMs": 301451.7000000195,
            "position": [
              80.49983199436296,
              32.6,
              -0.4996462627368515
            ]
          },
          {
            "physicsTick": 18088,
            "activeTimeMs": 301478.50000002026,
            "position": [
              80.49983199436296,
              32.6,
              -0.4996462627368515
            ]
          },
          {
            "physicsTick": 18089,
            "activeTimeMs": 301499.50000002026,
            "position": [
              80.49983199436296,
              32.6,
              -0.4996462627368515
            ]
          },
          {
            "physicsTick": 18091,
            "activeTimeMs": 301522.800000021,
            "position": [
              80.49983199436296,
              32.6,
              -0.4996462627368515
            ]
          },
          {
            "physicsTick": 18092,
            "activeTimeMs": 301540.7000000195,
            "position": [
              80.49983199436296,
              32.6,
              -0.4996462627368515
            ]
          },
          {
            "physicsTick": 18093,
            "activeTimeMs": 301558.00000002026,
            "position": [
              80.49983199436296,
              32.6,
              -0.4996462627368515
            ]
          },
          {
            "physicsTick": 18094,
            "activeTimeMs": 301580.300000021,
            "position": [
              80.49983199436296,
              32.6,
              -0.4996462627368515
            ]
          },
          {
            "physicsTick": 18096,
            "activeTimeMs": 301605.90000001877,
            "position": [
              80.49983199436296,
              32.6,
              -0.4996462627368515
            ]
          },
          {
            "physicsTick": 18097,
            "activeTimeMs": 301629.7000000195,
            "position": [
              80.49983199436296,
              32.6,
              -0.4996462627368515
            ]
          },
          {
            "physicsTick": 18099,
            "activeTimeMs": 301650.90000001877,
            "position": [
              80.49983199436296,
              32.6,
              -0.4996462627368515
            ]
          },
          {
            "physicsTick": 18100,
            "activeTimeMs": 301670.7000000195,
            "position": [
              80.49983199436296,
              32.6,
              -0.4996462627368515
            ]
          },
          {
            "physicsTick": 18101,
            "activeTimeMs": 301695.90000001877,
            "position": [
              80.49983199436296,
              32.6,
              -0.4996462627368515
            ]
          },
          {
            "physicsTick": 18102,
            "activeTimeMs": 301714.60000002175,
            "position": [
              80.49983199436296,
              32.6,
              -0.4996462627368515
            ]
          },
          {
            "physicsTick": 18104,
            "activeTimeMs": 301733.7000000195,
            "position": [
              80.49983199436296,
              32.6,
              -0.4996462627368515
            ]
          },
          {
            "physicsTick": 18105,
            "activeTimeMs": 301756.300000021,
            "position": [
              80.49983199436296,
              32.6,
              -0.4996462627368515
            ]
          },
          {
            "physicsTick": 18106,
            "activeTimeMs": 301774.50000002026,
            "position": [
              80.49983199436296,
              32.6,
              -0.4996462627368515
            ]
          },
          {
            "physicsTick": 18107,
            "activeTimeMs": 301796.300000021,
            "position": [
              80.49983199436296,
              32.6,
              -0.4996462627368515
            ]
          },
          {
            "physicsTick": 18109,
            "activeTimeMs": 301821.60000002175,
            "position": [
              80.49983199436296,
              32.6,
              -0.4996462627368515
            ]
          },
          {
            "physicsTick": 18110,
            "activeTimeMs": 301844.40000001877,
            "position": [
              80.49983199436296,
              32.6,
              -0.4996462627368515
            ]
          },
          {
            "physicsTick": 18112,
            "activeTimeMs": 301869.2000000195,
            "position": [
              80.49983199436296,
              32.6,
              -0.4996462627368515
            ]
          },
          {
            "physicsTick": 18113,
            "activeTimeMs": 301895.300000021,
            "position": [
              80.49983199436296,
              32.6,
              -0.4996462627368515
            ]
          },
          {
            "physicsTick": 18114,
            "activeTimeMs": 301915.2000000195,
            "position": [
              80.49983199436296,
              32.6,
              -0.4996462627368515
            ]
          },
          {
            "physicsTick": 18115,
            "activeTimeMs": 301933.2000000195,
            "position": [
              80.49983199436296,
              32.6,
              -0.4996462627368515
            ]
          },
          {
            "physicsTick": 18117,
            "activeTimeMs": 301955.7000000195,
            "position": [
              80.49983199436296,
              32.6,
              -0.4996462627368515
            ]
          },
          {
            "physicsTick": 18118,
            "activeTimeMs": 301973.10000002175,
            "position": [
              80.49983199436296,
              32.6,
              -0.4996462627368515
            ]
          },
          {
            "physicsTick": 18119,
            "activeTimeMs": 301998.7000000195,
            "position": [
              80.49983199436296,
              32.6,
              -0.4996462627368515
            ]
          },
          {
            "physicsTick": 18121,
            "activeTimeMs": 302020.2000000195,
            "position": [
              80.49983199436296,
              32.6,
              -0.4996462627368515
            ]
          },
          {
            "physicsTick": 18122,
            "activeTimeMs": 302045.300000021,
            "position": [
              80.49983199436296,
              32.6,
              -0.4996462627368515
            ]
          },
          {
            "physicsTick": 18124,
            "activeTimeMs": 302068.7000000195,
            "position": [
              80.49983199436296,
              32.6,
              -0.4996462627368515
            ]
          },
          {
            "physicsTick": 18125,
            "activeTimeMs": 302093.60000002175,
            "position": [
              80.49983199436296,
              32.6,
              -0.4996462627368515
            ]
          },
          {
            "physicsTick": 18127,
            "activeTimeMs": 302119.300000021,
            "position": [
              80.49983199436296,
              32.6,
              -0.4996462627368515
            ]
          },
          {
            "physicsTick": 18128,
            "activeTimeMs": 302142.2000000195,
            "position": [
              80.49983199436296,
              32.6,
              -0.4996462627368515
            ]
          },
          {
            "physicsTick": 18129,
            "activeTimeMs": 302163.800000021,
            "position": [
              80.49983199436296,
              32.6,
              -0.4996462627368515
            ]
          },
          {
            "physicsTick": 18131,
            "activeTimeMs": 302187.50000002026,
            "position": [
              80.49983199436296,
              32.6,
              -0.4996462627368515
            ]
          },
          {
            "physicsTick": 18132,
            "activeTimeMs": 302205.60000002175,
            "position": [
              80.49983199436296,
              32.6,
              -0.4996462627368515
            ]
          },
          {
            "physicsTick": 18133,
            "activeTimeMs": 302229.40000001877,
            "position": [
              80.49983199436296,
              32.6,
              -0.4996462627368515
            ]
          },
          {
            "physicsTick": 18135,
            "activeTimeMs": 302252.50000002026,
            "position": [
              80.49983199436296,
              32.6,
              -0.4996462627368515
            ]
          },
          {
            "physicsTick": 18136,
            "activeTimeMs": 302269.800000021,
            "position": [
              80.49983199436296,
              32.6,
              -0.4996462627368515
            ]
          },
          {
            "physicsTick": 18137,
            "activeTimeMs": 302291.7000000195,
            "position": [
              80.49983199436296,
              32.6,
              -0.4996462627368515
            ]
          },
          {
            "physicsTick": 18138,
            "activeTimeMs": 302315.50000002026,
            "position": [
              80.49983199436296,
              32.6,
              -0.4996462627368515
            ]
          },
          {
            "physicsTick": 18140,
            "activeTimeMs": 302335.10000002175,
            "position": [
              80.49983199436296,
              32.6,
              -0.4996462627368515
            ]
          },
          {
            "physicsTick": 18141,
            "activeTimeMs": 302358.300000021,
            "position": [
              80.49983199436296,
              32.6,
              -0.4996462627368515
            ]
          },
          {
            "physicsTick": 18142,
            "activeTimeMs": 302380.60000002175,
            "position": [
              80.49983199436296,
              32.6,
              -0.4996462627368515
            ]
          },
          {
            "physicsTick": 18143,
            "activeTimeMs": 302397.60000002175,
            "position": [
              80.49983199436296,
              32.6,
              -0.4996462627368515
            ]
          },
          {
            "physicsTick": 18145,
            "activeTimeMs": 302419.7000000195,
            "position": [
              80.49983199436296,
              32.6,
              -0.4996462627368515
            ]
          },
          {
            "physicsTick": 18146,
            "activeTimeMs": 302437.60000002175,
            "position": [
              80.49983199436296,
              32.6,
              -0.4996462627368515
            ]
          },
          {
            "physicsTick": 18147,
            "activeTimeMs": 302459.90000001877,
            "position": [
              80.49983199436296,
              32.6,
              -0.4996462627368515
            ]
          },
          {
            "physicsTick": 18148,
            "activeTimeMs": 302478.10000002175,
            "position": [
              80.49983199436296,
              32.6,
              -0.4996462627368515
            ]
          },
          {
            "physicsTick": 18149,
            "activeTimeMs": 302499.2000000195,
            "position": [
              80.49983199436296,
              32.6,
              -0.4996462627368515
            ]
          },
          {
            "physicsTick": 18151,
            "activeTimeMs": 302524.50000002026,
            "position": [
              80.49983199436296,
              32.6,
              -0.4996462627368515
            ]
          },
          {
            "physicsTick": 18152,
            "activeTimeMs": 302549.50000002026,
            "position": [
              80.49983199436296,
              32.6,
              -0.4996462627368515
            ]
          },
          {
            "physicsTick": 18154,
            "activeTimeMs": 302571.60000002175,
            "position": [
              80.49983199436296,
              32.6,
              -0.4996462627368515
            ]
          },
          {
            "physicsTick": 18155,
            "activeTimeMs": 302590.800000021,
            "position": [
              80.49983199436296,
              32.6,
              -0.4996462627368515
            ]
          },
          {
            "physicsTick": 18156,
            "activeTimeMs": 302610.50000002026,
            "position": [
              80.49983199436296,
              32.6,
              -0.4996462627368515
            ]
          },
          {
            "physicsTick": 18157,
            "activeTimeMs": 302629.40000001877,
            "position": [
              80.49983199436296,
              32.6,
              -0.4996462627368515
            ]
          },
          {
            "physicsTick": 18159,
            "activeTimeMs": 302653.40000001877,
            "position": [
              80.49983199436296,
              32.6,
              -0.4996462627368515
            ]
          },
          {
            "physicsTick": 18160,
            "activeTimeMs": 302677.800000021,
            "position": [
              80.49983199436296,
              32.6,
              -0.4996462627368515
            ]
          },
          {
            "physicsTick": 18162,
            "activeTimeMs": 302702.300000021,
            "position": [
              80.50009379361704,
              32.6,
              -0.4579795960701848
            ]
          },
          {
            "physicsTick": 18163,
            "activeTimeMs": 302726.7000000195,
            "position": [
              80.50022469324408,
              32.6,
              -0.4163129294035181
            ]
          },
          {
            "physicsTick": 18164,
            "activeTimeMs": 302748.90000001877,
            "position": [
              80.50035559287112,
              32.6,
              -0.3607573738479625
            ]
          },
          {
            "physicsTick": 18166,
            "activeTimeMs": 302772.300000021,
            "position": [
              80.50061739212519,
              32.6,
              -0.21631304363502077
            ]
          },
          {
            "physicsTick": 18167,
            "activeTimeMs": 302795.7000000195,
            "position": [
              80.50074829175223,
              32.6,
              -0.1413131578665235
            ]
          },
          {
            "physicsTick": 18169,
            "activeTimeMs": 302819.2000000195,
            "position": [
              80.50087919137927,
              32.6,
              -0.005202275218417811
            ]
          },
          {
            "physicsTick": 18170,
            "activeTimeMs": 302836.300000021,
            "position": [
              80.50087919137927,
              32.6,
              0.04201983277230169
            ]
          },
          {
            "physicsTick": 18171,
            "activeTimeMs": 302853.2000000195,
            "position": [
              80.50087919137927,
              32.6,
              0.0753530518741323
            ]
          },
          {
            "physicsTick": 18172,
            "activeTimeMs": 302877.00000002026,
            "position": [
              80.50101009100631,
              32.6,
              0.12257515986485179
            ]
          },
          {
            "physicsTick": 18173,
            "activeTimeMs": 302899.60000002175,
            "position": [
              80.50114099063335,
              32.6,
              0.18368615674446018
            ]
          },
          {
            "physicsTick": 18175,
            "activeTimeMs": 302925.90000001877,
            "position": [
              80.50140278988742,
              32.6,
              0.3336859282814547
            ]
          },
          {
            "physicsTick": 18176,
            "activeTimeMs": 302947.300000021,
            "position": [
              80.50153368951446,
              32.6,
              0.40868581404995197
            ]
          },
          {
            "physicsTick": 18178,
            "activeTimeMs": 302974.50000002026,
            "position": [
              80.50153368951446,
              32.6,
              0.5170189189202798
            ]
          },
          {
            "physicsTick": 18179,
            "activeTimeMs": 302996.300000021,
            "position": [
              80.50153368951446,
              32.6,
              0.5503521380221105
            ]
          },
          {
            "physicsTick": 18181,
            "activeTimeMs": 303022.90000001877,
            "position": [
              80.50153368951446,
              32.6,
              0.575351909559105
            ]
          },
          {
            "physicsTick": 18182,
            "activeTimeMs": 303046.800000021,
            "position": [
              80.50153368951446,
              32.6,
              0.575351909559105
            ]
          },
          {
            "physicsTick": 18184,
            "activeTimeMs": 303068.800000021,
            "position": [
              80.50149441961004,
              32.6,
              0.5892407984479938
            ]
          },
          {
            "physicsTick": 18185,
            "activeTimeMs": 303093.40000001877,
            "position": [
              80.50145514970562,
              32.6,
              0.6170185762257716
            ]
          },
          {
            "physicsTick": 18186,
            "activeTimeMs": 303116.00000002026,
            "position": [
              80.5014158798012,
              32.6,
              0.6586852428924382
            ]
          },
          {
            "physicsTick": 18188,
            "activeTimeMs": 303140.300000021,
            "position": [
              80.50133733999236,
              32.6,
              0.7836852428924382
            ]
          },
          {
            "physicsTick": 18189,
            "activeTimeMs": 303163.800000021,
            "position": [
              80.50129807008794,
              32.6,
              0.8586852326116016
            ]
          },
          {
            "physicsTick": 18191,
            "activeTimeMs": 303190.60000002175,
            "position": [
              80.50129807008794,
              32.6,
              0.9670185453832615
            ]
          },
          {
            "physicsTick": 18192,
            "activeTimeMs": 303211.2000000195,
            "position": [
              80.50125880018352,
              32.6,
              1.0281296462135359
            ]
          },
          {
            "physicsTick": 18193,
            "activeTimeMs": 303229.800000021,
            "position": [
              80.5012195302791,
              32.6,
              1.1031296359326992
            ]
          },
          {
            "physicsTick": 18195,
            "activeTimeMs": 303252.300000021,
            "position": [
              80.50114099047026,
              32.6,
              1.2531296153710259
            ]
          },
          {
            "physicsTick": 18196,
            "activeTimeMs": 303278.00000002026,
            "position": [
              80.50110172056584,
              32.6,
              1.3281296050901892
            ]
          },
          {
            "physicsTick": 18198,
            "activeTimeMs": 303300.2000000195,
            "position": [
              80.50110172056584,
              32.6,
              1.4364629178618493
            ]
          },
          {
            "physicsTick": 18199,
            "activeTimeMs": 303324.2000000195,
            "position": [
              80.50110172056584,
              32.6,
              1.469796240914346
            ]
          },
          {
            "physicsTick": 18200,
            "activeTimeMs": 303342.10000002175,
            "position": [
              80.50106245066142,
              32.6,
              1.5170184528557316
            ]
          },
          {
            "physicsTick": 18201,
            "activeTimeMs": 303359.00000002026,
            "position": [
              80.501023180757,
              32.6,
              1.578129553686006
            ]
          },
          {
            "physicsTick": 18202,
            "activeTimeMs": 303379.800000021,
            "position": [
              80.50098391085258,
              32.6,
              1.6531295434051694
            ]
          },
          {
            "physicsTick": 18204,
            "activeTimeMs": 303404.2000000195,
            "position": [
              80.50090537104374,
              32.6,
              1.803129522843496
            ]
          },
          {
            "physicsTick": 18205,
            "activeTimeMs": 303430.60000002175,
            "position": [
              80.50090537104374,
              32.6,
              1.8642406236737705
            ]
          },
          {
            "physicsTick": 18207,
            "activeTimeMs": 303452.50000002026,
            "position": [
              80.50090537104374,
              32.6,
              1.9447961586676528
            ]
          },
          {
            "physicsTick": 18208,
            "activeTimeMs": 303470.40000001877,
            "position": [
              80.50086610113932,
              32.6,
              1.9920183706090384
            ]
          },
          {
            "physicsTick": 18209,
            "activeTimeMs": 303492.300000021,
            "position": [
              80.5008268312349,
              32.6,
              2.0531294714393127
            ]
          },
          {
            "physicsTick": 18210,
            "activeTimeMs": 303515.10000002175,
            "position": [
              80.50078756133048,
              32.6,
              2.1281294611584762
            ]
          },
          {
            "physicsTick": 18212,
            "activeTimeMs": 303543.40000001877,
            "position": [
              80.50070902152164,
              32.6,
              2.2781294405968033
            ]
          },
          {
            "physicsTick": 18213,
            "activeTimeMs": 303562.7000000195,
            "position": [
              80.50070902152164,
              32.6,
              2.3392405414270776
            ]
          },
          {
            "physicsTick": 18214,
            "activeTimeMs": 303580.60000002175,
            "position": [
              80.50070902152164,
              32.6,
              2.386462753368463
            ]
          },
          {
            "physicsTick": 18216,
            "activeTimeMs": 303604.300000021,
            "position": [
              80.50070902152164,
              32.6,
              2.4392405105845674
            ]
          },
          {
            "physicsTick": 18217,
            "activeTimeMs": 303622.90000001877,
            "position": [
              80.50070902152164,
              32.6,
              2.4447960558592863
            ]
          },
          {
            "physicsTick": 18218,
            "activeTimeMs": 303646.60000002175,
            "position": [
              80.50070902152164,
              32.6,
              2.4447960558592863
            ]
          },
          {
            "physicsTick": 18220,
            "activeTimeMs": 303668.50000002026,
            "position": [
              80.50070902152164,
              32.6,
              2.4447960558592863
            ]
          },
          {
            "physicsTick": 18221,
            "activeTimeMs": 303695.40000001877,
            "position": [
              80.50070902152164,
              32.6,
              2.4447960558592863
            ]
          },
          {
            "physicsTick": 18222,
            "activeTimeMs": 303715.40000001877,
            "position": [
              80.50070902152164,
              32.6,
              2.4447960558592863
            ]
          },
          {
            "physicsTick": 18224,
            "activeTimeMs": 303740.300000021,
            "position": [
              80.50070902152164,
              32.6,
              2.4447960558592863
            ]
          },
          {
            "physicsTick": 18225,
            "activeTimeMs": 303759.300000021,
            "position": [
              80.50070902152164,
              32.6,
              2.4447960558592863
            ]
          },
          {
            "physicsTick": 18226,
            "activeTimeMs": 303780.300000021,
            "position": [
              80.50070902152164,
              32.6,
              2.4447960558592863
            ]
          },
          {
            "physicsTick": 18228,
            "activeTimeMs": 303805.800000021,
            "position": [
              80.50070902152164,
              32.6,
              2.4447960558592863
            ]
          },
          {
            "physicsTick": 18229,
            "activeTimeMs": 303828.2000000195,
            "position": [
              80.50070902152164,
              32.6,
              2.4447960558592863
            ]
          },
          {
            "physicsTick": 18230,
            "activeTimeMs": 303845.300000021,
            "position": [
              80.50070902152164,
              32.6,
              2.4447960558592863
            ]
          },
          {
            "physicsTick": 18232,
            "activeTimeMs": 303868.40000001877,
            "position": [
              80.50074829142606,
              32.6,
              2.4309071669703974
            ]
          },
          {
            "physicsTick": 18233,
            "activeTimeMs": 303894.50000002026,
            "position": [
              80.50078756133048,
              32.6,
              2.4031293891926198
            ]
          },
          {
            "physicsTick": 18234,
            "activeTimeMs": 303915.800000021,
            "position": [
              80.5008268312349,
              32.6,
              2.3614627225259532
            ]
          },
          {
            "physicsTick": 18236,
            "activeTimeMs": 303941.60000002175,
            "position": [
              80.50090537104374,
              32.6,
              2.2364627225259532
            ]
          },
          {
            "physicsTick": 18237,
            "activeTimeMs": 303958.60000002175,
            "position": [
              80.50090537104374,
              32.6,
              2.180907166970398
            ]
          },
          {
            "physicsTick": 18238,
            "activeTimeMs": 303979.90000001877,
            "position": [
              80.50090537104374,
              32.6,
              2.1392405003037314
            ]
          },
          {
            "physicsTick": 18240,
            "activeTimeMs": 304005.60000002175,
            "position": [
              80.50090537104374,
              32.6,
              2.097573833637065
            ]
          },
          {
            "physicsTick": 18241,
            "activeTimeMs": 304029.300000021,
            "position": [
              80.50094464094816,
              32.6,
              2.069796055859287
            ]
          },
          {
            "physicsTick": 18243,
            "activeTimeMs": 304051.40000001877,
            "position": [
              80.501023180757,
              32.6,
              1.972573833637065
            ]
          },
          {
            "physicsTick": 18244,
            "activeTimeMs": 304068.2000000195,
            "position": [
              80.50106245066142,
              32.6,
              1.9031293891926206
            ]
          },
          {
            "physicsTick": 18245,
            "activeTimeMs": 304093.60000002175,
            "position": [
              80.50110172056584,
              32.6,
              1.8281293994734573
            ]
          },
          {
            "physicsTick": 18246,
            "activeTimeMs": 304110.7000000195,
            "position": [
              80.50110172056584,
              32.6,
              1.7670182986431828
            ]
          },
          {
            "physicsTick": 18247,
            "activeTimeMs": 304127.40000001877,
            "position": [
              80.50110172056584,
              32.6,
              1.7197960867017972
            ]
          },
          {
            "physicsTick": 18248,
            "activeTimeMs": 304146.50000002026,
            "position": [
              80.50110172056584,
              32.6,
              1.6864627636493006
            ]
          },
          {
            "physicsTick": 18250,
            "activeTimeMs": 304174.7000000195,
            "position": [
              80.50118026037468,
              32.6,
              1.5781294508776404
            ]
          },
          {
            "physicsTick": 18251,
            "activeTimeMs": 304196.40000001877,
            "position": [
              80.5012195302791,
              32.6,
              1.5031294611584771
            ]
          },
          {
            "physicsTick": 18253,
            "activeTimeMs": 304220.90000001877,
            "position": [
              80.50129807008794,
              32.6,
              1.3531294817201505
            ]
          },
          {
            "physicsTick": 18254,
            "activeTimeMs": 304244.00000002026,
            "position": [
              80.50129807008794,
              32.6,
              1.292018380889876
            ]
          },
          {
            "physicsTick": 18256,
            "activeTimeMs": 304269.2000000195,
            "position": [
              80.50129807008794,
              32.6,
              1.2114628458959937
            ]
          },
          {
            "physicsTick": 18257,
            "activeTimeMs": 304293.90000001877,
            "position": [
              80.50133733999236,
              32.6,
              1.164240633954608
            ]
          },
          {
            "physicsTick": 18258,
            "activeTimeMs": 304314.7000000195,
            "position": [
              80.50137660989678,
              32.6,
              1.1031295331243336
            ]
          },
          {
            "physicsTick": 18260,
            "activeTimeMs": 304338.50000002026,
            "position": [
              80.50145514970562,
              32.6,
              0.9531295536860069
            ]
          },
          {
            "physicsTick": 18261,
            "activeTimeMs": 304363.2000000195,
            "position": [
              80.50149441961004,
              32.6,
              0.8781295639668436
            ]
          },
          {
            "physicsTick": 18262,
            "activeTimeMs": 304379.90000001877,
            "position": [
              80.50149441961004,
              32.6,
              0.8170184631365691
            ]
          },
          {
            "physicsTick": 18264,
            "activeTimeMs": 304405.50000002026,
            "position": [
              80.50149441961004,
              32.6,
              0.7364629281426869
            ]
          },
          {
            "physicsTick": 18265,
            "activeTimeMs": 304429.90000001877,
            "position": [
              80.50153368951446,
              32.6,
              0.6892407162013013
            ]
          },
          {
            "physicsTick": 18267,
            "activeTimeMs": 304452.7000000195,
            "position": [
              80.5016122293233,
              32.6,
              0.5531296256518636
            ]
          },
          {
            "physicsTick": 18268,
            "activeTimeMs": 304477.50000002026,
            "position": [
              80.50165149922772,
              32.6,
              0.4781296359327003
            ]
          },
          {
            "physicsTick": 18269,
            "activeTimeMs": 304499.90000001877,
            "position": [
              80.50169076913214,
              32.6,
              0.403129646213537
            ]
          },
          {
            "physicsTick": 18271,
            "activeTimeMs": 304526.10000002175,
            "position": [
              80.50169076913214,
              32.6,
              0.294796333441877
            ]
          },
          {
            "physicsTick": 18272,
            "activeTimeMs": 304547.00000002026,
            "position": [
              80.50169076913214,
              32.6,
              0.26146301038938036
            ]
          },
          {
            "physicsTick": 18274,
            "activeTimeMs": 304575.2000000195,
            "position": [
              80.50169076913214,
              32.6,
              0.23646303095105373
            ]
          },
          {
            "physicsTick": 18275,
            "activeTimeMs": 304596.2000000195,
            "position": [
              80.50169076913214,
              32.6,
              0.23646303095105373
            ]
          },
          {
            "physicsTick": 18277,
            "activeTimeMs": 304622.300000021,
            "position": [
              80.5015598695051,
              32.6,
              0.22257414206216483
            ]
          },
          {
            "physicsTick": 18278,
            "activeTimeMs": 304644.300000021,
            "position": [
              80.50142896987806,
              32.6,
              0.19479636428438704
            ]
          },
          {
            "physicsTick": 18280,
            "activeTimeMs": 304666.800000021,
            "position": [
              80.50116717062399,
              32.6,
              0.09757414206216483
            ]
          },
          {
            "physicsTick": 18281,
            "activeTimeMs": 304684.40000001877,
            "position": [
              80.50103627099695,
              32.6,
              0.028129697617720384
            ]
          },
          {
            "physicsTick": 18282,
            "activeTimeMs": 304710.50000002026,
            "position": [
              80.50103627099695,
              32.6,
              -0.027425857937835176
            ]
          },
          {
            "physicsTick": 18283,
            "activeTimeMs": 304727.2000000195,
            "position": [
              80.50103627099695,
              32.6,
              -0.06909252460450184
            ]
          },
          {
            "physicsTick": 18284,
            "activeTimeMs": 304746.7000000195,
            "position": [
              80.50103627099695,
              32.6,
              -0.09687030238227962
            ]
          },
          {
            "physicsTick": 18286,
            "activeTimeMs": 304775.2000000195,
            "position": [
              80.50077447174287,
              32.6,
              -0.19409252460450183
            ]
          },
          {
            "physicsTick": 18287,
            "activeTimeMs": 304796.60000002175,
            "position": [
              80.50064357211583,
              32.6,
              -0.2635369690489463
            ]
          },
          {
            "physicsTick": 18289,
            "activeTimeMs": 304820.10000002175,
            "position": [
              80.50038177286176,
              32.6,
              -0.4135367405859408
            ]
          },
          {
            "physicsTick": 18290,
            "activeTimeMs": 304843.2000000195,
            "position": [
              80.50038177286176,
              32.6,
              -0.4746477374655492
            ]
          },
          {
            "physicsTick": 18292,
            "activeTimeMs": 304869.2000000195,
            "position": [
              80.50038177286176,
              32.6,
              -0.5552030645580993
            ]
          },
          {
            "physicsTick": 18293,
            "activeTimeMs": 304895.2000000195,
            "position": [
              80.50038177286176,
              32.6,
              -0.574647394771041
            ]
          },
          {
            "physicsTick": 18294,
            "activeTimeMs": 304916.2000000195,
            "position": [
              80.50038177286176,
              32.6,
              -0.5802028360950938
            ]
          },
          {
            "physicsTick": 18296,
            "activeTimeMs": 304942.00000002026,
            "position": [
              80.50038177286176,
              32.6,
              -0.5802028360950938
            ]
          },
          {
            "physicsTick": 18297,
            "activeTimeMs": 304963.2000000195,
            "position": [
              80.50038177286176,
              32.6,
              -0.5802028360950938
            ]
          },
          {
            "physicsTick": 18298,
            "activeTimeMs": 304979.90000001877,
            "position": [
              80.50038177286176,
              32.6,
              -0.5802028360950938
            ]
          },
          {
            "physicsTick": 18300,
            "activeTimeMs": 305002.60000002175,
            "position": [
              80.50038177286176,
              32.6,
              -0.5802028360950938
            ]
          },
          {
            "physicsTick": 18301,
            "activeTimeMs": 305022.10000002175,
            "position": [
              80.50038177286176,
              32.6,
              -0.5802028360950938
            ]
          },
          {
            "physicsTick": 18302,
            "activeTimeMs": 305043.60000002175,
            "position": [
              80.50038177286176,
              32.6,
              -0.5802028360950938
            ]
          },
          {
            "physicsTick": 18304,
            "activeTimeMs": 305068.60000002175,
            "position": [
              80.50038177286176,
              32.6,
              -0.5802028360950938
            ]
          },
          {
            "physicsTick": 18305,
            "activeTimeMs": 305094.90000001877,
            "position": [
              80.50038177286176,
              32.6,
              -0.5802028360950938
            ]
          },
          {
            "physicsTick": 18306,
            "activeTimeMs": 305115.800000021,
            "position": [
              80.50038177286176,
              32.6,
              -0.5802028360950938
            ]
          },
          {
            "physicsTick": 18308,
            "activeTimeMs": 305142.10000002175,
            "position": [
              80.50038177286176,
              32.6,
              -0.5802028360950938
            ]
          },
          {
            "physicsTick": 18309,
            "activeTimeMs": 305162.40000001877,
            "position": [
              80.50038177286176,
              32.6,
              -0.5802028360950938
            ]
          },
          {
            "physicsTick": 18310,
            "activeTimeMs": 305179.90000001877,
            "position": [
              80.50038177286176,
              32.6,
              -0.5802028360950938
            ]
          },
          {
            "physicsTick": 18311,
            "activeTimeMs": 305196.60000002175,
            "position": [
              80.50038177286176,
              32.6,
              -0.5802028360950938
            ]
          },
          {
            "physicsTick": 18313,
            "activeTimeMs": 305220.90000001877,
            "position": [
              80.50038177286176,
              32.6,
              -0.5802028360950938
            ]
          },
          {
            "physicsTick": 18314,
            "activeTimeMs": 305245.90000001877,
            "position": [
              80.50038177286176,
              32.6,
              -0.5802028360950938
            ]
          },
          {
            "physicsTick": 18316,
            "activeTimeMs": 305269.2000000195,
            "position": [
              80.50038177286176,
              32.6,
              -0.5802028360950938
            ]
          },
          {
            "physicsTick": 18317,
            "activeTimeMs": 305295.40000001877,
            "position": [
              80.50038177286176,
              32.6,
              -0.5802028360950938
            ]
          },
          {
            "physicsTick": 18318,
            "activeTimeMs": 305315.7000000195,
            "position": [
              80.50038177286176,
              32.6,
              -0.5802028360950938
            ]
          },
          {
            "physicsTick": 18320,
            "activeTimeMs": 305342.00000002026,
            "position": [
              80.50038177286176,
              32.6,
              -0.5802028360950938
            ]
          },
          {
            "physicsTick": 18321,
            "activeTimeMs": 305363.10000002175,
            "position": [
              80.50038177286176,
              32.6,
              -0.5802028360950938
            ]
          },
          {
            "physicsTick": 18322,
            "activeTimeMs": 305379.800000021,
            "position": [
              80.50038177286176,
              32.6,
              -0.5802028360950938
            ]
          },
          {
            "physicsTick": 18324,
            "activeTimeMs": 305403.60000002175,
            "position": [
              80.50038177286176,
              32.6,
              -0.5802028360950938
            ]
          },
          {
            "physicsTick": 18325,
            "activeTimeMs": 305429.60000002175,
            "position": [
              80.50038177286176,
              32.6,
              -0.5802028360950938
            ]
          },
          {
            "physicsTick": 18327,
            "activeTimeMs": 305450.60000002175,
            "position": [
              80.50038177286176,
              32.6,
              -0.5802028360950938
            ]
          },
          {
            "physicsTick": 18328,
            "activeTimeMs": 305467.60000002175,
            "position": [
              80.50038177286176,
              32.6,
              -0.5802028360950938
            ]
          },
          {
            "physicsTick": 18328,
            "activeTimeMs": 305487.300000021,
            "position": [
              80.50038177286176,
              32.6,
              -0.5802028360950938
            ]
          },
          {
            "physicsTick": 18329,
            "activeTimeMs": 305487.300000021,
            "position": [
              80.50038177286176,
              32.6,
              -0.5802028360950938
            ]
          },
          {
            "physicsTick": 18329,
            "activeTimeMs": 305489.000000024,
            "position": [
              80.50038177286176,
              32.6,
              -0.5802028360950938
            ]
          },
          {
            "physicsTick": 18330,
            "activeTimeMs": 305506.4000000225,
            "position": [
              80.50038177286176,
              32.6,
              -0.5802028360950938
            ]
          },
          {
            "physicsTick": 18331,
            "activeTimeMs": 305528.4000000225,
            "position": [
              80.50038177286176,
              32.6,
              -0.5802028360950938
            ]
          },
          {
            "physicsTick": 18332,
            "activeTimeMs": 305547.10000002175,
            "position": [
              80.50038177286176,
              32.6,
              -0.5802028360950938
            ]
          },
          {
            "physicsTick": 18334,
            "activeTimeMs": 305569.500000024,
            "position": [
              80.50038177286176,
              32.6,
              -0.5802028360950938
            ]
          },
          {
            "physicsTick": 18335,
            "activeTimeMs": 305594.20000002324,
            "position": [
              80.50038177286176,
              32.6,
              -0.5802028360950938
            ]
          },
          {
            "physicsTick": 18337,
            "activeTimeMs": 305617.70000002324,
            "position": [
              80.50038177286176,
              32.6,
              -0.5802028360950938
            ]
          },
          {
            "physicsTick": 18338,
            "activeTimeMs": 305642.20000002324,
            "position": [
              80.50038177286176,
              32.6,
              -0.5802028360950938
            ]
          },
          {
            "physicsTick": 18339,
            "activeTimeMs": 305660.10000002175,
            "position": [
              80.50038177286176,
              32.6,
              -0.5802028360950938
            ]
          },
          {
            "physicsTick": 18340,
            "activeTimeMs": 305680.60000002175,
            "position": [
              80.50038177286176,
              32.6,
              -0.5802028360950938
            ]
          },
          {
            "physicsTick": 18342,
            "activeTimeMs": 305700.4000000225,
            "position": [
              80.50038177286176,
              32.6,
              -0.5802028360950938
            ]
          },
          {
            "physicsTick": 18343,
            "activeTimeMs": 305724.500000024,
            "position": [
              80.50038177286176,
              32.6,
              -0.5802028360950938
            ]
          },
          {
            "physicsTick": 18344,
            "activeTimeMs": 305748.60000002175,
            "position": [
              80.50038177286176,
              32.6,
              -0.5802028360950938
            ]
          },
          {
            "physicsTick": 18346,
            "activeTimeMs": 305769.300000021,
            "position": [
              80.50038177286176,
              32.6,
              -0.5802028360950938
            ]
          },
          {
            "physicsTick": 18347,
            "activeTimeMs": 305796.60000002175,
            "position": [
              80.50038177286176,
              32.6,
              -0.5802028360950938
            ]
          },
          {
            "physicsTick": 18349,
            "activeTimeMs": 305820.70000002324,
            "position": [
              80.50038177286176,
              32.6,
              -0.5802028360950938
            ]
          },
          {
            "physicsTick": 18350,
            "activeTimeMs": 305843.70000002324,
            "position": [
              80.50038177286176,
              32.6,
              -0.5802028360950938
            ]
          },
          {
            "physicsTick": 18351,
            "activeTimeMs": 305866.10000002175,
            "position": [
              80.50038177286176,
              32.6,
              -0.5802028360950938
            ]
          },
          {
            "physicsTick": 18352,
            "activeTimeMs": 305883.000000024,
            "position": [
              80.50038177286176,
              32.6,
              -0.5802028360950938
            ]
          },
          {
            "physicsTick": 18354,
            "activeTimeMs": 305905.20000002324,
            "position": [
              80.50038177286176,
              32.6,
              -0.5802028360950938
            ]
          },
          {
            "physicsTick": 18355,
            "activeTimeMs": 305923.000000024,
            "position": [
              80.50038177286176,
              32.6,
              -0.5802028360950938
            ]
          },
          {
            "physicsTick": 18355,
            "activeTimeMs": 305923.000000024,
            "position": [
              80.50038177286176,
              32.6,
              -0.5802028360950938
            ]
          },
          {
            "physicsTick": 18355,
            "activeTimeMs": 305926.20000002324,
            "position": [
              80.50038177286176,
              32.6,
              -0.5802028360950938
            ]
          },
          {
            "physicsTick": 18357,
            "activeTimeMs": 305951.000000024,
            "position": [
              80.50038177286176,
              32.6,
              -0.5802028360950938
            ]
          },
          {
            "physicsTick": 18358,
            "activeTimeMs": 305974.000000024,
            "position": [
              80.50038177286176,
              32.6,
              -0.5802028360950938
            ]
          },
          {
            "physicsTick": 18360,
            "activeTimeMs": 306001.70000002324,
            "position": [
              80.50038177286176,
              32.6,
              -0.5802028360950938
            ]
          },
          {
            "physicsTick": 18361,
            "activeTimeMs": 306021.9000000262,
            "position": [
              80.50038177286176,
              32.6,
              -0.5802028360950938
            ]
          },
          {
            "physicsTick": 18362,
            "activeTimeMs": 306047.1000000255,
            "position": [
              80.50038177286176,
              32.6,
              -0.5802028360950938
            ]
          },
          {
            "physicsTick": 18363,
            "activeTimeMs": 306064.1000000255,
            "position": [
              80.50038177286176,
              32.6,
              -0.5802028360950938
            ]
          },
          {
            "physicsTick": 18365,
            "activeTimeMs": 306086.000000024,
            "position": [
              80.50038177286176,
              32.6,
              -0.5802028360950938
            ]
          },
          {
            "physicsTick": 18366,
            "activeTimeMs": 306103.000000024,
            "position": [
              80.50038177286176,
              32.6,
              -0.5802028360950938
            ]
          },
          {
            "physicsTick": 18367,
            "activeTimeMs": 306120.1000000255,
            "position": [
              80.50038177286176,
              32.6,
              -0.5802028360950938
            ]
          },
          {
            "physicsTick": 18368,
            "activeTimeMs": 306137.4000000262,
            "position": [
              80.50038177286176,
              32.6,
              -0.5802028360950938
            ]
          },
          {
            "physicsTick": 18369,
            "activeTimeMs": 306157.70000002324,
            "position": [
              80.50038177286176,
              32.6,
              -0.5802028360950938
            ]
          },
          {
            "physicsTick": 18370,
            "activeTimeMs": 306175.000000024,
            "position": [
              80.50038177286176,
              32.6,
              -0.5802028360950938
            ]
          },
          {
            "physicsTick": 18371,
            "activeTimeMs": 306192.1000000255,
            "position": [
              80.50038177286176,
              32.6,
              -0.5802028360950938
            ]
          },
          {
            "physicsTick": 18372,
            "activeTimeMs": 306214.8000000247,
            "position": [
              80.50038177286176,
              32.6,
              -0.5802028360950938
            ]
          },
          {
            "physicsTick": 18373,
            "activeTimeMs": 306233.20000002324,
            "position": [
              80.50038177286176,
              32.6,
              -0.5802028360950938
            ]
          },
          {
            "physicsTick": 18374,
            "activeTimeMs": 306241.000000024,
            "position": [
              80.50038177286176,
              32.6,
              -0.5802028360950938
            ]
          }
        ],
        "generatorVersion": 11,
        "renderPipeline": {
          "drawUnit": "chunk-render-category",
          "batchMode": "category",
          "vertexLayout": "float16-uv-uint16-index",
          "shaderMode": "voxel-array-chunks",
          "backend": "webgl2"
        },
        "experiments": {
          "requested": {
            "renderer": "webgl2",
            "wasm": true,
            "simd": true
          },
          "kernels": [
            "w02",
            "w03",
            "w04",
            "w05",
            "w06"
          ],
          "renderer": {
            "requestedRenderer": "webgl2",
            "effectiveRenderer": "webgl2",
            "rendererStatus": "matched"
          },
          "workers": [
            {
              "epoch": "seedlands:classic-canonical-runtime-v11:1",
              "lane": "fluid",
              "index": 0,
              "status": "off",
              "requestedArtifact": "simd",
              "effectiveArtifact": "off",
              "selected": [],
              "reason": "no-selected-kernel"
            },
            {
              "epoch": "seedlands:classic-canonical-runtime-v11:1",
              "lane": "general",
              "index": 1,
              "status": "matched",
              "requestedArtifact": "simd",
              "effectiveArtifact": "simd",
              "selected": [
                "w02",
                "w03",
                "w04",
                "w05",
                "w06"
              ],
              "artifactSha256": "c1a763778c4eb4873772cf480c758f8b18cbc77beee80c933dda6b2fd19e4b2c"
            }
          ]
        },
        "serverRevision": 1,
        "voxelAtOrigin": 42,
        "serverPlayerPosition": [
          80.50038177286176,
          32.6,
          -0.5802028360950938
        ],
        "serverPlayerVelocity": [
          0,
          0,
          0
        ],
        "prediction": {
          "pendingFrames": 0,
          "lastResetReason": "authority-resync",
          "resetCounts": {
            "input-interrupted": 159,
            "authority-resync": 998,
            "collision-history-missing": 130,
            "movement-mode-changed": 26
          },
          "presentationOffset": {
            "x": 0,
            "y": 0,
            "z": 0
          }
        },
        "serverWorldTime": 0.1399999999864221,
        "performance": {
          "scenarioId": "default",
          "frame": {
            "count": 1200,
            "p50Ms": 16.700000002980232,
            "p95Ms": 26.399999998509884,
            "p99Ms": 31.800000000745058,
            "maxMs": 142.89999999850988,
            "longFrameCount": 8,
            "lastLongFrameMs": 34.900000002235174
          },
          "chunkVisible": {
            "count": 164,
            "p50Ms": 956.3999999985099,
            "p95Ms": 14959.699999999255,
            "p99Ms": 16925.5,
            "maxMs": 17192.400000002235
          },
          "completedChunkTraces": 164,
          "traceEventCount": 2025,
          "maxMeshCommitsInFrame": 1,
          "maxMeshPartsInFrame": 2,
          "visibleAfterPostrender": true,
          "incidents": 32,
          "droppedEvents": 6121,
          "uploadQueueDepth": 0,
          "estimatedMeshBytes": 7767760
        },
        "compute": {
          "workerCount": 2,
          "fluidWorkerCount": 1,
          "generalWorkerCount": 1,
          "running": 0,
          "queued": 0,
          "queuedBytes": 0,
          "cancellationRequests": 0,
          "staleResults": 0,
          "failedTasks": 0,
          "completedTasks": 311,
          "submittedTasks": 311,
          "submittedBytes": 134381568,
          "maxQueued": 1,
          "maxQueuedBytes": 0,
          "workerTaskDuration": {
            "fluid": {
              "count": 128,
              "capacity": 256,
              "samplesMs": [
                1,
                0.5999999977648258,
                0.5,
                0.5,
                0.30000000074505806,
                0.30000000074505806,
                0.19999999925494194,
                0.10000000149011612,
                0.10000000149011612,
                0.19999999925494194,
                0.19999999925494194,
                0.19999999925494194,
                0.10000000149011612,
                0.20000000298023224,
                0.30000000074505806,
                0.5,
                0.30000000074505806,
                0.3999999985098839,
                0.4000000022351742,
                0.30000000074505806,
                0.30000000074505806,
                0.4000000022351742,
                0.30000000074505806,
                0.30000000074505806,
                0.19999999925494194,
                0.09999999776482582,
                0.29999999701976776,
                0.30000000074505806,
                0.10000000149011612,
                0.09999999776482582,
                0.10000000149011612,
                0,
                0,
                0,
                0.10000000149011612,
                0.09999999776482582,
                0.20000000298023224,
                0.30000000074505806,
                0.30000000074505806,
                0.10000000149011612,
                0.10000000149011612,
                0.10000000149011612,
                0.09999999776482582,
                0.10000000149011612,
                0.10000000149011612,
                0.19999999925494194,
                0.09999999776482582,
                0.20000000298023224,
                0.19999999925494194,
                0.10000000149011612,
                0.09999999776482582,
                0.10000000149011612,
                0.09999999776482582,
                0.19999999925494194,
                0.19999999925494194,
                0.10000000149011612,
                0.10000000149011612,
                0.19999999925494194,
                0.09999999776482582,
                0.09999999776482582,
                0,
                0.10000000149011612,
                0.19999999925494194,
                0.09999999776482582,
                0.09999999776482582,
                0.19999999925494194,
                0.10000000149011612,
                0.09999999776482582,
                0,
                0.19999999925494194,
                0.09999999776482582,
                0.19999999925494194,
                0.09999999776482582,
                0.19999999925494194,
                0.19999999925494194,
                0.10000000149011612,
                0.19999999925494194,
                0.19999999925494194,
                0.09999999776482582,
                0.10000000149011612,
                0.09999999776482582,
                0,
                0.09999999776482582,
                0.09999999776482582,
                0.09999999776482582,
                0.09999999776482582,
                0.19999999925494194,
                0.20000000298023224,
                0.19999999925494194,
                0.30000000074505806,
                0.10000000149011612,
                0.09999999776482582,
                0.30000000074505806,
                0.19999999925494194,
                0.19999999925494194,
                0.30000000074505806,
                0.20000000298023224,
                0.30000000074505806,
                0.5,
                0.20000000298023224,
                0.30000000074505806,
                0.30000000074505806,
                0.30000000074505806,
                0.30000000074505806,
                0.19999999925494194,
                0.30000000074505806,
                0.30000000074505806,
                0.19999999925494194,
                0.30000000074505806,
                0.19999999925494194,
                0.19999999925494194,
                0.30000000074505806,
                0.19999999925494194,
                0.30000000074505806,
                0.10000000149011612,
                0.19999999925494194,
                0.30000000074505806,
                0.19999999925494194,
                0.19999999925494194,
                0.09999999776482582,
                0.19999999925494194,
                0.19999999925494194,
                0.19999999925494194,
                0.19999999925494194,
                0,
                0,
                0,
                0
              ]
            },
            "general": {
              "count": 183,
              "capacity": 256,
              "samplesMs": [
                1543.4000000022352,
                318.80000000074506,
                231.60000000149012,
                41.19999999925494,
                41.400000002235174,
                43.599999997764826,
                42.900000002235174,
                44.70000000298023,
                47.100000001490116,
                48.5,
                41.20000000298023,
                42.899999998509884,
                42.400000002235174,
                44,
                42.80000000074506,
                45.5,
                49.79999999701977,
                85.5,
                85.5,
                93.10000000149012,
                96.19999999925494,
                99.5,
                98,
                98.10000000149012,
                87.59999999776483,
                88.19999999925494,
                95.80000000074506,
                97.5,
                98,
                99.10000000149012,
                100.59999999776483,
                327.30000000074506,
                334.80000000074506,
                278.5,
                41.79999999701977,
                277.8999999985099,
                277.4000000022352,
                275.1000000014901,
                316.1000000014901,
                229.60000000149012,
                251.39999999850988,
                221.39999999850988,
                231.09999999776483,
                271.19999999925494,
                268.19999999925494,
                316.69999999925494,
                321.80000000074506,
                230,
                224,
                236.39999999850988,
                257,
                283.6000000014901,
                234,
                266.3999999985099,
                322.19999999925494,
                225.40000000223517,
                229.69999999925494,
                280.69999999925494,
                269.80000000074506,
                233.59999999776483,
                216.5,
                274,
                269.70000000298023,
                222.19999999925494,
                218.30000000074506,
                272,
                270.1000000014901,
                222.10000000149012,
                244.39999999850988,
                273.4000000022352,
                267.19999999925494,
                220.39999999850988,
                222.19999999925494,
                271.0999999977648,
                268.5,
                220.40000000223517,
                221.19999999925494,
                274.1000000014901,
                266.9000000022352,
                221.30000000074506,
                221.90000000223517,
                266.30000000074506,
                261.0999999977648,
                269,
                321,
                231.10000000149012,
                239.60000000149012,
                274.5999999977648,
                269.5,
                223.10000000149012,
                222.5,
                267.80000000074506,
                261.0999999977648,
                217.5,
                221.10000000149012,
                270.8999999985099,
                238.5,
                261.4000000022352,
                220.30000000074506,
                268.3999999985099,
                276.5999999977648,
                223.19999999925494,
                271.30000000074506,
                229.5,
                248.09999999776483,
                265.30000000074506,
                272.19999999925494,
                275.5999999977648,
                223.69999999925494,
                224.30000000074506,
                228.30000000074506,
                270.5,
                227.80000000074506,
                264.80000000074506,
                268.4000000022352,
                274.30000000074506,
                271.80000000074506,
                291.5999999977648,
                271.4000000022352,
                275.80000000074506,
                269.8999999985099,
                264.8999999985099,
                266.80000000074506,
                279.5999999977648,
                270.1000000014901,
                263.0999999977648,
                268,
                258.9000000022352,
                125.30000000074506,
                263.0999999977648,
                221,
                275.19999999925494,
                149.09999999776483,
                265.69999999925494,
                220.69999999925494,
                268.4000000022352,
                126.20000000298023,
                276.29999999701977,
                240.19999999925494,
                265.80000000074506,
                125,
                263.5,
                216.5,
                259.3999999985099,
                125.30000000074506,
                320.5999999977648,
                233.30000000074506,
                316.6000000014901,
                325.6000000014901,
                227.69999999925494,
                240.10000000149012,
                285.80000000074506,
                225.69999999925494,
                268.1000000014901,
                141,
                264.9000000022352,
                130.89999999850988,
                261,
                125.10000000149012,
                265.5,
                127.5,
                279.6000000014901,
                148.90000000223517,
                277.30000000074506,
                131.80000000074506,
                264.5,
                128.5,
                263.9000000022352,
                152,
                284.3999999985099,
                237,
                341.3999999985099,
                278,
                246.59999999776483,
                242.09999999776483,
                273.19999999925494,
                265.5,
                126.19999999925494,
                224.69999999925494,
                271.5999999977648,
                225.30000000074506,
                280.80000000074506,
                146.30000000074506
              ]
            }
          },
          "workerKernelStates": [
            {
              "epoch": "seedlands:classic-canonical-runtime-v11:1",
              "lane": "fluid",
              "index": 0,
              "status": "off",
              "requestedArtifact": "simd",
              "effectiveArtifact": "off",
              "selected": [],
              "reason": "no-selected-kernel"
            },
            {
              "epoch": "seedlands:classic-canonical-runtime-v11:1",
              "lane": "general",
              "index": 1,
              "status": "matched",
              "requestedArtifact": "simd",
              "effectiveArtifact": "simd",
              "selected": [
                "w02",
                "w03",
                "w04",
                "w05",
                "w06"
              ],
              "artifactSha256": "c1a763778c4eb4873772cf480c758f8b18cbc77beee80c933dda6b2fd19e4b2c"
            }
          ],
          "workerActivity": [
            {
              "lane": "fluid",
              "index": 0,
              "status": "idle",
              "taskId": null,
              "taskCategory": null,
              "taskAgeMs": null,
              "sampledAtMs": 93520.5,
              "completedTasks": 128,
              "lastTaskDurationMs": 0,
              "kernel": null
            },
            {
              "lane": "general",
              "index": 1,
              "status": "idle",
              "taskId": null,
              "taskCategory": null,
              "taskAgeMs": null,
              "sampledAtMs": 283766.80000000075,
              "completedTasks": 183,
              "lastTaskDurationMs": 146.30000000074506,
              "kernel": {
                "calls": 3244,
                "failures": 0,
                "memoryBytes": 18874368,
                "durationMs": 16.200000032782555,
                "failed": false
              }
            }
          ]
        },
        "fluidFeedback": {
          "count": 0,
          "pending": false,
          "pendingSample": null,
          "p50Ms": 0,
          "p95Ms": 0,
          "p99Ms": 0,
          "maxMs": 0,
          "samples": []
        },
        "waterTransitions": {
          "activeCount": 0,
          "active": [],
          "recent": [
            {
              "chunkKey": "2,0,0",
              "targetRevision": 5,
              "traceId": "trace-66",
              "geometry": {
                "mode": "surface-morph",
                "patchCount": 46,
                "retainedPatchCount": 0,
                "addedPatchCount": 46,
                "removedPatchCount": 0,
                "visibleWaterMeshCount": 1,
                "opacityCrossfade": false
              },
              "progress": 1,
              "frameCount": 9,
              "completed": true,
              "superseded": false,
              "progressSamples": [
                0,
                0.14444444444444443,
                0.2894444444320268,
                0.4461111111152503,
                0.5899999999958608,
                0.7338888888764713,
                0.8683333333374725,
                1,
                1
              ]
            },
            {
              "chunkKey": "2,0,-1",
              "targetRevision": 10,
              "traceId": "trace-76",
              "geometry": {
                "mode": "surface-morph",
                "patchCount": 124,
                "retainedPatchCount": 0,
                "addedPatchCount": 124,
                "removedPatchCount": 0,
                "visibleWaterMeshCount": 1,
                "opacityCrossfade": false
              },
              "progress": 1,
              "frameCount": 9,
              "completed": true,
              "superseded": false,
              "progressSamples": [
                0,
                0.18055555555555555,
                0.33222222222636144,
                0.46999999998758235,
                0.6138888888888889,
                0.7644444444320269,
                0.9044444444485836,
                1,
                1
              ]
            },
            {
              "chunkKey": "2,1,-1",
              "targetRevision": 0,
              "traceId": "trace-69",
              "geometry": {
                "mode": "surface-morph",
                "patchCount": 24,
                "retainedPatchCount": 0,
                "addedPatchCount": 24,
                "removedPatchCount": 0,
                "visibleWaterMeshCount": 1,
                "opacityCrossfade": false
              },
              "progress": 1,
              "frameCount": 9,
              "completed": true,
              "superseded": false,
              "progressSamples": [
                0,
                0.1527777777777778,
                0.2899999999958608,
                0.42722222223463985,
                0.5655555555596947,
                0.7022222222346398,
                0.8616666666749451,
                1,
                1
              ]
            },
            {
              "chunkKey": "2,0,0",
              "targetRevision": 24,
              "traceId": "trace-78",
              "geometry": {
                "mode": "surface-morph",
                "patchCount": 753,
                "retainedPatchCount": 45,
                "addedPatchCount": 707,
                "removedPatchCount": 1,
                "visibleWaterMeshCount": 1,
                "opacityCrossfade": false
              },
              "progress": 1,
              "frameCount": 10,
              "completed": true,
              "superseded": false,
              "progressSamples": [
                0,
                0.14666666665838823,
                0.2899999999958608,
                0.43166666666252745,
                0.5677777777736386,
                0.7011111111069719,
                0.8450000000082785,
                0.9905555555596948,
                1,
                1
              ]
            },
            {
              "chunkKey": "1,0,0",
              "targetRevision": 34,
              "traceId": "trace-80",
              "geometry": {
                "mode": "surface-morph",
                "patchCount": 224,
                "retainedPatchCount": 0,
                "addedPatchCount": 224,
                "removedPatchCount": 0,
                "visibleWaterMeshCount": 1,
                "opacityCrossfade": false
              },
              "progress": 1,
              "frameCount": 10,
              "completed": true,
              "superseded": false,
              "progressSamples": [
                0,
                0.14333333333747256,
                0.2738888888930281,
                0.4100000000041392,
                0.5411111111028327,
                0.6672222222098045,
                0.7927777777736386,
                0.9383333333250549,
                1,
                1
              ]
            },
            {
              "chunkKey": "1,1,0",
              "targetRevision": 0,
              "traceId": "trace-72",
              "geometry": {
                "mode": "surface-morph",
                "patchCount": 9,
                "retainedPatchCount": 0,
                "addedPatchCount": 9,
                "removedPatchCount": 0,
                "visibleWaterMeshCount": 1,
                "opacityCrossfade": false
              },
              "progress": 1,
              "frameCount": 10,
              "completed": true,
              "superseded": false,
              "progressSamples": [
                0,
                0.14833333332919413,
                0.287777777781917,
                0.4227777777860562,
                0.5533333333416117,
                0.6850000000041392,
                0.8116666666749451,
                0.9583333333333334,
                1,
                1
              ]
            },
            {
              "chunkKey": "1,0,-1",
              "targetRevision": 8,
              "traceId": "trace-73",
              "geometry": {
                "mode": "surface-morph",
                "patchCount": 78,
                "retainedPatchCount": 0,
                "addedPatchCount": 78,
                "removedPatchCount": 0,
                "visibleWaterMeshCount": 1,
                "opacityCrossfade": false
              },
              "progress": 1,
              "frameCount": 10,
              "completed": true,
              "superseded": false,
              "progressSamples": [
                0,
                0.14444444444444443,
                0.2761111111069719,
                0.41166666665424906,
                0.5577777777694993,
                0.6855555555472771,
                0.8138888888888889,
                0.948888888872332,
                1,
                1
              ]
            },
            {
              "chunkKey": "2,0,-1",
              "targetRevision": 35,
              "traceId": "trace-77",
              "geometry": {
                "mode": "surface-morph",
                "patchCount": 580,
                "retainedPatchCount": 110,
                "addedPatchCount": 456,
                "removedPatchCount": 14,
                "visibleWaterMeshCount": 1,
                "opacityCrossfade": false
              },
              "progress": 1,
              "frameCount": 9,
              "completed": true,
              "superseded": false,
              "progressSamples": [
                0,
                0.1527777777777778,
                0.29444444444444445,
                0.44555555555141635,
                0.587777777781917,
                0.7344444444403052,
                0.8700000000082784,
                1,
                1
              ]
            },
            {
              "chunkKey": "2,0,0",
              "targetRevision": 40,
              "traceId": "trace-79",
              "geometry": {
                "mode": "surface-morph",
                "patchCount": 912,
                "retainedPatchCount": 573,
                "addedPatchCount": 160,
                "removedPatchCount": 179,
                "visibleWaterMeshCount": 1,
                "opacityCrossfade": false
              },
              "progress": 1,
              "frameCount": 9,
              "completed": true,
              "superseded": false,
              "progressSamples": [
                0,
                0.14222222223050066,
                0.2816666666832235,
                0.42111111111525035,
                0.5772222222346398,
                0.7222222222222222,
                0.8666666666666667,
                1,
                1
              ]
            },
            {
              "chunkKey": "1,0,0",
              "targetRevision": 44,
              "traceId": "trace-90",
              "geometry": {
                "mode": "surface-morph",
                "patchCount": 237,
                "retainedPatchCount": 185,
                "addedPatchCount": 13,
                "removedPatchCount": 39,
                "visibleWaterMeshCount": 1,
                "opacityCrossfade": false
              },
              "progress": 1,
              "frameCount": 10,
              "completed": true,
              "superseded": false,
              "progressSamples": [
                0,
                0.14388888888061047,
                0.2761111111069719,
                0.4205555555514163,
                0.5566666666625275,
                0.7088888888764713,
                0.8477777777653601,
                0.9894444444320268,
                1,
                1
              ]
            },
            {
              "chunkKey": "2,1,-1",
              "targetRevision": 0,
              "traceId": "trace-84",
              "geometry": {
                "mode": "surface-morph",
                "patchCount": 24,
                "retainedPatchCount": 0,
                "addedPatchCount": 0,
                "removedPatchCount": 24,
                "visibleWaterMeshCount": 1,
                "opacityCrossfade": false
              },
              "progress": 1,
              "frameCount": 9,
              "completed": true,
              "superseded": false,
              "progressSamples": [
                0,
                0.1488888888930281,
                0.2933333333374725,
                0.42999999999172156,
                0.5777777777777777,
                0.7283333333209157,
                0.8677777777736385,
                1,
                1
              ]
            },
            {
              "chunkKey": "1,1,0",
              "targetRevision": 0,
              "traceId": "trace-85",
              "geometry": {
                "mode": "surface-morph",
                "patchCount": 9,
                "retainedPatchCount": 0,
                "addedPatchCount": 0,
                "removedPatchCount": 9,
                "visibleWaterMeshCount": 1,
                "opacityCrossfade": false
              },
              "progress": 1,
              "frameCount": 9,
              "completed": true,
              "superseded": false,
              "progressSamples": [
                0,
                0.1477777777860562,
                0.3072222222263614,
                0.46500000001655684,
                0.6116666666749451,
                0.7511111111276679,
                0.8944444444444445,
                1,
                1
              ]
            },
            {
              "chunkKey": "1,0,-1",
              "targetRevision": 8,
              "traceId": "trace-87",
              "geometry": {
                "mode": "surface-morph",
                "patchCount": 78,
                "retainedPatchCount": 76,
                "addedPatchCount": 0,
                "removedPatchCount": 2,
                "visibleWaterMeshCount": 1,
                "opacityCrossfade": false
              },
              "progress": 1,
              "frameCount": 10,
              "completed": true,
              "superseded": false,
              "progressSamples": [
                0,
                0.14166666666666666,
                0.2794444444278876,
                0.4188888888806105,
                0.5522222222139438,
                0.6977777777653601,
                0.8322222222056653,
                0.9916666666666667,
                1,
                1
              ]
            },
            {
              "chunkKey": "2,0,-1",
              "targetRevision": 75,
              "traceId": "trace-86",
              "geometry": {
                "mode": "surface-morph",
                "patchCount": 573,
                "retainedPatchCount": 413,
                "addedPatchCount": 7,
                "removedPatchCount": 153,
                "visibleWaterMeshCount": 1,
                "opacityCrossfade": false
              },
              "progress": 1,
              "frameCount": 9,
              "completed": true,
              "superseded": false,
              "progressSamples": [
                0,
                0.14944444445686209,
                0.3055555555555556,
                0.450555555563834,
                0.5950000000082785,
                0.737777777781917,
                0.8922222222305006,
                1,
                1
              ]
            },
            {
              "chunkKey": "2,0,0",
              "targetRevision": 80,
              "traceId": "trace-94",
              "geometry": {
                "mode": "surface-morph",
                "patchCount": 752,
                "retainedPatchCount": 544,
                "addedPatchCount": 19,
                "removedPatchCount": 189,
                "visibleWaterMeshCount": 1,
                "opacityCrossfade": false
              },
              "progress": 1,
              "frameCount": 9,
              "completed": true,
              "superseded": false,
              "progressSamples": [
                0,
                0.14333333333747256,
                0.2833333333333333,
                0.424444444436166,
                0.5766666666708059,
                0.7155555555596947,
                0.8572222222263615,
                1,
                1
              ]
            },
            {
              "chunkKey": "1,0,0",
              "targetRevision": 82,
              "traceId": "trace-91",
              "geometry": {
                "mode": "surface-morph",
                "patchCount": 200,
                "retainedPatchCount": 173,
                "addedPatchCount": 2,
                "removedPatchCount": 25,
                "visibleWaterMeshCount": 1,
                "opacityCrossfade": false
              },
              "progress": 1,
              "frameCount": 9,
              "completed": true,
              "superseded": false,
              "progressSamples": [
                0,
                0.14166666666666666,
                0.2955555555721124,
                0.4344444444610013,
                0.5794444444485837,
                0.7166666666666667,
                0.8616666666749451,
                1,
                1
              ]
            },
            {
              "chunkKey": "1,0,-1",
              "targetRevision": 13,
              "traceId": "trace-92",
              "geometry": {
                "mode": "surface-morph",
                "patchCount": 76,
                "retainedPatchCount": 57,
                "addedPatchCount": 0,
                "removedPatchCount": 19,
                "visibleWaterMeshCount": 1,
                "opacityCrossfade": false
              },
              "progress": 1,
              "frameCount": 9,
              "completed": true,
              "superseded": false,
              "progressSamples": [
                0,
                0.1361111111111111,
                0.3038888888847497,
                0.4466666666583882,
                0.598888888893028,
                0.7383333333250549,
                0.8799999999917216,
                1,
                1
              ]
            },
            {
              "chunkKey": "2,0,-1",
              "targetRevision": 96,
              "traceId": "trace-98",
              "geometry": {
                "mode": "surface-morph",
                "patchCount": 437,
                "retainedPatchCount": 315,
                "addedPatchCount": 17,
                "removedPatchCount": 105,
                "visibleWaterMeshCount": 1,
                "opacityCrossfade": false
              },
              "progress": 1,
              "frameCount": 9,
              "completed": true,
              "superseded": false,
              "progressSamples": [
                0,
                0.1350000000041392,
                0.27833333334161175,
                0.4133333333250549,
                0.5516666666708059,
                0.6916666666666667,
                0.9055555555555556,
                1,
                1
              ]
            },
            {
              "chunkKey": "2,0,0",
              "targetRevision": 102,
              "traceId": "trace-95",
              "geometry": {
                "mode": "surface-morph",
                "patchCount": 596,
                "retainedPatchCount": 415,
                "addedPatchCount": 33,
                "removedPatchCount": 148,
                "visibleWaterMeshCount": 1,
                "opacityCrossfade": false
              },
              "progress": 1,
              "frameCount": 9,
              "completed": true,
              "superseded": false,
              "progressSamples": [
                0,
                0.1838888888971673,
                0.3611111111111111,
                0.5088888888971673,
                0.6450000000082784,
                0.8083333333333333,
                0.9455555555514163,
                1,
                1
              ]
            },
            {
              "chunkKey": "1,0,0",
              "targetRevision": 101,
              "traceId": "trace-101",
              "geometry": {
                "mode": "surface-morph",
                "patchCount": 183,
                "retainedPatchCount": 164,
                "addedPatchCount": 8,
                "removedPatchCount": 11,
                "visibleWaterMeshCount": 1,
                "opacityCrossfade": false
              },
              "progress": 1,
              "frameCount": 10,
              "completed": true,
              "superseded": false,
              "progressSamples": [
                0,
                0.13444444444030523,
                0.27833333334161175,
                0.4355555555679732,
                0.5638888888888889,
                0.7022222222346398,
                0.8461111111152503,
                0.9788888888847497,
                1,
                1
              ]
            },
            {
              "chunkKey": "1,0,-1",
              "targetRevision": 21,
              "traceId": "trace-103",
              "geometry": {
                "mode": "surface-morph",
                "patchCount": 60,
                "retainedPatchCount": 22,
                "addedPatchCount": 3,
                "removedPatchCount": 35,
                "visibleWaterMeshCount": 1,
                "opacityCrossfade": false
              },
              "progress": 1,
              "frameCount": 9,
              "completed": true,
              "superseded": false,
              "progressSamples": [
                0,
                0.15444444444858366,
                0.29666666665838826,
                0.44166666666666665,
                0.6061111110986934,
                0.7411111111028327,
                0.9055555555555556,
                1,
                1
              ]
            },
            {
              "chunkKey": "2,0,-1",
              "targetRevision": 115,
              "traceId": "trace-105",
              "geometry": {
                "mode": "surface-morph",
                "patchCount": 333,
                "retainedPatchCount": 93,
                "addedPatchCount": 1,
                "removedPatchCount": 239,
                "visibleWaterMeshCount": 1,
                "opacityCrossfade": false
              },
              "progress": 1,
              "frameCount": 10,
              "completed": true,
              "superseded": false,
              "progressSamples": [
                0,
                0.13277777776949937,
                0.2777777777777778,
                0.40888888887647123,
                0.5438888888806105,
                0.6711111111152503,
                0.7977777777653602,
                0.9338888888764713,
                1,
                1
              ]
            },
            {
              "chunkKey": "2,0,0",
              "targetRevision": 121,
              "traceId": "trace-107",
              "geometry": {
                "mode": "surface-morph",
                "patchCount": 448,
                "retainedPatchCount": 50,
                "addedPatchCount": 0,
                "removedPatchCount": 398,
                "visibleWaterMeshCount": 1,
                "opacityCrossfade": false
              },
              "progress": 1,
              "frameCount": 5,
              "completed": true,
              "superseded": false,
              "progressSamples": [
                0,
                0.6894444444320268,
                0.9866666666542491,
                1,
                1
              ]
            },
            {
              "chunkKey": "1,0,0",
              "targetRevision": 111,
              "traceId": "trace-102",
              "geometry": {
                "mode": "surface-morph",
                "patchCount": 172,
                "retainedPatchCount": 0,
                "addedPatchCount": 0,
                "removedPatchCount": 172,
                "visibleWaterMeshCount": 1,
                "opacityCrossfade": false
              },
              "progress": 1,
              "frameCount": 10,
              "completed": true,
              "superseded": false,
              "progressSamples": [
                0,
                0.17666666667080588,
                0.312777777781917,
                0.4527777777777778,
                0.5961111111152503,
                0.7366666666749451,
                0.862222222218083,
                0.9922222222305006,
                1,
                1
              ]
            },
            {
              "chunkKey": "1,0,-1",
              "targetRevision": 24,
              "traceId": "trace-104",
              "geometry": {
                "mode": "surface-morph",
                "patchCount": 25,
                "retainedPatchCount": 0,
                "addedPatchCount": 0,
                "removedPatchCount": 25,
                "visibleWaterMeshCount": 1,
                "opacityCrossfade": false
              },
              "progress": 1,
              "frameCount": 10,
              "completed": true,
              "superseded": false,
              "progressSamples": [
                0,
                0.14499999998758237,
                0.2766666666501098,
                0.41388888888888886,
                0.5833333333333334,
                0.7233333333291941,
                0.862222222218083,
                0.9961111110945543,
                1,
                1
              ]
            },
            {
              "chunkKey": "2,0,-1",
              "targetRevision": 120,
              "traceId": "trace-106",
              "geometry": {
                "mode": "surface-morph",
                "patchCount": 94,
                "retainedPatchCount": 0,
                "addedPatchCount": 0,
                "removedPatchCount": 94,
                "visibleWaterMeshCount": 1,
                "opacityCrossfade": false
              },
              "progress": 1,
              "frameCount": 10,
              "completed": true,
              "superseded": false,
              "progressSamples": [
                0,
                0.14388888888061047,
                0.26444444445272286,
                0.399444444436166,
                0.5322222222263614,
                0.6816666666625275,
                0.8238888888930281,
                0.9516666666708059,
                1,
                1
              ]
            },
            {
              "chunkKey": "2,0,0",
              "targetRevision": 123,
              "traceId": "trace-108",
              "geometry": {
                "mode": "surface-morph",
                "patchCount": 50,
                "retainedPatchCount": 0,
                "addedPatchCount": 0,
                "removedPatchCount": 50,
                "visibleWaterMeshCount": 1,
                "opacityCrossfade": false
              },
              "progress": 1,
              "frameCount": 10,
              "completed": true,
              "superseded": false,
              "progressSamples": [
                0,
                0.1399999999958608,
                0.275,
                0.40388888888474966,
                0.536666666654249,
                0.6733333333291941,
                0.7927777777736386,
                0.9205555555514163,
                1,
                1
              ]
            }
          ]
        },
        "ui": {
          "runtime": "svelte5",
          "shellPublishCount": 146,
          "hudPublishCount": 411,
          "interactionPublishCount": 802,
          "debugProjectionCount": 767,
          "debugPublishCount": 769,
          "staleUpdateCount": 0,
          "coalescedUpdateCount": 40521,
          "domCommitCount": 1917,
          "projectionDurationMs": 1855.9999999701977,
          "publishDurationMs": 34.50000000745058,
          "domCommitDurationMs": 2006.6000000089407,
          "debugProjectionRate": 2.6613435157843695,
          "totalPublishRate": 7.3647898338764834
        },
        "gameplay": {
          "entityCount": 10,
          "worldItemCount": 0,
          "creatureCount": 9,
          "npcCount": 0,
          "nearbyVisitedBucketCount": 27,
          "nearbyCandidateCount": 3,
          "nearbyReturnedCount": 2,
          "inventoryOperationCount": 37,
          "gameplayEventCount": 5720,
          "snapshotBytes": 62017,
          "retainedActorCount": 9,
          "activeActorCount": 7,
          "behaviorEvaluationCount": 0,
          "navigationPlanCount": 0,
          "navigationExpandedNodeCount": 0,
          "pathRecomputeCount": 0,
          "actionCompletionCount": 12,
          "actionFailureCount": 0,
          "actionInterruptionCount": 0,
          "perceptionLineOfSightCheckCount": 0,
          "simulationTime": 306.2,
          "presentedEntityCount": 9
        },
        "breakingOverlay": null,
        "viewmodel": {
          "isolatedLayer": true
        },
        "visualEffects": {
          "activeLocalLights": 0,
          "shadowedLocalLights": 0,
          "localLightLimit": 0,
          "localShadowLimit": 0,
          "sunShadows": false,
          "sunShadowResolution": 0,
          "reflectionEnabled": false,
          "reflectionActive": false,
          "reflectionResolution": 0,
          "reflectionFrameInterval": 0,
          "reflectionRenderCount": 0,
          "waterPlaneY": null,
          "postProcessing": false,
          "shadowUpdateCount": 0,
          "shadowStableFrameCount": 10499,
          "blockLightReady": true,
          "blockLightSourceRevision": 158,
          "blockLightRebuildCount": 2131
        },
        "water": {
          "bodyFraction": 0,
          "wading": false,
          "swimming": false,
          "cameraSubmerged": false,
          "cameraDepth": null,
          "waterSurfaceY": null,
          "underwaterBlend": 0
        }
      },
      "restoreEvidence": {
        "before": {
          "v2Equipment": {
            "phase": "resources-placed",
            "steps": [
              {
                "step": "resources-placed",
                "snapshot": {
                  "runtimeEpoch": "seedlands:classic-canonical-runtime-v11:1",
                  "gameplayRevision": 84786,
                  "actor": {
                    "entityId": "player-1",
                    "epoch": 1,
                    "lifetime": 1
                  },
                  "inventoryRevision": 36,
                  "slots": [
                    null,
                    null,
                    {
                      "itemId": "stick",
                      "count": 3
                    },
                    null,
                    {
                      "itemId": "wood-sword",
                      "count": 1
                    },
                    null,
                    null,
                    null,
                    {
                      "itemId": "plank",
                      "count": 7
                    },
                    null,
                    null,
                    null,
                    null,
                    null,
                    null,
                    null,
                    null,
                    null,
                    null,
                    null,
                    null,
                    null,
                    null,
                    null,
                    null,
                    null,
                    null,
                    null,
                    null,
                    null,
                    null,
                    null,
                    null,
                    null,
                    null,
                    null
                  ],
                  "armor": {
                    "helmet": null,
                    "chestplate": null,
                    "leggings": null,
                    "boots": null
                  },
                  "cursor": {
                    "version": 1,
                    "revision": 26,
                    "stack": null,
                    "origin": null,
                    "craftingGrid": [
                      null,
                      null,
                      null,
                      null
                    ]
                  },
                  "player": {
                    "health": 18,
                    "lifecycle": "alive"
                  },
                  "armorPoints": 0
                }
              }
            ],
            "snapshot": {
              "runtimeEpoch": "seedlands:classic-canonical-runtime-v11:1",
              "gameplayRevision": 84786,
              "actor": {
                "entityId": "player-1",
                "epoch": 1,
                "lifetime": 1
              },
              "inventoryRevision": 36,
              "slots": [
                null,
                null,
                {
                  "itemId": "stick",
                  "count": 3
                },
                null,
                {
                  "itemId": "wood-sword",
                  "count": 1
                },
                null,
                null,
                null,
                {
                  "itemId": "plank",
                  "count": 7
                },
                null,
                null,
                null,
                null,
                null,
                null,
                null,
                null,
                null,
                null,
                null,
                null,
                null,
                null,
                null,
                null,
                null,
                null,
                null,
                null,
                null,
                null,
                null,
                null,
                null,
                null,
                null
              ],
              "armor": {
                "helmet": null,
                "chestplate": null,
                "leggings": null,
                "boots": null
              },
              "cursor": {
                "version": 1,
                "revision": 26,
                "stack": null,
                "origin": null,
                "craftingGrid": [
                  null,
                  null,
                  null,
                  null
                ]
              },
              "player": {
                "health": 18,
                "lifecycle": "alive"
              },
              "armorPoints": 0
            }
          }
        }
      },
      "logicEvidence": []
    },
    {
      "schemaVersion": 1,
      "status": "FAIL",
      "attempt": 0,
      "test": "非 Classic Playbook 从锁定 production artifact 启动并消费自定义 worldgen/voxel/presentation",
      "project": "chromium",
      "benchmark": false,
      "stages": {},
      "errors": [],
      "current": null,
      "logicEvidence": []
    }
  ]
}
