{
  "schemaVersion": 1,
  "status": "FAIL",
  "attempts": [
    {
      "schemaVersion": 1,
      "status": "FAIL",
      "attempt": 0,
      "test": "Classic 生产旅程以真实输入完成 C0-C5，并复用同一运行时性能场景",
      "project": "chromium",
      "benchmark": false,
      "stages": {
        "C0": {
          "status": "PASS",
          "observation": "Production preview loaded the fixed seed with a stamped Classic composition, Authority/logic/persistence/compute Workers, consumed Wasm bytes and an actual WebGL2 context."
        },
        "C1": {
          "status": "PASS",
          "observation": "Pointer Lock mouse movement changed the route, then held W+Space crossed from Chunk 0 to Chunk 1 and Authority acknowledged it."
        },
        "C2": {
          "status": "PASS",
          "observation": "Mouse mining produced visible drops; movement picked them up; E opened inventory and real 2x2 pointer interactions produced planks, sticks, a wood sword and a workbench."
        },
        "C3": {
          "status": "PASS",
          "observation": "Right click placed crafted planks with a consumed mesh commit; inventory food restored health; held real mouse input buffered and completed the wood-sword second combo hit before defeating the fixed creature; a crafted workbench was placed, opened through the station runtime, then dismantled and recovered through real actions."
        }
      },
      "errors": [
        "Error: \u001b[2mexpect(\u001b[22m\u001b[31mreceived\u001b[39m\u001b[2m).\u001b[22mtoBeLessThan\u001b[2m(\u001b[22m\u001b[32mexpected\u001b[39m\u001b[2m)\u001b[22m\n\nExpected: < \u001b[32m1\u001b[39m\nReceived:   \u001b[31m72.86287224169372\u001b[39m"
      ],
      "current": {
        "frameMs": 16.199999999254942,
        "player": [
          69.3923110961914,
          32.599998474121094,
          0.3861778676509857
        ],
        "viewAngles": [
          -83.62999999999997,
          -26.79
        ],
        "streamCenter": [
          2,
          0
        ],
        "loadedChunks": 24,
        "renderedChunks": 14,
        "generationQueue": 0,
        "meshingQueue": 0,
        "deferredRemeshes": 0,
        "onGround": true,
        "colliding": false,
        "interactionAttempts": 13,
        "mutationCount": 4256,
        "worldRevision": 142,
        "structuralEventCount": 142,
        "remeshSchedulingCount": 142,
        "lastCommitMutationCount": 2,
        "lastCommitMeshChunkCount": 4,
        "storageBytes": 34581390,
        "worldTime": 20.255999999995225,
        "timePaused": false,
        "quality": "low",
        "triangles": 90332,
        "drawCalls": 26,
        "blockLightBricks": 24,
        "blockLightAllocatedBytes": 6291456,
        "blockLightRebuildCount": 1259,
        "collisionDebug": {
          "enabled": false,
          "entityCount": 0,
          "meshCount": 0,
          "materialCount": 0,
          "visibleBatchCount": 0,
          "vertexCapacity": 0,
          "buildCount": 0,
          "authorityRequestCount": 0
        },
        "runtime": "authority-worker",
        "workers": {
          "total": 5,
          "authority": 1,
          "logic": 1,
          "persistence": 1,
          "fluid": 1,
          "general": 1
        },
        "authority": {
          "physicsHz": 60,
          "paused": true,
          "physicsTick": 12573,
          "integratedPhysicsTimeMs": 209549.9999999696,
          "acknowledgedInputSequence": 5810,
          "physicsDebtMs": 3.300000040413579,
          "activeTimeMs": 209553.30000001,
          "commitSequence": 54653,
          "physicsCost": {
            "count": 12573,
            "capacity": 256,
            "samplesMs": [
              0.2999999988824129,
              0.2000000011175871,
              0.19999999925494194,
              0.2000000011175871,
              0.30000000074505806,
              0.19999999925494194,
              0.2000000011175871,
              0.30000000074505806,
              0.30000000074505806,
              0.2000000011175871,
              0.30000000074505806,
              0.40000000037252903,
              0.19999999925494194,
              0.30000000074505806,
              0.30000000074505806,
              0.2000000011175871,
              0.2000000011175871,
              0.40000000037252903,
              0.19999999925494194,
              0.2999999988824129,
              0.19999999925494194,
              0.2000000011175871,
              0.2999999988824129,
              0.30000000074505806,
              0.2000000011175871,
              0.3999999985098839,
              0.30000000074505806,
              0.30000000074505806,
              0.30000000074505806,
              0.2000000011175871,
              0.30000000074505806,
              0.2999999988824129,
              0.30000000074505806,
              0.2000000011175871,
              0.19999999925494194,
              0.30000000074505806,
              0.2000000011175871,
              0.19999999925494194,
              0.19999999925494194,
              0.30000000074505806,
              0.19999999925494194,
              0.2999999988824129,
              0.30000000074505806,
              0.40000000037252903,
              0.30000000074505806,
              0.30000000074505806,
              0.19999999925494194,
              0.599999999627471,
              0.5,
              0.5,
              0.5,
              0.40000000037252903,
              0.3999999985098839,
              0.5,
              0.599999999627471,
              0.5,
              0.30000000074505806,
              0.5,
              0.5,
              0.5,
              0.5,
              0.3999999985098839,
              0.30000000074505806,
              0.40000000037252903,
              0.40000000037252903,
              0.30000000074505806,
              0.2999999988824129,
              0.30000000074505806,
              0.2999999988824129,
              0.30000000074505806,
              0.30000000074505806,
              0.2999999988824129,
              0.40000000037252903,
              0.6999999992549419,
              0.599999999627471,
              0.5,
              0.5,
              0.40000000037252903,
              0.19999999925494194,
              0.5,
              0.19999999925494194,
              0.599999999627471,
              0.30000000074505806,
              0.40000000037252903,
              0.40000000037252903,
              0.2000000011175871,
              0.40000000037252903,
              0.2999999988824129,
              0.3999999985098839,
              0.19999999925494194,
              0.30000000074505806,
              0.30000000074505806,
              0.2000000011175871,
              0.19999999925494194,
              0.30000000074505806,
              0.19999999925494194,
              0.30000000074505806,
              0.40000000037252903,
              0.19999999925494194,
              0.2999999988824129,
              0.30000000074505806,
              0.2999999988824129,
              0.30000000074505806,
              0.30000000074505806,
              0.30000000074505806,
              0.2999999988824129,
              0.2000000011175871,
              0.6999999992549419,
              0.3999999985098839,
              0.30000000074505806,
              0.599999999627471,
              0.19999999925494194,
              0.30000000074505806,
              0.19999999925494194,
              0.2000000011175871,
              0.30000000074505806,
              0.19999999925494194,
              0.2000000011175871,
              0.2999999988824129,
              0.2999999988824129,
              0.40000000037252903,
              0.30000000074505806,
              0.40000000037252903,
              0.30000000074505806,
              0.40000000037252903,
              0.2999999988824129,
              0.30000000074505806,
              0.40000000037252903,
              0.599999999627471,
              0.40000000037252903,
              0.40000000037252903,
              0.6999999992549419,
              0.40000000037252903,
              0.30000000074505806,
              0.19999999925494194,
              0.40000000037252903,
              0.5,
              0.2999999988824129,
              0.19999999925494194,
              0.3999999985098839,
              0.40000000037252903,
              0.2000000011175871,
              0.2000000011175871,
              0.30000000074505806,
              0.2999999988824129,
              0.40000000037252903,
              0.19999999925494194,
              0.19999999925494194,
              0.30000000074505806,
              0.30000000074505806,
              0.599999999627471,
              0.40000000037252903,
              0.40000000037252903,
              0.3999999985098839,
              0.40000000037252903,
              0.40000000037252903,
              0.40000000037252903,
              0.599999999627471,
              0.40000000037252903,
              0.30000000074505806,
              0.40000000037252903,
              0.5,
              0.5,
              0.40000000037252903,
              0.2000000011175871,
              0.3999999985098839,
              0.19999999925494194,
              0.2999999988824129,
              0.30000000074505806,
              0.3999999985098839,
              0.30000000074505806,
              0.40000000037252903,
              0.40000000037252903,
              0.40000000037252903,
              0.5,
              0.5,
              0.40000000037252903,
              0.5,
              0.5,
              0.40000000037252903,
              0.599999999627471,
              0.5,
              0.3999999985098839,
              0.2000000011175871,
              0.30000000074505806,
              0.30000000074505806,
              0.2999999988824129,
              0.30000000074505806,
              0.2000000011175871,
              0.19999999925494194,
              0.2000000011175871,
              0.2000000011175871,
              0.2999999988824129,
              0.30000000074505806,
              0.30000000074505806,
              0.19999999925494194,
              0.2999999988824129,
              0.5,
              0.3999999985098839,
              0.40000000037252903,
              0.599999999627471,
              0.30000000074505806,
              0.40000000037252903,
              0.40000000037252903,
              0.40000000037252903,
              0.5,
              0.5,
              0.5,
              0.3999999985098839,
              0.30000000074505806,
              0.30000000074505806,
              0.19999999925494194,
              0.30000000074505806,
              0.3999999985098839,
              0.5,
              0.19999999925494194,
              0.2000000011175871,
              0.2999999988824129,
              0.30000000074505806,
              0.2000000011175871,
              0.30000000074505806,
              0.3999999985098839,
              0.30000000074505806,
              0.30000000074505806,
              0.2999999988824129,
              0.30000000074505806,
              0.19999999925494194,
              0.2999999988824129,
              0.30000000074505806,
              0.30000000074505806,
              0.2999999988824129,
              0.2999999988824129,
              0.30000000074505806,
              0.2999999988824129,
              0.30000000074505806,
              0.2000000011175871,
              0.8000000007450581,
              0.40000000037252903,
              0.40000000037252903,
              0.40000000037252903,
              0.30000000074505806,
              0.40000000037252903,
              0.2999999988824129,
              0.2999999988824129,
              0.5,
              0.40000000037252903,
              0.2999999988824129,
              0.2999999988824129,
              0.2999999988824129,
              0.30000000074505806,
              0.2999999988824129,
              0.2000000011175871,
              0.09999999962747097,
              0.30000000074505806,
              0.19999999925494194,
              0.2000000011175871
            ]
          },
          "fluid": {
            "pendingCellCount": 0,
            "inFlightLeaseCount": 0,
            "acceptedCandidateCount": 128,
            "rejectedCandidateCount": 0,
            "returnedLeaseCount": 0,
            "issuedLeaseCount": 128,
            "settledLeaseCount": 128
          },
          "residency": {
            "residentCount": 59,
            "target": 256,
            "hardLimit": 2048,
            "pinnedCount": 38,
            "dirtyCount": 0,
            "evictableCleanCount": 21,
            "evictionCount": 0,
            "rejectedAdmissionCount": 0,
            "oversubscribed": false,
            "autoSaveInFlight": false,
            "autoSaveFailureCount": 0,
            "nextRetryActiveTimeMs": 0,
            "lastSaveError": null
          },
          "bodies": {
            "total": 4,
            "actors": 4,
            "worldItems": 0,
            "nearPlayer": 2
          },
          "snapshotRejections": {
            "wrong-epoch": 0,
            "duplicate": 523,
            "physics-tick-regressed": 0,
            "commit-regressed": 0,
            "ack-regressed": 0
          }
        },
        "logic": {
          "blockStartedCount": 0,
          "blockCompletedCount": 0,
          "observationInFlight": true,
          "pendingObservationCount": 0,
          "submittedObservationCount": 2895,
          "receivedBatchCount": 2894,
          "completedBatchCount": 2894,
          "rejectedBatchCount": 1,
          "lastRoundTripMs": 0.09999999962747097
        },
        "trajectory": [
          {
            "physicsTick": 12258,
            "activeTimeMs": 204310.50000001298,
            "position": [
              67.32670621695529,
              32.6,
              0.6780099244880817
            ]
          },
          {
            "physicsTick": 12260,
            "activeTimeMs": 204338.2000000141,
            "position": [
              67.32670621695529,
              32.6,
              0.6780099244880817
            ]
          },
          {
            "physicsTick": 12261,
            "activeTimeMs": 204358.00000001298,
            "position": [
              67.32670621695529,
              32.6,
              0.6780099244880817
            ]
          },
          {
            "physicsTick": 12262,
            "activeTimeMs": 204375.00000001298,
            "position": [
              67.32670621695529,
              32.6,
              0.6780099244880817
            ]
          },
          {
            "physicsTick": 12263,
            "activeTimeMs": 204398.7000000141,
            "position": [
              67.32670621695529,
              32.6,
              0.6780099244880817
            ]
          },
          {
            "physicsTick": 12265,
            "activeTimeMs": 204422.90000001335,
            "position": [
              67.32670621695529,
              32.6,
              0.6780099244880817
            ]
          },
          {
            "physicsTick": 12266,
            "activeTimeMs": 204439.80000001373,
            "position": [
              67.34059510584417,
              32.6,
              0.6717210424958182
            ]
          },
          {
            "physicsTick": 12267,
            "activeTimeMs": 204456.6000000126,
            "position": [
              67.36837288362194,
              32.6,
              0.6654321605035547
            ]
          },
          {
            "physicsTick": 12268,
            "activeTimeMs": 204479.30000001373,
            "position": [
              67.41003955028862,
              32.6,
              0.6591432785112912
            ]
          },
          {
            "physicsTick": 12270,
            "activeTimeMs": 204505.50000001298,
            "position": [
              67.53503955028862,
              32.6,
              0.6465655145267641
            ]
          },
          {
            "physicsTick": 12271,
            "activeTimeMs": 204527.1000000126,
            "position": [
              67.59059510584417,
              32.6,
              0.6465655145267641
            ]
          },
          {
            "physicsTick": 12273,
            "activeTimeMs": 204551.90000001335,
            "position": [
              67.66003955028862,
              32.6,
              0.6465655145267641
            ]
          },
          {
            "physicsTick": 12274,
            "activeTimeMs": 204570.1000000126,
            "position": [
              67.6739284391775,
              32.6,
              0.6465655145267641
            ]
          },
          {
            "physicsTick": 12275,
            "activeTimeMs": 204590.80000001373,
            "position": [
              67.6739284391775,
              32.6,
              0.6465655145267641
            ]
          },
          {
            "physicsTick": 12277,
            "activeTimeMs": 204617.2000000141,
            "position": [
              67.6739284391775,
              32.6,
              0.6465655145267641
            ]
          },
          {
            "physicsTick": 12278,
            "activeTimeMs": 204633.90000001335,
            "position": [
              67.6739284391775,
              32.6,
              0.6465655145267641
            ]
          },
          {
            "physicsTick": 12279,
            "activeTimeMs": 204656.2000000141,
            "position": [
              67.6739284391775,
              32.6,
              0.6465655145267641
            ]
          },
          {
            "physicsTick": 12280,
            "activeTimeMs": 204673.2000000141,
            "position": [
              67.6739284391775,
              32.6,
              0.6465655145267641
            ]
          },
          {
            "physicsTick": 12281,
            "activeTimeMs": 204694.80000001373,
            "position": [
              67.68781732806639,
              32.6,
              0.6406158369056059
            ]
          },
          {
            "physicsTick": 12282,
            "activeTimeMs": 204712.50000001298,
            "position": [
              67.71559510584416,
              32.6,
              0.6346661592844476
            ]
          },
          {
            "physicsTick": 12284,
            "activeTimeMs": 204734.7000000141,
            "position": [
              67.81281732806639,
              32.6,
              0.622766804042131
            ]
          },
          {
            "physicsTick": 12285,
            "activeTimeMs": 204753.1000000126,
            "position": [
              67.88226177251083,
              32.6,
              0.6168171264209728
            ]
          },
          {
            "physicsTick": 12286,
            "activeTimeMs": 204770.2000000141,
            "position": [
              67.93781732806639,
              32.6,
              0.6168171264209728
            ]
          },
          {
            "physicsTick": 12287,
            "activeTimeMs": 204789.50000001298,
            "position": [
              67.97948399473306,
              32.6,
              0.6168171264209728
            ]
          },
          {
            "physicsTick": 12289,
            "activeTimeMs": 204817.7000000141,
            "position": [
              68.02115066139972,
              32.6,
              0.6168171264209728
            ]
          },
          {
            "physicsTick": 12290,
            "activeTimeMs": 204839.90000001335,
            "position": [
              68.02115066139972,
              32.6,
              0.6168171264209728
            ]
          },
          {
            "physicsTick": 12291,
            "activeTimeMs": 204856.6000000126,
            "position": [
              68.02115066139972,
              32.6,
              0.6168171264209728
            ]
          },
          {
            "physicsTick": 12292,
            "activeTimeMs": 204879.7000000141,
            "position": [
              68.02115066139972,
              32.6,
              0.6168171264209728
            ]
          },
          {
            "physicsTick": 12294,
            "activeTimeMs": 204905.1000000126,
            "position": [
              68.02115066139972,
              32.6,
              0.6168171264209728
            ]
          },
          {
            "physicsTick": 12295,
            "activeTimeMs": 204927.7000000141,
            "position": [
              68.02115066139972,
              32.6,
              0.6168171264209728
            ]
          },
          {
            "physicsTick": 12297,
            "activeTimeMs": 204952.6000000126,
            "position": [
              68.06281732806637,
              32.6,
              0.6049177711786562
            ]
          },
          {
            "physicsTick": 12298,
            "activeTimeMs": 204970.50000001298,
            "position": [
              68.10448399473304,
              32.6,
              0.5989680935574979
            ]
          },
          {
            "physicsTick": 12299,
            "activeTimeMs": 204990.00000001298,
            "position": [
              68.1600395502886,
              32.6,
              0.5930184159363396
            ]
          },
          {
            "physicsTick": 12301,
            "activeTimeMs": 205017.2000000141,
            "position": [
              68.2850395502886,
              32.6,
              0.5870687383151814
            ]
          },
          {
            "physicsTick": 12302,
            "activeTimeMs": 205038.7000000141,
            "position": [
              68.32670621695527,
              32.6,
              0.5870687383151814
            ]
          },
          {
            "physicsTick": 12303,
            "activeTimeMs": 205055.6000000126,
            "position": [
              68.35448399473304,
              32.6,
              0.5870687383151814
            ]
          },
          {
            "physicsTick": 12304,
            "activeTimeMs": 205080.80000001373,
            "position": [
              68.36837288362193,
              32.6,
              0.5870687383151814
            ]
          },
          {
            "physicsTick": 12306,
            "activeTimeMs": 205104.80000001373,
            "position": [
              68.36837288362193,
              32.6,
              0.5870687383151814
            ]
          },
          {
            "physicsTick": 12307,
            "activeTimeMs": 205128.00000001298,
            "position": [
              68.36837288362193,
              32.6,
              0.5870687383151814
            ]
          },
          {
            "physicsTick": 12309,
            "activeTimeMs": 205153.40000001335,
            "position": [
              68.36837288362193,
              32.6,
              0.5870687383151814
            ]
          },
          {
            "physicsTick": 12310,
            "activeTimeMs": 205174.1000000126,
            "position": [
              68.38226177251082,
              32.6,
              0.5812887091164461
            ]
          },
          {
            "physicsTick": 12312,
            "activeTimeMs": 205201.90000001335,
            "position": [
              68.45170621695526,
              32.6,
              0.5697286507189757
            ]
          },
          {
            "physicsTick": 12313,
            "activeTimeMs": 205221.50000001298,
            "position": [
              68.50726177251082,
              32.6,
              0.5639486215202405
            ]
          },
          {
            "physicsTick": 12314,
            "activeTimeMs": 205238.6000000126,
            "position": [
              68.57670621695526,
              32.6,
              0.5581685923215053
            ]
          },
          {
            "physicsTick": 12315,
            "activeTimeMs": 205262.7000000141,
            "position": [
              68.65148316034332,
              32.6,
              0.5523885631227701
            ]
          },
          {
            "physicsTick": 12316,
            "activeTimeMs": 205281.00000001298,
            "position": [
              68.71237121484249,
              32.6,
              0.5523885631227701
            ]
          },
          {
            "physicsTick": 12318,
            "activeTimeMs": 205303.7000000141,
            "position": [
              68.79248065717418,
              32.6,
              0.5523885631227701
            ]
          },
          {
            "physicsTick": 12319,
            "activeTimeMs": 205322.00000001298,
            "position": [
              68.81170204500668,
              32.6,
              0.5523885631227701
            ]
          },
          {
            "physicsTick": 12320,
            "activeTimeMs": 205342.90000001335,
            "position": [
              68.8170345439503,
              32.6,
              0.5523885631227701
            ]
          },
          {
            "physicsTick": 12322,
            "activeTimeMs": 205368.1000000126,
            "position": [
              68.8170345439503,
              32.6,
              0.5523885631227701
            ]
          },
          {
            "physicsTick": 12323,
            "activeTimeMs": 205389.90000001335,
            "position": [
              68.8170345439503,
              32.6,
              0.5523885631227701
            ]
          },
          {
            "physicsTick": 12325,
            "activeTimeMs": 205417.1000000126,
            "position": [
              68.8170345439503,
              32.6,
              0.5523885631227701
            ]
          },
          {
            "physicsTick": 12326,
            "activeTimeMs": 205439.00000001298,
            "position": [
              68.83092343283919,
              32.6,
              0.5466085339240349
            ]
          },
          {
            "physicsTick": 12327,
            "activeTimeMs": 205464.30000001373,
            "position": [
              68.85870121061696,
              32.6,
              0.5408285047252996
            ]
          },
          {
            "physicsTick": 12329,
            "activeTimeMs": 205486.6000000126,
            "position": [
              68.95592343283919,
              32.6,
              0.5292684463278292
            ]
          },
          {
            "physicsTick": 12330,
            "activeTimeMs": 205505.80000001373,
            "position": [
              69.02536787728363,
              32.6,
              0.523488417129094
            ]
          },
          {
            "physicsTick": 12331,
            "activeTimeMs": 205528.00000001298,
            "position": [
              69.08092343283919,
              32.6,
              0.523488417129094
            ]
          },
          {
            "physicsTick": 12333,
            "activeTimeMs": 205551.40000001335,
            "position": [
              69.15036787728363,
              32.6,
              0.523488417129094
            ]
          },
          {
            "physicsTick": 12334,
            "activeTimeMs": 205569.00000001298,
            "position": [
              69.16425676617251,
              32.6,
              0.523488417129094
            ]
          },
          {
            "physicsTick": 12335,
            "activeTimeMs": 205586.1000000126,
            "position": [
              69.16425676617251,
              32.6,
              0.523488417129094
            ]
          },
          {
            "physicsTick": 12336,
            "activeTimeMs": 205606.2000000141,
            "position": [
              69.16425676617251,
              32.6,
              0.523488417129094
            ]
          },
          {
            "physicsTick": 12337,
            "activeTimeMs": 205623.30000001373,
            "position": [
              69.16425676617251,
              32.6,
              0.523488417129094
            ]
          },
          {
            "physicsTick": 12338,
            "activeTimeMs": 205647.1000000126,
            "position": [
              69.16425676617251,
              32.6,
              0.523488417129094
            ]
          },
          {
            "physicsTick": 12340,
            "activeTimeMs": 205672.80000001373,
            "position": [
              69.16425676617251,
              32.6,
              0.523488417129094
            ]
          },
          {
            "physicsTick": 12341,
            "activeTimeMs": 205694.50000001298,
            "position": [
              69.1781456550614,
              32.6,
              0.5182175079720805
            ]
          },
          {
            "physicsTick": 12343,
            "activeTimeMs": 205721.2000000141,
            "position": [
              69.24759009950584,
              32.6,
              0.5076756896580537
            ]
          },
          {
            "physicsTick": 12344,
            "activeTimeMs": 205738.40000001335,
            "position": [
              69.3031456550614,
              32.6,
              0.5024047805010402
            ]
          },
          {
            "physicsTick": 12345,
            "activeTimeMs": 205758.1000000126,
            "position": [
              69.37259009950584,
              32.6,
              0.49713387134402676
            ]
          },
          {
            "physicsTick": 12347,
            "activeTimeMs": 205786.40000001335,
            "position": [
              69.46981232172807,
              32.6,
              0.49713387134402676
            ]
          },
          {
            "physicsTick": 12348,
            "activeTimeMs": 205806.50000001298,
            "position": [
              69.49759009950584,
              32.6,
              0.49713387134402676
            ]
          },
          {
            "physicsTick": 12350,
            "activeTimeMs": 205833.6000000126,
            "position": [
              69.51147898839473,
              32.6,
              0.49713387134402676
            ]
          },
          {
            "physicsTick": 12351,
            "activeTimeMs": 205854.90000001335,
            "position": [
              69.51147898839473,
              32.6,
              0.49713387134402676
            ]
          },
          {
            "physicsTick": 12352,
            "activeTimeMs": 205871.90000001335,
            "position": [
              69.51147898839473,
              32.6,
              0.49713387134402676
            ]
          },
          {
            "physicsTick": 12353,
            "activeTimeMs": 205889.6000000126,
            "position": [
              69.51147898839473,
              32.6,
              0.49713387134402676
            ]
          },
          {
            "physicsTick": 12354,
            "activeTimeMs": 205910.6000000126,
            "position": [
              69.51147898839473,
              32.6,
              0.49713387134402676
            ]
          },
          {
            "physicsTick": 12355,
            "activeTimeMs": 205927.7000000141,
            "position": [
              69.51147898839473,
              32.6,
              0.49713387134402676
            ]
          },
          {
            "physicsTick": 12357,
            "activeTimeMs": 205952.50000001298,
            "position": [
              69.51147898839473,
              32.6,
              0.49713387134402676
            ]
          },
          {
            "physicsTick": 12358,
            "activeTimeMs": 205974.30000001373,
            "position": [
              69.51147898839473,
              32.6,
              0.49713387134402676
            ]
          },
          {
            "physicsTick": 12360,
            "activeTimeMs": 206001.90000001335,
            "position": [
              69.51147898839473,
              32.6,
              0.49713387134402676
            ]
          },
          {
            "physicsTick": 12361,
            "activeTimeMs": 206023.2000000141,
            "position": [
              69.51147898839473,
              32.6,
              0.49713387134402676
            ]
          },
          {
            "physicsTick": 12362,
            "activeTimeMs": 206039.90000001335,
            "position": [
              69.51147898839473,
              32.6,
              0.49713387134402676
            ]
          },
          {
            "physicsTick": 12363,
            "activeTimeMs": 206063.90000001335,
            "position": [
              69.51147898839473,
              32.6,
              0.49713387134402676
            ]
          },
          {
            "physicsTick": 12364,
            "activeTimeMs": 206078.30000001373,
            "position": [
              69.51147898839473,
              32.6,
              0.49713387134402676
            ]
          },
          {
            "physicsTick": 12364,
            "activeTimeMs": 206078.30000001373,
            "position": [
              69.51147898839473,
              32.6,
              0.49713387134402676
            ]
          },
          {
            "physicsTick": 12365,
            "activeTimeMs": 206087.40000001335,
            "position": [
              69.51147898839473,
              32.6,
              0.49713387134402676
            ]
          },
          {
            "physicsTick": 12366,
            "activeTimeMs": 206105.30000001373,
            "position": [
              69.51147898839473,
              32.6,
              0.49713387134402676
            ]
          },
          {
            "physicsTick": 12367,
            "activeTimeMs": 206130.10000001447,
            "position": [
              69.51147898839473,
              32.6,
              0.49713387134402676
            ]
          },
          {
            "physicsTick": 12369,
            "activeTimeMs": 206154.30000001373,
            "position": [
              69.51147898839473,
              32.6,
              0.49713387134402676
            ]
          },
          {
            "physicsTick": 12370,
            "activeTimeMs": 206171.10000001447,
            "position": [
              69.51147898839473,
              32.6,
              0.49713387134402676
            ]
          },
          {
            "physicsTick": 12371,
            "activeTimeMs": 206193.2000000141,
            "position": [
              69.51147898839473,
              32.6,
              0.49713387134402676
            ]
          },
          {
            "physicsTick": 12373,
            "activeTimeMs": 206218.10000001447,
            "position": [
              69.51147898839473,
              32.6,
              0.49713387134402676
            ]
          },
          {
            "physicsTick": 12374,
            "activeTimeMs": 206239.60000001447,
            "position": [
              69.51147898839473,
              32.6,
              0.49713387134402676
            ]
          },
          {
            "physicsTick": 12375,
            "activeTimeMs": 206257.40000001335,
            "position": [
              69.51147898839473,
              32.6,
              0.49713387134402676
            ]
          },
          {
            "physicsTick": 12376,
            "activeTimeMs": 206282.30000001373,
            "position": [
              69.51147898839473,
              32.6,
              0.49713387134402676
            ]
          },
          {
            "physicsTick": 12378,
            "activeTimeMs": 206303.80000001373,
            "position": [
              69.51147898839473,
              32.6,
              0.49713387134402676
            ]
          },
          {
            "physicsTick": 12379,
            "activeTimeMs": 206329.90000001335,
            "position": [
              69.51147898839473,
              32.6,
              0.49713387134402676
            ]
          },
          {
            "physicsTick": 12381,
            "activeTimeMs": 206353.7000000141,
            "position": [
              69.51147898839473,
              32.6,
              0.49713387134402676
            ]
          },
          {
            "physicsTick": 12382,
            "activeTimeMs": 206375.7000000141,
            "position": [
              69.51147898839473,
              32.6,
              0.49713387134402676
            ]
          },
          {
            "physicsTick": 12384,
            "activeTimeMs": 206402.10000001447,
            "position": [
              69.51147898839473,
              32.6,
              0.49713387134402676
            ]
          },
          {
            "physicsTick": 12385,
            "activeTimeMs": 206423.40000001335,
            "position": [
              69.51147898839473,
              32.6,
              0.49713387134402676
            ]
          },
          {
            "physicsTick": 12386,
            "activeTimeMs": 206441.2000000141,
            "position": [
              69.51147898839473,
              32.6,
              0.49713387134402676
            ]
          },
          {
            "physicsTick": 12387,
            "activeTimeMs": 206465.40000001335,
            "position": [
              69.51147898839473,
              32.6,
              0.49713387134402676
            ]
          },
          {
            "physicsTick": 12388,
            "activeTimeMs": 206482.2000000141,
            "position": [
              69.51147898839473,
              32.6,
              0.49713387134402676
            ]
          },
          {
            "physicsTick": 12390,
            "activeTimeMs": 206504.30000001373,
            "position": [
              69.51147898839473,
              32.6,
              0.49713387134402676
            ]
          },
          {
            "physicsTick": 12390,
            "activeTimeMs": 206511.40000001335,
            "position": [
              69.51147898839473,
              32.6,
              0.49713387134402676
            ]
          },
          {
            "physicsTick": 12390,
            "activeTimeMs": 206511.40000001335,
            "position": [
              69.51147898839473,
              32.6,
              0.49713387134402676
            ]
          },
          {
            "physicsTick": 12391,
            "activeTimeMs": 206530.10000001447,
            "position": [
              69.51147898839473,
              32.6,
              0.49713387134402676
            ]
          },
          {
            "physicsTick": 12393,
            "activeTimeMs": 206551.90000001335,
            "position": [
              69.51147898839473,
              32.6,
              0.49713387134402676
            ]
          },
          {
            "physicsTick": 12394,
            "activeTimeMs": 206570.00000001298,
            "position": [
              69.51147898839473,
              32.6,
              0.49713387134402676
            ]
          },
          {
            "physicsTick": 12395,
            "activeTimeMs": 206592.10000001447,
            "position": [
              69.51147898839473,
              32.6,
              0.49713387134402676
            ]
          },
          {
            "physicsTick": 12396,
            "activeTimeMs": 206608.80000001373,
            "position": [
              69.51147898839473,
              32.6,
              0.49713387134402676
            ]
          },
          {
            "physicsTick": 12398,
            "activeTimeMs": 206634.80000001373,
            "position": [
              69.51147898839473,
              32.6,
              0.49713387134402676
            ]
          },
          {
            "physicsTick": 12399,
            "activeTimeMs": 206655.50000001298,
            "position": [
              69.51147898839473,
              32.6,
              0.49713387134402676
            ]
          },
          {
            "physicsTick": 12400,
            "activeTimeMs": 206672.40000001335,
            "position": [
              69.51147898839473,
              32.6,
              0.49713387134402676
            ]
          },
          {
            "physicsTick": 12401,
            "activeTimeMs": 206689.90000001335,
            "position": [
              69.51147898839473,
              32.6,
              0.49713387134402676
            ]
          },
          {
            "physicsTick": 12402,
            "activeTimeMs": 206713.2000000141,
            "position": [
              69.51147898839473,
              32.6,
              0.49713387134402676
            ]
          },
          {
            "physicsTick": 12403,
            "activeTimeMs": 206731.30000001373,
            "position": [
              69.51147898839473,
              32.6,
              0.49713387134402676
            ]
          },
          {
            "physicsTick": 12405,
            "activeTimeMs": 206753.00000001298,
            "position": [
              69.49759009950584,
              32.6,
              0.5110227602329156
            ]
          },
          {
            "physicsTick": 12406,
            "activeTimeMs": 206770.10000001447,
            "position": [
              69.46981232172807,
              32.6,
              0.5388005380106934
            ]
          },
          {
            "physicsTick": 12407,
            "activeTimeMs": 206791.2000000141,
            "position": [
              69.43576303414581,
              32.6,
              0.58046720467736
            ]
          },
          {
            "physicsTick": 12408,
            "activeTimeMs": 206808.7000000141,
            "position": [
              69.40171374656354,
              32.6,
              0.6360227602329156
            ]
          },
          {
            "physicsTick": 12409,
            "activeTimeMs": 206832.10000001447,
            "position": [
              69.38155334787017,
              32.6,
              0.6776894268995822
            ]
          },
          {
            "physicsTick": 12411,
            "activeTimeMs": 206856.2000000141,
            "position": [
              69.37528183806567,
              32.6,
              0.7193560935662489
            ]
          },
          {
            "physicsTick": 12412,
            "activeTimeMs": 206882.7000000141,
            "position": [
              69.37528183806567,
              32.6,
              0.7193560935662489
            ]
          },
          {
            "physicsTick": 12413,
            "activeTimeMs": 206899.50000001298,
            "position": [
              69.37528183806567,
              32.6,
              0.7193560935662489
            ]
          },
          {
            "physicsTick": 12415,
            "activeTimeMs": 206921.7000000141,
            "position": [
              69.37528183806567,
              32.6,
              0.7193560935662489
            ]
          },
          {
            "physicsTick": 12416,
            "activeTimeMs": 206947.30000001373,
            "position": [
              69.37528183806567,
              32.6,
              0.7193560935662489
            ]
          },
          {
            "physicsTick": 12418,
            "activeTimeMs": 206970.2000000141,
            "position": [
              69.37528183806567,
              32.6,
              0.7193560935662489
            ]
          },
          {
            "physicsTick": 12419,
            "activeTimeMs": 206993.50000001298,
            "position": [
              69.37528183806567,
              32.6,
              0.7193560935662489
            ]
          },
          {
            "physicsTick": 12421,
            "activeTimeMs": 207017.80000001373,
            "position": [
              69.37528183806567,
              32.6,
              0.7193560935662489
            ]
          },
          {
            "physicsTick": 12422,
            "activeTimeMs": 207035.40000001335,
            "position": [
              69.37528183806567,
              32.6,
              0.7193560935662489
            ]
          },
          {
            "physicsTick": 12423,
            "activeTimeMs": 207057.10000001447,
            "position": [
              69.37528183806567,
              32.6,
              0.7193560935662489
            ]
          },
          {
            "physicsTick": 12424,
            "activeTimeMs": 207082.60000001447,
            "position": [
              69.37528183806567,
              32.6,
              0.7193560935662489
            ]
          },
          {
            "physicsTick": 12426,
            "activeTimeMs": 207104.00000001298,
            "position": [
              69.37528183806567,
              32.6,
              0.7193560935662489
            ]
          },
          {
            "physicsTick": 12427,
            "activeTimeMs": 207121.90000001335,
            "position": [
              69.37528183806567,
              32.6,
              0.7193560935662489
            ]
          },
          {
            "physicsTick": 12428,
            "activeTimeMs": 207147.00000001298,
            "position": [
              69.37528183806567,
              32.6,
              0.7193560935662489
            ]
          },
          {
            "physicsTick": 12430,
            "activeTimeMs": 207170.40000001335,
            "position": [
              69.37528183806567,
              32.6,
              0.7193560935662489
            ]
          },
          {
            "physicsTick": 12431,
            "activeTimeMs": 207194.80000001373,
            "position": [
              69.37528183806567,
              32.6,
              0.7193560935662489
            ]
          },
          {
            "physicsTick": 12433,
            "activeTimeMs": 207217.90000001335,
            "position": [
              69.37528183806567,
              32.6,
              0.7193560935662489
            ]
          },
          {
            "physicsTick": 12434,
            "activeTimeMs": 207241.60000001447,
            "position": [
              69.37528183806567,
              32.6,
              0.7193560935662489
            ]
          },
          {
            "physicsTick": 12435,
            "activeTimeMs": 207265.90000001335,
            "position": [
              69.37528183806567,
              32.6,
              0.7193560935662489
            ]
          },
          {
            "physicsTick": 12437,
            "activeTimeMs": 207288.2000000141,
            "position": [
              69.37528183806567,
              32.6,
              0.7193560935662489
            ]
          },
          {
            "physicsTick": 12437,
            "activeTimeMs": 207290.90000001335,
            "position": [
              69.37528183806567,
              32.6,
              0.7193560935662489
            ]
          },
          {
            "physicsTick": 12437,
            "activeTimeMs": 207290.90000001335,
            "position": [
              69.37528183806567,
              32.6,
              0.7193560935662489
            ]
          },
          {
            "physicsTick": 12438,
            "activeTimeMs": 207304.00000001298,
            "position": [
              69.37528183806567,
              32.6,
              0.7193560935662489
            ]
          },
          {
            "physicsTick": 12439,
            "activeTimeMs": 207323.00000001298,
            "position": [
              69.37528183806567,
              32.6,
              0.7193560935662489
            ]
          },
          {
            "physicsTick": 12440,
            "activeTimeMs": 207346.80000001186,
            "position": [
              69.37528183806567,
              32.6,
              0.7193560935662489
            ]
          },
          {
            "physicsTick": 12442,
            "activeTimeMs": 207370.70000001224,
            "position": [
              69.37528183806567,
              32.6,
              0.7193560935662489
            ]
          },
          {
            "physicsTick": 12443,
            "activeTimeMs": 207394.90000001335,
            "position": [
              69.37528183806567,
              32.6,
              0.7193560935662489
            ]
          },
          {
            "physicsTick": 12445,
            "activeTimeMs": 207417.30000001186,
            "position": [
              69.37528183806567,
              32.6,
              0.7193560935662489
            ]
          },
          {
            "physicsTick": 12446,
            "activeTimeMs": 207435.1000000126,
            "position": [
              69.37528183806567,
              32.6,
              0.7193560935662489
            ]
          },
          {
            "physicsTick": 12447,
            "activeTimeMs": 207452.1000000126,
            "position": [
              69.37528183806567,
              32.6,
              0.7193560935662489
            ]
          },
          {
            "physicsTick": 12448,
            "activeTimeMs": 207474.70000001224,
            "position": [
              69.37528183806567,
              32.6,
              0.7193560935662489
            ]
          },
          {
            "physicsTick": 12449,
            "activeTimeMs": 207495.6000000126,
            "position": [
              69.37528183806567,
              32.6,
              0.7193560935662489
            ]
          },
          {
            "physicsTick": 12450,
            "activeTimeMs": 207514.00000001298,
            "position": [
              69.37528183806567,
              32.6,
              0.7193560935662489
            ]
          },
          {
            "physicsTick": 12451,
            "activeTimeMs": 207531.20000001224,
            "position": [
              69.37528183806567,
              32.6,
              0.7193560935662489
            ]
          },
          {
            "physicsTick": 12453,
            "activeTimeMs": 207552.1000000126,
            "position": [
              69.37528183806567,
              32.6,
              0.7193560935662489
            ]
          },
          {
            "physicsTick": 12454,
            "activeTimeMs": 207568.80000001186,
            "position": [
              69.37528183806567,
              32.6,
              0.7193560935662489
            ]
          },
          {
            "physicsTick": 12455,
            "activeTimeMs": 207594.80000001186,
            "position": [
              69.37528183806567,
              32.6,
              0.7193560935662489
            ]
          },
          {
            "physicsTick": 12457,
            "activeTimeMs": 207616.90000001335,
            "position": [
              69.37528183806567,
              32.6,
              0.7193560935662489
            ]
          },
          {
            "physicsTick": 12458,
            "activeTimeMs": 207634.1000000126,
            "position": [
              69.37528183806567,
              32.6,
              0.7193560935662489
            ]
          },
          {
            "physicsTick": 12459,
            "activeTimeMs": 207658.1000000126,
            "position": [
              69.37528183806567,
              32.6,
              0.7193560935662489
            ]
          },
          {
            "physicsTick": 12461,
            "activeTimeMs": 207684.20000001224,
            "position": [
              69.37528183806567,
              32.6,
              0.7193560935662489
            ]
          },
          {
            "physicsTick": 12462,
            "activeTimeMs": 207705.40000001335,
            "position": [
              69.38917072695456,
              32.6,
              0.709177425654948
            ]
          },
          {
            "physicsTick": 12463,
            "activeTimeMs": 207732.20000001224,
            "position": [
              69.41694850473233,
              32.6,
              0.6989987577436472
            ]
          },
          {
            "physicsTick": 12465,
            "activeTimeMs": 207751.80000001186,
            "position": [
              69.51417072695456,
              32.6,
              0.6786414219210455
            ]
          },
          {
            "physicsTick": 12466,
            "activeTimeMs": 207779.1000000126,
            "position": [
              69.583615171399,
              32.6,
              0.6684627540097446
            ]
          },
          {
            "physicsTick": 12467,
            "activeTimeMs": 207794.00000001298,
            "position": [
              69.63917072695456,
              32.6,
              0.6684627540097446
            ]
          },
          {
            "physicsTick": 12467,
            "activeTimeMs": 207794.00000001298,
            "position": [
              69.63917072695456,
              32.6,
              0.6684627540097446
            ]
          },
          {
            "physicsTick": 12468,
            "activeTimeMs": 207808.9000000115,
            "position": [
              69.63917072695456,
              32.6,
              0.6684627540097446
            ]
          },
          {
            "physicsTick": 12469,
            "activeTimeMs": 207831.80000001186,
            "position": [
              69.63917072695456,
              32.6,
              0.6684627540097446
            ]
          },
          {
            "physicsTick": 12470,
            "activeTimeMs": 207849.20000001224,
            "position": [
              69.63917072695456,
              32.6,
              0.6684627540097446
            ]
          },
          {
            "physicsTick": 12472,
            "activeTimeMs": 207871.70000001224,
            "position": [
              69.63917072695456,
              32.6,
              0.6684627540097446
            ]
          },
          {
            "physicsTick": 12473,
            "activeTimeMs": 207894.50000001298,
            "position": [
              69.63917072695456,
              32.6,
              0.6684627540097446
            ]
          },
          {
            "physicsTick": 12475,
            "activeTimeMs": 207921.20000001224,
            "position": [
              69.63917072695456,
              32.6,
              0.6684627540097446
            ]
          },
          {
            "physicsTick": 12476,
            "activeTimeMs": 207942.50000001298,
            "position": [
              69.63917072695456,
              32.6,
              0.6684627540097446
            ]
          },
          {
            "physicsTick": 12478,
            "activeTimeMs": 207969.1000000126,
            "position": [
              69.63917072695456,
              32.6,
              0.6684627540097446
            ]
          },
          {
            "physicsTick": 12479,
            "activeTimeMs": 207989.70000001224,
            "position": [
              69.63917072695456,
              32.6,
              0.6684627540097446
            ]
          },
          {
            "physicsTick": 12480,
            "activeTimeMs": 208016.20000001224,
            "position": [
              69.63917072695456,
              32.6,
              0.6684627540097446
            ]
          },
          {
            "physicsTick": 12482,
            "activeTimeMs": 208033.70000001224,
            "position": [
              69.63917072695456,
              32.6,
              0.6684627540097446
            ]
          },
          {
            "physicsTick": 12483,
            "activeTimeMs": 208055.9000000115,
            "position": [
              69.63917072695456,
              32.6,
              0.6684627540097446
            ]
          },
          {
            "physicsTick": 12484,
            "activeTimeMs": 208078.00000001298,
            "position": [
              69.63917072695456,
              32.6,
              0.6684627540097446
            ]
          },
          {
            "physicsTick": 12486,
            "activeTimeMs": 208105.6000000126,
            "position": [
              69.63917072695456,
              32.6,
              0.6684627540097446
            ]
          },
          {
            "physicsTick": 12487,
            "activeTimeMs": 208126.6000000126,
            "position": [
              69.63917072695456,
              32.6,
              0.6684627540097446
            ]
          },
          {
            "physicsTick": 12488,
            "activeTimeMs": 208145.00000001298,
            "position": [
              69.63917072695456,
              32.6,
              0.6684627540097446
            ]
          },
          {
            "physicsTick": 12490,
            "activeTimeMs": 208167.4000000115,
            "position": [
              69.63917072695456,
              32.6,
              0.6684627540097446
            ]
          },
          {
            "physicsTick": 12491,
            "activeTimeMs": 208189.30000001186,
            "position": [
              69.63917072695456,
              32.6,
              0.6684627540097446
            ]
          },
          {
            "physicsTick": 12491,
            "activeTimeMs": 208195.1000000126,
            "position": [
              69.63917072695456,
              32.6,
              0.6684627540097446
            ]
          },
          {
            "physicsTick": 12491,
            "activeTimeMs": 208195.1000000126,
            "position": [
              69.63917072695456,
              32.6,
              0.6684627540097446
            ]
          },
          {
            "physicsTick": 12492,
            "activeTimeMs": 208209.50000001112,
            "position": [
              69.63917072695456,
              32.6,
              0.6684627540097446
            ]
          },
          {
            "physicsTick": 12494,
            "activeTimeMs": 208233.70000001224,
            "position": [
              69.63917072695456,
              32.6,
              0.6684627540097446
            ]
          },
          {
            "physicsTick": 12495,
            "activeTimeMs": 208250.50000001112,
            "position": [
              69.63917072695456,
              32.6,
              0.6684627540097446
            ]
          },
          {
            "physicsTick": 12496,
            "activeTimeMs": 208268.30000001186,
            "position": [
              69.63917072695456,
              32.6,
              0.6684627540097446
            ]
          },
          {
            "physicsTick": 12497,
            "activeTimeMs": 208289.4000000115,
            "position": [
              69.63917072695456,
              32.6,
              0.6684627540097446
            ]
          },
          {
            "physicsTick": 12498,
            "activeTimeMs": 208306.20000001224,
            "position": [
              69.63917072695456,
              32.6,
              0.6684627540097446
            ]
          },
          {
            "physicsTick": 12499,
            "activeTimeMs": 208324.20000001224,
            "position": [
              69.63917072695456,
              32.6,
              0.6684627540097446
            ]
          },
          {
            "physicsTick": 12500,
            "activeTimeMs": 208346.6000000126,
            "position": [
              69.63917072695456,
              32.6,
              0.6684627540097446
            ]
          },
          {
            "physicsTick": 12502,
            "activeTimeMs": 208372.30000001186,
            "position": [
              69.63917072695456,
              32.6,
              0.6684627540097446
            ]
          },
          {
            "physicsTick": 12503,
            "activeTimeMs": 208393.6000000126,
            "position": [
              69.63917072695456,
              32.6,
              0.6684627540097446
            ]
          },
          {
            "physicsTick": 12505,
            "activeTimeMs": 208420.30000001186,
            "position": [
              69.63917072695456,
              32.6,
              0.6684627540097446
            ]
          },
          {
            "physicsTick": 12506,
            "activeTimeMs": 208440.6000000126,
            "position": [
              69.63917072695456,
              32.6,
              0.6684627540097446
            ]
          },
          {
            "physicsTick": 12507,
            "activeTimeMs": 208457.80000001186,
            "position": [
              69.63917072695456,
              32.6,
              0.6684627540097446
            ]
          },
          {
            "physicsTick": 12509,
            "activeTimeMs": 208484.9000000115,
            "position": [
              69.63917072695456,
              32.6,
              0.6684627540097446
            ]
          },
          {
            "physicsTick": 12510,
            "activeTimeMs": 208506.00000001112,
            "position": [
              69.63917072695456,
              32.6,
              0.6684627540097446
            ]
          },
          {
            "physicsTick": 12511,
            "activeTimeMs": 208524.00000001112,
            "position": [
              69.63917072695456,
              32.6,
              0.6684627540097446
            ]
          },
          {
            "physicsTick": 12512,
            "activeTimeMs": 208545.70000001224,
            "position": [
              69.63917072695456,
              32.6,
              0.6684627540097446
            ]
          },
          {
            "physicsTick": 12514,
            "activeTimeMs": 208572.1000000126,
            "position": [
              69.63917072695456,
              32.6,
              0.6684627540097446
            ]
          },
          {
            "physicsTick": 12514,
            "activeTimeMs": 208580.70000001224,
            "position": [
              69.63917072695456,
              32.6,
              0.6684627540097446
            ]
          },
          {
            "physicsTick": 12514,
            "activeTimeMs": 208580.70000001224,
            "position": [
              69.63917072695456,
              32.6,
              0.6684627540097446
            ]
          },
          {
            "physicsTick": 12515,
            "activeTimeMs": 208593.80000001186,
            "position": [
              69.63917072695456,
              32.6,
              0.6684627540097446
            ]
          },
          {
            "physicsTick": 12517,
            "activeTimeMs": 208618.80000001186,
            "position": [
              69.63917072695456,
              32.6,
              0.6684627540097446
            ]
          },
          {
            "physicsTick": 12518,
            "activeTimeMs": 208640.80000001186,
            "position": [
              69.63917072695456,
              32.6,
              0.6684627540097446
            ]
          },
          {
            "physicsTick": 12519,
            "activeTimeMs": 208664.70000001224,
            "position": [
              69.63917072695456,
              32.6,
              0.6684627540097446
            ]
          },
          {
            "physicsTick": 12520,
            "activeTimeMs": 208682.50000001112,
            "position": [
              69.63917072695456,
              32.6,
              0.6684627540097446
            ]
          },
          {
            "physicsTick": 12522,
            "activeTimeMs": 208704.50000001112,
            "position": [
              69.63917072695456,
              32.6,
              0.6684627540097446
            ]
          },
          {
            "physicsTick": 12523,
            "activeTimeMs": 208730.20000001224,
            "position": [
              69.63917072695456,
              32.6,
              0.6684627540097446
            ]
          },
          {
            "physicsTick": 12525,
            "activeTimeMs": 208753.20000001224,
            "position": [
              69.63917072695456,
              32.6,
              0.6684627540097446
            ]
          },
          {
            "physicsTick": 12526,
            "activeTimeMs": 208778.50000001112,
            "position": [
              69.63917072695456,
              32.6,
              0.6684627540097446
            ]
          },
          {
            "physicsTick": 12528,
            "activeTimeMs": 208802.4000000115,
            "position": [
              69.62528183806567,
              32.6,
              0.6545738651208558
            ]
          },
          {
            "physicsTick": 12529,
            "activeTimeMs": 208825.30000001186,
            "position": [
              69.5975040602879,
              32.6,
              0.626796087343078
            ]
          },
          {
            "physicsTick": 12530,
            "activeTimeMs": 208849.9000000115,
            "position": [
              69.55583739362123,
              32.6,
              0.5851294206764114
            ]
          },
          {
            "physicsTick": 12532,
            "activeTimeMs": 208872.20000001224,
            "position": [
              69.457093080876,
              32.6,
              0.47311688880155944
            ]
          },
          {
            "physicsTick": 12533,
            "activeTimeMs": 208898.60000001075,
            "position": [
              69.42160981339228,
              32.6,
              0.4305488013711519
            ]
          },
          {
            "physicsTick": 12535,
            "activeTimeMs": 208920.20000001224,
            "position": [
              69.39230994509148,
              32.6,
              0.38707929317700357
            ]
          },
          {
            "physicsTick": 12536,
            "activeTimeMs": 208946.80000001186,
            "position": [
              69.39230994509148,
              32.6,
              0.38617787241326273
            ]
          },
          {
            "physicsTick": 12538,
            "activeTimeMs": 208969.60000001075,
            "position": [
              69.39230994509148,
              32.6,
              0.38617787241326273
            ]
          },
          {
            "physicsTick": 12539,
            "activeTimeMs": 208987.20000001224,
            "position": [
              69.39230994509148,
              32.6,
              0.38617787241326273
            ]
          },
          {
            "physicsTick": 12540,
            "activeTimeMs": 209008.80000001186,
            "position": [
              69.39230994509148,
              32.6,
              0.38617787241326273
            ]
          },
          {
            "physicsTick": 12542,
            "activeTimeMs": 209034.30000001186,
            "position": [
              69.39230994509148,
              32.6,
              0.38617787241326273
            ]
          },
          {
            "physicsTick": 12543,
            "activeTimeMs": 209055.70000001224,
            "position": [
              69.39230994509148,
              32.6,
              0.38617787241326273
            ]
          },
          {
            "physicsTick": 12544,
            "activeTimeMs": 209072.4000000115,
            "position": [
              69.39230994509148,
              32.6,
              0.38617787241326273
            ]
          },
          {
            "physicsTick": 12545,
            "activeTimeMs": 209099.20000001224,
            "position": [
              69.39230994509148,
              32.6,
              0.38617787241326273
            ]
          },
          {
            "physicsTick": 12547,
            "activeTimeMs": 209119.9000000115,
            "position": [
              69.39230994509148,
              32.6,
              0.38617787241326273
            ]
          },
          {
            "physicsTick": 12548,
            "activeTimeMs": 209137.70000001224,
            "position": [
              69.39230994509148,
              32.6,
              0.38617787241326273
            ]
          },
          {
            "physicsTick": 12549,
            "activeTimeMs": 209161.9000000115,
            "position": [
              69.39230994509148,
              32.6,
              0.38617787241326273
            ]
          },
          {
            "physicsTick": 12551,
            "activeTimeMs": 209186.60000001075,
            "position": [
              69.39230994509148,
              32.6,
              0.38617787241326273
            ]
          },
          {
            "physicsTick": 12552,
            "activeTimeMs": 209203.50000001112,
            "position": [
              69.39230994509148,
              32.6,
              0.38617787241326273
            ]
          },
          {
            "physicsTick": 12553,
            "activeTimeMs": 209225.50000001112,
            "position": [
              69.39230994509148,
              32.6,
              0.38617787241326273
            ]
          },
          {
            "physicsTick": 12553,
            "activeTimeMs": 209229.9000000115,
            "position": [
              69.39230994509148,
              32.6,
              0.38617787241326273
            ]
          },
          {
            "physicsTick": 12553,
            "activeTimeMs": 209229.9000000115,
            "position": [
              69.39230994509148,
              32.6,
              0.38617787241326273
            ]
          },
          {
            "physicsTick": 12554,
            "activeTimeMs": 209241.60000001075,
            "position": [
              69.39230994509148,
              32.6,
              0.38617787241326273
            ]
          },
          {
            "physicsTick": 12555,
            "activeTimeMs": 209261.70000001037,
            "position": [
              69.39230994509148,
              32.6,
              0.38617787241326273
            ]
          },
          {
            "physicsTick": 12556,
            "activeTimeMs": 209279.9000000115,
            "position": [
              69.39230994509148,
              32.6,
              0.38617787241326273
            ]
          },
          {
            "physicsTick": 12558,
            "activeTimeMs": 209305.70000001037,
            "position": [
              69.39230994509148,
              32.6,
              0.38617787241326273
            ]
          },
          {
            "physicsTick": 12559,
            "activeTimeMs": 209322.50000001112,
            "position": [
              69.39230994509148,
              32.6,
              0.38617787241326273
            ]
          },
          {
            "physicsTick": 12560,
            "activeTimeMs": 209342.30000001,
            "position": [
              69.39230994509148,
              32.6,
              0.38617787241326273
            ]
          },
          {
            "physicsTick": 12561,
            "activeTimeMs": 209366.00000001112,
            "position": [
              69.39230994509148,
              32.6,
              0.38617787241326273
            ]
          },
          {
            "physicsTick": 12562,
            "activeTimeMs": 209382.9000000115,
            "position": [
              69.39230994509148,
              32.6,
              0.38617787241326273
            ]
          },
          {
            "physicsTick": 12563,
            "activeTimeMs": 209399.60000001075,
            "position": [
              69.39230994509148,
              32.6,
              0.38617787241326273
            ]
          },
          {
            "physicsTick": 12565,
            "activeTimeMs": 209425.50000001112,
            "position": [
              69.39230994509148,
              32.6,
              0.38617787241326273
            ]
          },
          {
            "physicsTick": 12566,
            "activeTimeMs": 209449.10000001075,
            "position": [
              69.39230994509148,
              32.6,
              0.38617787241326273
            ]
          },
          {
            "physicsTick": 12568,
            "activeTimeMs": 209473.80000001,
            "position": [
              69.39230994509148,
              32.6,
              0.38617787241326273
            ]
          },
          {
            "physicsTick": 12569,
            "activeTimeMs": 209495.10000001075,
            "position": [
              69.39230994509148,
              32.6,
              0.38617787241326273
            ]
          },
          {
            "physicsTick": 12571,
            "activeTimeMs": 209521.80000001,
            "position": [
              69.39230994509148,
              32.6,
              0.38617787241326273
            ]
          },
          {
            "physicsTick": 12572,
            "activeTimeMs": 209542.00000001112,
            "position": [
              69.39230994509148,
              32.6,
              0.38617787241326273
            ]
          },
          {
            "physicsTick": 12573,
            "activeTimeMs": 209553.30000001,
            "position": [
              69.39230994509148,
              32.6,
              0.38617787241326273
            ]
          }
        ],
        "generatorVersion": 11,
        "renderPipeline": {
          "drawUnit": "chunk-render-category",
          "batchMode": "category",
          "vertexLayout": "float16-uv-uint16-index",
          "shaderMode": "voxel-array-chunks",
          "backend": "webgl2"
        },
        "experiments": {
          "requested": {
            "renderer": "webgl2",
            "wasm": true,
            "simd": true
          },
          "kernels": [
            "w02",
            "w03",
            "w04",
            "w05",
            "w06"
          ],
          "renderer": {
            "requestedRenderer": "webgl2",
            "effectiveRenderer": "webgl2",
            "rendererStatus": "matched"
          },
          "workers": [
            {
              "epoch": "seedlands:classic-canonical-runtime-v11:1",
              "lane": "fluid",
              "index": 0,
              "status": "off",
              "requestedArtifact": "simd",
              "effectiveArtifact": "off",
              "selected": [],
              "reason": "no-selected-kernel"
            },
            {
              "epoch": "seedlands:classic-canonical-runtime-v11:1",
              "lane": "general",
              "index": 1,
              "status": "matched",
              "requestedArtifact": "simd",
              "effectiveArtifact": "simd",
              "selected": [
                "w02",
                "w03",
                "w04",
                "w05",
                "w06"
              ],
              "artifactSha256": "c1a763778c4eb4873772cf480c758f8b18cbc77beee80c933dda6b2fd19e4b2c"
            }
          ]
        },
        "serverRevision": 1,
        "voxelAtOrigin": 42,
        "serverPlayerPosition": [
          69.39230994509148,
          32.6,
          0.38617787241326273
        ],
        "serverPlayerVelocity": [
          0,
          0,
          0
        ],
        "prediction": {
          "pendingFrames": 0,
          "lastResetReason": "authority-resync",
          "resetCounts": {
            "input-interrupted": 29,
            "authority-resync": 529,
            "collision-history-missing": 123,
            "large-error": 1,
            "movement-mode-changed": 4
          },
          "presentationOffset": {
            "x": 0,
            "y": 0,
            "z": 0
          }
        },
        "serverWorldTime": 20.25799999999522,
        "performance": {
          "scenarioId": "default",
          "frame": {
            "count": 1200,
            "p50Ms": 17.5,
            "p95Ms": 28,
            "p99Ms": 32.19999999925494,
            "maxMs": 155.7999999988824,
            "longFrameCount": 11,
            "lastLongFrameMs": 35.20000000111759
          },
          "chunkVisible": {
            "count": 109,
            "p50Ms": 1262.5999999996275,
            "p95Ms": 16434.200000001118,
            "p99Ms": 17501.200000001118,
            "maxMs": 17734.800000000745
          },
          "completedChunkTraces": 109,
          "traceEventCount": 1475,
          "maxMeshCommitsInFrame": 1,
          "maxMeshPartsInFrame": 2,
          "visibleAfterPostrender": true,
          "incidents": 32,
          "droppedEvents": 0,
          "uploadQueueDepth": 0,
          "estimatedMeshBytes": 6323240
        },
        "compute": {
          "workerCount": 2,
          "fluidWorkerCount": 1,
          "generalWorkerCount": 1,
          "running": 0,
          "queued": 0,
          "queuedBytes": 0,
          "cancellationRequests": 0,
          "staleResults": 0,
          "failedTasks": 0,
          "completedTasks": 260,
          "submittedTasks": 260,
          "submittedBytes": 102137856,
          "maxQueued": 1,
          "maxQueuedBytes": 0,
          "workerTaskDuration": {
            "fluid": {
              "count": 128,
              "capacity": 256,
              "samplesMs": [
                0.5,
                0.599999999627471,
                0.2999999988824129,
                0.599999999627471,
                0.5,
                0.5,
                0.09999999962747097,
                0.09999999962747097,
                0.19999999925494194,
                0.2999999988824129,
                0.2000000011175871,
                0.19999999925494194,
                0.09999999962747097,
                0.19999999925494194,
                0.30000000074505806,
                0.6000000014901161,
                0.19999999925494194,
                0.5,
                0.19999999925494194,
                0.5,
                0.40000000037252903,
                0.40000000037252903,
                0.3999999985098839,
                0.2999999988824129,
                0.3999999985098839,
                0.19999999925494194,
                0.40000000037252903,
                0.09999999962747097,
                0,
                0.2000000011175871,
                0.09999999962747097,
                0,
                0,
                0.09999999962747097,
                0.09999999962747097,
                0.2000000011175871,
                0.30000000074505806,
                0.3999999985098839,
                0.2000000011175871,
                0.09999999962747097,
                0.2000000011175871,
                0,
                0.2000000011175871,
                0.09999999962747097,
                0.2000000011175871,
                0.09999999962747097,
                0.09999999962747097,
                0.10000000149011612,
                0.2000000011175871,
                0.09999999962747097,
                0.19999999925494194,
                0.10000000149011612,
                0.10000000149011612,
                0.19999999925494194,
                0.2000000011175871,
                0.2000000011175871,
                0.19999999925494194,
                0.09999999962747097,
                0.10000000149011612,
                0,
                0.19999999925494194,
                0.09999999962747097,
                0.2000000011175871,
                0.10000000149011612,
                0.09999999962747097,
                0.19999999925494194,
                0.09999999962747097,
                0.09999999962747097,
                0.09999999962747097,
                0.10000000149011612,
                0.09999999962747097,
                0.19999999925494194,
                0.19999999925494194,
                0.09999999962747097,
                0.19999999925494194,
                0.19999999925494194,
                0.2000000011175871,
                0,
                0.09999999962747097,
                0.09999999962747097,
                0.09999999962747097,
                0.10000000149011612,
                0.09999999962747097,
                0.2000000011175871,
                0.2000000011175871,
                0.09999999962747097,
                0.09999999962747097,
                0.2000000011175871,
                0.09999999962747097,
                0.19999999925494194,
                0.19999999925494194,
                0.09999999962747097,
                0.19999999925494194,
                0.19999999925494194,
                0.2999999988824129,
                0.2000000011175871,
                0.30000000074505806,
                0.2000000011175871,
                0.2000000011175871,
                0.19999999925494194,
                0.2000000011175871,
                0.30000000074505806,
                0.19999999925494194,
                0.2000000011175871,
                0.30000000074505806,
                0.40000000037252903,
                0.2000000011175871,
                0.30000000074505806,
                0.19999999925494194,
                0.19999999925494194,
                0.19999999925494194,
                0.19999999925494194,
                0.19999999925494194,
                0.19999999925494194,
                0.2000000011175871,
                0.2000000011175871,
                0.19999999925494194,
                0.2000000011175871,
                0.2000000011175871,
                0.2999999988824129,
                0.19999999925494194,
                0.30000000074505806,
                0.2999999988824129,
                0.19999999925494194,
                0,
                0,
                0,
                0
              ]
            },
            "general": {
              "count": 132,
              "capacity": 256,
              "samplesMs": [
                1588,
                330.5,
                234.40000000037253,
                335,
                42.19999999925494,
                42.5,
                45.20000000111759,
                44.30000000074506,
                46.19999999925494,
                49,
                51.90000000037253,
                43.40000000037253,
                44.5,
                48,
                46,
                45.80000000074506,
                47.90000000037253,
                51.19999999925494,
                88.40000000037253,
                88,
                97.80000000074506,
                97.79999999888241,
                97.5,
                97.59999999962747,
                97.90000000037253,
                89,
                90.19999999925494,
                96.90000000037253,
                102.40000000037253,
                102.19999999925494,
                103.20000000111759,
                106.29999999888241,
                332.1000000014901,
                333.5,
                278.59999999962747,
                42.59999999962747,
                273,
                280.59999999962747,
                284.90000000037253,
                321.09999999962747,
                231.5,
                238.09999999962747,
                242.2000000011176,
                250.89999999850988,
                280.5,
                283,
                331,
                340.40000000037253,
                235,
                232.09999999962747,
                237.80000000074506,
                240.90000000037253,
                284.80000000074506,
                229.80000000074506,
                270.1000000014901,
                338.6000000014901,
                224.5,
                227.59999999962747,
                279.80000000074506,
                275.90000000037253,
                227.30000000074506,
                223.09999999962747,
                277.19999999925494,
                268.80000000074506,
                223.40000000037253,
                220.90000000037253,
                277.40000000037253,
                273.7999999988824,
                223.2999999988824,
                220.19999999925494,
                292.59999999962747,
                269.90000000037253,
                223.7000000011176,
                219.09999999962747,
                276.40000000037253,
                268.69999999925494,
                220.60000000149012,
                218,
                294.09999999962747,
                274.2999999988824,
                227.89999999850988,
                221.2999999988824,
                273.2000000011176,
                232,
                274.7000000011176,
                338.19999999925494,
                235.2000000011176,
                238.19999999925494,
                272.2000000011176,
                268.5,
                228.69999999925494,
                226.7000000011176,
                269.5,
                264.2999999988824,
                235.2000000011176,
                221.59999999962747,
                275,
                223,
                268.5,
                226.7000000011176,
                275.40000000037253,
                281.59999999962747,
                255.09999999962747,
                274.80000000074506,
                222.30000000074506,
                232.80000000074506,
                271.80000000074506,
                274.30000000074506,
                281.5,
                225,
                228.30000000074506,
                228.59999999962747,
                267.09999999962747,
                272.59999999962747,
                220.89999999850988,
                270.09999999962747,
                276,
                282.69999999925494,
                272.19999999925494,
                272.80000000074506,
                276.5,
                266.59999999962747,
                271.2000000011176,
                270.90000000037253,
                278.6000000014901,
                268.30000000074506,
                272.8999999985099,
                270.40000000037253,
                261.90000000037253,
                143.19999999925494,
                268.5,
                215.19999999925494
              ]
            }
          },
          "workerKernelStates": [
            {
              "epoch": "seedlands:classic-canonical-runtime-v11:1",
              "lane": "fluid",
              "index": 0,
              "status": "off",
              "requestedArtifact": "simd",
              "effectiveArtifact": "off",
              "selected": [],
              "reason": "no-selected-kernel"
            },
            {
              "epoch": "seedlands:classic-canonical-runtime-v11:1",
              "lane": "general",
              "index": 1,
              "status": "matched",
              "requestedArtifact": "simd",
              "effectiveArtifact": "simd",
              "selected": [
                "w02",
                "w03",
                "w04",
                "w05",
                "w06"
              ],
              "artifactSha256": "c1a763778c4eb4873772cf480c758f8b18cbc77beee80c933dda6b2fd19e4b2c"
            }
          ],
          "workerActivity": [
            {
              "lane": "fluid",
              "index": 0,
              "status": "idle",
              "taskId": null,
              "taskCategory": null,
              "taskAgeMs": null,
              "sampledAtMs": 91787.90000000037,
              "completedTasks": 128,
              "lastTaskDurationMs": 0,
              "kernel": null
            },
            {
              "lane": "general",
              "index": 1,
              "status": "idle",
              "taskId": null,
              "taskCategory": null,
              "taskAgeMs": null,
              "sampledAtMs": 95504.40000000037,
              "completedTasks": 132,
              "lastTaskDurationMs": 215.19999999925494,
              "kernel": {
                "calls": 2182,
                "failures": 0,
                "memoryBytes": 18874368,
                "durationMs": 11.599999997764826,
                "failed": false
              }
            }
          ]
        },
        "fluidFeedback": {
          "count": 0,
          "pending": false,
          "pendingSample": null,
          "p50Ms": 0,
          "p95Ms": 0,
          "p99Ms": 0,
          "maxMs": 0,
          "samples": []
        },
        "waterTransitions": {
          "activeCount": 0,
          "active": [],
          "recent": [
            {
              "chunkKey": "2,0,0",
              "targetRevision": 5,
              "traceId": "trace-67",
              "geometry": {
                "mode": "surface-morph",
                "patchCount": 46,
                "retainedPatchCount": 0,
                "addedPatchCount": 46,
                "removedPatchCount": 0,
                "visibleWaterMeshCount": 1,
                "opacityCrossfade": false
              },
              "progress": 1,
              "frameCount": 9,
              "completed": true,
              "superseded": false,
              "progressSamples": [
                0,
                0.15388888888474966,
                0.29888888888268006,
                0.4399999999958608,
                0.6016666666604579,
                0.7411111111131807,
                0.8888888888888888,
                1,
                1
              ]
            },
            {
              "chunkKey": "2,0,-1",
              "targetRevision": 10,
              "traceId": "trace-69",
              "geometry": {
                "mode": "surface-morph",
                "patchCount": 124,
                "retainedPatchCount": 0,
                "addedPatchCount": 124,
                "removedPatchCount": 0,
                "visibleWaterMeshCount": 1,
                "opacityCrossfade": false
              },
              "progress": 1,
              "frameCount": 9,
              "completed": true,
              "superseded": false,
              "progressSamples": [
                0,
                0.15444444444858366,
                0.3211111111152503,
                0.47722222222429184,
                0.6305555555555555,
                0.775,
                0.9244444444465141,
                1,
                1
              ]
            },
            {
              "chunkKey": "2,1,-1",
              "targetRevision": 0,
              "traceId": "trace-70",
              "geometry": {
                "mode": "surface-morph",
                "patchCount": 24,
                "retainedPatchCount": 0,
                "addedPatchCount": 24,
                "removedPatchCount": 0,
                "visibleWaterMeshCount": 1,
                "opacityCrossfade": false
              },
              "progress": 1,
              "frameCount": 9,
              "completed": true,
              "superseded": false,
              "progressSamples": [
                0,
                0.15166666666045786,
                0.2883333333250549,
                0.4444444444444444,
                0.5883333333250549,
                0.7299999999917216,
                0.8711111111049022,
                1,
                1
              ]
            },
            {
              "chunkKey": "2,0,0",
              "targetRevision": 25,
              "traceId": "trace-78",
              "geometry": {
                "mode": "surface-morph",
                "patchCount": 768,
                "retainedPatchCount": 45,
                "addedPatchCount": 722,
                "removedPatchCount": 1,
                "visibleWaterMeshCount": 1,
                "opacityCrossfade": false
              },
              "progress": 1,
              "frameCount": 9,
              "completed": true,
              "superseded": false,
              "progressSamples": [
                0,
                0.14222222222015263,
                0.299444444436166,
                0.437222222218083,
                0.5866666666645971,
                0.7227777777757082,
                0.8699999999979304,
                1,
                1
              ]
            },
            {
              "chunkKey": "1,0,0",
              "targetRevision": 35,
              "traceId": "trace-72",
              "geometry": {
                "mode": "surface-morph",
                "patchCount": 226,
                "retainedPatchCount": 0,
                "addedPatchCount": 226,
                "removedPatchCount": 0,
                "visibleWaterMeshCount": 1,
                "opacityCrossfade": false
              },
              "progress": 1,
              "frameCount": 10,
              "completed": true,
              "superseded": false,
              "progressSamples": [
                0,
                0.14222222222015263,
                0.28277777777984736,
                0.40944444444030526,
                0.5522222222242918,
                0.6850000000041392,
                0.8088888888868193,
                0.9455555555514163,
                1,
                1
              ]
            },
            {
              "chunkKey": "1,1,0",
              "targetRevision": 0,
              "traceId": "trace-73",
              "geometry": {
                "mode": "surface-morph",
                "patchCount": 9,
                "retainedPatchCount": 0,
                "addedPatchCount": 9,
                "removedPatchCount": 0,
                "visibleWaterMeshCount": 1,
                "opacityCrossfade": false
              },
              "progress": 1,
              "frameCount": 10,
              "completed": true,
              "superseded": false,
              "progressSamples": [
                0,
                0.14888888888268006,
                0.2861111111111111,
                0.4172222222201526,
                0.5577777777694993,
                0.7011111111069719,
                0.8477777777757082,
                0.9799999999917216,
                1,
                1
              ]
            },
            {
              "chunkKey": "1,0,-1",
              "targetRevision": 8,
              "traceId": "trace-74",
              "geometry": {
                "mode": "surface-morph",
                "patchCount": 78,
                "retainedPatchCount": 0,
                "addedPatchCount": 78,
                "removedPatchCount": 0,
                "visibleWaterMeshCount": 1,
                "opacityCrossfade": false
              },
              "progress": 1,
              "frameCount": 10,
              "completed": true,
              "superseded": false,
              "progressSamples": [
                0,
                0.14166666666666666,
                0.2972222222222222,
                0.4238888888930281,
                0.5672222222201526,
                0.7016666666708059,
                0.8311111111090415,
                0.9638888888888889,
                1,
                1
              ]
            },
            {
              "chunkKey": "2,0,-1",
              "targetRevision": 34,
              "traceId": "trace-77",
              "geometry": {
                "mode": "surface-morph",
                "patchCount": 577,
                "retainedPatchCount": 121,
                "addedPatchCount": 453,
                "removedPatchCount": 3,
                "visibleWaterMeshCount": 1,
                "opacityCrossfade": false
              },
              "progress": 1,
              "frameCount": 10,
              "completed": true,
              "superseded": false,
              "progressSamples": [
                0,
                0.14666666666873626,
                0.28222222222636145,
                0.4227777777757082,
                0.5655555555596947,
                0.7083333333333334,
                0.8461111111152503,
                0.9922222222201527,
                1,
                1
              ]
            },
            {
              "chunkKey": "2,0,0",
              "targetRevision": 40,
              "traceId": "trace-79",
              "geometry": {
                "mode": "surface-morph",
                "patchCount": 910,
                "retainedPatchCount": 590,
                "addedPatchCount": 143,
                "removedPatchCount": 177,
                "visibleWaterMeshCount": 1,
                "opacityCrossfade": false
              },
              "progress": 1,
              "frameCount": 9,
              "completed": true,
              "superseded": false,
              "progressSamples": [
                0,
                0.1399999999958608,
                0.2772222222242918,
                0.41944444444444445,
                0.5611111111111111,
                0.6961111111152504,
                0.8422222222201526,
                1,
                1
              ]
            },
            {
              "chunkKey": "1,0,0",
              "targetRevision": 43,
              "traceId": "trace-80",
              "geometry": {
                "mode": "surface-morph",
                "patchCount": 237,
                "retainedPatchCount": 189,
                "addedPatchCount": 11,
                "removedPatchCount": 37,
                "visibleWaterMeshCount": 1,
                "opacityCrossfade": false
              },
              "progress": 1,
              "frameCount": 9,
              "completed": true,
              "superseded": false,
              "progressSamples": [
                0,
                0.1527777777777778,
                0.29111111110283266,
                0.4366666666645971,
                0.5705555555514163,
                0.7222222222222222,
                0.8638888888888889,
                1,
                1
              ]
            },
            {
              "chunkKey": "2,1,-1",
              "targetRevision": 0,
              "traceId": "trace-83",
              "geometry": {
                "mode": "surface-morph",
                "patchCount": 24,
                "retainedPatchCount": 0,
                "addedPatchCount": 0,
                "removedPatchCount": 24,
                "visibleWaterMeshCount": 1,
                "opacityCrossfade": false
              },
              "progress": 1,
              "frameCount": 10,
              "completed": true,
              "superseded": false,
              "progressSamples": [
                0,
                0.14166666666666666,
                0.28444444444030526,
                0.4183333333271245,
                0.5777777777777777,
                0.7111111111111111,
                0.8527777777777777,
                0.9905555555493467,
                1,
                1
              ]
            },
            {
              "chunkKey": "1,1,0",
              "targetRevision": 0,
              "traceId": "trace-84",
              "geometry": {
                "mode": "surface-morph",
                "patchCount": 9,
                "retainedPatchCount": 0,
                "addedPatchCount": 0,
                "removedPatchCount": 9,
                "visibleWaterMeshCount": 1,
                "opacityCrossfade": false
              },
              "progress": 1,
              "frameCount": 10,
              "completed": true,
              "superseded": false,
              "progressSamples": [
                0,
                0.14444444444444443,
                0.29444444444444445,
                0.43166666666252745,
                0.5716666666583883,
                0.7161111111028327,
                0.8522222222139438,
                0.9988888888826801,
                1,
                1
              ]
            },
            {
              "chunkKey": "2,0,-1",
              "targetRevision": 64,
              "traceId": "trace-90",
              "geometry": {
                "mode": "surface-morph",
                "patchCount": 579,
                "retainedPatchCount": 446,
                "addedPatchCount": 5,
                "removedPatchCount": 128,
                "visibleWaterMeshCount": 1,
                "opacityCrossfade": false
              },
              "progress": 1,
              "frameCount": 9,
              "completed": true,
              "superseded": false,
              "progressSamples": [
                0,
                0.14666666665838823,
                0.2916666666666667,
                0.450555555553486,
                0.5938888888806104,
                0.7355555555472771,
                0.89888888888268,
                1,
                1
              ]
            },
            {
              "chunkKey": "2,0,0",
              "targetRevision": 79,
              "traceId": "trace-88",
              "geometry": {
                "mode": "surface-morph",
                "patchCount": 751,
                "retainedPatchCount": 548,
                "addedPatchCount": 18,
                "removedPatchCount": 185,
                "visibleWaterMeshCount": 1,
                "opacityCrossfade": false
              },
              "progress": 1,
              "frameCount": 9,
              "completed": true,
              "superseded": false,
              "progressSamples": [
                0,
                0.14333333333747256,
                0.27944444444858363,
                0.42555555555348595,
                0.5672222222201526,
                0.7211111111152503,
                0.8677777777736385,
                1,
                1
              ]
            },
            {
              "chunkKey": "1,0,0",
              "targetRevision": 80,
              "traceId": "trace-89",
              "geometry": {
                "mode": "surface-morph",
                "patchCount": 202,
                "retainedPatchCount": 173,
                "addedPatchCount": 2,
                "removedPatchCount": 27,
                "visibleWaterMeshCount": 1,
                "opacityCrossfade": false
              },
              "progress": 1,
              "frameCount": 9,
              "completed": true,
              "superseded": false,
              "progressSamples": [
                0,
                0.15944444444030523,
                0.30833333333333335,
                0.5294444444382356,
                0.6899999999958608,
                0.8233333333291941,
                0.9694444444444444,
                1,
                1
              ]
            },
            {
              "chunkKey": "2,0,-1",
              "targetRevision": 89,
              "traceId": "trace-95",
              "geometry": {
                "mode": "surface-morph",
                "patchCount": 459,
                "retainedPatchCount": 359,
                "addedPatchCount": 8,
                "removedPatchCount": 92,
                "visibleWaterMeshCount": 1,
                "opacityCrossfade": false
              },
              "progress": 1,
              "frameCount": 9,
              "completed": true,
              "superseded": false,
              "progressSamples": [
                0,
                0.1511111111069719,
                0.2911111111131807,
                0.424444444446514,
                0.5633333333354029,
                0.7044444444485837,
                0.85,
                1,
                1
              ]
            },
            {
              "chunkKey": "1,0,-1",
              "targetRevision": 13,
              "traceId": "trace-92",
              "geometry": {
                "mode": "surface-morph",
                "patchCount": 78,
                "retainedPatchCount": 57,
                "addedPatchCount": 0,
                "removedPatchCount": 21,
                "visibleWaterMeshCount": 1,
                "opacityCrossfade": false
              },
              "progress": 1,
              "frameCount": 10,
              "completed": true,
              "superseded": false,
              "progressSamples": [
                0,
                0.137777777781917,
                0.2800000000020696,
                0.425,
                0.5550000000020696,
                0.6966666666687362,
                0.8311111111090415,
                0.9688888888909585,
                1,
                1
              ]
            },
            {
              "chunkKey": "2,0,0",
              "targetRevision": 100,
              "traceId": "trace-98",
              "geometry": {
                "mode": "surface-morph",
                "patchCount": 601,
                "retainedPatchCount": 419,
                "addedPatchCount": 35,
                "removedPatchCount": 147,
                "visibleWaterMeshCount": 1,
                "opacityCrossfade": false
              },
              "progress": 1,
              "frameCount": 9,
              "completed": true,
              "superseded": false,
              "progressSamples": [
                0,
                0.14277777777363856,
                0.30499999999172156,
                0.44555555555141635,
                0.587222222218083,
                0.7205555555514164,
                0.874444444436166,
                1,
                1
              ]
            },
            {
              "chunkKey": "1,0,0",
              "targetRevision": 100,
              "traceId": "trace-100",
              "geometry": {
                "mode": "surface-morph",
                "patchCount": 183,
                "retainedPatchCount": 164,
                "addedPatchCount": 8,
                "removedPatchCount": 11,
                "visibleWaterMeshCount": 1,
                "opacityCrossfade": false
              },
              "progress": 1,
              "frameCount": 10,
              "completed": true,
              "superseded": false,
              "progressSamples": [
                0,
                0.1449999999979304,
                0.28888888888888886,
                0.42777777777777776,
                0.5777777777777777,
                0.7138888888888889,
                0.849444444446514,
                0.9983333333291942,
                1,
                1
              ]
            },
            {
              "chunkKey": "2,0,-1",
              "targetRevision": 110,
              "traceId": "trace-102",
              "geometry": {
                "mode": "surface-morph",
                "patchCount": 373,
                "retainedPatchCount": 119,
                "addedPatchCount": 6,
                "removedPatchCount": 248,
                "visibleWaterMeshCount": 1,
                "opacityCrossfade": false
              },
              "progress": 1,
              "frameCount": 10,
              "completed": true,
              "superseded": false,
              "progressSamples": [
                0,
                0.137222222218083,
                0.2894444444423748,
                0.4233333333291941,
                0.5661111111131807,
                0.7066666666625274,
                0.8505555555534859,
                0.9916666666666667,
                1,
                1
              ]
            },
            {
              "chunkKey": "1,0,-1",
              "targetRevision": 22,
              "traceId": "trace-97",
              "geometry": {
                "mode": "surface-morph",
                "patchCount": 60,
                "retainedPatchCount": 20,
                "addedPatchCount": 3,
                "removedPatchCount": 37,
                "visibleWaterMeshCount": 1,
                "opacityCrossfade": false
              },
              "progress": 1,
              "frameCount": 9,
              "completed": true,
              "superseded": false,
              "progressSamples": [
                0,
                0.14277777777363856,
                0.27833333333126375,
                0.450555555553486,
                0.5894444444423749,
                0.7394444444423749,
                0.8772222222242918,
                1,
                1
              ]
            },
            {
              "chunkKey": "2,0,0",
              "targetRevision": 121,
              "traceId": "trace-99",
              "geometry": {
                "mode": "surface-morph",
                "patchCount": 454,
                "retainedPatchCount": 50,
                "addedPatchCount": 0,
                "removedPatchCount": 404,
                "visibleWaterMeshCount": 1,
                "opacityCrossfade": false
              },
              "progress": 1,
              "frameCount": 10,
              "completed": true,
              "superseded": false,
              "progressSamples": [
                0,
                0.14666666666873626,
                0.2738888888826801,
                0.412222222218083,
                0.5411111111131807,
                0.6638888888888889,
                0.8050000000020696,
                0.9361111111111111,
                1,
                1
              ]
            },
            {
              "chunkKey": "1,0,0",
              "targetRevision": 111,
              "traceId": "trace-101",
              "geometry": {
                "mode": "surface-morph",
                "patchCount": 172,
                "retainedPatchCount": 0,
                "addedPatchCount": 0,
                "removedPatchCount": 172,
                "visibleWaterMeshCount": 1,
                "opacityCrossfade": false
              },
              "progress": 1,
              "frameCount": 9,
              "completed": true,
              "superseded": false,
              "progressSamples": [
                0,
                0.1311111111090415,
                0.2833333333333333,
                0.4199999999979304,
                0.5761111111173199,
                0.7177777777839865,
                0.861666666664597,
                1,
                1
              ]
            },
            {
              "chunkKey": "2,0,-1",
              "targetRevision": 120,
              "traceId": "trace-103",
              "geometry": {
                "mode": "surface-morph",
                "patchCount": 125,
                "retainedPatchCount": 0,
                "addedPatchCount": 0,
                "removedPatchCount": 125,
                "visibleWaterMeshCount": 1,
                "opacityCrossfade": false
              },
              "progress": 1,
              "frameCount": 10,
              "completed": true,
              "superseded": false,
              "progressSamples": [
                0,
                0.14611111111525033,
                0.2677777777839866,
                0.40333333334161175,
                0.5588888888971673,
                0.7177777777839865,
                0.849444444446514,
                0.987222222228431,
                1,
                1
              ]
            },
            {
              "chunkKey": "1,0,-1",
              "targetRevision": 24,
              "traceId": "trace-104",
              "geometry": {
                "mode": "surface-morph",
                "patchCount": 23,
                "retainedPatchCount": 0,
                "addedPatchCount": 0,
                "removedPatchCount": 23,
                "visibleWaterMeshCount": 1,
                "opacityCrossfade": false
              },
              "progress": 1,
              "frameCount": 10,
              "completed": true,
              "superseded": false,
              "progressSamples": [
                0,
                0.15333333333126373,
                0.2811111111090415,
                0.4288888888950977,
                0.5566666666728755,
                0.6938888888909585,
                0.8183333333374725,
                0.9477777777757082,
                1,
                1
              ]
            },
            {
              "chunkKey": "2,0,0",
              "targetRevision": 123,
              "traceId": "trace-105",
              "geometry": {
                "mode": "surface-morph",
                "patchCount": 50,
                "retainedPatchCount": 0,
                "addedPatchCount": 0,
                "removedPatchCount": 50,
                "visibleWaterMeshCount": 1,
                "opacityCrossfade": false
              },
              "progress": 1,
              "frameCount": 8,
              "completed": true,
              "superseded": false,
              "progressSamples": [
                0,
                0.24833333332919413,
                0.4383333333250549,
                0.6049999999917216,
                0.7644444444423748,
                0.913333333325055,
                1,
                1
              ]
            }
          ]
        },
        "ui": {
          "runtime": "svelte5",
          "shellPublishCount": 63,
          "hudPublishCount": 205,
          "interactionPublishCount": 343,
          "debugProjectionCount": 380,
          "debugPublishCount": 382,
          "staleUpdateCount": 0,
          "coalescedUpdateCount": 19814,
          "domCommitCount": 899,
          "projectionDurationMs": 838.8999999798834,
          "publishDurationMs": 19.700000001117587,
          "domCommitDurationMs": 1131.8999999910593,
          "debugProjectionRate": 3.4768435779111657,
          "totalPublishRate": 9.032434903462342
        },
        "gameplay": {
          "entityCount": 5,
          "worldItemCount": 0,
          "creatureCount": 4,
          "npcCount": 0,
          "nearbyVisitedBucketCount": 27,
          "nearbyCandidateCount": 2,
          "nearbyReturnedCount": 2,
          "inventoryOperationCount": 35,
          "gameplayEventCount": 3701,
          "snapshotBytes": 55096,
          "retainedActorCount": 4,
          "activeActorCount": 2,
          "behaviorEvaluationCount": 0,
          "navigationPlanCount": 0,
          "navigationExpandedNodeCount": 0,
          "pathRecomputeCount": 0,
          "actionCompletionCount": 13,
          "actionFailureCount": 0,
          "actionInterruptionCount": 0,
          "perceptionLineOfSightCheckCount": 0,
          "simulationTime": 209.5,
          "presentedEntityCount": 4
        },
        "breakingOverlay": null,
        "viewmodel": {
          "isolatedLayer": true
        },
        "visualEffects": {
          "activeLocalLights": 0,
          "shadowedLocalLights": 0,
          "localLightLimit": 0,
          "localShadowLimit": 0,
          "sunShadows": false,
          "sunShadowResolution": 0,
          "reflectionEnabled": false,
          "reflectionActive": false,
          "reflectionResolution": 0,
          "reflectionFrameInterval": 0,
          "reflectionRenderCount": 0,
          "waterPlaneY": null,
          "postProcessing": false,
          "shadowUpdateCount": 0,
          "shadowStableFrameCount": 5225,
          "blockLightReady": true,
          "blockLightSourceRevision": 142,
          "blockLightRebuildCount": 1259
        },
        "water": {
          "bodyFraction": 0,
          "wading": false,
          "swimming": false,
          "cameraSubmerged": false,
          "cameraDepth": null,
          "waterSurfaceY": null,
          "underwaterBlend": 0
        }
      },
      "logicEvidence": []
    },
    {
      "schemaVersion": 1,
      "status": "FAIL",
      "attempt": 0,
      "test": "非 Classic Playbook 从锁定 production artifact 启动并消费自定义 worldgen/voxel/presentation",
      "project": "chromium",
      "benchmark": false,
      "stages": {},
      "errors": [],
      "current": null,
      "logicEvidence": []
    }
  ]
}
