{
  "schemaVersion": 1,
  "status": "FAIL",
  "attempts": [
    {
      "schemaVersion": 1,
      "status": "FAIL",
      "attempt": 0,
      "test": "Classic 生产旅程以真实输入完成 C0-C5，并复用同一运行时性能场景",
      "project": "chromium",
      "benchmark": false,
      "stages": {
        "C0": {
          "status": "PASS",
          "observation": "Production preview loaded the fixed seed with a stamped Classic composition, Authority/logic/persistence/compute Workers, consumed Wasm bytes and an actual WebGL2 context."
        },
        "C1": {
          "status": "PASS",
          "observation": "Pointer Lock mouse movement changed the route, then held W+Space crossed from Chunk 0 to Chunk 1 and Authority acknowledged it."
        },
        "C2": {
          "status": "PASS",
          "observation": "Mouse mining produced visible drops; movement picked them up; E opened inventory and real 2x2 pointer interactions produced planks, sticks, a wood sword and a workbench."
        },
        "C3": {
          "status": "PASS",
          "observation": "Right click placed crafted planks with a consumed mesh commit; inventory food restored health; held real mouse input buffered and completed the wood-sword second combo hit before defeating the fixed creature; a crafted workbench was placed, opened through the station runtime, then dismantled and recovered through real actions."
        }
      },
      "errors": [
        "Error: Real mouse input could not aim at 80,31,2; last targets=[\"84,31,2\",\"84,30,1\",\"84,31,2\",\"84,30,1\",\"84,31,2\",\"84,30,1\",\"84,31,2\",\"84,30,1\",\"84,31,2\",\"84,30,1\",\"84,31,2\",\"84,30,1\"]."
      ],
      "current": {
        "frameMs": 16,
        "player": [
          80.65967559814453,
          32.599998474121094,
          -0.4997326731681824
        ],
        "viewAngles": [
          -481.16999999999973,
          -17.689999999999987
        ],
        "streamCenter": [
          2,
          -1
        ],
        "loadedChunks": 30,
        "renderedChunks": 19,
        "generationQueue": 0,
        "meshingQueue": 0,
        "deferredRemeshes": 0,
        "onGround": true,
        "colliding": false,
        "interactionAttempts": 29,
        "mutationCount": 4274,
        "worldRevision": 157,
        "structuralEventCount": 157,
        "remeshSchedulingCount": 152,
        "lastCommitMutationCount": 1,
        "lastCommitMeshChunkCount": 2,
        "storageBytes": 41562831,
        "worldTime": 23.56199999998752,
        "timePaused": false,
        "quality": "low",
        "triangles": 110982,
        "drawCalls": 34,
        "blockLightBricks": 30,
        "blockLightAllocatedBytes": 7864320,
        "blockLightRebuildCount": 2045,
        "collisionDebug": {
          "enabled": false,
          "entityCount": 0,
          "meshCount": 0,
          "materialCount": 0,
          "visibleBatchCount": 0,
          "vertexCapacity": 0,
          "buildCount": 0,
          "authorityRequestCount": 0
        },
        "runtime": "authority-worker",
        "workers": {
          "total": 5,
          "authority": 1,
          "logic": 1,
          "persistence": 1,
          "fluid": 1,
          "general": 1
        },
        "authority": {
          "physicsHz": 60,
          "paused": true,
          "physicsTick": 17508,
          "integratedPhysicsTimeMs": 291799.9999999735,
          "acknowledgedInputSequence": 10687,
          "physicsDebtMs": 10.30000004003523,
          "activeTimeMs": 291810.30000001355,
          "commitSequence": 96156,
          "physicsCost": {
            "count": 17508,
            "capacity": 256,
            "samplesMs": [
              0.39999999990686774,
              0.30000000004656613,
              0.5,
              0.5,
              0.39999999990686774,
              0.39999999990686774,
              0.4000000001396984,
              0.5,
              0.5,
              0.5,
              0.30000000004656613,
              0.5,
              0.5,
              0.5,
              0.4000000001396984,
              0.5,
              0.5,
              0.39999999990686774,
              0.5999999998603016,
              0.5,
              0.5,
              0.39999999990686774,
              0.39999999990686774,
              0.5,
              0.39999999990686774,
              0.30000000004656613,
              0.39999999990686774,
              0.5,
              0.5,
              0.4000000001396984,
              0.39999999990686774,
              0.5,
              0.5999999998603016,
              0.39999999990686774,
              0.5,
              0.5,
              0.5,
              0.39999999990686774,
              0.5,
              0.5,
              0.5,
              0.5,
              0.5,
              0.39999999990686774,
              0.4000000001396984,
              0.39999999990686774,
              0.5,
              0.30000000004656613,
              0.5,
              0.39999999990686774,
              0.5,
              0.4000000001396984,
              0.39999999990686774,
              0.39999999990686774,
              0.39999999990686774,
              0.5,
              0.5999999998603016,
              0.6000000000931323,
              0.4000000001396984,
              0.6000000000931323,
              0.5,
              0.5,
              0.5,
              0.39999999990686774,
              0.5,
              0.5,
              0.39999999990686774,
              0.4000000001396984,
              0.4000000001396984,
              0.5,
              0.5,
              0.5,
              0.30000000004656613,
              0.5,
              0.39999999990686774,
              0.30000000004656613,
              0.39999999990686774,
              0.39999999990686774,
              0.4000000001396984,
              0.30000000004656613,
              0.39999999990686774,
              0.5,
              0.30000000004656613,
              0.39999999990686774,
              0.39999999990686774,
              0.39999999990686774,
              0.4000000001396984,
              0.5,
              0.30000000004656613,
              0.4000000001396984,
              0.39999999990686774,
              0.39999999990686774,
              0.39999999990686774,
              0.4000000001396984,
              0.4000000001396984,
              0.4000000001396984,
              0.4000000001396984,
              0.4000000001396984,
              0.39999999990686774,
              0.30000000004656613,
              0.39999999990686774,
              0.2999999998137355,
              0.5,
              0.5,
              0.5,
              0.30000000004656613,
              0.39999999990686774,
              0.39999999990686774,
              0.39999999990686774,
              0.5,
              0.39999999990686774,
              0.39999999990686774,
              0.4000000001396984,
              0.39999999990686774,
              0.2999999998137355,
              0.5,
              0.39999999990686774,
              0.39999999990686774,
              0.5,
              0.39999999990686774,
              0.5,
              0.39999999990686774,
              0.4000000001396984,
              0.5,
              0.39999999990686774,
              0.39999999990686774,
              0.4000000001396984,
              0.39999999990686774,
              0.39999999990686774,
              0.4000000001396984,
              0.39999999990686774,
              0.39999999990686774,
              0.39999999990686774,
              0.39999999990686774,
              0.2999999998137355,
              0.39999999990686774,
              0.2999999998137355,
              0.5,
              0.2999999998137355,
              0.39999999990686774,
              0.5,
              0.39999999990686774,
              0.39999999990686774,
              0.5,
              0.2999999998137355,
              0.4000000001396984,
              0.5,
              0.39999999990686774,
              0.2999999998137355,
              0.4000000001396984,
              0.2999999998137355,
              0.30000000004656613,
              0.5,
              0.39999999990686774,
              0.30000000004656613,
              0.39999999990686774,
              0.4000000001396984,
              0.4000000001396984,
              0.30000000004656613,
              0.39999999990686774,
              0.39999999990686774,
              0.5,
              0.30000000004656613,
              0.39999999990686774,
              0.39999999990686774,
              0.5,
              0.5,
              0.4000000001396984,
              0.30000000004656613,
              0.39999999990686774,
              0.5,
              0.39999999990686774,
              0.5,
              0.39999999990686774,
              0.4000000001396984,
              0.4000000001396984,
              0.39999999990686774,
              0.5,
              0.5,
              0.39999999990686774,
              0.4000000001396984,
              0.30000000004656613,
              0.39999999990686774,
              0.39999999990686774,
              0.4000000001396984,
              0.39999999990686774,
              0.39999999990686774,
              0.4000000001396984,
              0.5,
              0.4000000001396984,
              0.5,
              0.5,
              0.39999999990686774,
              0.4000000001396984,
              0.39999999990686774,
              0.39999999990686774,
              0.4000000001396984,
              0.39999999990686774,
              0.4000000001396984,
              0.39999999990686774,
              0.5,
              0.30000000004656613,
              0.4000000001396984,
              0.39999999990686774,
              0.5,
              0.4000000001396984,
              0.5,
              0.4000000001396984,
              0.39999999990686774,
              0.5,
              0.39999999990686774,
              0.39999999990686774,
              0.39999999990686774,
              0.39999999990686774,
              0.30000000004656613,
              0.39999999990686774,
              0.39999999990686774,
              0.39999999990686774,
              0.30000000004656613,
              0.39999999990686774,
              0.4000000001396984,
              0.5,
              0.4000000001396984,
              0.4000000001396984,
              0.30000000004656613,
              0.30000000004656613,
              0.39999999990686774,
              0.4000000001396984,
              0.4000000001396984,
              0.4000000001396984,
              0.5,
              0.39999999990686774,
              0.39999999990686774,
              0.5,
              0.5,
              0.4000000001396984,
              0.5,
              0.5,
              0.39999999990686774,
              0.4000000001396984,
              0.39999999990686774,
              0.39999999990686774,
              0.4000000001396984,
              0.30000000004656613,
              0.39999999990686774,
              0.4000000001396984,
              0.30000000004656613,
              0.5,
              0.39999999990686774,
              0.5999999998603016,
              0.39999999990686774,
              0.39999999990686774,
              0.39999999990686774,
              0.30000000004656613,
              0.39999999990686774,
              0.39999999990686774
            ]
          },
          "fluid": {
            "pendingCellCount": 0,
            "inFlightLeaseCount": 0,
            "acceptedCandidateCount": 128,
            "rejectedCandidateCount": 0,
            "returnedLeaseCount": 0,
            "issuedLeaseCount": 128,
            "settledLeaseCount": 128
          },
          "residency": {
            "residentCount": 67,
            "target": 256,
            "hardLimit": 2048,
            "pinnedCount": 36,
            "dirtyCount": 0,
            "evictableCleanCount": 31,
            "evictionCount": 0,
            "rejectedAdmissionCount": 0,
            "oversubscribed": false,
            "autoSaveInFlight": false,
            "autoSaveFailureCount": 0,
            "nextRetryActiveTimeMs": 0,
            "lastSaveError": null
          },
          "bodies": {
            "total": 8,
            "actors": 8,
            "worldItems": 0,
            "nearPlayer": 2
          },
          "snapshotRejections": {
            "wrong-epoch": 0,
            "duplicate": 2774,
            "physics-tick-regressed": 0,
            "commit-regressed": 0,
            "ack-regressed": 0
          }
        },
        "logic": {
          "blockStartedCount": 0,
          "blockCompletedCount": 0,
          "observationInFlight": true,
          "pendingObservationCount": 0,
          "submittedObservationCount": 4539,
          "receivedBatchCount": 4538,
          "completedBatchCount": 4538,
          "rejectedBatchCount": 0,
          "lastRoundTripMs": 0.19999999995343387
        },
        "trajectory": [
          {
            "physicsTick": 17170,
            "activeTimeMs": 286172.70000001346,
            "position": [
              80.65967901730194,
              32.6,
              -0.49973268325525055
            ]
          },
          {
            "physicsTick": 17171,
            "activeTimeMs": 286189.5000000135,
            "position": [
              80.65967901730194,
              32.6,
              -0.49973268325525055
            ]
          },
          {
            "physicsTick": 17172,
            "activeTimeMs": 286211.4000000134,
            "position": [
              80.65967901730194,
              32.6,
              -0.49973268325525055
            ]
          },
          {
            "physicsTick": 17174,
            "activeTimeMs": 286237.80000001355,
            "position": [
              80.65967901730194,
              32.6,
              -0.49973268325525055
            ]
          },
          {
            "physicsTick": 17175,
            "activeTimeMs": 286258.30000001355,
            "position": [
              80.65967901730194,
              32.6,
              -0.49973268325525055
            ]
          },
          {
            "physicsTick": 17176,
            "activeTimeMs": 286275.70000001346,
            "position": [
              80.65967901730194,
              32.6,
              -0.49973268325525055
            ]
          },
          {
            "physicsTick": 17178,
            "activeTimeMs": 286302.30000001355,
            "position": [
              80.65967901730194,
              32.6,
              -0.49973268325525055
            ]
          },
          {
            "physicsTick": 17179,
            "activeTimeMs": 286322.5000000135,
            "position": [
              80.65967901730194,
              32.6,
              -0.49973268325525055
            ]
          },
          {
            "physicsTick": 17181,
            "activeTimeMs": 286350.9000000134,
            "position": [
              80.65967901730194,
              32.6,
              -0.49973268325525055
            ]
          },
          {
            "physicsTick": 17182,
            "activeTimeMs": 286372.70000001346,
            "position": [
              80.65967901730194,
              32.6,
              -0.49973268325525055
            ]
          },
          {
            "physicsTick": 17183,
            "activeTimeMs": 286389.60000001336,
            "position": [
              80.65967901730194,
              32.6,
              -0.49973268325525055
            ]
          },
          {
            "physicsTick": 17184,
            "activeTimeMs": 286410.5000000135,
            "position": [
              80.65967901730194,
              32.6,
              -0.49973268325525055
            ]
          },
          {
            "physicsTick": 17185,
            "activeTimeMs": 286427.20000001346,
            "position": [
              80.65967901730194,
              32.6,
              -0.49973268325525055
            ]
          },
          {
            "physicsTick": 17186,
            "activeTimeMs": 286444.0000000135,
            "position": [
              80.65967901730194,
              32.6,
              -0.49973268325525055
            ]
          },
          {
            "physicsTick": 17188,
            "activeTimeMs": 286469.9000000134,
            "position": [
              80.65967901730194,
              32.6,
              -0.49973268325525055
            ]
          },
          {
            "physicsTick": 17189,
            "activeTimeMs": 286487.0000000135,
            "position": [
              80.65967901730194,
              32.6,
              -0.49973268325525055
            ]
          },
          {
            "physicsTick": 17190,
            "activeTimeMs": 286507.30000001355,
            "position": [
              80.65967901730194,
              32.6,
              -0.49973268325525055
            ]
          },
          {
            "physicsTick": 17192,
            "activeTimeMs": 286534.80000001355,
            "position": [
              80.65967901730194,
              32.6,
              -0.49973268325525055
            ]
          },
          {
            "physicsTick": 17193,
            "activeTimeMs": 286554.20000001346,
            "position": [
              80.65967901730194,
              32.6,
              -0.49973268325525055
            ]
          },
          {
            "physicsTick": 17194,
            "activeTimeMs": 286571.60000001336,
            "position": [
              80.65967901730194,
              32.6,
              -0.49973268325525055
            ]
          },
          {
            "physicsTick": 17195,
            "activeTimeMs": 286589.5000000135,
            "position": [
              80.65967901730194,
              32.6,
              -0.49973268325525055
            ]
          },
          {
            "physicsTick": 17196,
            "activeTimeMs": 286611.80000001355,
            "position": [
              80.65967901730194,
              32.6,
              -0.49973268325525055
            ]
          },
          {
            "physicsTick": 17198,
            "activeTimeMs": 286637.80000001355,
            "position": [
              80.65967901730194,
              32.6,
              -0.49973268325525055
            ]
          },
          {
            "physicsTick": 17199,
            "activeTimeMs": 286659.70000001346,
            "position": [
              80.65967901730194,
              32.6,
              -0.49973268325525055
            ]
          },
          {
            "physicsTick": 17201,
            "activeTimeMs": 286686.0000000135,
            "position": [
              80.65967901730194,
              32.6,
              -0.49973268325525055
            ]
          },
          {
            "physicsTick": 17202,
            "activeTimeMs": 286706.80000001355,
            "position": [
              80.65967901730194,
              32.6,
              -0.49973268325525055
            ]
          },
          {
            "physicsTick": 17203,
            "activeTimeMs": 286723.80000001355,
            "position": [
              80.65967901730194,
              32.6,
              -0.49973268325525055
            ]
          },
          {
            "physicsTick": 17205,
            "activeTimeMs": 286750.20000001346,
            "position": [
              80.65967901730194,
              32.6,
              -0.49973268325525055
            ]
          },
          {
            "physicsTick": 17206,
            "activeTimeMs": 286772.0000000135,
            "position": [
              80.65967901730194,
              32.6,
              -0.49973268325525055
            ]
          },
          {
            "physicsTick": 17207,
            "activeTimeMs": 286789.5000000135,
            "position": [
              80.65967901730194,
              32.6,
              -0.49973268325525055
            ]
          },
          {
            "physicsTick": 17208,
            "activeTimeMs": 286810.60000001336,
            "position": [
              80.65967901730194,
              32.6,
              -0.49973268325525055
            ]
          },
          {
            "physicsTick": 17209,
            "activeTimeMs": 286828.10000001336,
            "position": [
              80.65967901730194,
              32.6,
              -0.49973268325525055
            ]
          },
          {
            "physicsTick": 17211,
            "activeTimeMs": 286854.60000001336,
            "position": [
              80.65967901730194,
              32.6,
              -0.49973268325525055
            ]
          },
          {
            "physicsTick": 17212,
            "activeTimeMs": 286875.4000000134,
            "position": [
              80.65967901730194,
              32.6,
              -0.49973268325525055
            ]
          },
          {
            "physicsTick": 17214,
            "activeTimeMs": 286903.10000001336,
            "position": [
              80.65967901730194,
              32.6,
              -0.49973268325525055
            ]
          },
          {
            "physicsTick": 17215,
            "activeTimeMs": 286922.70000001346,
            "position": [
              80.65967901730194,
              32.6,
              -0.49973268325525055
            ]
          },
          {
            "physicsTick": 17216,
            "activeTimeMs": 286939.60000001336,
            "position": [
              80.65967901730194,
              32.6,
              -0.49973268325525055
            ]
          },
          {
            "physicsTick": 17217,
            "activeTimeMs": 286962.20000001346,
            "position": [
              80.65967901730194,
              32.6,
              -0.49973268325525055
            ]
          },
          {
            "physicsTick": 17219,
            "activeTimeMs": 286987.20000001346,
            "position": [
              80.65967901730194,
              32.6,
              -0.49973268325525055
            ]
          },
          {
            "physicsTick": 17220,
            "activeTimeMs": 287005.9000000134,
            "position": [
              80.65967901730194,
              32.6,
              -0.49973268325525055
            ]
          },
          {
            "physicsTick": 17221,
            "activeTimeMs": 287027.60000001336,
            "position": [
              80.65967901730194,
              32.6,
              -0.49973268325525055
            ]
          },
          {
            "physicsTick": 17223,
            "activeTimeMs": 287054.20000001346,
            "position": [
              80.65967901730194,
              32.6,
              -0.49973268325525055
            ]
          },
          {
            "physicsTick": 17224,
            "activeTimeMs": 287075.70000001346,
            "position": [
              80.65967901730194,
              32.6,
              -0.49973268325525055
            ]
          },
          {
            "physicsTick": 17225,
            "activeTimeMs": 287099.30000001355,
            "position": [
              80.65967901730194,
              32.6,
              -0.49973268325525055
            ]
          },
          {
            "physicsTick": 17227,
            "activeTimeMs": 287122.70000001346,
            "position": [
              80.65967901730194,
              32.6,
              -0.49973268325525055
            ]
          },
          {
            "physicsTick": 17229,
            "activeTimeMs": 287150.4000000134,
            "position": [
              80.65967901730194,
              32.6,
              -0.49973268325525055
            ]
          },
          {
            "physicsTick": 17230,
            "activeTimeMs": 287171.80000001355,
            "position": [
              80.65967901730194,
              32.6,
              -0.49973268325525055
            ]
          },
          {
            "physicsTick": 17231,
            "activeTimeMs": 287189.4000000134,
            "position": [
              80.65967901730194,
              32.6,
              -0.49973268325525055
            ]
          },
          {
            "physicsTick": 17232,
            "activeTimeMs": 287206.20000001346,
            "position": [
              80.65967901730194,
              32.6,
              -0.49973268325525055
            ]
          },
          {
            "physicsTick": 17233,
            "activeTimeMs": 287227.80000001355,
            "position": [
              80.65967901730194,
              32.6,
              -0.49973268325525055
            ]
          },
          {
            "physicsTick": 17235,
            "activeTimeMs": 287254.0000000135,
            "position": [
              80.65967901730194,
              32.6,
              -0.49973268325525055
            ]
          },
          {
            "physicsTick": 17236,
            "activeTimeMs": 287275.70000001346,
            "position": [
              80.65967901730194,
              32.6,
              -0.49973268325525055
            ]
          },
          {
            "physicsTick": 17238,
            "activeTimeMs": 287302.9000000134,
            "position": [
              80.65967901730194,
              32.6,
              -0.49973268325525055
            ]
          },
          {
            "physicsTick": 17239,
            "activeTimeMs": 287322.70000001346,
            "position": [
              80.65967901730194,
              32.6,
              -0.49973268325525055
            ]
          },
          {
            "physicsTick": 17240,
            "activeTimeMs": 287347.9000000134,
            "position": [
              80.65967901730194,
              32.6,
              -0.49973268325525055
            ]
          },
          {
            "physicsTick": 17242,
            "activeTimeMs": 287372.70000001346,
            "position": [
              80.65967901730194,
              32.6,
              -0.49973268325525055
            ]
          },
          {
            "physicsTick": 17243,
            "activeTimeMs": 287394.70000001346,
            "position": [
              80.65967901730194,
              32.6,
              -0.49973268325525055
            ]
          },
          {
            "physicsTick": 17245,
            "activeTimeMs": 287422.0000000135,
            "position": [
              80.65967901730194,
              32.6,
              -0.49973268325525055
            ]
          },
          {
            "physicsTick": 17246,
            "activeTimeMs": 287443.9000000134,
            "position": [
              80.65967901730194,
              32.6,
              -0.49973268325525055
            ]
          },
          {
            "physicsTick": 17248,
            "activeTimeMs": 287469.9000000134,
            "position": [
              80.65967901730194,
              32.6,
              -0.49973268325525055
            ]
          },
          {
            "physicsTick": 17249,
            "activeTimeMs": 287486.60000001336,
            "position": [
              80.65967901730194,
              32.6,
              -0.49973268325525055
            ]
          },
          {
            "physicsTick": 17250,
            "activeTimeMs": 287506.60000001336,
            "position": [
              80.65967901730194,
              32.6,
              -0.49973268325525055
            ]
          },
          {
            "physicsTick": 17252,
            "activeTimeMs": 287534.80000001355,
            "position": [
              80.65967901730194,
              32.6,
              -0.49973268325525055
            ]
          },
          {
            "physicsTick": 17253,
            "activeTimeMs": 287556.20000001346,
            "position": [
              80.65967901730194,
              32.6,
              -0.49973268325525055
            ]
          },
          {
            "physicsTick": 17254,
            "activeTimeMs": 287582.20000001346,
            "position": [
              80.65967901730194,
              32.6,
              -0.49973268325525055
            ]
          },
          {
            "physicsTick": 17256,
            "activeTimeMs": 287606.20000001346,
            "position": [
              80.65967901730194,
              32.6,
              -0.49973268325525055
            ]
          },
          {
            "physicsTick": 17257,
            "activeTimeMs": 287628.5000000135,
            "position": [
              80.65967901730194,
              32.6,
              -0.49973268325525055
            ]
          },
          {
            "physicsTick": 17259,
            "activeTimeMs": 287654.5000000135,
            "position": [
              80.65967901730194,
              32.6,
              -0.49973268325525055
            ]
          },
          {
            "physicsTick": 17260,
            "activeTimeMs": 287675.60000001336,
            "position": [
              80.65967901730194,
              32.6,
              -0.49973268325525055
            ]
          },
          {
            "physicsTick": 17261,
            "activeTimeMs": 287695.5000000135,
            "position": [
              80.65967901730194,
              32.6,
              -0.49973268325525055
            ]
          },
          {
            "physicsTick": 17262,
            "activeTimeMs": 287715.20000001346,
            "position": [
              80.65967901730194,
              32.6,
              -0.49973268325525055
            ]
          },
          {
            "physicsTick": 17264,
            "activeTimeMs": 287735.10000001336,
            "position": [
              80.65967901730194,
              32.6,
              -0.49973268325525055
            ]
          },
          {
            "physicsTick": 17265,
            "activeTimeMs": 287754.60000001336,
            "position": [
              80.65967901730194,
              32.6,
              -0.49973268325525055
            ]
          },
          {
            "physicsTick": 17266,
            "activeTimeMs": 287771.4000000134,
            "position": [
              80.65967901730194,
              32.6,
              -0.49973268325525055
            ]
          },
          {
            "physicsTick": 17267,
            "activeTimeMs": 287789.4000000134,
            "position": [
              80.65967901730194,
              32.6,
              -0.49973268325525055
            ]
          },
          {
            "physicsTick": 17268,
            "activeTimeMs": 287810.5000000135,
            "position": [
              80.65967901730194,
              32.6,
              -0.49973268325525055
            ]
          },
          {
            "physicsTick": 17269,
            "activeTimeMs": 287828.70000001346,
            "position": [
              80.65967901730194,
              32.6,
              -0.49973268325525055
            ]
          },
          {
            "physicsTick": 17271,
            "activeTimeMs": 287854.0000000135,
            "position": [
              80.65967901730194,
              32.6,
              -0.49973268325525055
            ]
          },
          {
            "physicsTick": 17272,
            "activeTimeMs": 287870.70000001346,
            "position": [
              80.65967901730194,
              32.6,
              -0.49973268325525055
            ]
          },
          {
            "physicsTick": 17273,
            "activeTimeMs": 287890.9000000134,
            "position": [
              80.65967901730194,
              32.6,
              -0.49973268325525055
            ]
          },
          {
            "physicsTick": 17274,
            "activeTimeMs": 287916.4000000134,
            "position": [
              80.65967901730194,
              32.6,
              -0.49973268325525055
            ]
          },
          {
            "physicsTick": 17276,
            "activeTimeMs": 287938.80000001355,
            "position": [
              80.65967901730194,
              32.6,
              -0.49973268325525055
            ]
          },
          {
            "physicsTick": 17277,
            "activeTimeMs": 287956.20000001346,
            "position": [
              80.65967901730194,
              32.6,
              -0.49973268325525055
            ]
          },
          {
            "physicsTick": 17278,
            "activeTimeMs": 287982.10000001336,
            "position": [
              80.65967901730194,
              32.6,
              -0.49973268325525055
            ]
          },
          {
            "physicsTick": 17280,
            "activeTimeMs": 288005.9000000134,
            "position": [
              80.65967901730194,
              32.6,
              -0.49973268325525055
            ]
          },
          {
            "physicsTick": 17281,
            "activeTimeMs": 288029.70000001346,
            "position": [
              80.65967901730194,
              32.6,
              -0.49973268325525055
            ]
          },
          {
            "physicsTick": 17283,
            "activeTimeMs": 288053.30000001355,
            "position": [
              80.65967901730194,
              32.6,
              -0.49973268325525055
            ]
          },
          {
            "physicsTick": 17284,
            "activeTimeMs": 288075.60000001336,
            "position": [
              80.65967901730194,
              32.6,
              -0.49973268325525055
            ]
          },
          {
            "physicsTick": 17286,
            "activeTimeMs": 288102.4000000134,
            "position": [
              80.65967901730194,
              32.6,
              -0.49973268325525055
            ]
          },
          {
            "physicsTick": 17287,
            "activeTimeMs": 288123.10000001336,
            "position": [
              80.65967901730194,
              32.6,
              -0.49973268325525055
            ]
          },
          {
            "physicsTick": 17288,
            "activeTimeMs": 288146.70000001346,
            "position": [
              80.65967901730194,
              32.6,
              -0.49973268325525055
            ]
          },
          {
            "physicsTick": 17289,
            "activeTimeMs": 288164.0000000135,
            "position": [
              80.65967901730194,
              32.6,
              -0.49973268325525055
            ]
          },
          {
            "physicsTick": 17291,
            "activeTimeMs": 288187.4000000134,
            "position": [
              80.65967901730194,
              32.6,
              -0.49973268325525055
            ]
          },
          {
            "physicsTick": 17292,
            "activeTimeMs": 288206.10000001336,
            "position": [
              80.65967901730194,
              32.6,
              -0.49973268325525055
            ]
          },
          {
            "physicsTick": 17293,
            "activeTimeMs": 288228.80000001355,
            "position": [
              80.65967901730194,
              32.6,
              -0.49973268325525055
            ]
          },
          {
            "physicsTick": 17295,
            "activeTimeMs": 288254.4000000134,
            "position": [
              80.65967901730194,
              32.6,
              -0.49973268325525055
            ]
          },
          {
            "physicsTick": 17296,
            "activeTimeMs": 288276.20000001346,
            "position": [
              80.65967901730194,
              32.6,
              -0.49973268325525055
            ]
          },
          {
            "physicsTick": 17298,
            "activeTimeMs": 288302.5000000135,
            "position": [
              80.65967901730194,
              32.6,
              -0.49973268325525055
            ]
          },
          {
            "physicsTick": 17299,
            "activeTimeMs": 288322.30000001355,
            "position": [
              80.65967901730194,
              32.6,
              -0.49973268325525055
            ]
          },
          {
            "physicsTick": 17300,
            "activeTimeMs": 288348.30000001355,
            "position": [
              80.65967901730194,
              32.6,
              -0.49973268325525055
            ]
          },
          {
            "physicsTick": 17302,
            "activeTimeMs": 288372.80000001355,
            "position": [
              80.65967901730194,
              32.6,
              -0.49973268325525055
            ]
          },
          {
            "physicsTick": 17303,
            "activeTimeMs": 288396.60000001336,
            "position": [
              80.65967901730194,
              32.6,
              -0.49973268325525055
            ]
          },
          {
            "physicsTick": 17305,
            "activeTimeMs": 288422.60000001336,
            "position": [
              80.65967901730194,
              32.6,
              -0.49973268325525055
            ]
          },
          {
            "physicsTick": 17306,
            "activeTimeMs": 288443.30000001355,
            "position": [
              80.65967901730194,
              32.6,
              -0.49973268325525055
            ]
          },
          {
            "physicsTick": 17308,
            "activeTimeMs": 288470.80000001355,
            "position": [
              80.65967901730194,
              32.6,
              -0.49973268325525055
            ]
          },
          {
            "physicsTick": 17309,
            "activeTimeMs": 288491.0000000135,
            "position": [
              80.65967901730194,
              32.6,
              -0.49973268325525055
            ]
          },
          {
            "physicsTick": 17311,
            "activeTimeMs": 288517.80000001355,
            "position": [
              80.65967901730194,
              32.6,
              -0.49973268325525055
            ]
          },
          {
            "physicsTick": 17312,
            "activeTimeMs": 288535.10000001336,
            "position": [
              80.65967901730194,
              32.6,
              -0.49973268325525055
            ]
          },
          {
            "physicsTick": 17313,
            "activeTimeMs": 288554.80000001355,
            "position": [
              80.65967901730194,
              32.6,
              -0.49973268325525055
            ]
          },
          {
            "physicsTick": 17314,
            "activeTimeMs": 288572.9000000134,
            "position": [
              80.65967901730194,
              32.6,
              -0.49973268325525055
            ]
          },
          {
            "physicsTick": 17315,
            "activeTimeMs": 288598.5000000135,
            "position": [
              80.65967901730194,
              32.6,
              -0.49973268325525055
            ]
          },
          {
            "physicsTick": 17317,
            "activeTimeMs": 288622.10000001336,
            "position": [
              80.65967901730194,
              32.6,
              -0.49973268325525055
            ]
          },
          {
            "physicsTick": 17318,
            "activeTimeMs": 288643.10000001336,
            "position": [
              80.65967901730194,
              32.6,
              -0.49973268325525055
            ]
          },
          {
            "physicsTick": 17320,
            "activeTimeMs": 288667.4000000134,
            "position": [
              80.65967901730194,
              32.6,
              -0.49973268325525055
            ]
          },
          {
            "physicsTick": 17321,
            "activeTimeMs": 288686.4000000134,
            "position": [
              80.65967901730194,
              32.6,
              -0.49973268325525055
            ]
          },
          {
            "physicsTick": 17322,
            "activeTimeMs": 288706.20000001346,
            "position": [
              80.65967901730194,
              32.6,
              -0.49973268325525055
            ]
          },
          {
            "physicsTick": 17324,
            "activeTimeMs": 288733.70000001346,
            "position": [
              80.65967901730194,
              32.6,
              -0.49973268325525055
            ]
          },
          {
            "physicsTick": 17325,
            "activeTimeMs": 288754.5000000135,
            "position": [
              80.65967901730194,
              32.6,
              -0.49973268325525055
            ]
          },
          {
            "physicsTick": 17326,
            "activeTimeMs": 288772.20000001346,
            "position": [
              80.65967901730194,
              32.6,
              -0.49973268325525055
            ]
          },
          {
            "physicsTick": 17327,
            "activeTimeMs": 288789.30000001355,
            "position": [
              80.65967901730194,
              32.6,
              -0.49973268325525055
            ]
          },
          {
            "physicsTick": 17328,
            "activeTimeMs": 288810.9000000134,
            "position": [
              80.65967901730194,
              32.6,
              -0.49973268325525055
            ]
          },
          {
            "physicsTick": 17329,
            "activeTimeMs": 288827.70000001346,
            "position": [
              80.65967901730194,
              32.6,
              -0.49973268325525055
            ]
          },
          {
            "physicsTick": 17331,
            "activeTimeMs": 288854.30000001355,
            "position": [
              80.65967901730194,
              32.6,
              -0.49973268325525055
            ]
          },
          {
            "physicsTick": 17332,
            "activeTimeMs": 288875.5000000135,
            "position": [
              80.65967901730194,
              32.6,
              -0.49973268325525055
            ]
          },
          {
            "physicsTick": 17334,
            "activeTimeMs": 288901.70000001346,
            "position": [
              80.65967901730194,
              32.6,
              -0.49973268325525055
            ]
          },
          {
            "physicsTick": 17335,
            "activeTimeMs": 288922.70000001346,
            "position": [
              80.65967901730194,
              32.6,
              -0.49973268325525055
            ]
          },
          {
            "physicsTick": 17337,
            "activeTimeMs": 288950.4000000134,
            "position": [
              80.65967901730194,
              32.6,
              -0.49973268325525055
            ]
          },
          {
            "physicsTick": 17338,
            "activeTimeMs": 288972.60000001336,
            "position": [
              80.65967901730194,
              32.6,
              -0.49973268325525055
            ]
          },
          {
            "physicsTick": 17339,
            "activeTimeMs": 288998.60000001336,
            "position": [
              80.65967901730194,
              32.6,
              -0.49973268325525055
            ]
          },
          {
            "physicsTick": 17341,
            "activeTimeMs": 289022.60000001336,
            "position": [
              80.65967901730194,
              32.6,
              -0.49973268325525055
            ]
          },
          {
            "physicsTick": 17342,
            "activeTimeMs": 289043.9000000134,
            "position": [
              80.65967901730194,
              32.6,
              -0.49973268325525055
            ]
          },
          {
            "physicsTick": 17344,
            "activeTimeMs": 289069.70000001346,
            "position": [
              80.65967901730194,
              32.6,
              -0.49973268325525055
            ]
          },
          {
            "physicsTick": 17345,
            "activeTimeMs": 289091.80000001355,
            "position": [
              80.65967901730194,
              32.6,
              -0.49973268325525055
            ]
          },
          {
            "physicsTick": 17347,
            "activeTimeMs": 289117.9000000134,
            "position": [
              80.65967901730194,
              32.6,
              -0.49973268325525055
            ]
          },
          {
            "physicsTick": 17348,
            "activeTimeMs": 289139.20000001346,
            "position": [
              80.65967901730194,
              32.6,
              -0.49973268325525055
            ]
          },
          {
            "physicsTick": 17349,
            "activeTimeMs": 289162.9000000134,
            "position": [
              80.65967901730194,
              32.6,
              -0.49973268325525055
            ]
          },
          {
            "physicsTick": 17351,
            "activeTimeMs": 289189.30000001355,
            "position": [
              80.65967901730194,
              32.6,
              -0.49973268325525055
            ]
          },
          {
            "physicsTick": 17352,
            "activeTimeMs": 289210.60000001336,
            "position": [
              80.65967901730194,
              32.6,
              -0.49973268325525055
            ]
          },
          {
            "physicsTick": 17353,
            "activeTimeMs": 289227.4000000134,
            "position": [
              80.65967901730194,
              32.6,
              -0.49973268325525055
            ]
          },
          {
            "physicsTick": 17355,
            "activeTimeMs": 289254.10000001336,
            "position": [
              80.65967901730194,
              32.6,
              -0.49973268325525055
            ]
          },
          {
            "physicsTick": 17356,
            "activeTimeMs": 289275.20000001346,
            "position": [
              80.65967901730194,
              32.6,
              -0.49973268325525055
            ]
          },
          {
            "physicsTick": 17358,
            "activeTimeMs": 289302.60000001336,
            "position": [
              80.65967901730194,
              32.6,
              -0.49973268325525055
            ]
          },
          {
            "physicsTick": 17359,
            "activeTimeMs": 289322.60000001336,
            "position": [
              80.65967901730194,
              32.6,
              -0.49973268325525055
            ]
          },
          {
            "physicsTick": 17360,
            "activeTimeMs": 289347.10000001336,
            "position": [
              80.65967901730194,
              32.6,
              -0.49973268325525055
            ]
          },
          {
            "physicsTick": 17362,
            "activeTimeMs": 289372.5000000135,
            "position": [
              80.65967901730194,
              32.6,
              -0.49973268325525055
            ]
          },
          {
            "physicsTick": 17363,
            "activeTimeMs": 289389.30000001355,
            "position": [
              80.65967901730194,
              32.6,
              -0.49973268325525055
            ]
          },
          {
            "physicsTick": 17364,
            "activeTimeMs": 289411.5000000135,
            "position": [
              80.65967901730194,
              32.6,
              -0.49973268325525055
            ]
          },
          {
            "physicsTick": 17366,
            "activeTimeMs": 289437.70000001346,
            "position": [
              80.65967901730194,
              32.6,
              -0.49973268325525055
            ]
          },
          {
            "physicsTick": 17367,
            "activeTimeMs": 289458.70000001346,
            "position": [
              80.65967901730194,
              32.6,
              -0.49973268325525055
            ]
          },
          {
            "physicsTick": 17368,
            "activeTimeMs": 289475.9000000134,
            "position": [
              80.65967901730194,
              32.6,
              -0.49973268325525055
            ]
          },
          {
            "physicsTick": 17370,
            "activeTimeMs": 289501.30000001355,
            "position": [
              80.65967901730194,
              32.6,
              -0.49973268325525055
            ]
          },
          {
            "physicsTick": 17371,
            "activeTimeMs": 289522.60000001336,
            "position": [
              80.65967901730194,
              32.6,
              -0.49973268325525055
            ]
          },
          {
            "physicsTick": 17372,
            "activeTimeMs": 289547.20000001346,
            "position": [
              80.65967901730194,
              32.6,
              -0.49973268325525055
            ]
          },
          {
            "physicsTick": 17374,
            "activeTimeMs": 289572.30000001355,
            "position": [
              80.65967901730194,
              32.6,
              -0.49973268325525055
            ]
          },
          {
            "physicsTick": 17375,
            "activeTimeMs": 289594.4000000134,
            "position": [
              80.65967901730194,
              32.6,
              -0.49973268325525055
            ]
          },
          {
            "physicsTick": 17377,
            "activeTimeMs": 289622.5000000135,
            "position": [
              80.65967901730194,
              32.6,
              -0.49973268325525055
            ]
          },
          {
            "physicsTick": 17378,
            "activeTimeMs": 289644.30000001355,
            "position": [
              80.65967901730194,
              32.6,
              -0.49973268325525055
            ]
          },
          {
            "physicsTick": 17380,
            "activeTimeMs": 289667.30000001355,
            "position": [
              80.65967901730194,
              32.6,
              -0.49973268325525055
            ]
          },
          {
            "physicsTick": 17381,
            "activeTimeMs": 289686.10000001336,
            "position": [
              80.65967901730194,
              32.6,
              -0.49973268325525055
            ]
          },
          {
            "physicsTick": 17382,
            "activeTimeMs": 289707.20000001346,
            "position": [
              80.65967901730194,
              32.6,
              -0.49973268325525055
            ]
          },
          {
            "physicsTick": 17384,
            "activeTimeMs": 289734.70000001346,
            "position": [
              80.65967901730194,
              32.6,
              -0.49973268325525055
            ]
          },
          {
            "physicsTick": 17385,
            "activeTimeMs": 289755.20000001346,
            "position": [
              80.65967901730194,
              32.6,
              -0.49973268325525055
            ]
          },
          {
            "physicsTick": 17386,
            "activeTimeMs": 289782.60000001336,
            "position": [
              80.65967901730194,
              32.6,
              -0.49973268325525055
            ]
          },
          {
            "physicsTick": 17388,
            "activeTimeMs": 289803.20000001346,
            "position": [
              80.65967901730194,
              32.6,
              -0.49973268325525055
            ]
          },
          {
            "physicsTick": 17389,
            "activeTimeMs": 289821.80000001355,
            "position": [
              80.65967901730194,
              32.6,
              -0.49973268325525055
            ]
          },
          {
            "physicsTick": 17390,
            "activeTimeMs": 289839.10000001336,
            "position": [
              80.65967901730194,
              32.6,
              -0.49973268325525055
            ]
          },
          {
            "physicsTick": 17391,
            "activeTimeMs": 289859.30000001355,
            "position": [
              80.65967901730194,
              32.6,
              -0.49973268325525055
            ]
          },
          {
            "physicsTick": 17392,
            "activeTimeMs": 289883.20000001346,
            "position": [
              80.65967901730194,
              32.6,
              -0.49973268325525055
            ]
          },
          {
            "physicsTick": 17394,
            "activeTimeMs": 289901.60000001336,
            "position": [
              80.65967901730194,
              32.6,
              -0.49973268325525055
            ]
          },
          {
            "physicsTick": 17395,
            "activeTimeMs": 289918.30000001355,
            "position": [
              80.65967901730194,
              32.6,
              -0.49973268325525055
            ]
          },
          {
            "physicsTick": 17396,
            "activeTimeMs": 289939.4000000134,
            "position": [
              80.65967901730194,
              32.6,
              -0.49973268325525055
            ]
          },
          {
            "physicsTick": 17397,
            "activeTimeMs": 289963.70000001346,
            "position": [
              80.65967901730194,
              32.6,
              -0.49973268325525055
            ]
          },
          {
            "physicsTick": 17398,
            "activeTimeMs": 289982.0000000135,
            "position": [
              80.65967901730194,
              32.6,
              -0.49973268325525055
            ]
          },
          {
            "physicsTick": 17400,
            "activeTimeMs": 290004.80000001355,
            "position": [
              80.65967901730194,
              32.6,
              -0.49973268325525055
            ]
          },
          {
            "physicsTick": 17401,
            "activeTimeMs": 290022.20000001346,
            "position": [
              80.65967901730194,
              32.6,
              -0.49973268325525055
            ]
          },
          {
            "physicsTick": 17402,
            "activeTimeMs": 290043.20000001346,
            "position": [
              80.65967901730194,
              32.6,
              -0.49973268325525055
            ]
          },
          {
            "physicsTick": 17403,
            "activeTimeMs": 290061.10000001336,
            "position": [
              80.65967901730194,
              32.6,
              -0.49973268325525055
            ]
          },
          {
            "physicsTick": 17405,
            "activeTimeMs": 290086.10000001336,
            "position": [
              80.65967901730194,
              32.6,
              -0.49973268325525055
            ]
          },
          {
            "physicsTick": 17406,
            "activeTimeMs": 290106.30000001355,
            "position": [
              80.65967901730194,
              32.6,
              -0.49973268325525055
            ]
          },
          {
            "physicsTick": 17407,
            "activeTimeMs": 290124.20000001346,
            "position": [
              80.65967901730194,
              32.6,
              -0.49973268325525055
            ]
          },
          {
            "physicsTick": 17408,
            "activeTimeMs": 290148.60000001336,
            "position": [
              80.65967901730194,
              32.6,
              -0.49973268325525055
            ]
          },
          {
            "physicsTick": 17410,
            "activeTimeMs": 290172.60000001336,
            "position": [
              80.65967901730194,
              32.6,
              -0.49973268325525055
            ]
          },
          {
            "physicsTick": 17411,
            "activeTimeMs": 290198.5000000135,
            "position": [
              80.65967901730194,
              32.6,
              -0.49973268325525055
            ]
          },
          {
            "physicsTick": 17413,
            "activeTimeMs": 290222.30000001355,
            "position": [
              80.65967901730194,
              32.6,
              -0.49973268325525055
            ]
          },
          {
            "physicsTick": 17414,
            "activeTimeMs": 290245.10000001336,
            "position": [
              80.65967901730194,
              32.6,
              -0.49973268325525055
            ]
          },
          {
            "physicsTick": 17416,
            "activeTimeMs": 290267.20000001346,
            "position": [
              80.65967901730194,
              32.6,
              -0.49973268325525055
            ]
          },
          {
            "physicsTick": 17417,
            "activeTimeMs": 290284.20000001346,
            "position": [
              80.65967901730194,
              32.6,
              -0.49973268325525055
            ]
          },
          {
            "physicsTick": 17418,
            "activeTimeMs": 290302.5000000135,
            "position": [
              80.65967901730194,
              32.6,
              -0.49973268325525055
            ]
          },
          {
            "physicsTick": 17419,
            "activeTimeMs": 290323.70000001346,
            "position": [
              80.65967901730194,
              32.6,
              -0.49973268325525055
            ]
          },
          {
            "physicsTick": 17421,
            "activeTimeMs": 290350.60000001336,
            "position": [
              80.65967901730194,
              32.6,
              -0.49973268325525055
            ]
          },
          {
            "physicsTick": 17422,
            "activeTimeMs": 290371.70000001346,
            "position": [
              80.65967901730194,
              32.6,
              -0.49973268325525055
            ]
          },
          {
            "physicsTick": 17423,
            "activeTimeMs": 290388.80000001355,
            "position": [
              80.65967901730194,
              32.6,
              -0.49973268325525055
            ]
          },
          {
            "physicsTick": 17424,
            "activeTimeMs": 290411.0000000135,
            "position": [
              80.65967901730194,
              32.6,
              -0.49973268325525055
            ]
          },
          {
            "physicsTick": 17425,
            "activeTimeMs": 290428.80000001355,
            "position": [
              80.65967901730194,
              32.6,
              -0.49973268325525055
            ]
          },
          {
            "physicsTick": 17427,
            "activeTimeMs": 290454.0000000135,
            "position": [
              80.65967901730194,
              32.6,
              -0.49973268325525055
            ]
          },
          {
            "physicsTick": 17428,
            "activeTimeMs": 290474.9000000134,
            "position": [
              80.65967901730194,
              32.6,
              -0.49973268325525055
            ]
          },
          {
            "physicsTick": 17430,
            "activeTimeMs": 290502.80000001355,
            "position": [
              80.65967901730194,
              32.6,
              -0.49973268325525055
            ]
          },
          {
            "physicsTick": 17431,
            "activeTimeMs": 290522.5000000135,
            "position": [
              80.65967901730194,
              32.6,
              -0.49973268325525055
            ]
          },
          {
            "physicsTick": 17432,
            "activeTimeMs": 290539.20000001346,
            "position": [
              80.65967901730194,
              32.6,
              -0.49973268325525055
            ]
          },
          {
            "physicsTick": 17433,
            "activeTimeMs": 290563.5000000135,
            "position": [
              80.65967901730194,
              32.6,
              -0.49973268325525055
            ]
          },
          {
            "physicsTick": 17434,
            "activeTimeMs": 290582.10000001336,
            "position": [
              80.65967901730194,
              32.6,
              -0.49973268325525055
            ]
          },
          {
            "physicsTick": 17436,
            "activeTimeMs": 290604.30000001355,
            "position": [
              80.65967901730194,
              32.6,
              -0.49973268325525055
            ]
          },
          {
            "physicsTick": 17437,
            "activeTimeMs": 290622.60000001336,
            "position": [
              80.65967901730194,
              32.6,
              -0.49973268325525055
            ]
          },
          {
            "physicsTick": 17438,
            "activeTimeMs": 290645.60000001336,
            "position": [
              80.65967901730194,
              32.6,
              -0.49973268325525055
            ]
          },
          {
            "physicsTick": 17440,
            "activeTimeMs": 290670.60000001336,
            "position": [
              80.65967901730194,
              32.6,
              -0.49973268325525055
            ]
          },
          {
            "physicsTick": 17441,
            "activeTimeMs": 290690.80000001355,
            "position": [
              80.65967901730194,
              32.6,
              -0.49973268325525055
            ]
          },
          {
            "physicsTick": 17442,
            "activeTimeMs": 290714.4000000134,
            "position": [
              80.65967901730194,
              32.6,
              -0.49973268325525055
            ]
          },
          {
            "physicsTick": 17444,
            "activeTimeMs": 290733.5000000135,
            "position": [
              80.65967901730194,
              32.6,
              -0.49973268325525055
            ]
          },
          {
            "physicsTick": 17445,
            "activeTimeMs": 290755.80000001355,
            "position": [
              80.65967901730194,
              32.6,
              -0.49973268325525055
            ]
          },
          {
            "physicsTick": 17446,
            "activeTimeMs": 290772.60000001336,
            "position": [
              80.65967901730194,
              32.6,
              -0.49973268325525055
            ]
          },
          {
            "physicsTick": 17447,
            "activeTimeMs": 290795.20000001346,
            "position": [
              80.65967901730194,
              32.6,
              -0.49973268325525055
            ]
          },
          {
            "physicsTick": 17449,
            "activeTimeMs": 290822.10000001336,
            "position": [
              80.65967901730194,
              32.6,
              -0.49973268325525055
            ]
          },
          {
            "physicsTick": 17450,
            "activeTimeMs": 290844.70000001346,
            "position": [
              80.65967901730194,
              32.6,
              -0.49973268325525055
            ]
          },
          {
            "physicsTick": 17452,
            "activeTimeMs": 290869.80000001355,
            "position": [
              80.65967901730194,
              32.6,
              -0.49973268325525055
            ]
          },
          {
            "physicsTick": 17453,
            "activeTimeMs": 290891.4000000134,
            "position": [
              80.65967901730194,
              32.6,
              -0.49973268325525055
            ]
          },
          {
            "physicsTick": 17455,
            "activeTimeMs": 290918.4000000134,
            "position": [
              80.65967901730194,
              32.6,
              -0.49973268325525055
            ]
          },
          {
            "physicsTick": 17456,
            "activeTimeMs": 290939.10000001336,
            "position": [
              80.65967901730194,
              32.6,
              -0.49973268325525055
            ]
          },
          {
            "physicsTick": 17457,
            "activeTimeMs": 290963.4000000134,
            "position": [
              80.65967901730194,
              32.6,
              -0.49973268325525055
            ]
          },
          {
            "physicsTick": 17458,
            "activeTimeMs": 290981.9000000134,
            "position": [
              80.65967901730194,
              32.6,
              -0.49973268325525055
            ]
          },
          {
            "physicsTick": 17460,
            "activeTimeMs": 291004.4000000134,
            "position": [
              80.65967901730194,
              32.6,
              -0.49973268325525055
            ]
          },
          {
            "physicsTick": 17461,
            "activeTimeMs": 291027.30000001355,
            "position": [
              80.65967901730194,
              32.6,
              -0.49973268325525055
            ]
          },
          {
            "physicsTick": 17462,
            "activeTimeMs": 291045.20000001346,
            "position": [
              80.65967901730194,
              32.6,
              -0.49973268325525055
            ]
          },
          {
            "physicsTick": 17464,
            "activeTimeMs": 291070.5000000135,
            "position": [
              80.65967901730194,
              32.6,
              -0.49973268325525055
            ]
          },
          {
            "physicsTick": 17465,
            "activeTimeMs": 291092.10000001336,
            "position": [
              80.65967901730194,
              32.6,
              -0.49973268325525055
            ]
          },
          {
            "physicsTick": 17467,
            "activeTimeMs": 291117.9000000134,
            "position": [
              80.65967901730194,
              32.6,
              -0.49973268325525055
            ]
          },
          {
            "physicsTick": 17468,
            "activeTimeMs": 291139.20000001346,
            "position": [
              80.65967901730194,
              32.6,
              -0.49973268325525055
            ]
          },
          {
            "physicsTick": 17469,
            "activeTimeMs": 291163.4000000134,
            "position": [
              80.65967901730194,
              32.6,
              -0.49973268325525055
            ]
          },
          {
            "physicsTick": 17470,
            "activeTimeMs": 291182.0000000135,
            "position": [
              80.65967901730194,
              32.6,
              -0.49973268325525055
            ]
          },
          {
            "physicsTick": 17472,
            "activeTimeMs": 291204.20000001346,
            "position": [
              80.65967901730194,
              32.6,
              -0.49973268325525055
            ]
          },
          {
            "physicsTick": 17473,
            "activeTimeMs": 291229.60000001336,
            "position": [
              80.65967901730194,
              32.6,
              -0.49973268325525055
            ]
          },
          {
            "physicsTick": 17475,
            "activeTimeMs": 291254.0000000135,
            "position": [
              80.65967901730194,
              32.6,
              -0.49973268325525055
            ]
          },
          {
            "physicsTick": 17476,
            "activeTimeMs": 291275.5000000135,
            "position": [
              80.65967901730194,
              32.6,
              -0.49973268325525055
            ]
          },
          {
            "physicsTick": 17478,
            "activeTimeMs": 291301.9000000134,
            "position": [
              80.65967901730194,
              32.6,
              -0.49973268325525055
            ]
          },
          {
            "physicsTick": 17479,
            "activeTimeMs": 291322.5000000135,
            "position": [
              80.65967901730194,
              32.6,
              -0.49973268325525055
            ]
          },
          {
            "physicsTick": 17480,
            "activeTimeMs": 291349.70000001346,
            "position": [
              80.65967901730194,
              32.6,
              -0.49973268325525055
            ]
          },
          {
            "physicsTick": 17482,
            "activeTimeMs": 291372.60000001336,
            "position": [
              80.65967901730194,
              32.6,
              -0.49973268325525055
            ]
          },
          {
            "physicsTick": 17483,
            "activeTimeMs": 291396.0000000135,
            "position": [
              80.65967901730194,
              32.6,
              -0.49973268325525055
            ]
          },
          {
            "physicsTick": 17485,
            "activeTimeMs": 291422.20000001346,
            "position": [
              80.65967901730194,
              32.6,
              -0.49973268325525055
            ]
          },
          {
            "physicsTick": 17486,
            "activeTimeMs": 291443.30000001355,
            "position": [
              80.65967901730194,
              32.6,
              -0.49973268325525055
            ]
          },
          {
            "physicsTick": 17488,
            "activeTimeMs": 291469.9000000134,
            "position": [
              80.65967901730194,
              32.6,
              -0.49973268325525055
            ]
          },
          {
            "physicsTick": 17489,
            "activeTimeMs": 291492.0000000135,
            "position": [
              80.65967901730194,
              32.6,
              -0.49973268325525055
            ]
          },
          {
            "physicsTick": 17490,
            "activeTimeMs": 291515.70000001346,
            "position": [
              80.65967901730194,
              32.6,
              -0.49973268325525055
            ]
          },
          {
            "physicsTick": 17492,
            "activeTimeMs": 291533.4000000134,
            "position": [
              80.65967901730194,
              32.6,
              -0.49973268325525055
            ]
          },
          {
            "physicsTick": 17493,
            "activeTimeMs": 291555.80000001355,
            "position": [
              80.65967901730194,
              32.6,
              -0.49973268325525055
            ]
          },
          {
            "physicsTick": 17494,
            "activeTimeMs": 291579.20000001346,
            "position": [
              80.65967901730194,
              32.6,
              -0.49973268325525055
            ]
          },
          {
            "physicsTick": 17495,
            "activeTimeMs": 291597.0000000135,
            "position": [
              80.65967901730194,
              32.6,
              -0.49973268325525055
            ]
          },
          {
            "physicsTick": 17497,
            "activeTimeMs": 291621.20000001346,
            "position": [
              80.65967901730194,
              32.6,
              -0.49973268325525055
            ]
          },
          {
            "physicsTick": 17498,
            "activeTimeMs": 291645.20000001346,
            "position": [
              80.65967901730194,
              32.6,
              -0.49973268325525055
            ]
          },
          {
            "physicsTick": 17500,
            "activeTimeMs": 291670.20000001346,
            "position": [
              80.65967901730194,
              32.6,
              -0.49973268325525055
            ]
          },
          {
            "physicsTick": 17501,
            "activeTimeMs": 291696.4000000134,
            "position": [
              80.65967901730194,
              32.6,
              -0.49973268325525055
            ]
          },
          {
            "physicsTick": 17502,
            "activeTimeMs": 291716.20000001346,
            "position": [
              80.65967901730194,
              32.6,
              -0.49973268325525055
            ]
          },
          {
            "physicsTick": 17504,
            "activeTimeMs": 291735.0000000135,
            "position": [
              80.65967901730194,
              32.6,
              -0.49973268325525055
            ]
          },
          {
            "physicsTick": 17505,
            "activeTimeMs": 291755.20000001346,
            "position": [
              80.65967901730194,
              32.6,
              -0.49973268325525055
            ]
          },
          {
            "physicsTick": 17506,
            "activeTimeMs": 291772.20000001346,
            "position": [
              80.65967901730194,
              32.6,
              -0.49973268325525055
            ]
          },
          {
            "physicsTick": 17507,
            "activeTimeMs": 291795.10000001336,
            "position": [
              80.65967901730194,
              32.6,
              -0.49973268325525055
            ]
          },
          {
            "physicsTick": 17508,
            "activeTimeMs": 291810.30000001355,
            "position": [
              80.65967901730194,
              32.6,
              -0.49973268325525055
            ]
          }
        ],
        "generatorVersion": 11,
        "renderPipeline": {
          "drawUnit": "chunk-render-category",
          "batchMode": "category",
          "vertexLayout": "float16-uv-uint16-index",
          "shaderMode": "voxel-array-chunks",
          "backend": "webgl2"
        },
        "experiments": {
          "requested": {
            "renderer": "webgl2",
            "wasm": true,
            "simd": true
          },
          "kernels": [
            "w02",
            "w03",
            "w04",
            "w05",
            "w06"
          ],
          "renderer": {
            "requestedRenderer": "webgl2",
            "effectiveRenderer": "webgl2",
            "rendererStatus": "matched"
          },
          "workers": [
            {
              "epoch": "seedlands:classic-canonical-runtime-v11:1",
              "lane": "fluid",
              "index": 0,
              "status": "off",
              "requestedArtifact": "simd",
              "effectiveArtifact": "off",
              "selected": [],
              "reason": "no-selected-kernel"
            },
            {
              "epoch": "seedlands:classic-canonical-runtime-v11:1",
              "lane": "general",
              "index": 1,
              "status": "matched",
              "requestedArtifact": "simd",
              "effectiveArtifact": "simd",
              "selected": [
                "w02",
                "w03",
                "w04",
                "w05",
                "w06"
              ],
              "artifactSha256": "c1a763778c4eb4873772cf480c758f8b18cbc77beee80c933dda6b2fd19e4b2c"
            }
          ]
        },
        "serverRevision": 1,
        "voxelAtOrigin": 42,
        "serverPlayerPosition": [
          80.65967901730194,
          32.6,
          -0.49973268325525055
        ],
        "serverPlayerVelocity": [
          0,
          0,
          0
        ],
        "prediction": {
          "pendingFrames": 0,
          "lastResetReason": "authority-resync",
          "resetCounts": {
            "input-interrupted": 115,
            "collision-history-missing": 136,
            "authority-resync": 947,
            "movement-mode-changed": 26
          },
          "presentationOffset": {
            "x": 0,
            "y": 0,
            "z": 0
          }
        },
        "serverWorldTime": 23.563999999987516,
        "performance": {
          "scenarioId": "default",
          "frame": {
            "count": 1200,
            "p50Ms": 16.699999999953434,
            "p95Ms": 21.199999999953434,
            "p99Ms": 28.699999999953434,
            "maxMs": 36,
            "longFrameCount": 4,
            "lastLongFrameMs": 34.800000000046566
          },
          "chunkVisible": {
            "count": 154,
            "p50Ms": 998.4000000001397,
            "p95Ms": 15113.899999999907,
            "p99Ms": 16746.5,
            "maxMs": 17012.300000000047
          },
          "completedChunkTraces": 154,
          "traceEventCount": 1989,
          "maxMeshCommitsInFrame": 1,
          "maxMeshPartsInFrame": 2,
          "visibleAfterPostrender": true,
          "incidents": 32,
          "droppedEvents": 5103,
          "uploadQueueDepth": 0,
          "estimatedMeshBytes": 7768740
        },
        "compute": {
          "workerCount": 2,
          "fluidWorkerCount": 1,
          "generalWorkerCount": 1,
          "running": 0,
          "queued": 0,
          "queuedBytes": 0,
          "cancellationRequests": 0,
          "staleResults": 0,
          "failedTasks": 0,
          "completedTasks": 307,
          "submittedTasks": 307,
          "submittedBytes": 132415488,
          "maxQueued": 1,
          "maxQueuedBytes": 0,
          "workerTaskDuration": {
            "fluid": {
              "count": 128,
              "capacity": 256,
              "samplesMs": [
                0.6000000000931323,
                0.5,
                0.39999999990686774,
                0.5,
                0.2999999998137355,
                0.39999999990686774,
                0.39999999990686774,
                0.19999999995343387,
                0.09999999986030161,
                0.30000000004656613,
                0.19999999995343387,
                0.19999999995343387,
                0.20000000018626451,
                0.09999999986030161,
                0.2999999998137355,
                0.4000000001396984,
                0.4000000001396984,
                0.39999999990686774,
                0.30000000004656613,
                0.39999999990686774,
                0.39999999990686774,
                0.6999999999534339,
                0.2999999998137355,
                0.30000000004656613,
                0.30000000004656613,
                0.19999999995343387,
                0.4000000001396984,
                0.19999999995343387,
                0.10000000009313226,
                0.10000000009313226,
                0,
                0,
                0.09999999986030161,
                0.10000000009313226,
                0.09999999986030161,
                0.19999999995343387,
                0.30000000004656613,
                0.5,
                0.19999999995343387,
                0.19999999995343387,
                0,
                0.19999999995343387,
                0.10000000009313226,
                0.10000000009313226,
                0,
                0.20000000018626451,
                0.19999999995343387,
                0.09999999986030161,
                0.10000000009313226,
                0.19999999995343387,
                0.19999999995343387,
                0.19999999995343387,
                0,
                0.10000000009313226,
                0.19999999995343387,
                0.10000000009313226,
                0.09999999986030161,
                0.19999999995343387,
                0.09999999986030161,
                0.10000000009313226,
                0.10000000009313226,
                0.09999999986030161,
                0.10000000009313226,
                0.20000000018626451,
                0.19999999995343387,
                0.19999999995343387,
                0,
                0.09999999986030161,
                0.10000000009313226,
                0.10000000009313226,
                0,
                0.09999999986030161,
                0.10000000009313226,
                0.19999999995343387,
                0,
                0.09999999986030161,
                0.09999999986030161,
                0,
                0.19999999995343387,
                0.10000000009313226,
                0.10000000009313226,
                0.19999999995343387,
                0.09999999986030161,
                0.10000000009313226,
                0.19999999995343387,
                0.19999999995343387,
                0.09999999986030161,
                0.19999999995343387,
                0.09999999986030161,
                0.20000000018626451,
                0.19999999995343387,
                0.19999999995343387,
                0.19999999995343387,
                0.19999999995343387,
                0.19999999995343387,
                0.19999999995343387,
                0.19999999995343387,
                0.2999999998137355,
                0.30000000004656613,
                0.10000000009313226,
                0.19999999995343387,
                0.30000000004656613,
                0.39999999990686774,
                0.30000000004656613,
                0.4000000001396984,
                0.30000000004656613,
                0.19999999995343387,
                0.30000000004656613,
                0.5,
                0.20000000018626451,
                0.19999999995343387,
                0.4000000001396984,
                0.30000000004656613,
                0.20000000018626451,
                0.30000000004656613,
                0.30000000004656613,
                0.10000000009313226,
                0.19999999995343387,
                0.19999999995343387,
                0.19999999995343387,
                0.30000000004656613,
                0.09999999986030161,
                0.19999999995343387,
                0.20000000018626451,
                0.09999999986030161,
                0,
                0,
                0
              ]
            },
            "general": {
              "count": 179,
              "capacity": 256,
              "samplesMs": [
                1556.5,
                324.69999999995343,
                227.5,
                41.89999999990687,
                41.10000000009313,
                43.300000000046566,
                43.300000000046566,
                44.199999999953434,
                47.5,
                49.10000000009313,
                41.800000000046566,
                43.5999999998603,
                42.800000000046566,
                43.799999999813735,
                43.5,
                45.699999999953434,
                49.800000000046566,
                84.5,
                85.4000000001397,
                94,
                96.20000000018626,
                97.69999999995343,
                96.39999999990687,
                96.0999999998603,
                87.69999999995343,
                88.29999999981374,
                95.69999999995343,
                97.80000000004657,
                99.60000000009313,
                99.89999999990687,
                99.4000000001397,
                330.39999999990687,
                276.89999999990687,
                276.60000000009313,
                44.5999999998603,
                283.80000000004657,
                278.4000000001397,
                321.19999999995343,
                227,
                252.0999999998603,
                221.5,
                232.5,
                270.20000000018626,
                268,
                316.10000000009313,
                320.30000000004657,
                231.30000000004657,
                225.30000000004657,
                238.69999999995343,
                256.30000000004657,
                294.5999999998603,
                236.19999999995343,
                264.80000000004657,
                321.60000000009313,
                225.10000000009313,
                228.5999999998603,
                282.5,
                270.80000000004657,
                233,
                217,
                273.20000000018626,
                267.10000000009313,
                221.60000000009313,
                217.69999999995343,
                274.80000000004657,
                268,
                221.60000000009313,
                244.30000000004657,
                274.80000000004657,
                269.70000000018626,
                231.4000000001397,
                222.20000000018626,
                278,
                267.30000000004657,
                220.39999999990687,
                220.89999999990687,
                272.10000000009313,
                269.30000000004657,
                220.4000000001397,
                222.80000000004657,
                272,
                236.60000000009313,
                273.39999999990687,
                331.89999999990687,
                230.89999999990687,
                236,
                267.4000000001397,
                262.80000000004657,
                226.5999999998603,
                223.10000000009313,
                269.30000000004657,
                259.80000000004657,
                221.30000000004657,
                217.0999999998603,
                289.9000000001397,
                228.5,
                264.30000000004657,
                223.10000000009313,
                266.89999999990687,
                275.20000000018626,
                218.4000000001397,
                283.19999999995343,
                219.60000000009313,
                265.60000000009313,
                268.19999999995343,
                274.39999999990687,
                227.89999999990687,
                228.19999999995343,
                265.5,
                238.0999999998603,
                271.9000000001397,
                223.5,
                268.29999999981374,
                276.5,
                265.30000000004657,
                271.70000000018626,
                269.20000000018626,
                278.80000000004657,
                265.39999999990687,
                271.5,
                268.69999999995343,
                273,
                283.69999999995343,
                271.69999999995343,
                266.5,
                258.30000000004657,
                124.5,
                267,
                217.10000000009313,
                263.9000000001397,
                125.30000000004657,
                262.5999999998603,
                218.60000000009313,
                260.0999999998603,
                125.4000000001397,
                261.89999999990687,
                213.19999999995343,
                266.60000000009313,
                138.39999999990687,
                263.19999999995343,
                215,
                261.19999999995343,
                125.19999999995343,
                320.69999999995343,
                232.60000000009313,
                316.29999999981374,
                326,
                248.19999999995343,
                236.29999999981374,
                270.70000000018626,
                223.19999999995343,
                268.10000000009313,
                128.5,
                264.39999999990687,
                131.19999999995343,
                262.60000000009313,
                130.69999999995343,
                280.19999999995343,
                151.60000000009313,
                265.0999999998603,
                125.9000000001397,
                264.30000000004657,
                130.70000000018626,
                266.30000000004657,
                153.60000000009313,
                263.39999999990687,
                127.69999999995343,
                285.10000000009313,
                239.89999999990687,
                336,
                275.89999999990687,
                250.80000000004657,
                235.79999999981374,
                293.80000000004657,
                307.5,
                145.80000000004657,
                243.30000000004657,
                272.80000000004657,
                235
              ]
            }
          },
          "workerKernelStates": [
            {
              "epoch": "seedlands:classic-canonical-runtime-v11:1",
              "lane": "fluid",
              "index": 0,
              "status": "off",
              "requestedArtifact": "simd",
              "effectiveArtifact": "off",
              "selected": [],
              "reason": "no-selected-kernel"
            },
            {
              "epoch": "seedlands:classic-canonical-runtime-v11:1",
              "lane": "general",
              "index": 1,
              "status": "matched",
              "requestedArtifact": "simd",
              "effectiveArtifact": "simd",
              "selected": [
                "w02",
                "w03",
                "w04",
                "w05",
                "w06"
              ],
              "artifactSha256": "c1a763778c4eb4873772cf480c758f8b18cbc77beee80c933dda6b2fd19e4b2c"
            }
          ],
          "workerActivity": [
            {
              "lane": "fluid",
              "index": 0,
              "status": "idle",
              "taskId": null,
              "taskCategory": null,
              "taskAgeMs": null,
              "sampledAtMs": 87644,
              "completedTasks": 128,
              "lastTaskDurationMs": 0,
              "kernel": null
            },
            {
              "lane": "general",
              "index": 1,
              "status": "idle",
              "taskId": null,
              "taskCategory": null,
              "taskAgeMs": null,
              "sampledAtMs": 223880.80000000005,
              "completedTasks": 179,
              "lastTaskDurationMs": 235,
              "kernel": {
                "calls": 3154,
                "failures": 0,
                "memoryBytes": 18874368,
                "durationMs": 14.29999999795109,
                "failed": false
              }
            }
          ]
        },
        "fluidFeedback": {
          "count": 0,
          "pending": false,
          "pendingSample": null,
          "p50Ms": 0,
          "p95Ms": 0,
          "p99Ms": 0,
          "maxMs": 0,
          "samples": []
        },
        "waterTransitions": {
          "activeCount": 0,
          "active": [],
          "recent": [
            {
              "chunkKey": "2,0,0",
              "targetRevision": 5,
              "traceId": "trace-67",
              "geometry": {
                "mode": "surface-morph",
                "patchCount": 46,
                "retainedPatchCount": 0,
                "addedPatchCount": 46,
                "removedPatchCount": 0,
                "visibleWaterMeshCount": 1,
                "opacityCrossfade": false
              },
              "progress": 1,
              "frameCount": 9,
              "completed": true,
              "superseded": false,
              "progressSamples": [
                0,
                0.15111111111214592,
                0.2927777777788126,
                0.4444444444444444,
                0.5850000000002586,
                0.75,
                0.8900000000010349,
                1,
                1
              ]
            },
            {
              "chunkKey": "2,1,0",
              "targetRevision": 0,
              "traceId": "trace-66",
              "geometry": {
                "mode": "surface-morph",
                "patchCount": 54,
                "retainedPatchCount": 0,
                "addedPatchCount": 54,
                "removedPatchCount": 0,
                "visibleWaterMeshCount": 1,
                "opacityCrossfade": false
              },
              "progress": 1,
              "frameCount": 9,
              "completed": true,
              "superseded": false,
              "progressSamples": [
                0,
                0.1461111111100763,
                0.2938888888883715,
                0.43833333333281593,
                0.5827777777772604,
                0.7372222222219635,
                0.8827777777772604,
                1,
                1
              ]
            },
            {
              "chunkKey": "2,0,-1",
              "targetRevision": 12,
              "traceId": "trace-68",
              "geometry": {
                "mode": "surface-morph",
                "patchCount": 140,
                "retainedPatchCount": 0,
                "addedPatchCount": 140,
                "removedPatchCount": 0,
                "visibleWaterMeshCount": 1,
                "opacityCrossfade": false
              },
              "progress": 1,
              "frameCount": 9,
              "completed": true,
              "superseded": false,
              "progressSamples": [
                0,
                0.1422222222227396,
                0.3033333333338507,
                0.44555555555529686,
                0.5899999999997413,
                0.7311111111116285,
                0.874444444443927,
                1,
                1
              ]
            },
            {
              "chunkKey": "2,1,-1",
              "targetRevision": 0,
              "traceId": "trace-69",
              "geometry": {
                "mode": "surface-morph",
                "patchCount": 24,
                "retainedPatchCount": 0,
                "addedPatchCount": 24,
                "removedPatchCount": 0,
                "visibleWaterMeshCount": 1,
                "opacityCrossfade": false
              },
              "progress": 1,
              "frameCount": 9,
              "completed": true,
              "superseded": false,
              "progressSamples": [
                0,
                0.15,
                0.3227777777782952,
                0.4716666666674428,
                0.6183333333335921,
                0.7655555555558142,
                0.912222222223257,
                1,
                1
              ]
            },
            {
              "chunkKey": "2,0,0",
              "targetRevision": 26,
              "traceId": "trace-76",
              "geometry": {
                "mode": "surface-morph",
                "patchCount": 819,
                "retainedPatchCount": 45,
                "addedPatchCount": 773,
                "removedPatchCount": 1,
                "visibleWaterMeshCount": 1,
                "opacityCrossfade": false
              },
              "progress": 1,
              "frameCount": 9,
              "completed": true,
              "superseded": false,
              "progressSamples": [
                0,
                0.15055555555477945,
                0.28888888888888886,
                0.42833333333255724,
                0.5799999999994826,
                0.7350000000002587,
                0.8794444444447032,
                1,
                1
              ]
            },
            {
              "chunkKey": "1,0,0",
              "targetRevision": 36,
              "traceId": "trace-71",
              "geometry": {
                "mode": "surface-morph",
                "patchCount": 234,
                "retainedPatchCount": 0,
                "addedPatchCount": 234,
                "removedPatchCount": 0,
                "visibleWaterMeshCount": 1,
                "opacityCrossfade": false
              },
              "progress": 1,
              "frameCount": 10,
              "completed": true,
              "superseded": false,
              "progressSamples": [
                0,
                0.1411111111105937,
                0.28166666666640794,
                0.4077777777772604,
                0.5511111111108524,
                0.6916666666666667,
                0.8222222222222222,
                0.9605555555550381,
                1,
                1
              ]
            },
            {
              "chunkKey": "1,1,0",
              "targetRevision": 0,
              "traceId": "trace-72",
              "geometry": {
                "mode": "surface-morph",
                "patchCount": 9,
                "retainedPatchCount": 0,
                "addedPatchCount": 9,
                "removedPatchCount": 0,
                "visibleWaterMeshCount": 1,
                "opacityCrossfade": false
              },
              "progress": 1,
              "frameCount": 10,
              "completed": true,
              "superseded": false,
              "progressSamples": [
                0,
                0.14777777777700168,
                0.29833333333307466,
                0.42777777777777776,
                0.5699999999992239,
                0.7049999999994826,
                0.8394444444436684,
                0.9916666666666667,
                1,
                1
              ]
            },
            {
              "chunkKey": "1,0,-1",
              "targetRevision": 8,
              "traceId": "trace-73",
              "geometry": {
                "mode": "surface-morph",
                "patchCount": 78,
                "retainedPatchCount": 0,
                "addedPatchCount": 78,
                "removedPatchCount": 0,
                "visibleWaterMeshCount": 1,
                "opacityCrossfade": false
              },
              "progress": 1,
              "frameCount": 9,
              "completed": true,
              "superseded": false,
              "progressSamples": [
                0,
                0.14277777777751907,
                0.28888888888888886,
                0.4166666666666667,
                0.5627777777780365,
                0.725555555556073,
                0.8688888888883715,
                1,
                1
              ]
            },
            {
              "chunkKey": "2,0,-1",
              "targetRevision": 31,
              "traceId": "trace-80",
              "geometry": {
                "mode": "surface-morph",
                "patchCount": 577,
                "retainedPatchCount": 137,
                "addedPatchCount": 437,
                "removedPatchCount": 3,
                "visibleWaterMeshCount": 1,
                "opacityCrossfade": false
              },
              "progress": 1,
              "frameCount": 9,
              "completed": true,
              "superseded": false,
              "progressSamples": [
                0,
                0.13666666666718408,
                0.3,
                0.4361111111111111,
                0.5838888888894063,
                0.7333333333333333,
                0.8794444444447032,
                1,
                1
              ]
            },
            {
              "chunkKey": "2,0,0",
              "targetRevision": 37,
              "traceId": "trace-77",
              "geometry": {
                "mode": "surface-morph",
                "patchCount": 905,
                "retainedPatchCount": 661,
                "addedPatchCount": 87,
                "removedPatchCount": 157,
                "visibleWaterMeshCount": 1,
                "opacityCrossfade": false
              },
              "progress": 1,
              "frameCount": 9,
              "completed": true,
              "superseded": false,
              "progressSamples": [
                0,
                0.1411111111105937,
                0.29055555555452073,
                0.4288888888886302,
                0.5766666666656318,
                0.7199999999992239,
                0.856666666666408,
                1,
                1
              ]
            },
            {
              "chunkKey": "1,0,0",
              "targetRevision": 42,
              "traceId": "trace-78",
              "geometry": {
                "mode": "surface-morph",
                "patchCount": 236,
                "retainedPatchCount": 199,
                "addedPatchCount": 2,
                "removedPatchCount": 35,
                "visibleWaterMeshCount": 1,
                "opacityCrossfade": false
              },
              "progress": 1,
              "frameCount": 9,
              "completed": true,
              "superseded": false,
              "progressSamples": [
                0,
                0.1411111111105937,
                0.2838888888881128,
                0.46055555555503813,
                0.6155555555545208,
                0.7683333333322986,
                0.9161111111105937,
                1,
                1
              ]
            },
            {
              "chunkKey": "2,1,0",
              "targetRevision": 0,
              "traceId": "trace-79",
              "geometry": {
                "mode": "surface-morph",
                "patchCount": 54,
                "retainedPatchCount": 0,
                "addedPatchCount": 0,
                "removedPatchCount": 54,
                "visibleWaterMeshCount": 1,
                "opacityCrossfade": false
              },
              "progress": 1,
              "frameCount": 9,
              "completed": true,
              "superseded": false,
              "progressSamples": [
                0,
                0.1449999999992239,
                0.29055555555452073,
                0.4288888888886302,
                0.5688888888883715,
                0.7138888888888889,
                0.8505555555547795,
                1,
                1
              ]
            },
            {
              "chunkKey": "2,1,-1",
              "targetRevision": 0,
              "traceId": "trace-81",
              "geometry": {
                "mode": "surface-morph",
                "patchCount": 24,
                "retainedPatchCount": 0,
                "addedPatchCount": 0,
                "removedPatchCount": 24,
                "visibleWaterMeshCount": 1,
                "opacityCrossfade": false
              },
              "progress": 1,
              "frameCount": 9,
              "completed": true,
              "superseded": false,
              "progressSamples": [
                0,
                0.1449999999992239,
                0.3005555555547795,
                0.4411111111105937,
                0.5966666666661493,
                0.7516666666656319,
                0.9016666666656319,
                1,
                1
              ]
            },
            {
              "chunkKey": "2,0,-1",
              "targetRevision": 56,
              "traceId": "trace-82",
              "geometry": {
                "mode": "surface-morph",
                "patchCount": 578,
                "retainedPatchCount": 459,
                "addedPatchCount": 4,
                "removedPatchCount": 115,
                "visibleWaterMeshCount": 1,
                "opacityCrossfade": false
              },
              "progress": 1,
              "frameCount": 9,
              "completed": true,
              "superseded": false,
              "progressSamples": [
                0,
                0.14944444444392704,
                0.3,
                0.45,
                0.5894444444436684,
                0.7277777777777777,
                0.8666666666666667,
                1,
                1
              ]
            },
            {
              "chunkKey": "1,1,0",
              "targetRevision": 0,
              "traceId": "trace-83",
              "geometry": {
                "mode": "surface-morph",
                "patchCount": 9,
                "retainedPatchCount": 0,
                "addedPatchCount": 0,
                "removedPatchCount": 9,
                "visibleWaterMeshCount": 1,
                "opacityCrossfade": false
              },
              "progress": 1,
              "frameCount": 9,
              "completed": true,
              "superseded": false,
              "progressSamples": [
                0,
                0.15833333333333333,
                0.29944444444522056,
                0.44666666666744276,
                0.593888888889665,
                0.7427777777788126,
                0.8911111111118872,
                1,
                1
              ]
            },
            {
              "chunkKey": "2,0,0",
              "targetRevision": 78,
              "traceId": "trace-86",
              "geometry": {
                "mode": "surface-morph",
                "patchCount": 767,
                "retainedPatchCount": 553,
                "addedPatchCount": 19,
                "removedPatchCount": 195,
                "visibleWaterMeshCount": 1,
                "opacityCrossfade": false
              },
              "progress": 1,
              "frameCount": 9,
              "completed": true,
              "superseded": false,
              "progressSamples": [
                0,
                0.1511111111108524,
                0.2899999999997413,
                0.4549999999994826,
                0.5938888888883714,
                0.7372222222219635,
                0.8755555555547795,
                1,
                1
              ]
            },
            {
              "chunkKey": "1,0,0",
              "targetRevision": 79,
              "traceId": "trace-87",
              "geometry": {
                "mode": "surface-morph",
                "patchCount": 202,
                "retainedPatchCount": 173,
                "addedPatchCount": 1,
                "removedPatchCount": 28,
                "visibleWaterMeshCount": 1,
                "opacityCrossfade": false
              },
              "progress": 1,
              "frameCount": 9,
              "completed": true,
              "superseded": false,
              "progressSamples": [
                0,
                0.14777777777829518,
                0.29277777777751907,
                0.43277777777855386,
                0.5794444444447031,
                0.7238888888891476,
                0.8905555555558142,
                1,
                1
              ]
            },
            {
              "chunkKey": "2,0,-1",
              "targetRevision": 88,
              "traceId": "trace-92",
              "geometry": {
                "mode": "surface-morph",
                "patchCount": 469,
                "retainedPatchCount": 356,
                "addedPatchCount": 6,
                "removedPatchCount": 107,
                "visibleWaterMeshCount": 1,
                "opacityCrossfade": false
              },
              "progress": 1,
              "frameCount": 9,
              "completed": true,
              "superseded": false,
              "progressSamples": [
                0,
                0.14166666666666666,
                0.29277777777751907,
                0.4338888888894063,
                0.5788888888886302,
                0.7188888888883714,
                0.8600000000002587,
                1,
                1
              ]
            },
            {
              "chunkKey": "1,0,-1",
              "targetRevision": 13,
              "traceId": "trace-89",
              "geometry": {
                "mode": "surface-morph",
                "patchCount": 78,
                "retainedPatchCount": 57,
                "addedPatchCount": 0,
                "removedPatchCount": 21,
                "visibleWaterMeshCount": 1,
                "opacityCrossfade": false
              },
              "progress": 1,
              "frameCount": 9,
              "completed": true,
              "superseded": false,
              "progressSamples": [
                0,
                0.14888888888914759,
                0.3127777777780365,
                0.46555555555581424,
                0.6049999999994826,
                0.7566666666664079,
                0.8966666666661492,
                1,
                1
              ]
            },
            {
              "chunkKey": "2,0,0",
              "targetRevision": 99,
              "traceId": "trace-90",
              "geometry": {
                "mode": "surface-morph",
                "patchCount": 604,
                "retainedPatchCount": 418,
                "addedPatchCount": 32,
                "removedPatchCount": 154,
                "visibleWaterMeshCount": 1,
                "opacityCrossfade": false
              },
              "progress": 1,
              "frameCount": 9,
              "completed": true,
              "superseded": false,
              "progressSamples": [
                0,
                0.1399999999997413,
                0.29444444444444445,
                0.4338888888894063,
                0.5811111111116285,
                0.7211111111113698,
                0.8838888888894063,
                1,
                1
              ]
            },
            {
              "chunkKey": "1,0,0",
              "targetRevision": 99,
              "traceId": "trace-96",
              "geometry": {
                "mode": "surface-morph",
                "patchCount": 182,
                "retainedPatchCount": 164,
                "addedPatchCount": 8,
                "removedPatchCount": 10,
                "visibleWaterMeshCount": 1,
                "opacityCrossfade": false
              },
              "progress": 1,
              "frameCount": 9,
              "completed": true,
              "superseded": false,
              "progressSamples": [
                0,
                0.1450000000005174,
                0.3150000000010348,
                0.4888888888888889,
                0.65,
                0.8244444444452206,
                0.968888888889665,
                1,
                1
              ]
            },
            {
              "chunkKey": "2,0,-1",
              "targetRevision": 109,
              "traceId": "trace-98",
              "geometry": {
                "mode": "surface-morph",
                "patchCount": 367,
                "retainedPatchCount": 145,
                "addedPatchCount": 5,
                "removedPatchCount": 217,
                "visibleWaterMeshCount": 1,
                "opacityCrossfade": false
              },
              "progress": 1,
              "frameCount": 9,
              "completed": true,
              "superseded": false,
              "progressSamples": [
                0,
                0.1377777777780365,
                0.28722222222196353,
                0.443888888889665,
                0.5911111111118872,
                0.7605555555563317,
                0.9100000000002587,
                1,
                1
              ]
            },
            {
              "chunkKey": "1,0,-1",
              "targetRevision": 21,
              "traceId": "trace-94",
              "geometry": {
                "mode": "surface-morph",
                "patchCount": 60,
                "retainedPatchCount": 22,
                "addedPatchCount": 3,
                "removedPatchCount": 35,
                "visibleWaterMeshCount": 1,
                "opacityCrossfade": false
              },
              "progress": 1,
              "frameCount": 10,
              "completed": true,
              "superseded": false,
              "progressSamples": [
                0,
                0.14444444444444443,
                0.30277777777777776,
                0.4327777777772604,
                0.5699999999992239,
                0.7155555555545208,
                0.8594444444441858,
                0.9861111111111112,
                1,
                1
              ]
            },
            {
              "chunkKey": "2,0,0",
              "targetRevision": 119,
              "traceId": "trace-101",
              "geometry": {
                "mode": "surface-morph",
                "patchCount": 471,
                "retainedPatchCount": 151,
                "addedPatchCount": 21,
                "removedPatchCount": 299,
                "visibleWaterMeshCount": 1,
                "opacityCrossfade": false
              },
              "progress": 1,
              "frameCount": 10,
              "completed": true,
              "superseded": false,
              "progressSamples": [
                0,
                0.14222222222144612,
                0.28944444444366835,
                0.42166666666614927,
                0.5638888888888889,
                0.6949999999992239,
                0.8672222222214461,
                0.9966666666661492,
                1,
                1
              ]
            },
            {
              "chunkKey": "1,0,0",
              "targetRevision": 111,
              "traceId": "trace-97",
              "geometry": {
                "mode": "surface-morph",
                "patchCount": 172,
                "retainedPatchCount": 0,
                "addedPatchCount": 0,
                "removedPatchCount": 172,
                "visibleWaterMeshCount": 1,
                "opacityCrossfade": false
              },
              "progress": 1,
              "frameCount": 9,
              "completed": true,
              "superseded": false,
              "progressSamples": [
                0,
                0.15333333333255722,
                0.30166666666563186,
                0.4388888888888889,
                0.5966666666661493,
                0.7466666666661492,
                0.8861111111111111,
                1,
                1
              ]
            },
            {
              "chunkKey": "2,0,-1",
              "targetRevision": 120,
              "traceId": "trace-99",
              "geometry": {
                "mode": "surface-morph",
                "patchCount": 150,
                "retainedPatchCount": 0,
                "addedPatchCount": 0,
                "removedPatchCount": 150,
                "visibleWaterMeshCount": 1,
                "opacityCrossfade": false
              },
              "progress": 1,
              "frameCount": 10,
              "completed": true,
              "superseded": false,
              "progressSamples": [
                0,
                0.15166666666692535,
                0.275,
                0.4,
                0.5455555555552969,
                0.6872222222219635,
                0.8266666666669253,
                0.9705555555552968,
                1,
                1
              ]
            },
            {
              "chunkKey": "1,0,-1",
              "targetRevision": 24,
              "traceId": "trace-100",
              "geometry": {
                "mode": "surface-morph",
                "patchCount": 25,
                "retainedPatchCount": 0,
                "addedPatchCount": 0,
                "removedPatchCount": 25,
                "visibleWaterMeshCount": 1,
                "opacityCrossfade": false
              },
              "progress": 1,
              "frameCount": 8,
              "completed": true,
              "superseded": false,
              "progressSamples": [
                0,
                0.2799999999994826,
                0.4672222222227396,
                0.624444444443927,
                0.7772222222217048,
                0.9283333333338507,
                1,
                1
              ]
            },
            {
              "chunkKey": "2,0,0",
              "targetRevision": 123,
              "traceId": "trace-102",
              "geometry": {
                "mode": "surface-morph",
                "patchCount": 172,
                "retainedPatchCount": 0,
                "addedPatchCount": 0,
                "removedPatchCount": 172,
                "visibleWaterMeshCount": 1,
                "opacityCrossfade": false
              },
              "progress": 1,
              "frameCount": 10,
              "completed": true,
              "superseded": false,
              "progressSamples": [
                0,
                0.1388888888888889,
                0.26944444444444443,
                0.39555555555529687,
                0.532222222222481,
                0.6783333333325572,
                0.8,
                0.9283333333325572,
                1,
                1
              ]
            }
          ]
        },
        "ui": {
          "runtime": "svelte5",
          "shellPublishCount": 145,
          "hudPublishCount": 381,
          "interactionPublishCount": 875,
          "debugProjectionCount": 709,
          "debugPublishCount": 711,
          "staleUpdateCount": 0,
          "coalescedUpdateCount": 37142,
          "domCommitCount": 1883,
          "projectionDurationMs": 1698.1999999976251,
          "publishDurationMs": 36.39999999944121,
          "domCommitDurationMs": 2008.9000000045635,
          "debugProjectionRate": 2.960950217925099,
          "totalPublishRate": 8.799089685800046
        },
        "gameplay": {
          "entityCount": 9,
          "worldItemCount": 0,
          "creatureCount": 8,
          "npcCount": 0,
          "nearbyVisitedBucketCount": 27,
          "nearbyCandidateCount": 2,
          "nearbyReturnedCount": 2,
          "inventoryOperationCount": 36,
          "gameplayEventCount": 5403,
          "snapshotBytes": 60624,
          "retainedActorCount": 8,
          "activeActorCount": 6,
          "behaviorEvaluationCount": 0,
          "navigationPlanCount": 0,
          "navigationExpandedNodeCount": 0,
          "pathRecomputeCount": 0,
          "actionCompletionCount": 12,
          "actionFailureCount": 0,
          "actionInterruptionCount": 0,
          "perceptionLineOfSightCheckCount": 0,
          "simulationTime": 291.7,
          "presentedEntityCount": 8
        },
        "breakingOverlay": null,
        "viewmodel": {
          "isolatedLayer": true
        },
        "visualEffects": {
          "activeLocalLights": 0,
          "shadowedLocalLights": 0,
          "localLightLimit": 0,
          "localShadowLimit": 0,
          "sunShadows": false,
          "sunShadowResolution": 0,
          "reflectionEnabled": false,
          "reflectionActive": false,
          "reflectionResolution": 0,
          "reflectionFrameInterval": 0,
          "reflectionRenderCount": 0,
          "waterPlaneY": null,
          "postProcessing": false,
          "shadowUpdateCount": 0,
          "shadowStableFrameCount": 9617,
          "blockLightReady": true,
          "blockLightSourceRevision": 157,
          "blockLightRebuildCount": 2045
        },
        "water": {
          "bodyFraction": 0,
          "wading": false,
          "swimming": false,
          "cameraSubmerged": false,
          "cameraDepth": null,
          "waterSurfaceY": null,
          "underwaterBlend": 0
        }
      },
      "restoreEvidence": {
        "before": {
          "v2Equipment": {
            "phase": "resources-placed",
            "steps": [
              {
                "step": "resources-placed",
                "snapshot": {
                  "runtimeEpoch": "seedlands:classic-canonical-runtime-v11:1",
                  "gameplayRevision": 76300,
                  "actor": {
                    "entityId": "player-1",
                    "epoch": 1,
                    "lifetime": 1
                  },
                  "inventoryRevision": 36,
                  "slots": [
                    null,
                    null,
                    {
                      "itemId": "stick",
                      "count": 3
                    },
                    null,
                    {
                      "itemId": "wood-sword",
                      "count": 1
                    },
                    null,
                    null,
                    null,
                    {
                      "itemId": "plank",
                      "count": 7
                    },
                    null,
                    null,
                    null,
                    null,
                    null,
                    null,
                    null,
                    null,
                    null,
                    null,
                    null,
                    null,
                    null,
                    null,
                    null,
                    null,
                    null,
                    null,
                    null,
                    null,
                    null,
                    null,
                    null,
                    null,
                    null,
                    null,
                    null
                  ],
                  "armor": {
                    "helmet": null,
                    "chestplate": null,
                    "leggings": null,
                    "boots": null
                  },
                  "cursor": {
                    "version": 1,
                    "revision": 26,
                    "stack": null,
                    "origin": null,
                    "craftingGrid": [
                      null,
                      null,
                      null,
                      null
                    ]
                  },
                  "player": {
                    "health": 18,
                    "lifecycle": "alive"
                  },
                  "armorPoints": 0
                }
              }
            ],
            "snapshot": {
              "runtimeEpoch": "seedlands:classic-canonical-runtime-v11:1",
              "gameplayRevision": 76300,
              "actor": {
                "entityId": "player-1",
                "epoch": 1,
                "lifetime": 1
              },
              "inventoryRevision": 36,
              "slots": [
                null,
                null,
                {
                  "itemId": "stick",
                  "count": 3
                },
                null,
                {
                  "itemId": "wood-sword",
                  "count": 1
                },
                null,
                null,
                null,
                {
                  "itemId": "plank",
                  "count": 7
                },
                null,
                null,
                null,
                null,
                null,
                null,
                null,
                null,
                null,
                null,
                null,
                null,
                null,
                null,
                null,
                null,
                null,
                null,
                null,
                null,
                null,
                null,
                null,
                null,
                null,
                null,
                null
              ],
              "armor": {
                "helmet": null,
                "chestplate": null,
                "leggings": null,
                "boots": null
              },
              "cursor": {
                "version": 1,
                "revision": 26,
                "stack": null,
                "origin": null,
                "craftingGrid": [
                  null,
                  null,
                  null,
                  null
                ]
              },
              "player": {
                "health": 18,
                "lifecycle": "alive"
              },
              "armorPoints": 0
            }
          }
        }
      },
      "logicEvidence": []
    },
    {
      "schemaVersion": 1,
      "status": "FAIL",
      "attempt": 0,
      "test": "非 Classic Playbook 从锁定 production artifact 启动并消费自定义 worldgen/voxel/presentation",
      "project": "chromium",
      "benchmark": false,
      "stages": {},
      "errors": [],
      "current": null,
      "logicEvidence": []
    }
  ]
}
