{
  "schemaVersion": 1,
  "status": "FAIL",
  "attempts": [
    {
      "schemaVersion": 1,
      "status": "FAIL",
      "attempt": 0,
      "test": "Classic 生产旅程以真实输入完成 C0-C5，并复用同一运行时性能场景",
      "project": "chromium",
      "benchmark": false,
      "stages": {
        "C0": {
          "status": "PASS",
          "observation": "Production preview loaded the fixed seed with a stamped Classic composition, Authority/logic/persistence/compute Workers, consumed Wasm bytes and an actual WebGL2 context."
        },
        "C1": {
          "status": "PASS",
          "observation": "Pointer Lock mouse movement changed the route, then held W+Space crossed from Chunk 0 to Chunk 1 and Authority acknowledged it."
        },
        "C2": {
          "status": "PASS",
          "observation": "Mouse mining produced visible drops; movement picked them up; E opened inventory and real 2x2 pointer interactions produced planks, sticks, a wood sword and a workbench."
        },
        "C3": {
          "status": "PASS",
          "observation": "Right click placed crafted planks with a consumed mesh commit; inventory food restored health; held real mouse input buffered and completed the wood-sword second combo hit before defeating the fixed creature; a crafted workbench was placed, opened through the station runtime, then dismantled and recovered through real actions."
        }
      },
      "errors": [
        "Error: Real input route timed out before 78.5,-0.5."
      ],
      "current": {
        "frameMs": 14.400000005960464,
        "player": [
          85.83251953125,
          32.60000228881836,
          -0.5109755396842957
        ],
        "viewAngles": [
          269.97000000000025,
          -28.090000000000003
        ],
        "streamCenter": [
          2,
          -1
        ],
        "loadedChunks": 30,
        "renderedChunks": 19,
        "generationQueue": 0,
        "meshingQueue": 0,
        "deferredRemeshes": 0,
        "onGround": true,
        "colliding": false,
        "interactionAttempts": 29,
        "mutationCount": 4274,
        "worldRevision": 157,
        "structuralEventCount": 157,
        "remeshSchedulingCount": 152,
        "lastCommitMutationCount": 1,
        "lastCommitMeshChunkCount": 2,
        "storageBytes": 40608518,
        "worldTime": 4.303999999984143,
        "timePaused": false,
        "quality": "low",
        "triangles": 110982,
        "drawCalls": 34,
        "blockLightBricks": 30,
        "blockLightAllocatedBytes": 7864320,
        "blockLightRebuildCount": 2043,
        "collisionDebug": {
          "enabled": false,
          "entityCount": 0,
          "meshCount": 0,
          "materialCount": 0,
          "visibleBatchCount": 0,
          "vertexCapacity": 0,
          "buildCount": 0,
          "authorityRequestCount": 0
        },
        "runtime": "authority-worker",
        "workers": {
          "total": 5,
          "authority": 1,
          "logic": 1,
          "persistence": 1,
          "fluid": 1,
          "general": 1
        },
        "authority": {
          "physicsHz": 60,
          "paused": true,
          "physicsTick": 24621,
          "integratedPhysicsTimeMs": 410350.0000001115,
          "acknowledgedInputSequence": 17784,
          "physicsDebtMs": 8.099999954923987,
          "activeTimeMs": 410358.10000006645,
          "commitSequence": 192037,
          "physicsCost": {
            "count": 24621,
            "capacity": 256,
            "samplesMs": [
              0.5999999940395355,
              0.699999988079071,
              0.5999999940395355,
              0.5,
              0.5,
              0.5,
              0.5,
              0.5,
              0.5,
              0.5,
              0.5999999940395355,
              0.5,
              0.7999999821186066,
              0.5999999940395355,
              0.5,
              0.5999999940395355,
              0.5,
              0.5,
              0.699999988079071,
              0.5,
              0.5,
              0.5,
              0.5999999940395355,
              0.5999999940395355,
              0.5999999940395355,
              0.699999988079071,
              0.5999999940395355,
              0.5999999940395355,
              0.5999999940395355,
              0.5999999940395355,
              0.5999999940395355,
              0.5,
              0.5,
              0.5999999940395355,
              0.5999999940395355,
              0.699999988079071,
              0.5999999940395355,
              0.5999999940395355,
              0.5999999940395355,
              0.699999988079071,
              0.7000000178813934,
              0.699999988079071,
              0.5999999940395355,
              0.5999999940395355,
              0.5,
              0.5,
              0.800000011920929,
              0.800000011920929,
              0.5999999940395355,
              0.699999988079071,
              0.7000000178813934,
              0.5999999940395355,
              0.699999988079071,
              0.5999999940395355,
              0.5,
              0.5999999940395355,
              0.699999988079071,
              0.5999999940395355,
              0.6000000238418579,
              0.7000000178813934,
              0.699999988079071,
              0.699999988079071,
              0.7000000178813934,
              0.5999999940395355,
              0.5999999940395355,
              0.7000000178813934,
              0.7000000178813934,
              0.6000000238418579,
              0.7000000178813934,
              0.7000000178813934,
              0.699999988079071,
              0.7000000178813934,
              0.699999988079071,
              0.5999999940395355,
              0.699999988079071,
              0.5,
              0.6000000238418579,
              0.5,
              0.5,
              0.5999999940395355,
              0.699999988079071,
              0.5999999940395355,
              0.5,
              0.7000000178813934,
              0.5,
              0.5,
              0.7999999821186066,
              0.699999988079071,
              0.5999999940395355,
              0.5,
              0.6000000238418579,
              0.6000000238418579,
              0.699999988079071,
              0.7000000178813934,
              0.7000000178813934,
              0.7000000178813934,
              0.7000000178813934,
              0.5,
              0.5,
              0.5,
              0.7999999821186066,
              0.5999999940395355,
              0.7000000178813934,
              0.699999988079071,
              0.5999999940395355,
              0.5999999940395355,
              0.7000000178813934,
              0.800000011920929,
              0.5999999940395355,
              0.699999988079071,
              0.5999999940395355,
              0.5999999940395355,
              0.5999999940395355,
              0.699999988079071,
              0.6000000238418579,
              0.6000000238418579,
              0.5999999940395355,
              0.5999999940395355,
              0.5999999940395355,
              0.5,
              0.5999999940395355,
              0.6000000238418579,
              0.5999999940395355,
              0.5,
              0.5,
              0.5999999940395355,
              0.7000000178813934,
              0.6000000238418579,
              0.5999999940395355,
              0.6000000238418579,
              0.699999988079071,
              0.5999999940395355,
              0.5,
              0.699999988079071,
              0.5999999940395355,
              0.5999999940395355,
              0.5,
              0.5999999940395355,
              0.5,
              0.5,
              0.7000000178813934,
              0.7000000178813934,
              0.699999988079071,
              0.5999999940395355,
              0.6000000238418579,
              0.6000000238418579,
              0.5999999940395355,
              0.5999999940395355,
              0.5999999940395355,
              0.5999999940395355,
              0.6000000238418579,
              0.5999999940395355,
              0.5999999940395355,
              0.6000000238418579,
              0.699999988079071,
              0.5999999940395355,
              0.5999999940395355,
              0.5999999940395355,
              0.5,
              0.699999988079071,
              0.800000011920929,
              0.6000000238418579,
              0.7000000178813934,
              0.699999988079071,
              0.6000000238418579,
              0.7000000178813934,
              0.7000000178813934,
              0.6000000238418579,
              0.5999999940395355,
              0.699999988079071,
              0.4000000059604645,
              0.5999999940395355,
              0.5999999940395355,
              0.5,
              0.6000000238418579,
              0.7000000178813934,
              0.5,
              0.5,
              0.5999999940395355,
              0.699999988079071,
              0.5999999940395355,
              0.5999999940395355,
              0.5999999940395355,
              0.5,
              0.5999999940395355,
              0.7000000178813934,
              0.5999999940395355,
              0.5999999940395355,
              0.5,
              0.6000000238418579,
              0.5999999940395355,
              0.7000000178813934,
              0.699999988079071,
              0.699999988079071,
              0.5999999940395355,
              0.5,
              0.5,
              0.5999999940395355,
              0.5999999940395355,
              0.5999999940395355,
              0.5999999940395355,
              0.5999999940395355,
              0.699999988079071,
              0.5999999940395355,
              0.6000000238418579,
              0.5999999940395355,
              0.5999999940395355,
              0.7000000178813934,
              0.5999999940395355,
              0.5999999940395355,
              0.5999999940395355,
              0.5999999940395355,
              0.5,
              0.7000000178813934,
              0.6000000238418579,
              0.5999999940395355,
              0.5,
              0.6000000238418579,
              0.7000000178813934,
              0.699999988079071,
              0.5,
              0.5999999940395355,
              0.5999999940395355,
              0.5999999940395355,
              0.5,
              0.5,
              0.6000000238418579,
              0.5,
              0.5999999940395355,
              0.699999988079071,
              0.6000000238418579,
              0.5999999940395355,
              0.5999999940395355,
              0.5999999940395355,
              0.3999999761581421,
              0.5999999940395355,
              0.5,
              0.6000000238418579,
              0.6000000238418579,
              0.699999988079071,
              0.5999999940395355,
              0.5999999940395355,
              0.7000000178813934,
              0.5999999940395355,
              0.5,
              0.699999988079071,
              0.6000000238418579,
              0.7000000178813934,
              0.6000000238418579,
              0.5,
              0.699999988079071,
              0.5999999940395355,
              0.5999999940395355,
              0.7000000178813934,
              0.5999999940395355,
              0.699999988079071
            ]
          },
          "fluid": {
            "pendingCellCount": 0,
            "inFlightLeaseCount": 0,
            "acceptedCandidateCount": 128,
            "rejectedCandidateCount": 0,
            "returnedLeaseCount": 0,
            "issuedLeaseCount": 128,
            "settledLeaseCount": 128
          },
          "residency": {
            "residentCount": 67,
            "target": 256,
            "hardLimit": 2048,
            "pinnedCount": 36,
            "dirtyCount": 0,
            "evictableCleanCount": 31,
            "evictionCount": 0,
            "rejectedAdmissionCount": 0,
            "oversubscribed": false,
            "autoSaveInFlight": false,
            "autoSaveFailureCount": 0,
            "nextRetryActiveTimeMs": 0,
            "lastSaveError": null
          },
          "bodies": {
            "total": 14,
            "actors": 14,
            "worldItems": 0,
            "nearPlayer": 7
          },
          "snapshotRejections": {
            "wrong-epoch": 0,
            "duplicate": 3230,
            "physics-tick-regressed": 0,
            "commit-regressed": 0,
            "ack-regressed": 0
          }
        },
        "logic": {
          "blockStartedCount": 0,
          "blockCompletedCount": 0,
          "observationInFlight": true,
          "pendingObservationCount": 0,
          "submittedObservationCount": 6902,
          "receivedBatchCount": 6901,
          "completedBatchCount": 6901,
          "rejectedBatchCount": 1,
          "lastRoundTripMs": 0.5999999940395355
        },
        "trajectory": [
          {
            "physicsTick": 24289,
            "activeTimeMs": 404827.60000006645,
            "position": [
              87.18252119286404,
              33.625001,
              -0.5097974215475533
            ]
          },
          {
            "physicsTick": 24291,
            "activeTimeMs": 404851.0000000724,
            "position": [
              87.18252119286404,
              33.67666766666667,
              -0.5097974215475533
            ]
          },
          {
            "physicsTick": 24292,
            "activeTimeMs": 404874.10000006645,
            "position": [
              87.18252119286404,
              33.695001,
              -0.5097974215475533
            ]
          },
          {
            "physicsTick": 24293,
            "activeTimeMs": 404899.0000000724,
            "position": [
              87.18252119286404,
              33.70833433333333,
              -0.5097974215475533
            ]
          },
          {
            "physicsTick": 24295,
            "activeTimeMs": 404920.8000000545,
            "position": [
              87.18252119286404,
              33.720000999999996,
              -0.5097974215475533
            ]
          },
          {
            "physicsTick": 24296,
            "activeTimeMs": 404948.8000000545,
            "position": [
              87.18252119286404,
              33.71833433333333,
              -0.5097974215475533
            ]
          },
          {
            "physicsTick": 24298,
            "activeTimeMs": 404968.90000007837,
            "position": [
              87.18252119286404,
              33.700001,
              -0.5097974215475533
            ]
          },
          {
            "physicsTick": 24299,
            "activeTimeMs": 404986.10000006645,
            "position": [
              87.18252119286404,
              33.683334333333335,
              -0.5097974215475533
            ]
          },
          {
            "physicsTick": 24300,
            "activeTimeMs": 405009.10000006645,
            "position": [
              87.18252119286404,
              33.661667666666666,
              -0.5097974215475533
            ]
          },
          {
            "physicsTick": 24301,
            "activeTimeMs": 405026.90000007837,
            "position": [
              87.18252119286404,
              33.635001,
              -0.5097974215475533
            ]
          },
          {
            "physicsTick": 24302,
            "activeTimeMs": 405043.90000007837,
            "position": [
              87.18252119286404,
              33.603334333333336,
              -0.5097974215475533
            ]
          },
          {
            "physicsTick": 24304,
            "activeTimeMs": 405067.10000006645,
            "position": [
              87.18252119286404,
              33.525001,
              -0.5097974215475533
            ]
          },
          {
            "physicsTick": 24305,
            "activeTimeMs": 405089.3000000545,
            "position": [
              87.18252119286404,
              33.478334333333336,
              -0.5097974215475533
            ]
          },
          {
            "physicsTick": 24306,
            "activeTimeMs": 405116.10000006645,
            "position": [
              87.18252119286404,
              33.42666766666667,
              -0.5097974215475533
            ]
          },
          {
            "physicsTick": 24308,
            "activeTimeMs": 405138.0000000724,
            "position": [
              87.18252119286404,
              33.308334333333335,
              -0.5097974215475533
            ]
          },
          {
            "physicsTick": 24309,
            "activeTimeMs": 405160.60000006645,
            "position": [
              87.18252119286404,
              33.24166766666667,
              -0.5097974215475533
            ]
          },
          {
            "physicsTick": 24311,
            "activeTimeMs": 405186.2000000605,
            "position": [
              87.18252119286404,
              33.09333433333334,
              -0.5097974215475533
            ]
          },
          {
            "physicsTick": 24312,
            "activeTimeMs": 405209.10000006645,
            "position": [
              87.18252119286404,
              33.01166766666667,
              -0.5097974215475533
            ]
          },
          {
            "physicsTick": 24313,
            "activeTimeMs": 405227.60000006645,
            "position": [
              87.18252119286404,
              32.925001,
              -0.5097974215475533
            ]
          },
          {
            "physicsTick": 24314,
            "activeTimeMs": 405248.8000000545,
            "position": [
              87.18252119286404,
              32.83333433333334,
              -0.5097974215475533
            ]
          },
          {
            "physicsTick": 24316,
            "activeTimeMs": 405272.7000000605,
            "position": [
              87.18252119286404,
              32.635001,
              -0.5097974215475533
            ]
          },
          {
            "physicsTick": 24317,
            "activeTimeMs": 405290.40000007837,
            "position": [
              87.18252119286404,
              32.600001,
              -0.5097974215475533
            ]
          },
          {
            "physicsTick": 24318,
            "activeTimeMs": 405313.60000006645,
            "position": [
              87.18252119286404,
              32.600001,
              -0.5097974215475533
            ]
          },
          {
            "physicsTick": 24319,
            "activeTimeMs": 405331.2000000605,
            "position": [
              87.18252119286404,
              32.600001,
              -0.5097974215475533
            ]
          },
          {
            "physicsTick": 24321,
            "activeTimeMs": 405352.90000007837,
            "position": [
              87.18252119286404,
              32.600001,
              -0.5097974215475533
            ]
          },
          {
            "physicsTick": 24322,
            "activeTimeMs": 405377.40000007837,
            "position": [
              87.18252119286404,
              32.600001,
              -0.5097974215475533
            ]
          },
          {
            "physicsTick": 24323,
            "activeTimeMs": 405394.8000000545,
            "position": [
              87.18252119286404,
              32.600001,
              -0.5097974215475533
            ]
          },
          {
            "physicsTick": 24325,
            "activeTimeMs": 405417.7000000605,
            "position": [
              87.18252119286404,
              32.600001,
              -0.5097974215475533
            ]
          },
          {
            "physicsTick": 24326,
            "activeTimeMs": 405434.90000007837,
            "position": [
              87.18252119286404,
              32.600001,
              -0.5097974215475533
            ]
          },
          {
            "physicsTick": 24327,
            "activeTimeMs": 405456.7000000605,
            "position": [
              87.18252119286404,
              32.600001,
              -0.5097974215475533
            ]
          },
          {
            "physicsTick": 24328,
            "activeTimeMs": 405480.60000006645,
            "position": [
              87.16863230397516,
              32.70333433333333,
              -0.5098366914543446
            ]
          },
          {
            "physicsTick": 24330,
            "activeTimeMs": 405505.60000006645,
            "position": [
              87.1241878595307,
              32.895001,
              -0.5099152312679274
            ]
          },
          {
            "physicsTick": 24331,
            "activeTimeMs": 405532.90000007837,
            "position": [
              87.09363230397516,
              32.98333433333333,
              -0.5099545011747187
            ]
          },
          {
            "physicsTick": 24333,
            "activeTimeMs": 405552.40000007837,
            "position": [
              87.02696563730849,
              33.145001,
              -0.5099937710815101
            ]
          },
          {
            "physicsTick": 24334,
            "activeTimeMs": 405569.5000000724,
            "position": [
              87.00196563730849,
              33.21833433333333,
              -0.5099937710815101
            ]
          },
          {
            "physicsTick": 24335,
            "activeTimeMs": 405592.8000000545,
            "position": [
              86.98252119286404,
              33.286667666666666,
              -0.5099937710815101
            ]
          },
          {
            "physicsTick": 24336,
            "activeTimeMs": 405609.7000000605,
            "position": [
              86.96863230397516,
              33.350001,
              -0.5099937710815101
            ]
          },
          {
            "physicsTick": 24337,
            "activeTimeMs": 405628.7000000605,
            "position": [
              86.96029897064182,
              33.40833433333333,
              -0.5099937710815101
            ]
          },
          {
            "physicsTick": 24339,
            "activeTimeMs": 405650.7000000605,
            "position": [
              86.95752119286404,
              33.510000999999995,
              -0.5099937710815101
            ]
          },
          {
            "physicsTick": 24340,
            "activeTimeMs": 405674.8000000545,
            "position": [
              86.95752119286404,
              33.55333433333333,
              -0.5099937710815101
            ]
          },
          {
            "physicsTick": 24341,
            "activeTimeMs": 405699.3000000545,
            "position": [
              86.95752119286404,
              33.591667666666666,
              -0.5099937710815101
            ]
          },
          {
            "physicsTick": 24343,
            "activeTimeMs": 405721.40000007837,
            "position": [
              86.95752119286404,
              33.65333433333333,
              -0.5099937710815101
            ]
          },
          {
            "physicsTick": 24344,
            "activeTimeMs": 405748.5000000724,
            "position": [
              86.95752119286404,
              33.67666766666667,
              -0.5099937710815101
            ]
          },
          {
            "physicsTick": 24346,
            "activeTimeMs": 405768.90000007837,
            "position": [
              86.95752119286404,
              33.70833433333333,
              -0.5099937710815101
            ]
          },
          {
            "physicsTick": 24347,
            "activeTimeMs": 405785.60000006645,
            "position": [
              86.95752119286404,
              33.716667666666666,
              -0.5099937710815101
            ]
          },
          {
            "physicsTick": 24348,
            "activeTimeMs": 405802.7000000605,
            "position": [
              86.95752119286404,
              33.720000999999996,
              -0.5099937710815101
            ]
          },
          {
            "physicsTick": 24349,
            "activeTimeMs": 405828.10000006645,
            "position": [
              86.95752119286404,
              33.71833433333333,
              -0.5099937710815101
            ]
          },
          {
            "physicsTick": 24351,
            "activeTimeMs": 405850.40000007837,
            "position": [
              86.95752119286404,
              33.700001,
              -0.5099937710815101
            ]
          },
          {
            "physicsTick": 24352,
            "activeTimeMs": 405867.60000006645,
            "position": [
              86.95752119286404,
              33.683334333333335,
              -0.5099937710815101
            ]
          },
          {
            "physicsTick": 24353,
            "activeTimeMs": 405890.3000000545,
            "position": [
              86.95752119286404,
              33.661667666666666,
              -0.5099937710815101
            ]
          },
          {
            "physicsTick": 24354,
            "activeTimeMs": 405912.5000000724,
            "position": [
              86.95752119286404,
              33.635001,
              -0.5099937710815101
            ]
          },
          {
            "physicsTick": 24355,
            "activeTimeMs": 405931.40000007837,
            "position": [
              86.95752119286404,
              33.603334333333336,
              -0.5099937710815101
            ]
          },
          {
            "physicsTick": 24357,
            "activeTimeMs": 405952.60000006645,
            "position": [
              86.95752119286404,
              33.525001,
              -0.5099937710815101
            ]
          },
          {
            "physicsTick": 24358,
            "activeTimeMs": 405969.40000007837,
            "position": [
              86.95752119286404,
              33.478334333333336,
              -0.5099937710815101
            ]
          },
          {
            "physicsTick": 24359,
            "activeTimeMs": 405992.60000006645,
            "position": [
              86.95752119286404,
              33.42666766666667,
              -0.5099937710815101
            ]
          },
          {
            "physicsTick": 24360,
            "activeTimeMs": 406010.0000000724,
            "position": [
              86.95752119286404,
              33.370001,
              -0.5099937710815101
            ]
          },
          {
            "physicsTick": 24361,
            "activeTimeMs": 406026.90000007837,
            "position": [
              86.95752119286404,
              33.308334333333335,
              -0.5099937710815101
            ]
          },
          {
            "physicsTick": 24363,
            "activeTimeMs": 406052.0000000724,
            "position": [
              86.95752119286404,
              33.170001000000006,
              -0.5099937710815101
            ]
          },
          {
            "physicsTick": 24364,
            "activeTimeMs": 406072.90000007837,
            "position": [
              86.95752119286404,
              33.09333433333334,
              -0.5099937710815101
            ]
          },
          {
            "physicsTick": 24365,
            "activeTimeMs": 406090.2000000605,
            "position": [
              86.95752119286404,
              33.01166766666667,
              -0.5099937710815101
            ]
          },
          {
            "physicsTick": 24367,
            "activeTimeMs": 406117.0000000724,
            "position": [
              86.95752119286404,
              32.83333433333334,
              -0.5099937710815101
            ]
          },
          {
            "physicsTick": 24368,
            "activeTimeMs": 406138.0000000724,
            "position": [
              86.95752119286404,
              32.73666766666667,
              -0.5099937710815101
            ]
          },
          {
            "physicsTick": 24369,
            "activeTimeMs": 406161.2000000605,
            "position": [
              86.95752119286404,
              32.635001,
              -0.5099937710815101
            ]
          },
          {
            "physicsTick": 24370,
            "activeTimeMs": 406179.10000006645,
            "position": [
              86.95752119286404,
              32.600001,
              -0.5099937710815101
            ]
          },
          {
            "physicsTick": 24371,
            "activeTimeMs": 406195.8000000545,
            "position": [
              86.95752119286404,
              32.600001,
              -0.5099937710815101
            ]
          },
          {
            "physicsTick": 24373,
            "activeTimeMs": 406219.3000000545,
            "position": [
              86.95752119286404,
              32.600001,
              -0.5099937710815101
            ]
          },
          {
            "physicsTick": 24374,
            "activeTimeMs": 406244.0000000724,
            "position": [
              86.95752119286404,
              32.600001,
              -0.5099937710815101
            ]
          },
          {
            "physicsTick": 24375,
            "activeTimeMs": 406265.8000000545,
            "position": [
              86.95752119286404,
              32.600001,
              -0.5099937710815101
            ]
          },
          {
            "physicsTick": 24377,
            "activeTimeMs": 406283.60000006645,
            "position": [
              86.95752119286404,
              32.600001,
              -0.5099937710815101
            ]
          },
          {
            "physicsTick": 24378,
            "activeTimeMs": 406305.3000000545,
            "position": [
              86.95752119286404,
              32.600001,
              -0.5099937710815101
            ]
          },
          {
            "physicsTick": 24379,
            "activeTimeMs": 406322.10000006645,
            "position": [
              86.95752119286404,
              32.600001,
              -0.5099937710815101
            ]
          },
          {
            "physicsTick": 24380,
            "activeTimeMs": 406344.60000006645,
            "position": [
              86.95752119286404,
              32.600001,
              -0.5099937710815101
            ]
          },
          {
            "physicsTick": 24381,
            "activeTimeMs": 406361.7000000605,
            "position": [
              86.94363230397515,
              32.70333433333333,
              -0.5100330409883015
            ]
          },
          {
            "physicsTick": 24382,
            "activeTimeMs": 406380.5000000724,
            "position": [
              86.9241878595307,
              32.80166766666667,
              -0.5100723108950929
            ]
          },
          {
            "physicsTick": 24384,
            "activeTimeMs": 406401.10000006645,
            "position": [
              86.86863230397515,
              32.98333433333333,
              -0.5101508507086756
            ]
          },
          {
            "physicsTick": 24385,
            "activeTimeMs": 406425.90000007837,
            "position": [
              86.83252119286404,
              33.06666766666667,
              -0.510190120615467
            ]
          },
          {
            "physicsTick": 24386,
            "activeTimeMs": 406443.60000006645,
            "position": [
              86.80196563730848,
              33.145001,
              -0.510190120615467
            ]
          },
          {
            "physicsTick": 24388,
            "activeTimeMs": 406469.10000006645,
            "position": [
              86.75752119286403,
              33.286667666666666,
              -0.510190120615467
            ]
          },
          {
            "physicsTick": 24389,
            "activeTimeMs": 406490.40000007837,
            "position": [
              86.74363230397515,
              33.350001,
              -0.510190120615467
            ]
          },
          {
            "physicsTick": 24390,
            "activeTimeMs": 406513.2000000605,
            "position": [
              86.73529897064181,
              33.40833433333333,
              -0.510190120615467
            ]
          },
          {
            "physicsTick": 24391,
            "activeTimeMs": 406530.5000000724,
            "position": [
              86.73252119286403,
              33.46166766666666,
              -0.510190120615467
            ]
          },
          {
            "physicsTick": 24392,
            "activeTimeMs": 406547.8000000545,
            "position": [
              86.73252119286403,
              33.510000999999995,
              -0.510190120615467
            ]
          },
          {
            "physicsTick": 24394,
            "activeTimeMs": 406568.40000007837,
            "position": [
              86.73252119286403,
              33.591667666666666,
              -0.510190120615467
            ]
          },
          {
            "physicsTick": 24395,
            "activeTimeMs": 406586.0000000724,
            "position": [
              86.73252119286403,
              33.625001,
              -0.510190120615467
            ]
          },
          {
            "physicsTick": 24396,
            "activeTimeMs": 406609.2000000605,
            "position": [
              86.73252119286403,
              33.65333433333333,
              -0.510190120615467
            ]
          },
          {
            "physicsTick": 24397,
            "activeTimeMs": 406627.3000000545,
            "position": [
              86.73252119286403,
              33.67666766666667,
              -0.510190120615467
            ]
          },
          {
            "physicsTick": 24399,
            "activeTimeMs": 406650.7000000605,
            "position": [
              86.73252119286403,
              33.70833433333333,
              -0.510190120615467
            ]
          },
          {
            "physicsTick": 24400,
            "activeTimeMs": 406673.2000000605,
            "position": [
              86.73252119286403,
              33.716667666666666,
              -0.510190120615467
            ]
          },
          {
            "physicsTick": 24402,
            "activeTimeMs": 406700.3000000545,
            "position": [
              86.73252119286403,
              33.71833433333333,
              -0.510190120615467
            ]
          },
          {
            "physicsTick": 24403,
            "activeTimeMs": 406721.90000007837,
            "position": [
              86.73252119286403,
              33.71166766666666,
              -0.510190120615467
            ]
          },
          {
            "physicsTick": 24404,
            "activeTimeMs": 406747.2000000605,
            "position": [
              86.73252119286403,
              33.700001,
              -0.510190120615467
            ]
          },
          {
            "physicsTick": 24406,
            "activeTimeMs": 406769.2000000605,
            "position": [
              86.73252119286403,
              33.661667666666666,
              -0.510190120615467
            ]
          },
          {
            "physicsTick": 24407,
            "activeTimeMs": 406794.2000000605,
            "position": [
              86.73252119286403,
              33.635001,
              -0.510190120615467
            ]
          },
          {
            "physicsTick": 24409,
            "activeTimeMs": 406818.7000000605,
            "position": [
              86.73252119286403,
              33.56666766666667,
              -0.510190120615467
            ]
          },
          {
            "physicsTick": 24410,
            "activeTimeMs": 406835.90000007837,
            "position": [
              86.73252119286403,
              33.525001,
              -0.510190120615467
            ]
          },
          {
            "physicsTick": 24411,
            "activeTimeMs": 406857.10000006645,
            "position": [
              86.73252119286403,
              33.478334333333336,
              -0.510190120615467
            ]
          },
          {
            "physicsTick": 24413,
            "activeTimeMs": 406884.8000000545,
            "position": [
              86.73252119286403,
              33.370001,
              -0.510190120615467
            ]
          },
          {
            "physicsTick": 24414,
            "activeTimeMs": 406906.3000000545,
            "position": [
              86.73252119286403,
              33.308334333333335,
              -0.510190120615467
            ]
          },
          {
            "physicsTick": 24415,
            "activeTimeMs": 406931.3000000545,
            "position": [
              86.73252119286403,
              33.24166766666667,
              -0.510190120615467
            ]
          },
          {
            "physicsTick": 24417,
            "activeTimeMs": 406952.90000007837,
            "position": [
              86.73252119286403,
              33.09333433333334,
              -0.510190120615467
            ]
          },
          {
            "physicsTick": 24418,
            "activeTimeMs": 406979.2000000605,
            "position": [
              86.73252119286403,
              33.01166766666667,
              -0.510190120615467
            ]
          },
          {
            "physicsTick": 24420,
            "activeTimeMs": 407002.60000006645,
            "position": [
              86.73252119286403,
              32.83333433333334,
              -0.510190120615467
            ]
          },
          {
            "physicsTick": 24421,
            "activeTimeMs": 407027.40000007837,
            "position": [
              86.73252119286403,
              32.73666766666667,
              -0.510190120615467
            ]
          },
          {
            "physicsTick": 24423,
            "activeTimeMs": 407050.10000006645,
            "position": [
              86.73252119286403,
              32.600001,
              -0.510190120615467
            ]
          },
          {
            "physicsTick": 24424,
            "activeTimeMs": 407068.2000000605,
            "position": [
              86.73252119286403,
              32.600001,
              -0.510190120615467
            ]
          },
          {
            "physicsTick": 24425,
            "activeTimeMs": 407089.8000000545,
            "position": [
              86.73252119286403,
              32.600001,
              -0.510190120615467
            ]
          },
          {
            "physicsTick": 24426,
            "activeTimeMs": 407116.3000000545,
            "position": [
              86.73252119286403,
              32.600001,
              -0.510190120615467
            ]
          },
          {
            "physicsTick": 24428,
            "activeTimeMs": 407136.2000000605,
            "position": [
              86.73252119286403,
              32.600001,
              -0.510190120615467
            ]
          },
          {
            "physicsTick": 24429,
            "activeTimeMs": 407152.90000007837,
            "position": [
              86.73252119286403,
              32.600001,
              -0.510190120615467
            ]
          },
          {
            "physicsTick": 24430,
            "activeTimeMs": 407170.2000000605,
            "position": [
              86.73252119286403,
              32.600001,
              -0.510190120615467
            ]
          },
          {
            "physicsTick": 24431,
            "activeTimeMs": 407192.7000000605,
            "position": [
              86.73252119286403,
              32.600001,
              -0.510190120615467
            ]
          },
          {
            "physicsTick": 24433,
            "activeTimeMs": 407219.2000000605,
            "position": [
              86.73252119286403,
              32.600001,
              -0.510190120615467
            ]
          },
          {
            "physicsTick": 24434,
            "activeTimeMs": 407243.5000000724,
            "position": [
              86.71863230397514,
              32.70333433333333,
              -0.5102293905222584
            ]
          },
          {
            "physicsTick": 24435,
            "activeTimeMs": 407265.0000000724,
            "position": [
              86.6991878595307,
              32.80166766666667,
              -0.5102686604290497
            ]
          },
          {
            "physicsTick": 24437,
            "activeTimeMs": 407289.2000000605,
            "position": [
              86.64363230397514,
              32.98333433333333,
              -0.5103472002426325
            ]
          },
          {
            "physicsTick": 24438,
            "activeTimeMs": 407315.8000000545,
            "position": [
              86.60752119286403,
              33.06666766666667,
              -0.5103864701494238
            ]
          },
          {
            "physicsTick": 24440,
            "activeTimeMs": 407337.40000007837,
            "position": [
              86.55196563730847,
              33.21833433333333,
              -0.5103864701494238
            ]
          },
          {
            "physicsTick": 24441,
            "activeTimeMs": 407360.8000000545,
            "position": [
              86.53252119286402,
              33.286667666666666,
              -0.5103864701494238
            ]
          },
          {
            "physicsTick": 24442,
            "activeTimeMs": 407380.5000000724,
            "position": [
              86.51863230397514,
              33.350001,
              -0.5103864701494238
            ]
          },
          {
            "physicsTick": 24444,
            "activeTimeMs": 407401.0000000724,
            "position": [
              86.50752119286402,
              33.46166766666666,
              -0.5103864701494238
            ]
          },
          {
            "physicsTick": 24445,
            "activeTimeMs": 407427.3000000545,
            "position": [
              86.50752119286402,
              33.510000999999995,
              -0.5103864701494238
            ]
          },
          {
            "physicsTick": 24447,
            "activeTimeMs": 407450.3000000545,
            "position": [
              86.50752119286402,
              33.591667666666666,
              -0.5103864701494238
            ]
          },
          {
            "physicsTick": 24448,
            "activeTimeMs": 407467.90000007837,
            "position": [
              86.50752119286402,
              33.625001,
              -0.5103864701494238
            ]
          },
          {
            "physicsTick": 24449,
            "activeTimeMs": 407490.3000000545,
            "position": [
              86.50752119286402,
              33.65333433333333,
              -0.5103864701494238
            ]
          },
          {
            "physicsTick": 24450,
            "activeTimeMs": 407512.60000006645,
            "position": [
              86.50752119286402,
              33.67666766666667,
              -0.5103864701494238
            ]
          },
          {
            "physicsTick": 24451,
            "activeTimeMs": 407532.0000000724,
            "position": [
              86.50752119286402,
              33.695001,
              -0.5103864701494238
            ]
          },
          {
            "physicsTick": 24453,
            "activeTimeMs": 407553.5000000724,
            "position": [
              86.50752119286402,
              33.716667666666666,
              -0.5103864701494238
            ]
          },
          {
            "physicsTick": 24454,
            "activeTimeMs": 407579.7000000605,
            "position": [
              86.50752119286402,
              33.720000999999996,
              -0.5103864701494238
            ]
          },
          {
            "physicsTick": 24456,
            "activeTimeMs": 407601.3000000545,
            "position": [
              86.50752119286402,
              33.71166766666666,
              -0.5103864701494238
            ]
          },
          {
            "physicsTick": 24457,
            "activeTimeMs": 407619.3000000545,
            "position": [
              86.50752119286402,
              33.700001,
              -0.5103864701494238
            ]
          },
          {
            "physicsTick": 24458,
            "activeTimeMs": 407642.10000006645,
            "position": [
              86.50752119286402,
              33.683334333333335,
              -0.5103864701494238
            ]
          },
          {
            "physicsTick": 24460,
            "activeTimeMs": 407668.7000000605,
            "position": [
              86.50752119286402,
              33.635001,
              -0.5103864701494238
            ]
          },
          {
            "physicsTick": 24461,
            "activeTimeMs": 407688.60000006645,
            "position": [
              86.50752119286402,
              33.603334333333336,
              -0.5103864701494238
            ]
          },
          {
            "physicsTick": 24462,
            "activeTimeMs": 407706.0000000724,
            "position": [
              86.50752119286402,
              33.56666766666667,
              -0.5103864701494238
            ]
          },
          {
            "physicsTick": 24463,
            "activeTimeMs": 407732.5000000724,
            "position": [
              86.50752119286402,
              33.525001,
              -0.5103864701494238
            ]
          },
          {
            "physicsTick": 24465,
            "activeTimeMs": 407752.7000000605,
            "position": [
              86.50752119286402,
              33.42666766666667,
              -0.5103864701494238
            ]
          },
          {
            "physicsTick": 24466,
            "activeTimeMs": 407769.5000000724,
            "position": [
              86.50752119286402,
              33.370001,
              -0.5103864701494238
            ]
          },
          {
            "physicsTick": 24467,
            "activeTimeMs": 407796.3000000545,
            "position": [
              86.50752119286402,
              33.308334333333335,
              -0.5103864701494238
            ]
          },
          {
            "physicsTick": 24469,
            "activeTimeMs": 407819.40000007837,
            "position": [
              86.50752119286402,
              33.170001000000006,
              -0.5103864701494238
            ]
          },
          {
            "physicsTick": 24470,
            "activeTimeMs": 407843.40000007837,
            "position": [
              86.50752119286402,
              33.09333433333334,
              -0.5103864701494238
            ]
          },
          {
            "physicsTick": 24472,
            "activeTimeMs": 407867.3000000545,
            "position": [
              86.50752119286402,
              32.925001,
              -0.5103864701494238
            ]
          },
          {
            "physicsTick": 24473,
            "activeTimeMs": 407884.10000006645,
            "position": [
              86.50752119286402,
              32.83333433333334,
              -0.5103864701494238
            ]
          },
          {
            "physicsTick": 24474,
            "activeTimeMs": 407905.0000000724,
            "position": [
              86.50752119286402,
              32.73666766666667,
              -0.5103864701494238
            ]
          },
          {
            "physicsTick": 24475,
            "activeTimeMs": 407928.7000000605,
            "position": [
              86.50752119286402,
              32.635001,
              -0.5103864701494238
            ]
          },
          {
            "physicsTick": 24476,
            "activeTimeMs": 407947.60000006645,
            "position": [
              86.50752119286402,
              32.600001,
              -0.5103864701494238
            ]
          },
          {
            "physicsTick": 24478,
            "activeTimeMs": 407969.60000006645,
            "position": [
              86.50752119286402,
              32.600001,
              -0.5103864701494238
            ]
          },
          {
            "physicsTick": 24479,
            "activeTimeMs": 407995.8000000545,
            "position": [
              86.50752119286402,
              32.600001,
              -0.5103864701494238
            ]
          },
          {
            "physicsTick": 24481,
            "activeTimeMs": 408019.3000000545,
            "position": [
              86.50752119286402,
              32.600001,
              -0.5103864701494238
            ]
          },
          {
            "physicsTick": 24482,
            "activeTimeMs": 408042.3000000545,
            "position": [
              86.50752119286402,
              32.600001,
              -0.5103864701494238
            ]
          },
          {
            "physicsTick": 24484,
            "activeTimeMs": 408068.0000000724,
            "position": [
              86.50752119286402,
              32.600001,
              -0.5103864701494238
            ]
          },
          {
            "physicsTick": 24485,
            "activeTimeMs": 408090.40000007837,
            "position": [
              86.50752119286402,
              32.600001,
              -0.5103864701494238
            ]
          },
          {
            "physicsTick": 24486,
            "activeTimeMs": 408113.2000000605,
            "position": [
              86.49363230397513,
              32.70333433333333,
              -0.5104257400562152
            ]
          },
          {
            "physicsTick": 24487,
            "activeTimeMs": 408131.90000007837,
            "position": [
              86.47418785953069,
              32.80166766666667,
              -0.5104650099630066
            ]
          },
          {
            "physicsTick": 24489,
            "activeTimeMs": 408159.0000000724,
            "position": [
              86.41863230397513,
              32.98333433333333,
              -0.5105435497765893
            ]
          },
          {
            "physicsTick": 24490,
            "activeTimeMs": 408180.40000007837,
            "position": [
              86.38252119286402,
              33.06666766666667,
              -0.5105828196833807
            ]
          },
          {
            "physicsTick": 24492,
            "activeTimeMs": 408202.8000000545,
            "position": [
              86.32696563730846,
              33.21833433333333,
              -0.5105828196833807
            ]
          },
          {
            "physicsTick": 24493,
            "activeTimeMs": 408226.7000000605,
            "position": [
              86.30752119286402,
              33.286667666666666,
              -0.5105828196833807
            ]
          },
          {
            "physicsTick": 24494,
            "activeTimeMs": 408243.60000006645,
            "position": [
              86.29363230397513,
              33.350001,
              -0.5105828196833807
            ]
          },
          {
            "physicsTick": 24496,
            "activeTimeMs": 408268.40000007837,
            "position": [
              86.28252119286401,
              33.46166766666666,
              -0.5105828196833807
            ]
          },
          {
            "physicsTick": 24497,
            "activeTimeMs": 408290.10000006645,
            "position": [
              86.28252119286401,
              33.510000999999995,
              -0.5105828196833807
            ]
          },
          {
            "physicsTick": 24498,
            "activeTimeMs": 408306.90000007837,
            "position": [
              86.28252119286401,
              33.55333433333333,
              -0.5105828196833807
            ]
          },
          {
            "physicsTick": 24499,
            "activeTimeMs": 408332.0000000724,
            "position": [
              86.28252119286401,
              33.591667666666666,
              -0.5105828196833807
            ]
          },
          {
            "physicsTick": 24500,
            "activeTimeMs": 408348.7000000605,
            "position": [
              86.28252119286401,
              33.625001,
              -0.5105828196833807
            ]
          },
          {
            "physicsTick": 24502,
            "activeTimeMs": 408369.3000000545,
            "position": [
              86.28252119286401,
              33.67666766666667,
              -0.5105828196833807
            ]
          },
          {
            "physicsTick": 24503,
            "activeTimeMs": 408395.60000006645,
            "position": [
              86.28252119286401,
              33.695001,
              -0.5105828196833807
            ]
          },
          {
            "physicsTick": 24505,
            "activeTimeMs": 408417.60000006645,
            "position": [
              86.28252119286401,
              33.716667666666666,
              -0.5105828196833807
            ]
          },
          {
            "physicsTick": 24506,
            "activeTimeMs": 408434.3000000545,
            "position": [
              86.28252119286401,
              33.720000999999996,
              -0.5105828196833807
            ]
          },
          {
            "physicsTick": 24507,
            "activeTimeMs": 408451.10000006645,
            "position": [
              86.28252119286401,
              33.71833433333333,
              -0.5105828196833807
            ]
          },
          {
            "physicsTick": 24508,
            "activeTimeMs": 408474.5000000724,
            "position": [
              86.28252119286401,
              33.71166766666666,
              -0.5105828196833807
            ]
          },
          {
            "physicsTick": 24510,
            "activeTimeMs": 408500.8000000545,
            "position": [
              86.28252119286401,
              33.683334333333335,
              -0.5105828196833807
            ]
          },
          {
            "physicsTick": 24511,
            "activeTimeMs": 408521.8000000545,
            "position": [
              86.28252119286401,
              33.661667666666666,
              -0.5105828196833807
            ]
          },
          {
            "physicsTick": 24512,
            "activeTimeMs": 408547.2000000605,
            "position": [
              86.28252119286401,
              33.635001,
              -0.5105828196833807
            ]
          },
          {
            "physicsTick": 24514,
            "activeTimeMs": 408568.7000000605,
            "position": [
              86.28252119286401,
              33.56666766666667,
              -0.5105828196833807
            ]
          },
          {
            "physicsTick": 24515,
            "activeTimeMs": 408586.10000006645,
            "position": [
              86.28252119286401,
              33.525001,
              -0.5105828196833807
            ]
          },
          {
            "physicsTick": 24516,
            "activeTimeMs": 408609.2000000605,
            "position": [
              86.28252119286401,
              33.478334333333336,
              -0.5105828196833807
            ]
          },
          {
            "physicsTick": 24517,
            "activeTimeMs": 408626.10000006645,
            "position": [
              86.28252119286401,
              33.42666766666667,
              -0.5105828196833807
            ]
          },
          {
            "physicsTick": 24518,
            "activeTimeMs": 408643.60000006645,
            "position": [
              86.28252119286401,
              33.370001,
              -0.5105828196833807
            ]
          },
          {
            "physicsTick": 24520,
            "activeTimeMs": 408668.40000007837,
            "position": [
              86.28252119286401,
              33.24166766666667,
              -0.5105828196833807
            ]
          },
          {
            "physicsTick": 24521,
            "activeTimeMs": 408689.90000007837,
            "position": [
              86.28252119286401,
              33.170001000000006,
              -0.5105828196833807
            ]
          },
          {
            "physicsTick": 24522,
            "activeTimeMs": 408713.7000000605,
            "position": [
              86.28252119286401,
              33.09333433333334,
              -0.5105828196833807
            ]
          },
          {
            "physicsTick": 24523,
            "activeTimeMs": 408732.10000006645,
            "position": [
              86.28252119286401,
              33.01166766666667,
              -0.5105828196833807
            ]
          },
          {
            "physicsTick": 24525,
            "activeTimeMs": 408753.0000000724,
            "position": [
              86.28252119286401,
              32.83333433333334,
              -0.5105828196833807
            ]
          },
          {
            "physicsTick": 24526,
            "activeTimeMs": 408779.3000000545,
            "position": [
              86.28252119286401,
              32.73666766666667,
              -0.5105828196833807
            ]
          },
          {
            "physicsTick": 24528,
            "activeTimeMs": 408803.10000006645,
            "position": [
              86.28252119286401,
              32.600001,
              -0.5105828196833807
            ]
          },
          {
            "physicsTick": 24529,
            "activeTimeMs": 408819.8000000545,
            "position": [
              86.28252119286401,
              32.600001,
              -0.5105828196833807
            ]
          },
          {
            "physicsTick": 24530,
            "activeTimeMs": 408843.90000007837,
            "position": [
              86.28252119286401,
              32.600001,
              -0.5105828196833807
            ]
          },
          {
            "physicsTick": 24532,
            "activeTimeMs": 408867.3000000545,
            "position": [
              86.26863230397512,
              32.70333433333333,
              -0.5106220895901721
            ]
          },
          {
            "physicsTick": 24533,
            "activeTimeMs": 408884.3000000545,
            "position": [
              86.24918785953068,
              32.80166766666667,
              -0.5106613594969635
            ]
          },
          {
            "physicsTick": 24534,
            "activeTimeMs": 408905.40000007837,
            "position": [
              86.22418785953067,
              32.895001,
              -0.5107006294037548
            ]
          },
          {
            "physicsTick": 24535,
            "activeTimeMs": 408922.5000000724,
            "position": [
              86.19363230397512,
              32.98333433333333,
              -0.5107398993105462
            ]
          },
          {
            "physicsTick": 24536,
            "activeTimeMs": 408947.2000000605,
            "position": [
              86.15752119286401,
              33.06666766666667,
              -0.5107791692173376
            ]
          },
          {
            "physicsTick": 24538,
            "activeTimeMs": 408969.40000007837,
            "position": [
              86.10196563730845,
              33.21833433333333,
              -0.5107791692173376
            ]
          },
          {
            "physicsTick": 24539,
            "activeTimeMs": 408995.5000000724,
            "position": [
              86.08252119286401,
              33.286667666666666,
              -0.5107791692173376
            ]
          },
          {
            "physicsTick": 24541,
            "activeTimeMs": 409019.3000000545,
            "position": [
              86.06029897064178,
              33.40833433333333,
              -0.5107791692173376
            ]
          },
          {
            "physicsTick": 24542,
            "activeTimeMs": 409043.3000000545,
            "position": [
              86.057521192864,
              33.46166766666666,
              -0.5107791692173376
            ]
          },
          {
            "physicsTick": 24544,
            "activeTimeMs": 409068.5000000724,
            "position": [
              86.057521192864,
              33.55333433333333,
              -0.5107791692173376
            ]
          },
          {
            "physicsTick": 24545,
            "activeTimeMs": 409090.90000007837,
            "position": [
              86.057521192864,
              33.591667666666666,
              -0.5107791692173376
            ]
          },
          {
            "physicsTick": 24546,
            "activeTimeMs": 409112.90000007837,
            "position": [
              86.057521192864,
              33.625001,
              -0.5107791692173376
            ]
          },
          {
            "physicsTick": 24548,
            "activeTimeMs": 409137.2000000605,
            "position": [
              86.057521192864,
              33.67666766666667,
              -0.5107791692173376
            ]
          },
          {
            "physicsTick": 24549,
            "activeTimeMs": 409161.7000000605,
            "position": [
              86.057521192864,
              33.695001,
              -0.5107791692173376
            ]
          },
          {
            "physicsTick": 24550,
            "activeTimeMs": 409179.0000000724,
            "position": [
              86.057521192864,
              33.70833433333333,
              -0.5107791692173376
            ]
          },
          {
            "physicsTick": 24552,
            "activeTimeMs": 409200.7000000605,
            "position": [
              86.057521192864,
              33.720000999999996,
              -0.5107791692173376
            ]
          },
          {
            "physicsTick": 24553,
            "activeTimeMs": 409217.40000007837,
            "position": [
              86.057521192864,
              33.71833433333333,
              -0.5107791692173376
            ]
          },
          {
            "physicsTick": 24554,
            "activeTimeMs": 409234.40000007837,
            "position": [
              86.057521192864,
              33.71166766666666,
              -0.5107791692173376
            ]
          },
          {
            "physicsTick": 24555,
            "activeTimeMs": 409251.3000000545,
            "position": [
              86.057521192864,
              33.700001,
              -0.5107791692173376
            ]
          },
          {
            "physicsTick": 24556,
            "activeTimeMs": 409273.2000000605,
            "position": [
              86.057521192864,
              33.683334333333335,
              -0.5107791692173376
            ]
          },
          {
            "physicsTick": 24557,
            "activeTimeMs": 409290.60000006645,
            "position": [
              86.057521192864,
              33.661667666666666,
              -0.5107791692173376
            ]
          },
          {
            "physicsTick": 24558,
            "activeTimeMs": 409313.60000006645,
            "position": [
              86.057521192864,
              33.635001,
              -0.5107791692173376
            ]
          },
          {
            "physicsTick": 24559,
            "activeTimeMs": 409331.90000007837,
            "position": [
              86.057521192864,
              33.603334333333336,
              -0.5107791692173376
            ]
          },
          {
            "physicsTick": 24561,
            "activeTimeMs": 409352.5000000724,
            "position": [
              86.057521192864,
              33.525001,
              -0.5107791692173376
            ]
          },
          {
            "physicsTick": 24562,
            "activeTimeMs": 409369.3000000545,
            "position": [
              86.057521192864,
              33.478334333333336,
              -0.5107791692173376
            ]
          },
          {
            "physicsTick": 24563,
            "activeTimeMs": 409396.5000000724,
            "position": [
              86.057521192864,
              33.42666766666667,
              -0.5107791692173376
            ]
          },
          {
            "physicsTick": 24565,
            "activeTimeMs": 409417.7000000605,
            "position": [
              86.057521192864,
              33.308334333333335,
              -0.5107791692173376
            ]
          },
          {
            "physicsTick": 24566,
            "activeTimeMs": 409434.90000007837,
            "position": [
              86.057521192864,
              33.24166766666667,
              -0.5107791692173376
            ]
          },
          {
            "physicsTick": 24567,
            "activeTimeMs": 409456.10000006645,
            "position": [
              86.057521192864,
              33.170001000000006,
              -0.5107791692173376
            ]
          },
          {
            "physicsTick": 24568,
            "activeTimeMs": 409473.90000007837,
            "position": [
              86.057521192864,
              33.09333433333334,
              -0.5107791692173376
            ]
          },
          {
            "physicsTick": 24570,
            "activeTimeMs": 409500.3000000545,
            "position": [
              86.057521192864,
              32.925001,
              -0.5107791692173376
            ]
          },
          {
            "physicsTick": 24571,
            "activeTimeMs": 409520.5000000724,
            "position": [
              86.057521192864,
              32.83333433333334,
              -0.5107791692173376
            ]
          },
          {
            "physicsTick": 24572,
            "activeTimeMs": 409537.40000007837,
            "position": [
              86.057521192864,
              32.73666766666667,
              -0.5107791692173376
            ]
          },
          {
            "physicsTick": 24573,
            "activeTimeMs": 409561.5000000724,
            "position": [
              86.057521192864,
              32.635001,
              -0.5107791692173376
            ]
          },
          {
            "physicsTick": 24574,
            "activeTimeMs": 409578.60000006645,
            "position": [
              86.057521192864,
              32.600001,
              -0.5107791692173376
            ]
          },
          {
            "physicsTick": 24576,
            "activeTimeMs": 409603.0000000724,
            "position": [
              86.057521192864,
              32.600001,
              -0.5107791692173376
            ]
          },
          {
            "physicsTick": 24577,
            "activeTimeMs": 409627.3000000545,
            "position": [
              86.057521192864,
              32.600001,
              -0.5107791692173376
            ]
          },
          {
            "physicsTick": 24579,
            "activeTimeMs": 409650.7000000605,
            "position": [
              86.02418785953067,
              32.80166766666667,
              -0.5108577090309203
            ]
          },
          {
            "physicsTick": 24580,
            "activeTimeMs": 409668.3000000545,
            "position": [
              85.99918785953066,
              32.895001,
              -0.5108969789377117
            ]
          },
          {
            "physicsTick": 24581,
            "activeTimeMs": 409689.7000000605,
            "position": [
              85.96863230397511,
              32.98333433333333,
              -0.5109362488445031
            ]
          },
          {
            "physicsTick": 24582,
            "activeTimeMs": 409707.0000000724,
            "position": [
              85.932521192864,
              33.06666766666667,
              -0.5109755187512944
            ]
          },
          {
            "physicsTick": 24583,
            "activeTimeMs": 409731.90000007837,
            "position": [
              85.90196563730845,
              33.145001,
              -0.5109755187512944
            ]
          },
          {
            "physicsTick": 24585,
            "activeTimeMs": 409752.90000007837,
            "position": [
              85.857521192864,
              33.286667666666666,
              -0.5109755187512944
            ]
          },
          {
            "physicsTick": 24586,
            "activeTimeMs": 409776.90000007837,
            "position": [
              85.84363230397511,
              33.350001,
              -0.5109755187512944
            ]
          },
          {
            "physicsTick": 24587,
            "activeTimeMs": 409795.8000000545,
            "position": [
              85.83529897064177,
              33.40833433333333,
              -0.5109755187512944
            ]
          },
          {
            "physicsTick": 24589,
            "activeTimeMs": 409819.10000006645,
            "position": [
              85.832521192864,
              33.510000999999995,
              -0.5109755187512944
            ]
          },
          {
            "physicsTick": 24590,
            "activeTimeMs": 409842.3000000545,
            "position": [
              85.832521192864,
              33.55333433333333,
              -0.5109755187512944
            ]
          },
          {
            "physicsTick": 24592,
            "activeTimeMs": 409867.8000000545,
            "position": [
              85.832521192864,
              33.625001,
              -0.5109755187512944
            ]
          },
          {
            "physicsTick": 24593,
            "activeTimeMs": 409889.40000007837,
            "position": [
              85.832521192864,
              33.65333433333333,
              -0.5109755187512944
            ]
          },
          {
            "physicsTick": 24594,
            "activeTimeMs": 409913.90000007837,
            "position": [
              85.832521192864,
              33.67666766666667,
              -0.5109755187512944
            ]
          },
          {
            "physicsTick": 24595,
            "activeTimeMs": 409931.7000000605,
            "position": [
              85.832521192864,
              33.695001,
              -0.5109755187512944
            ]
          },
          {
            "physicsTick": 24597,
            "activeTimeMs": 409953.3000000545,
            "position": [
              85.832521192864,
              33.716667666666666,
              -0.5109755187512944
            ]
          },
          {
            "physicsTick": 24598,
            "activeTimeMs": 409979.90000007837,
            "position": [
              85.832521192864,
              33.720000999999996,
              -0.5109755187512944
            ]
          },
          {
            "physicsTick": 24599,
            "activeTimeMs": 409996.90000007837,
            "position": [
              85.832521192864,
              33.71833433333333,
              -0.5109755187512944
            ]
          },
          {
            "physicsTick": 24601,
            "activeTimeMs": 410018.90000007837,
            "position": [
              85.832521192864,
              33.700001,
              -0.5109755187512944
            ]
          },
          {
            "physicsTick": 24602,
            "activeTimeMs": 410043.5000000724,
            "position": [
              85.832521192864,
              33.683334333333335,
              -0.5109755187512944
            ]
          },
          {
            "physicsTick": 24604,
            "activeTimeMs": 410068.3000000545,
            "position": [
              85.832521192864,
              33.635001,
              -0.5109755187512944
            ]
          },
          {
            "physicsTick": 24605,
            "activeTimeMs": 410089.0000000724,
            "position": [
              85.832521192864,
              33.603334333333336,
              -0.5109755187512944
            ]
          },
          {
            "physicsTick": 24606,
            "activeTimeMs": 410114.5000000724,
            "position": [
              85.832521192864,
              33.56666766666667,
              -0.5109755187512944
            ]
          },
          {
            "physicsTick": 24608,
            "activeTimeMs": 410137.3000000545,
            "position": [
              85.832521192864,
              33.478334333333336,
              -0.5109755187512944
            ]
          },
          {
            "physicsTick": 24609,
            "activeTimeMs": 410160.8000000545,
            "position": [
              85.832521192864,
              33.42666766666667,
              -0.5109755187512944
            ]
          },
          {
            "physicsTick": 24610,
            "activeTimeMs": 410180.10000006645,
            "position": [
              85.832521192864,
              33.370001,
              -0.5109755187512944
            ]
          },
          {
            "physicsTick": 24612,
            "activeTimeMs": 410201.8000000545,
            "position": [
              85.832521192864,
              33.24166766666667,
              -0.5109755187512944
            ]
          },
          {
            "physicsTick": 24613,
            "activeTimeMs": 410226.8000000545,
            "position": [
              85.832521192864,
              33.170001000000006,
              -0.5109755187512944
            ]
          },
          {
            "physicsTick": 24615,
            "activeTimeMs": 410251.40000007837,
            "position": [
              85.832521192864,
              33.01166766666667,
              -0.5109755187512944
            ]
          },
          {
            "physicsTick": 24616,
            "activeTimeMs": 410268.60000006645,
            "position": [
              85.832521192864,
              32.925001,
              -0.5109755187512944
            ]
          },
          {
            "physicsTick": 24617,
            "activeTimeMs": 410289.60000006645,
            "position": [
              85.832521192864,
              32.83333433333334,
              -0.5109755187512944
            ]
          },
          {
            "physicsTick": 24618,
            "activeTimeMs": 410314.5000000724,
            "position": [
              85.832521192864,
              32.73666766666667,
              -0.5109755187512944
            ]
          },
          {
            "physicsTick": 24620,
            "activeTimeMs": 410337.10000006645,
            "position": [
              85.832521192864,
              32.600001,
              -0.5109755187512944
            ]
          },
          {
            "physicsTick": 24621,
            "activeTimeMs": 410358.10000006645,
            "position": [
              85.832521192864,
              32.600001,
              -0.5109755187512944
            ]
          }
        ],
        "generatorVersion": 11,
        "renderPipeline": {
          "drawUnit": "chunk-render-category",
          "batchMode": "category",
          "vertexLayout": "float16-uv-uint16-index",
          "shaderMode": "voxel-array-chunks",
          "backend": "webgl2"
        },
        "experiments": {
          "requested": {
            "renderer": "webgl2",
            "wasm": true,
            "simd": true
          },
          "kernels": [
            "w02",
            "w03",
            "w04",
            "w05",
            "w06"
          ],
          "renderer": {
            "requestedRenderer": "webgl2",
            "effectiveRenderer": "webgl2",
            "rendererStatus": "matched"
          },
          "workers": [
            {
              "epoch": "seedlands:classic-canonical-runtime-v11:1",
              "lane": "fluid",
              "index": 0,
              "status": "off",
              "requestedArtifact": "simd",
              "effectiveArtifact": "off",
              "selected": [],
              "reason": "no-selected-kernel"
            },
            {
              "epoch": "seedlands:classic-canonical-runtime-v11:1",
              "lane": "general",
              "index": 1,
              "status": "matched",
              "requestedArtifact": "simd",
              "effectiveArtifact": "simd",
              "selected": [
                "w02",
                "w03",
                "w04",
                "w05",
                "w06"
              ],
              "artifactSha256": "c1a763778c4eb4873772cf480c758f8b18cbc77beee80c933dda6b2fd19e4b2c"
            }
          ]
        },
        "serverRevision": 1,
        "voxelAtOrigin": 42,
        "serverPlayerPosition": [
          85.832521192864,
          32.600001,
          -0.5109755187512944
        ],
        "serverPlayerVelocity": [
          0,
          0,
          0
        ],
        "prediction": {
          "pendingFrames": 0,
          "lastResetReason": "authority-resync",
          "resetCounts": {
            "input-interrupted": 127,
            "authority-resync": 1016,
            "collision-history-missing": 130,
            "movement-mode-changed": 26
          },
          "presentationOffset": {
            "x": 0,
            "y": 0,
            "z": 0
          }
        },
        "serverWorldTime": 4.305999999984142,
        "performance": {
          "scenarioId": "default",
          "frame": {
            "count": 1200,
            "p50Ms": 16.69999998807907,
            "p95Ms": 18.400000005960464,
            "p99Ms": 20.200000017881393,
            "maxMs": 22.599999994039536,
            "longFrameCount": 0,
            "lastLongFrameMs": 0
          },
          "chunkVisible": {
            "count": 155,
            "p50Ms": 992.0999999940395,
            "p95Ms": 15475.59999999404,
            "p99Ms": 17221.5,
            "maxMs": 17521.5
          },
          "completedChunkTraces": 155,
          "traceEventCount": 2014,
          "maxMeshCommitsInFrame": 1,
          "maxMeshPartsInFrame": 2,
          "visibleAfterPostrender": true,
          "incidents": 32,
          "droppedEvents": 12698,
          "uploadQueueDepth": 0,
          "estimatedMeshBytes": 7768740
        },
        "compute": {
          "workerCount": 2,
          "fluidWorkerCount": 1,
          "generalWorkerCount": 1,
          "running": 0,
          "queued": 0,
          "queuedBytes": 0,
          "cancellationRequests": 0,
          "staleResults": 0,
          "failedTasks": 0,
          "completedTasks": 309,
          "submittedTasks": 309,
          "submittedBytes": 133595136,
          "maxQueued": 1,
          "maxQueuedBytes": 0,
          "workerTaskDuration": {
            "fluid": {
              "count": 128,
              "capacity": 256,
              "samplesMs": [
                1.2000000178813934,
                0.5999999940395355,
                0.30000001192092896,
                0.699999988079071,
                0.4000000059604645,
                0.30000001192092896,
                0.30000001192092896,
                0.20000001788139343,
                0.29999998211860657,
                0.30000001192092896,
                0.19999998807907104,
                0.09999999403953552,
                0.09999999403953552,
                0.30000001192092896,
                0.29999998211860657,
                0.4000000059604645,
                0.29999998211860657,
                0.4000000059604645,
                0.19999998807907104,
                0.4000000059604645,
                0.3999999761581421,
                0.4000000059604645,
                0.30000001192092896,
                0.29999998211860657,
                0.19999998807907104,
                0.09999999403953552,
                0.4000000059604645,
                0.19999998807907104,
                0.19999998807907104,
                0.20000001788139343,
                0.09999999403953552,
                0.09999999403953552,
                0.09999999403953552,
                0.09999999403953552,
                0.09999999403953552,
                0.09999999403953552,
                0.30000001192092896,
                0.5,
                0.30000001192092896,
                0.10000002384185791,
                0.20000001788139343,
                0.09999999403953552,
                0.20000001788139343,
                0.09999999403953552,
                0.09999999403953552,
                0.20000001788139343,
                0.09999999403953552,
                0.09999999403953552,
                0.09999999403953552,
                0.09999999403953552,
                0,
                0.09999999403953552,
                0.19999998807907104,
                0.09999999403953552,
                0.19999998807907104,
                0.09999999403953552,
                0.09999999403953552,
                0.19999998807907104,
                0.09999999403953552,
                0,
                0.09999999403953552,
                0.20000001788139343,
                0.09999999403953552,
                0.10000002384185791,
                0.09999999403953552,
                0.19999998807907104,
                0.19999998807907104,
                0.19999998807907104,
                0.09999999403953552,
                0.10000002384185791,
                0.09999999403953552,
                0.09999999403953552,
                0.19999998807907104,
                0.09999999403953552,
                0.19999998807907104,
                0.09999999403953552,
                0.19999998807907104,
                0.19999998807907104,
                0.09999999403953552,
                0.09999999403953552,
                0.20000001788139343,
                0.29999998211860657,
                0.09999999403953552,
                0.09999999403953552,
                0.09999999403953552,
                0,
                0.09999999403953552,
                0.09999999403953552,
                0.10000002384185791,
                0.29999998211860657,
                0.09999999403953552,
                0.19999998807907104,
                0.20000001788139343,
                0.19999998807907104,
                0.29999998211860657,
                0.30000001192092896,
                0.29999998211860657,
                0.4000000059604645,
                0.20000001788139343,
                0.30000001192092896,
                0.20000001788139343,
                0.19999998807907104,
                0.29999998211860657,
                0.19999998807907104,
                0.20000001788139343,
                0.30000001192092896,
                0.19999998807907104,
                0.30000001192092896,
                0.30000001192092896,
                0.19999998807907104,
                0.19999998807907104,
                0.30000001192092896,
                0.20000001788139343,
                0.19999998807907104,
                0.09999999403953552,
                0.30000001192092896,
                0.19999998807907104,
                0.20000001788139343,
                0.09999999403953552,
                0.09999999403953552,
                0.09999999403953552,
                0.20000001788139343,
                0.19999998807907104,
                0.10000002384185791,
                0,
                0,
                0.10000002384185791,
                0
              ]
            },
            "general": {
              "count": 181,
              "capacity": 256,
              "samplesMs": [
                1558.199999988079,
                322.7999999821186,
                227.59999999403954,
                41.69999998807907,
                42.80000001192093,
                45,
                44.10000002384186,
                43.900000005960464,
                46.79999998211861,
                50.400000005960464,
                42.099999994039536,
                43.900000005960464,
                43.099999994039536,
                44.400000005960464,
                43.599999994039536,
                47.10000002384186,
                49.89999997615814,
                86.59999999403954,
                87.7000000178814,
                95,
                96.5,
                97.40000000596046,
                97.90000000596046,
                98.60000002384186,
                87.7000000178814,
                91.80000001192093,
                97.10000002384186,
                100.59999999403954,
                100.2999999821186,
                101.80000001192093,
                100.5,
                331.19999998807907,
                276.19999998807907,
                274.09999999403954,
                42.29999998211861,
                280.90000000596046,
                289.89999997615814,
                339.80000001192093,
                244.7999999821186,
                233.59999999403954,
                230.40000000596046,
                243.80000001192093,
                284.5,
                285.19999998807907,
                332.30000001192093,
                336.5,
                260.30000001192093,
                231.69999998807907,
                250.59999999403954,
                243.2999999821186,
                282.2999999821186,
                227.7000000178814,
                269.59999999403954,
                320.19999998807907,
                235.90000000596046,
                223.5,
                279.59999999403954,
                272.30000001192093,
                226.09999999403954,
                225.59999999403954,
                273.80000001192093,
                270,
                251.89999997615814,
                218.19999998807907,
                271.09999999403954,
                266.90000000596046,
                220.40000000596046,
                215.40000000596046,
                273.19999998807907,
                267,
                222.5,
                217.69999998807907,
                272.7000000178814,
                268.2999999821186,
                221.7000000178814,
                216.7000000178814,
                298.69999998807907,
                265.40000000596046,
                230.19999998807907,
                216.10000002384186,
                269.7000000178814,
                234.09999999403954,
                276.09999999403954,
                325.80000001192093,
                231,
                264.40000000596046,
                270.19999998807907,
                265,
                224.40000000596046,
                224.7000000178814,
                267.5,
                266.19999998807907,
                222.7999999821186,
                227.89999997615814,
                273.69999998807907,
                230.5,
                268.7000000178814,
                227.90000000596046,
                273.40000000596046,
                286.5,
                220.59999999403954,
                289.10000002384186,
                226.89999997615814,
                271.30000001192093,
                274.7000000178814,
                280.30000001192093,
                229.30000001192093,
                271,
                232.10000002384186,
                239.19999998807907,
                276.19999998807907,
                223.2999999821186,
                270,
                277.90000000596046,
                268.60000002384186,
                273.19999998807907,
                271.90000000596046,
                278.90000000596046,
                268.69999998807907,
                272.59999999403954,
                271.59999999403954,
                303.69999998807907,
                267.69999998807907,
                273.90000000596046,
                265.40000000596046,
                266.7000000178814,
                269.09999999403954,
                263,
                127.30000001192093,
                267.40000000596046,
                221.80000001192093,
                277.5,
                151.09999999403954,
                266.7999999821186,
                219.7999999821186,
                259.69999998807907,
                124.90000000596046,
                263.5,
                241.5,
                262.19999998807907,
                125.19999998807907,
                264.2000000178814,
                213.80000001192093,
                259.59999999403954,
                124.5,
                348.7000000178814,
                234.80000001192093,
                330.10000002384186,
                327.30000001192093,
                237.09999999403954,
                238,
                269.69999998807907,
                234.30000001192093,
                280,
                153.30000001192093,
                265.69999998807907,
                130.39999997615814,
                267.7000000178814,
                125.7999999821186,
                262.19999998807907,
                150.2999999821186,
                265.7999999821186,
                128.5,
                277.19999998807907,
                149.59999999403954,
                264.10000002384186,
                126.5,
                259.59999999403954,
                125.7999999821186,
                279.2999999821186,
                260.2999999821186,
                325.30000001192093,
                266.40000000596046,
                235.40000000596046,
                233.7000000178814,
                268.59999999403954,
                261,
                130.80000001192093,
                223.39999997615814,
                275.09999999403954,
                224.80000001192093
              ]
            }
          },
          "workerKernelStates": [
            {
              "epoch": "seedlands:classic-canonical-runtime-v11:1",
              "lane": "fluid",
              "index": 0,
              "status": "off",
              "requestedArtifact": "simd",
              "effectiveArtifact": "off",
              "selected": [],
              "reason": "no-selected-kernel"
            },
            {
              "epoch": "seedlands:classic-canonical-runtime-v11:1",
              "lane": "general",
              "index": 1,
              "status": "matched",
              "requestedArtifact": "simd",
              "effectiveArtifact": "simd",
              "selected": [
                "w02",
                "w03",
                "w04",
                "w05",
                "w06"
              ],
              "artifactSha256": "c1a763778c4eb4873772cf480c758f8b18cbc77beee80c933dda6b2fd19e4b2c"
            }
          ],
          "workerActivity": [
            {
              "lane": "fluid",
              "index": 0,
              "status": "idle",
              "taskId": null,
              "taskCategory": null,
              "taskAgeMs": null,
              "sampledAtMs": 90828.19999998808,
              "completedTasks": 128,
              "lastTaskDurationMs": 0,
              "kernel": null
            },
            {
              "lane": "general",
              "index": 1,
              "status": "idle",
              "taskId": null,
              "taskCategory": null,
              "taskAgeMs": null,
              "sampledAtMs": 323840.40000000596,
              "completedTasks": 181,
              "lastTaskDurationMs": 224.80000001192093,
              "kernel": {
                "calls": 3226,
                "failures": 0,
                "memoryBytes": 18874368,
                "durationMs": 16.600000202655792,
                "failed": false
              }
            }
          ]
        },
        "fluidFeedback": {
          "count": 0,
          "pending": false,
          "pendingSample": null,
          "p50Ms": 0,
          "p95Ms": 0,
          "p99Ms": 0,
          "maxMs": 0,
          "samples": []
        },
        "waterTransitions": {
          "activeCount": 0,
          "active": [],
          "recent": [
            {
              "chunkKey": "2,0,0",
              "targetRevision": 5,
              "traceId": "trace-65",
              "geometry": {
                "mode": "surface-morph",
                "patchCount": 46,
                "retainedPatchCount": 0,
                "addedPatchCount": 46,
                "removedPatchCount": 0,
                "visibleWaterMeshCount": 1,
                "opacityCrossfade": false
              },
              "progress": 1,
              "frameCount": 9,
              "completed": true,
              "superseded": false,
              "progressSamples": [
                0,
                0.15555555555555556,
                0.3038888888226615,
                0.45166666656732557,
                0.602222222255336,
                0.7477777777446641,
                0.8933333332339922,
                1,
                1
              ]
            },
            {
              "chunkKey": "2,1,0",
              "targetRevision": 0,
              "traceId": "trace-66",
              "geometry": {
                "mode": "surface-morph",
                "patchCount": 54,
                "retainedPatchCount": 0,
                "addedPatchCount": 54,
                "removedPatchCount": 0,
                "visibleWaterMeshCount": 1,
                "opacityCrossfade": false
              },
              "progress": 1,
              "frameCount": 9,
              "completed": true,
              "superseded": false,
              "progressSamples": [
                0,
                0.14444444444444443,
                0.2972222222222222,
                0.4427777777115504,
                0.5855555554231008,
                0.7294444443451034,
                0.8655555554562144,
                1,
                1
              ]
            },
            {
              "chunkKey": "2,0,-1",
              "targetRevision": 11,
              "traceId": "trace-67",
              "geometry": {
                "mode": "surface-morph",
                "patchCount": 132,
                "retainedPatchCount": 0,
                "addedPatchCount": 132,
                "removedPatchCount": 0,
                "visibleWaterMeshCount": 1,
                "opacityCrossfade": false
              },
              "progress": 1,
              "frameCount": 9,
              "completed": true,
              "superseded": false,
              "progressSamples": [
                0,
                0.14777777791023256,
                0.30666666676600773,
                0.45444444451067184,
                0.6061111112435659,
                0.7616666667991214,
                0.9022222222553359,
                1,
                1
              ]
            },
            {
              "chunkKey": "2,1,-1",
              "targetRevision": 0,
              "traceId": "trace-68",
              "geometry": {
                "mode": "surface-morph",
                "patchCount": 24,
                "retainedPatchCount": 0,
                "addedPatchCount": 24,
                "removedPatchCount": 0,
                "visibleWaterMeshCount": 1,
                "opacityCrossfade": false
              },
              "progress": 1,
              "frameCount": 9,
              "completed": true,
              "superseded": false,
              "progressSamples": [
                0,
                0.14944444431198967,
                0.3,
                0.4427777777115504,
                0.6066666666004393,
                0.772777777744664,
                0.925,
                1,
                1
              ]
            },
            {
              "chunkKey": "2,0,0",
              "targetRevision": 25,
              "traceId": "trace-69",
              "geometry": {
                "mode": "surface-morph",
                "patchCount": 768,
                "retainedPatchCount": 45,
                "addedPatchCount": 722,
                "removedPatchCount": 1,
                "visibleWaterMeshCount": 1,
                "opacityCrossfade": false
              },
              "progress": 1,
              "frameCount": 9,
              "completed": true,
              "superseded": false,
              "progressSamples": [
                0,
                0.14333333323399225,
                0.30277777777777776,
                0.4511111110448837,
                0.6,
                0.7494444444775581,
                0.8966666666997803,
                1,
                1
              ]
            },
            {
              "chunkKey": "1,0,0",
              "targetRevision": 34,
              "traceId": "trace-70",
              "geometry": {
                "mode": "surface-morph",
                "patchCount": 224,
                "retainedPatchCount": 0,
                "addedPatchCount": 224,
                "removedPatchCount": 0,
                "visibleWaterMeshCount": 1,
                "opacityCrossfade": false
              },
              "progress": 1,
              "frameCount": 10,
              "completed": true,
              "superseded": false,
              "progressSamples": [
                0,
                0.14722222222222223,
                0.2894444445768992,
                0.4238888889551163,
                0.5666666666666667,
                0.7066666667660078,
                0.838333333366447,
                0.9688888889220025,
                1,
                1
              ]
            },
            {
              "chunkKey": "1,1,0",
              "targetRevision": 0,
              "traceId": "trace-71",
              "geometry": {
                "mode": "surface-morph",
                "patchCount": 9,
                "retainedPatchCount": 0,
                "addedPatchCount": 9,
                "removedPatchCount": 0,
                "visibleWaterMeshCount": 1,
                "opacityCrossfade": false
              },
              "progress": 1,
              "frameCount": 10,
              "completed": true,
              "superseded": false,
              "progressSamples": [
                0,
                0.1527777777777778,
                0.30277777777777776,
                0.43388888902134365,
                0.5822222222884496,
                0.7216666666997804,
                0.8533333334657881,
                0.9950000001324548,
                1,
                1
              ]
            },
            {
              "chunkKey": "1,0,-1",
              "targetRevision": 8,
              "traceId": "trace-72",
              "geometry": {
                "mode": "surface-morph",
                "patchCount": 78,
                "retainedPatchCount": 0,
                "addedPatchCount": 78,
                "removedPatchCount": 0,
                "visibleWaterMeshCount": 1,
                "opacityCrossfade": false
              },
              "progress": 1,
              "frameCount": 10,
              "completed": true,
              "superseded": false,
              "progressSamples": [
                0,
                0.1461111111773385,
                0.2933333333995607,
                0.4227777779102325,
                0.5694444444444444,
                0.7061111112435658,
                0.8477777779102326,
                0.9838888890213436,
                1,
                1
              ]
            },
            {
              "chunkKey": "2,0,-1",
              "targetRevision": 31,
              "traceId": "trace-74",
              "geometry": {
                "mode": "surface-morph",
                "patchCount": 577,
                "retainedPatchCount": 129,
                "addedPatchCount": 445,
                "removedPatchCount": 3,
                "visibleWaterMeshCount": 1,
                "opacityCrossfade": false
              },
              "progress": 1,
              "frameCount": 9,
              "completed": true,
              "superseded": false,
              "progressSamples": [
                0,
                0.15,
                0.2911111111442248,
                0.4511111110448837,
                0.602222222255336,
                0.7399999999337726,
                0.8933333332339922,
                1,
                1
              ]
            },
            {
              "chunkKey": "2,0,0",
              "targetRevision": 36,
              "traceId": "trace-75",
              "geometry": {
                "mode": "surface-morph",
                "patchCount": 901,
                "retainedPatchCount": 651,
                "addedPatchCount": 134,
                "removedPatchCount": 116,
                "visibleWaterMeshCount": 1,
                "opacityCrossfade": false
              },
              "progress": 1,
              "frameCount": 9,
              "completed": true,
              "superseded": false,
              "progressSamples": [
                0,
                0.14888888895511626,
                0.30055555552244184,
                0.45333333330021963,
                0.602222222255336,
                0.7505555555224419,
                0.8872222221559949,
                1,
                1
              ]
            },
            {
              "chunkKey": "1,0,0",
              "targetRevision": 42,
              "traceId": "trace-76",
              "geometry": {
                "mode": "surface-morph",
                "patchCount": 238,
                "retainedPatchCount": 187,
                "addedPatchCount": 14,
                "removedPatchCount": 37,
                "visibleWaterMeshCount": 1,
                "opacityCrossfade": false
              },
              "progress": 1,
              "frameCount": 9,
              "completed": true,
              "superseded": false,
              "progressSamples": [
                0,
                0.13999999993377263,
                0.286666666633553,
                0.4600000000662274,
                0.6061111110779974,
                0.7744444444775581,
                0.9294444445106719,
                1,
                1
              ]
            },
            {
              "chunkKey": "2,1,0",
              "targetRevision": 0,
              "traceId": "trace-77",
              "geometry": {
                "mode": "surface-morph",
                "patchCount": 54,
                "retainedPatchCount": 0,
                "addedPatchCount": 0,
                "removedPatchCount": 54,
                "visibleWaterMeshCount": 1,
                "opacityCrossfade": false
              },
              "progress": 1,
              "frameCount": 9,
              "completed": true,
              "superseded": false,
              "progressSamples": [
                0,
                0.14777777774466408,
                0.2911111111442248,
                0.4327777778108915,
                0.5811111110779974,
                0.7222222222222222,
                0.8833333333333333,
                1,
                1
              ]
            },
            {
              "chunkKey": "2,0,-1",
              "targetRevision": 51,
              "traceId": "trace-85",
              "geometry": {
                "mode": "surface-morph",
                "patchCount": 577,
                "retainedPatchCount": 467,
                "addedPatchCount": 3,
                "removedPatchCount": 107,
                "visibleWaterMeshCount": 1,
                "opacityCrossfade": false
              },
              "progress": 1,
              "frameCount": 9,
              "completed": true,
              "superseded": false,
              "progressSamples": [
                0,
                0.1527777777777778,
                0.31444444441133074,
                0.4600000000662274,
                0.6105555555886693,
                0.7572222222884496,
                0.8994444444775581,
                1,
                1
              ]
            },
            {
              "chunkKey": "2,1,-1",
              "targetRevision": 0,
              "traceId": "trace-79",
              "geometry": {
                "mode": "surface-morph",
                "patchCount": 24,
                "retainedPatchCount": 0,
                "addedPatchCount": 0,
                "removedPatchCount": 24,
                "visibleWaterMeshCount": 1,
                "opacityCrossfade": false
              },
              "progress": 1,
              "frameCount": 9,
              "completed": true,
              "superseded": false,
              "progressSamples": [
                0,
                0.1411111111442248,
                0.3099999999006589,
                0.45055555552244186,
                0.6011111110448837,
                0.7494444444775581,
                0.8916666666666667,
                1,
                1
              ]
            },
            {
              "chunkKey": "1,1,0",
              "targetRevision": 0,
              "traceId": "trace-80",
              "geometry": {
                "mode": "surface-morph",
                "patchCount": 9,
                "retainedPatchCount": 0,
                "addedPatchCount": 0,
                "removedPatchCount": 9,
                "visibleWaterMeshCount": 1,
                "opacityCrossfade": false
              },
              "progress": 1,
              "frameCount": 9,
              "completed": true,
              "superseded": false,
              "progressSamples": [
                0,
                0.16444444441133074,
                0.3205555554893282,
                0.46333333320087855,
                0.6099999999006589,
                0.7566666666004392,
                0.9011111110448837,
                1,
                1
              ]
            },
            {
              "chunkKey": "1,0,-1",
              "targetRevision": 8,
              "traceId": "trace-81",
              "geometry": {
                "mode": "surface-morph",
                "patchCount": 78,
                "retainedPatchCount": 76,
                "addedPatchCount": 0,
                "removedPatchCount": 2,
                "visibleWaterMeshCount": 1,
                "opacityCrossfade": false
              },
              "progress": 1,
              "frameCount": 9,
              "completed": true,
              "superseded": false,
              "progressSamples": [
                0,
                0.15666666676600774,
                0.31777777787711886,
                0.4688888889220026,
                0.6194444444444445,
                0.7905555556217829,
                0.9550000000331137,
                1,
                1
              ]
            },
            {
              "chunkKey": "2,0,0",
              "targetRevision": 75,
              "traceId": "trace-88",
              "geometry": {
                "mode": "surface-morph",
                "patchCount": 804,
                "retainedPatchCount": 567,
                "addedPatchCount": 19,
                "removedPatchCount": 218,
                "visibleWaterMeshCount": 1,
                "opacityCrossfade": false
              },
              "progress": 1,
              "frameCount": 9,
              "completed": true,
              "superseded": false,
              "progressSamples": [
                0,
                0.142222222354677,
                0.30833333333333335,
                0.45888888902134367,
                0.6222222222222222,
                0.7683333333995607,
                0.9116666667991215,
                1,
                1
              ]
            },
            {
              "chunkKey": "1,0,0",
              "targetRevision": 76,
              "traceId": "trace-84",
              "geometry": {
                "mode": "surface-morph",
                "patchCount": 203,
                "retainedPatchCount": 176,
                "addedPatchCount": 2,
                "removedPatchCount": 25,
                "visibleWaterMeshCount": 1,
                "opacityCrossfade": false
              },
              "progress": 1,
              "frameCount": 9,
              "completed": true,
              "superseded": false,
              "progressSamples": [
                0,
                0.1461111111773385,
                0.31222222232156327,
                0.4522222222553359,
                0.602222222255336,
                0.7416666666666667,
                0.8855555555886693,
                1,
                1
              ]
            },
            {
              "chunkKey": "2,0,-1",
              "targetRevision": 86,
              "traceId": "trace-91",
              "geometry": {
                "mode": "surface-morph",
                "patchCount": 479,
                "retainedPatchCount": 380,
                "addedPatchCount": 9,
                "removedPatchCount": 90,
                "visibleWaterMeshCount": 1,
                "opacityCrossfade": false
              },
              "progress": 1,
              "frameCount": 9,
              "completed": true,
              "superseded": false,
              "progressSamples": [
                0,
                0.13777777784400516,
                0.28944444441133077,
                0.4288888888226615,
                0.573333333267106,
                0.7222222222222222,
                0.861666666633553,
                1,
                1
              ]
            },
            {
              "chunkKey": "1,0,-1",
              "targetRevision": 13,
              "traceId": "trace-87",
              "geometry": {
                "mode": "surface-morph",
                "patchCount": 76,
                "retainedPatchCount": 57,
                "addedPatchCount": 0,
                "removedPatchCount": 19,
                "visibleWaterMeshCount": 1,
                "opacityCrossfade": false
              },
              "progress": 1,
              "frameCount": 9,
              "completed": true,
              "superseded": false,
              "progressSamples": [
                0,
                0.14555555548932816,
                0.29222222218910854,
                0.461666666633553,
                0.602222222255336,
                0.7550000000331137,
                0.8966666666997803,
                1,
                1
              ]
            },
            {
              "chunkKey": "2,0,0",
              "targetRevision": 96,
              "traceId": "trace-94",
              "geometry": {
                "mode": "surface-morph",
                "patchCount": 605,
                "retainedPatchCount": 420,
                "addedPatchCount": 19,
                "removedPatchCount": 166,
                "visibleWaterMeshCount": 1,
                "opacityCrossfade": false
              },
              "progress": 1,
              "frameCount": 9,
              "completed": true,
              "superseded": false,
              "progressSamples": [
                0,
                0.14555555565489664,
                0.29277777787711884,
                0.43722222232156327,
                0.5866666667991214,
                0.7311111112435659,
                0.8900000000993411,
                1,
                1
              ]
            },
            {
              "chunkKey": "1,0,0",
              "targetRevision": 97,
              "traceId": "trace-90",
              "geometry": {
                "mode": "surface-morph",
                "patchCount": 184,
                "retainedPatchCount": 164,
                "addedPatchCount": 6,
                "removedPatchCount": 14,
                "visibleWaterMeshCount": 1,
                "opacityCrossfade": false
              },
              "progress": 1,
              "frameCount": 9,
              "completed": true,
              "superseded": false,
              "progressSamples": [
                0,
                0.15388888898822997,
                0.30055555552244184,
                0.47388888895511627,
                0.638333333366447,
                0.8161111111442249,
                0.9955555556548966,
                1,
                1
              ]
            },
            {
              "chunkKey": "2,0,-1",
              "targetRevision": 107,
              "traceId": "trace-92",
              "geometry": {
                "mode": "surface-morph",
                "patchCount": 396,
                "retainedPatchCount": 200,
                "addedPatchCount": 7,
                "removedPatchCount": 189,
                "visibleWaterMeshCount": 1,
                "opacityCrossfade": false
              },
              "progress": 1,
              "frameCount": 9,
              "completed": true,
              "superseded": false,
              "progressSamples": [
                0,
                0.14166666666666666,
                0.30055555552244184,
                0.4422222221891085,
                0.5905555554562145,
                0.7416666666666667,
                0.8927777777115504,
                1,
                1
              ]
            },
            {
              "chunkKey": "1,0,-1",
              "targetRevision": 20,
              "traceId": "trace-93",
              "geometry": {
                "mode": "surface-morph",
                "patchCount": 60,
                "retainedPatchCount": 22,
                "addedPatchCount": 3,
                "removedPatchCount": 35,
                "visibleWaterMeshCount": 1,
                "opacityCrossfade": false
              },
              "progress": 1,
              "frameCount": 9,
              "completed": true,
              "superseded": false,
              "progressSamples": [
                0,
                0.15666666676600774,
                0.30055555552244184,
                0.44722222222222224,
                0.5949999999668864,
                0.7372222223215633,
                0.8855555555886693,
                1,
                1
              ]
            },
            {
              "chunkKey": "2,0,0",
              "targetRevision": 116,
              "traceId": "trace-99",
              "geometry": {
                "mode": "surface-morph",
                "patchCount": 482,
                "retainedPatchCount": 302,
                "addedPatchCount": 43,
                "removedPatchCount": 137,
                "visibleWaterMeshCount": 1,
                "opacityCrossfade": false
              },
              "progress": 1,
              "frameCount": 9,
              "completed": true,
              "superseded": false,
              "progressSamples": [
                0,
                0.14666666669978035,
                0.30166666673289405,
                0.4561111110779974,
                0.6094444443782171,
                0.7483333332671059,
                0.886666666633553,
                1,
                1
              ]
            },
            {
              "chunkKey": "1,0,0",
              "targetRevision": 111,
              "traceId": "trace-96",
              "geometry": {
                "mode": "surface-morph",
                "patchCount": 170,
                "retainedPatchCount": 0,
                "addedPatchCount": 0,
                "removedPatchCount": 170,
                "visibleWaterMeshCount": 1,
                "opacityCrossfade": false
              },
              "progress": 1,
              "frameCount": 9,
              "completed": true,
              "superseded": false,
              "progressSamples": [
                0,
                0.1533333334657881,
                0.3077777778108915,
                0.46111111111111114,
                0.6,
                0.7388888888888889,
                0.8927777778771189,
                1,
                1
              ]
            },
            {
              "chunkKey": "2,0,-1",
              "targetRevision": 119,
              "traceId": "trace-97",
              "geometry": {
                "mode": "surface-morph",
                "patchCount": 207,
                "retainedPatchCount": 47,
                "addedPatchCount": 0,
                "removedPatchCount": 160,
                "visibleWaterMeshCount": 1,
                "opacityCrossfade": false
              },
              "progress": 1,
              "frameCount": 9,
              "completed": true,
              "superseded": false,
              "progressSamples": [
                0,
                0.15166666656732558,
                0.2911111111442248,
                0.42944444434510337,
                0.5833333333333334,
                0.7216666666997804,
                0.875,
                1,
                1
              ]
            },
            {
              "chunkKey": "1,0,-1",
              "targetRevision": 24,
              "traceId": "trace-98",
              "geometry": {
                "mode": "surface-morph",
                "patchCount": 25,
                "retainedPatchCount": 0,
                "addedPatchCount": 0,
                "removedPatchCount": 25,
                "visibleWaterMeshCount": 1,
                "opacityCrossfade": false
              },
              "progress": 1,
              "frameCount": 9,
              "completed": true,
              "superseded": false,
              "progressSamples": [
                0,
                0.13833333336644701,
                0.2766666665673256,
                0.4305555555555556,
                0.5688888889220026,
                0.7222222222222222,
                0.8716666666997803,
                1,
                1
              ]
            },
            {
              "chunkKey": "2,0,0",
              "targetRevision": 120,
              "traceId": "trace-100",
              "geometry": {
                "mode": "surface-morph",
                "patchCount": 346,
                "retainedPatchCount": 128,
                "addedPatchCount": 1,
                "removedPatchCount": 217,
                "visibleWaterMeshCount": 1,
                "opacityCrossfade": false
              },
              "progress": 1,
              "frameCount": 10,
              "completed": true,
              "superseded": false,
              "progressSamples": [
                0,
                0.13944444441133075,
                0.28166666660043926,
                0.4105555554231008,
                0.5672222221891086,
                0.7044444443451033,
                0.8316666666004393,
                0.9649999999337726,
                1,
                1
              ]
            },
            {
              "chunkKey": "2,0,-1",
              "targetRevision": 120,
              "traceId": "trace-101",
              "geometry": {
                "mode": "surface-morph",
                "patchCount": 47,
                "retainedPatchCount": 0,
                "addedPatchCount": 0,
                "removedPatchCount": 47,
                "visibleWaterMeshCount": 1,
                "opacityCrossfade": false
              },
              "progress": 1,
              "frameCount": 10,
              "completed": true,
              "superseded": false,
              "progressSamples": [
                0,
                0.15111111121045218,
                0.292222222354677,
                0.442222222354677,
                0.5872222223215633,
                0.7277777777777777,
                0.8544444445106718,
                0.9916666666666667,
                1,
                1
              ]
            },
            {
              "chunkKey": "2,0,0",
              "targetRevision": 123,
              "traceId": "trace-102",
              "geometry": {
                "mode": "surface-morph",
                "patchCount": 129,
                "retainedPatchCount": 0,
                "addedPatchCount": 0,
                "removedPatchCount": 129,
                "visibleWaterMeshCount": 1,
                "opacityCrossfade": false
              },
              "progress": 1,
              "frameCount": 10,
              "completed": true,
              "superseded": false,
              "progressSamples": [
                0,
                0.14500000013245476,
                0.27166666669978035,
                0.4144444445768992,
                0.5433333333995607,
                0.6838888890213437,
                0.8077777778108914,
                0.9338888890213437,
                1,
                1
              ]
            }
          ]
        },
        "ui": {
          "runtime": "svelte5",
          "shellPublishCount": 145,
          "hudPublishCount": 574,
          "interactionPublishCount": 1269,
          "debugProjectionCount": 1166,
          "debugPublishCount": 1168,
          "staleUpdateCount": 0,
          "coalescedUpdateCount": 63403,
          "domCommitCount": 2878,
          "projectionDurationMs": 2825.400000244379,
          "publishDurationMs": 55.800000101327896,
          "domCommitDurationMs": 2565.2000003755093,
          "debugProjectionRate": 3.17293389257651,
          "totalPublishRate": 8.572918464049076
        },
        "gameplay": {
          "entityCount": 15,
          "worldItemCount": 0,
          "creatureCount": 14,
          "npcCount": 0,
          "nearbyVisitedBucketCount": 27,
          "nearbyCandidateCount": 2,
          "nearbyReturnedCount": 2,
          "inventoryOperationCount": 36,
          "gameplayEventCount": 7781,
          "snapshotBytes": 69155,
          "retainedActorCount": 14,
          "activeActorCount": 12,
          "behaviorEvaluationCount": 0,
          "navigationPlanCount": 0,
          "navigationExpandedNodeCount": 0,
          "pathRecomputeCount": 0,
          "actionCompletionCount": 13,
          "actionFailureCount": 0,
          "actionInterruptionCount": 0,
          "perceptionLineOfSightCheckCount": 0,
          "simulationTime": 410.2,
          "presentedEntityCount": 14
        },
        "breakingOverlay": null,
        "viewmodel": {
          "isolatedLayer": true
        },
        "visualEffects": {
          "activeLocalLights": 0,
          "shadowedLocalLights": 0,
          "localLightLimit": 0,
          "localShadowLimit": 0,
          "sunShadows": false,
          "sunShadowResolution": 0,
          "reflectionEnabled": false,
          "reflectionActive": false,
          "reflectionResolution": 0,
          "reflectionFrameInterval": 0,
          "reflectionRenderCount": 0,
          "waterPlaneY": null,
          "postProcessing": false,
          "shadowUpdateCount": 0,
          "shadowStableFrameCount": 16649,
          "blockLightReady": true,
          "blockLightSourceRevision": 157,
          "blockLightRebuildCount": 2043
        },
        "water": {
          "bodyFraction": 0,
          "wading": false,
          "swimming": false,
          "cameraSubmerged": false,
          "cameraDepth": null,
          "waterSurfaceY": null,
          "underwaterBlend": 0
        }
      },
      "restoreEvidence": {
        "before": {
          "v2Equipment": {
            "phase": "resources-placed",
            "steps": [
              {
                "step": "resources-placed",
                "snapshot": {
                  "runtimeEpoch": "seedlands:classic-canonical-runtime-v11:1",
                  "gameplayRevision": 135390,
                  "actor": {
                    "entityId": "player-1",
                    "epoch": 1,
                    "lifetime": 1
                  },
                  "inventoryRevision": 36,
                  "slots": [
                    null,
                    null,
                    {
                      "itemId": "stick",
                      "count": 3
                    },
                    null,
                    {
                      "itemId": "wood-sword",
                      "count": 1
                    },
                    null,
                    null,
                    null,
                    {
                      "itemId": "plank",
                      "count": 7
                    },
                    null,
                    null,
                    null,
                    null,
                    null,
                    null,
                    null,
                    null,
                    null,
                    null,
                    null,
                    null,
                    null,
                    null,
                    null,
                    null,
                    null,
                    null,
                    null,
                    null,
                    null,
                    null,
                    null,
                    null,
                    null,
                    null,
                    null
                  ],
                  "armor": {
                    "helmet": null,
                    "chestplate": null,
                    "leggings": null,
                    "boots": null
                  },
                  "cursor": {
                    "version": 1,
                    "revision": 26,
                    "stack": null,
                    "origin": null,
                    "craftingGrid": [
                      null,
                      null,
                      null,
                      null
                    ]
                  },
                  "player": {
                    "health": 18,
                    "lifecycle": "alive"
                  },
                  "armorPoints": 0
                }
              }
            ],
            "snapshot": {
              "runtimeEpoch": "seedlands:classic-canonical-runtime-v11:1",
              "gameplayRevision": 135390,
              "actor": {
                "entityId": "player-1",
                "epoch": 1,
                "lifetime": 1
              },
              "inventoryRevision": 36,
              "slots": [
                null,
                null,
                {
                  "itemId": "stick",
                  "count": 3
                },
                null,
                {
                  "itemId": "wood-sword",
                  "count": 1
                },
                null,
                null,
                null,
                {
                  "itemId": "plank",
                  "count": 7
                },
                null,
                null,
                null,
                null,
                null,
                null,
                null,
                null,
                null,
                null,
                null,
                null,
                null,
                null,
                null,
                null,
                null,
                null,
                null,
                null,
                null,
                null,
                null,
                null,
                null,
                null,
                null
              ],
              "armor": {
                "helmet": null,
                "chestplate": null,
                "leggings": null,
                "boots": null
              },
              "cursor": {
                "version": 1,
                "revision": 26,
                "stack": null,
                "origin": null,
                "craftingGrid": [
                  null,
                  null,
                  null,
                  null
                ]
              },
              "player": {
                "health": 18,
                "lifecycle": "alive"
              },
              "armorPoints": 0
            }
          }
        }
      },
      "logicEvidence": []
    },
    {
      "schemaVersion": 1,
      "status": "FAIL",
      "attempt": 0,
      "test": "非 Classic Playbook 从锁定 production artifact 启动并消费自定义 worldgen/voxel/presentation",
      "project": "chromium",
      "benchmark": false,
      "stages": {},
      "errors": [],
      "current": null,
      "logicEvidence": []
    }
  ]
}
