{
  "schemaVersion": 1,
  "status": "FAIL",
  "attempts": [
    {
      "schemaVersion": 1,
      "status": "FAIL",
      "attempt": 0,
      "test": "Classic 生产旅程以真实输入完成 C0-C5，并复用同一运行时性能场景",
      "project": "chromium",
      "benchmark": false,
      "stages": {
        "C0": {
          "status": "PASS",
          "observation": "Production preview loaded the fixed seed with a stamped Classic composition, Authority/logic/persistence/compute Workers, consumed Wasm bytes and an actual WebGL2 context."
        },
        "C1": {
          "status": "PASS",
          "observation": "Pointer Lock mouse movement changed the route, then held W+Space crossed from Chunk 0 to Chunk 1 and Authority acknowledged it."
        },
        "C2": {
          "status": "PASS",
          "observation": "Mouse mining produced visible drops; movement picked them up; E opened inventory and real 2x2 pointer interactions produced planks, sticks, a wood sword and a workbench."
        },
        "C3": {
          "status": "PASS",
          "observation": "Right click placed crafted planks with a consumed mesh commit; inventory food restored health; held real mouse input buffered and completed the wood-sword second combo hit before defeating the fixed creature; a crafted workbench was placed, opened through the station runtime, then dismantled and recovered through real actions."
        }
      },
      "errors": [
        "Error: \u001b[2mexpect(\u001b[22m\u001b[31mreceived\u001b[39m\u001b[2m).\u001b[22mtoBeLessThan\u001b[2m(\u001b[22m\u001b[32mexpected\u001b[39m\u001b[2m)\u001b[22m\n\nExpected: < \u001b[32m70.75\u001b[39m\nReceived:   \u001b[31m71.343017578125\u001b[39m"
      ],
      "current": {
        "frameMs": 16.200000002980232,
        "player": [
          71.40048217773438,
          32.599998474121094,
          1.6532481908798218
        ],
        "viewAngles": [
          -107.93999999999998,
          -35.50000000000001
        ],
        "streamCenter": [
          2,
          0
        ],
        "loadedChunks": 30,
        "renderedChunks": 17,
        "generationQueue": 0,
        "meshingQueue": 0,
        "deferredRemeshes": 0,
        "onGround": false,
        "colliding": false,
        "interactionAttempts": 13,
        "mutationCount": 4256,
        "worldRevision": 142,
        "structuralEventCount": 142,
        "remeshSchedulingCount": 137,
        "lastCommitMutationCount": 2,
        "lastCommitMeshChunkCount": 4,
        "storageBytes": 35215862,
        "worldTime": 20.169999999995426,
        "timePaused": false,
        "quality": "low",
        "triangles": 111682,
        "drawCalls": 32,
        "blockLightBricks": 30,
        "blockLightAllocatedBytes": 7864320,
        "blockLightRebuildCount": 1305,
        "collisionDebug": {
          "enabled": false,
          "entityCount": 0,
          "meshCount": 0,
          "materialCount": 0,
          "visibleBatchCount": 0,
          "vertexCapacity": 0,
          "buildCount": 0,
          "authorityRequestCount": 0
        },
        "runtime": "authority-worker",
        "workers": {
          "total": 5,
          "authority": 1,
          "logic": 1,
          "persistence": 1,
          "fluid": 1,
          "general": 1
        },
        "authority": {
          "physicsHz": 60,
          "paused": true,
          "physicsTick": 12419,
          "integratedPhysicsTimeMs": 206983.3333333044,
          "acknowledgedInputSequence": 5642,
          "physicsDebtMs": 11.96666670544073,
          "activeTimeMs": 206995.30000000985,
          "commitSequence": 53547,
          "physicsCost": {
            "count": 12419,
            "capacity": 256,
            "samplesMs": [
              0.29999999701976776,
              0.29999999701976776,
              0.29999999701976776,
              0.20000000298023224,
              0.29999999701976776,
              0.5,
              0.29999999701976776,
              0.29999999701976776,
              0.4000000059604645,
              0.29999999701976776,
              0.3999999910593033,
              0.4000000059604645,
              0.19999998807907104,
              0.20000000298023224,
              0.29999999701976776,
              0.4000000059604645,
              0.29999999701976776,
              0.09999999403953552,
              0.4000000059604645,
              0.29999999701976776,
              0.3999999910593033,
              0.29999999701976776,
              0.19999998807907104,
              0.4000000059604645,
              0.29999999701976776,
              0.20000000298023224,
              0.30000001192092896,
              0.10000000894069672,
              0.19999998807907104,
              0.30000001192092896,
              0.10000000894069672,
              0.20000000298023224,
              0.30000001192092896,
              0.30000001192092896,
              0.20000000298023224,
              0.3999999910593033,
              0.19999998807907104,
              0.20000000298023224,
              0.29999999701976776,
              0.4000000059604645,
              0.4000000059604645,
              0.5,
              0.5,
              0.4000000059604645,
              0.5,
              0.5999999940395355,
              0.29999999701976776,
              0.5999999940395355,
              0.20000000298023224,
              0.29999999701976776,
              0.4000000059604645,
              0.5,
              0.29999999701976776,
              0.29999999701976776,
              0.29999999701976776,
              0.29999999701976776,
              0.29999999701976776,
              0.4000000059604645,
              0.29999999701976776,
              0.30000001192092896,
              0.29999999701976776,
              0.4000000059604645,
              0.29999999701976776,
              0.29999999701976776,
              0.20000000298023224,
              0.30000001192092896,
              0.30000001192092896,
              0.4000000059604645,
              0.20000000298023224,
              0.30000001192092896,
              0.29999999701976776,
              0.29999999701976776,
              0.09999999403953552,
              0.30000001192092896,
              0.3999999910593033,
              0.30000001192092896,
              0.4000000059604645,
              0.30000001192092896,
              0.29999999701976776,
              0.29999999701976776,
              0.30000001192092896,
              0.30000001192092896,
              0.29999999701976776,
              0.29999999701976776,
              0.29999999701976776,
              0.20000000298023224,
              0.30000001192092896,
              0.29999999701976776,
              0.20000000298023224,
              0.29999999701976776,
              0.20000000298023224,
              0.29999999701976776,
              0.4000000059604645,
              0.30000001192092896,
              0.20000000298023224,
              0.29999999701976776,
              0.29999999701976776,
              0.29999999701976776,
              0.30000001192092896,
              0.29999999701976776,
              0.29999999701976776,
              0.3999999910593033,
              0.29999999701976776,
              0.29999999701976776,
              0.4000000059604645,
              0.3999999910593033,
              0.29999999701976776,
              0.4000000059604645,
              0.20000000298023224,
              0.29999999701976776,
              0.4000000059604645,
              0.20000000298023224,
              0.29999999701976776,
              0.29999999701976776,
              0.19999998807907104,
              0.29999999701976776,
              0.20000000298023224,
              0.29999999701976776,
              0.20000000298023224,
              0.29999999701976776,
              0.29999999701976776,
              0.29999999701976776,
              0.4000000059604645,
              0.30000001192092896,
              0.4000000059604645,
              0.20000000298023224,
              0.20000000298023224,
              0.20000000298023224,
              0.4000000059604645,
              0.29999999701976776,
              0.20000000298023224,
              0.20000000298023224,
              0.20000000298023224,
              0.20000000298023224,
              0.4000000059604645,
              0.20000000298023224,
              0.20000000298023224,
              0.20000000298023224,
              0.29999999701976776,
              0.29999999701976776,
              0.19999998807907104,
              0.29999999701976776,
              0.29999999701976776,
              0.20000000298023224,
              0.29999999701976776,
              0.20000000298023224,
              0.29999999701976776,
              0.4000000059604645,
              0.20000000298023224,
              0.29999999701976776,
              0.29999999701976776,
              0.30000001192092896,
              0.20000000298023224,
              0.20000000298023224,
              0.29999999701976776,
              0.30000001192092896,
              0.29999999701976776,
              0.29999999701976776,
              0.29999999701976776,
              0.29999999701976776,
              0.30000001192092896,
              0.20000000298023224,
              0.3999999910593033,
              0.30000001192092896,
              0.29999999701976776,
              0.30000001192092896,
              0.20000000298023224,
              0.30000001192092896,
              0.30000001192092896,
              0.19999998807907104,
              0.29999999701976776,
              0.29999999701976776,
              0.30000001192092896,
              0.29999999701976776,
              0.20000000298023224,
              0.29999999701976776,
              0.4000000059604645,
              0.3999999910593033,
              0.29999999701976776,
              0.4000000059604645,
              0.4000000059604645,
              0.5,
              0.4000000059604645,
              0.3999999910593033,
              0.4000000059604645,
              0.5999999940395355,
              0.5,
              0.3999999910593033,
              0.5,
              0.5,
              0.4000000059604645,
              0.6000000089406967,
              0.4000000059604645,
              0.29999999701976776,
              0.5999999940395355,
              0.29999999701976776,
              0.3999999910593033,
              0.29999999701976776,
              0.30000001192092896,
              0.3999999910593033,
              0.3999999910593033,
              0.4000000059604645,
              0.29999999701976776,
              0.3999999910593033,
              0.29999999701976776,
              0.4000000059604645,
              0.3999999910593033,
              0.4000000059604645,
              0.5999999940395355,
              0.5,
              0.30000001192092896,
              0.4000000059604645,
              0.3999999910593033,
              0.3999999910593033,
              0.3999999910593033,
              0.29999999701976776,
              0.5,
              0.5,
              0.5,
              0.4000000059604645,
              0.3999999910593033,
              0.5,
              0.7000000029802322,
              0.4000000059604645,
              0.4000000059604645,
              0.5,
              0.4000000059604645,
              0.3999999910593033,
              0.3999999910593033,
              0.29999999701976776,
              0.3999999910593033,
              0.4000000059604645,
              0.29999999701976776,
              0.4000000059604645,
              0.3999999910593033,
              0.30000001192092896,
              0.3999999910593033,
              0.3999999910593033,
              0.29999999701976776,
              0.29999999701976776,
              0.5,
              0.5,
              0.29999999701976776,
              0.29999999701976776,
              0.5,
              0.29999999701976776,
              0.4000000059604645,
              0.3999999910593033,
              0.3999999910593033,
              0.29999999701976776,
              0.3999999910593033,
              0.4000000059604645,
              0.5,
              0.29999999701976776,
              0.3999999910593033,
              0.5
            ]
          },
          "fluid": {
            "pendingCellCount": 0,
            "inFlightLeaseCount": 0,
            "acceptedCandidateCount": 128,
            "rejectedCandidateCount": 0,
            "returnedLeaseCount": 0,
            "issuedLeaseCount": 128,
            "settledLeaseCount": 128
          },
          "residency": {
            "residentCount": 65,
            "target": 256,
            "hardLimit": 2048,
            "pinnedCount": 38,
            "dirtyCount": 0,
            "evictableCleanCount": 27,
            "evictionCount": 0,
            "rejectedAdmissionCount": 0,
            "oversubscribed": false,
            "autoSaveInFlight": false,
            "autoSaveFailureCount": 0,
            "nextRetryActiveTimeMs": 0,
            "lastSaveError": null
          },
          "bodies": {
            "total": 4,
            "actors": 4,
            "worldItems": 0,
            "nearPlayer": 2
          },
          "snapshotRejections": {
            "wrong-epoch": 0,
            "duplicate": 88,
            "physics-tick-regressed": 0,
            "commit-regressed": 0,
            "ack-regressed": 0
          }
        },
        "logic": {
          "blockStartedCount": 0,
          "blockCompletedCount": 0,
          "observationInFlight": true,
          "pendingObservationCount": 0,
          "submittedObservationCount": 2839,
          "receivedBatchCount": 2838,
          "completedBatchCount": 2838,
          "rejectedBatchCount": 0,
          "lastRoundTripMs": 3.2000000029802322
        },
        "trajectory": [
          {
            "physicsTick": 12092,
            "activeTimeMs": 201542.60000002178,
            "position": [
              68.46859339486005,
              32.600001,
              -0.4489545940748269
            ]
          },
          {
            "physicsTick": 12093,
            "activeTimeMs": 201563.10000002178,
            "position": [
              68.46859339486005,
              32.600001,
              -0.4489545940748269
            ]
          },
          {
            "physicsTick": 12094,
            "activeTimeMs": 201582.20000001582,
            "position": [
              68.46859339486005,
              32.600001,
              -0.4489545940748269
            ]
          },
          {
            "physicsTick": 12096,
            "activeTimeMs": 201604.4000000188,
            "position": [
              68.46859339486005,
              32.600001,
              -0.4489545940748269
            ]
          },
          {
            "physicsTick": 12097,
            "activeTimeMs": 201630.30000002476,
            "position": [
              68.46859339486005,
              32.600001,
              -0.4489545940748269
            ]
          },
          {
            "physicsTick": 12099,
            "activeTimeMs": 201653.20000001582,
            "position": [
              68.46859339486005,
              32.600001,
              -0.4489545940748269
            ]
          },
          {
            "physicsTick": 12100,
            "activeTimeMs": 201674.70000001582,
            "position": [
              68.46859339486005,
              32.600001,
              -0.4489545940748269
            ]
          },
          {
            "physicsTick": 12101,
            "activeTimeMs": 201691.60000002178,
            "position": [
              68.46859339486005,
              32.600001,
              -0.4489545940748269
            ]
          },
          {
            "physicsTick": 12102,
            "activeTimeMs": 201714.80000002476,
            "position": [
              68.46859339486005,
              32.600001,
              -0.4489545940748269
            ]
          },
          {
            "physicsTick": 12104,
            "activeTimeMs": 201733.70000001582,
            "position": [
              68.46859339486005,
              32.600001,
              -0.4489545940748269
            ]
          },
          {
            "physicsTick": 12105,
            "activeTimeMs": 201756.9000000188,
            "position": [
              68.46859339486005,
              32.600001,
              -0.4489545940748269
            ]
          },
          {
            "physicsTick": 12106,
            "activeTimeMs": 201781.80000002476,
            "position": [
              68.46859339486005,
              32.600001,
              -0.4489545940748269
            ]
          },
          {
            "physicsTick": 12108,
            "activeTimeMs": 201805.00000001283,
            "position": [
              68.46859339486005,
              32.600001,
              -0.4489545940748269
            ]
          },
          {
            "physicsTick": 12109,
            "activeTimeMs": 201821.80000002476,
            "position": [
              68.46859339486005,
              32.600001,
              -0.4489545940748269
            ]
          },
          {
            "physicsTick": 12110,
            "activeTimeMs": 201844.60000002178,
            "position": [
              68.46859339486005,
              32.600001,
              -0.4489545940748269
            ]
          },
          {
            "physicsTick": 12112,
            "activeTimeMs": 201870.10000002178,
            "position": [
              68.46859339486005,
              32.600001,
              -0.4489545940748269
            ]
          },
          {
            "physicsTick": 12113,
            "activeTimeMs": 201892.10000002178,
            "position": [
              68.46859339486005,
              32.600001,
              -0.4489545940748269
            ]
          },
          {
            "physicsTick": 12114,
            "activeTimeMs": 201908.80000002476,
            "position": [
              68.46859339486005,
              32.600001,
              -0.4489545940748269
            ]
          },
          {
            "physicsTick": 12115,
            "activeTimeMs": 201926.10000002178,
            "position": [
              68.46859339486005,
              32.600001,
              -0.4489545940748269
            ]
          },
          {
            "physicsTick": 12116,
            "activeTimeMs": 201947.9000000188,
            "position": [
              68.46859339486005,
              32.600001,
              -0.4489545940748269
            ]
          },
          {
            "physicsTick": 12117,
            "activeTimeMs": 201965.30000002476,
            "position": [
              68.46859339486005,
              32.600001,
              -0.4489545940748269
            ]
          },
          {
            "physicsTick": 12119,
            "activeTimeMs": 201989.00000001283,
            "position": [
              68.46859339486005,
              32.600001,
              -0.4489545940748269
            ]
          },
          {
            "physicsTick": 12120,
            "activeTimeMs": 202011.80000002476,
            "position": [
              68.46859339486005,
              32.600001,
              -0.4489545940748269
            ]
          },
          {
            "physicsTick": 12122,
            "activeTimeMs": 202037.50000001283,
            "position": [
              68.46859339486005,
              32.600001,
              -0.4489545940748269
            ]
          },
          {
            "physicsTick": 12123,
            "activeTimeMs": 202060.70000001582,
            "position": [
              68.46859339486005,
              32.600001,
              -0.4489545940748269
            ]
          },
          {
            "physicsTick": 12125,
            "activeTimeMs": 202085.20000001582,
            "position": [
              68.46859339486005,
              32.600001,
              -0.4489545940748269
            ]
          },
          {
            "physicsTick": 12126,
            "activeTimeMs": 202109.70000001582,
            "position": [
              68.46859339486005,
              32.600001,
              -0.4489545940748269
            ]
          },
          {
            "physicsTick": 12127,
            "activeTimeMs": 202132.20000001582,
            "position": [
              68.46859339486005,
              32.600001,
              -0.4489545940748269
            ]
          },
          {
            "physicsTick": 12128,
            "activeTimeMs": 202149.00000001283,
            "position": [
              68.46859339486005,
              32.600001,
              -0.4489545940748269
            ]
          },
          {
            "physicsTick": 12130,
            "activeTimeMs": 202173.30000002476,
            "position": [
              68.46859339486005,
              32.600001,
              -0.4489545940748269
            ]
          },
          {
            "physicsTick": 12131,
            "activeTimeMs": 202195.80000002476,
            "position": [
              68.46859339486005,
              32.600001,
              -0.4489545940748269
            ]
          },
          {
            "physicsTick": 12132,
            "activeTimeMs": 202213.70000001582,
            "position": [
              68.46859339486005,
              32.600001,
              -0.4489545940748269
            ]
          },
          {
            "physicsTick": 12134,
            "activeTimeMs": 202234.60000002178,
            "position": [
              68.46859339486005,
              32.600001,
              -0.4489545940748269
            ]
          },
          {
            "physicsTick": 12135,
            "activeTimeMs": 202251.60000002178,
            "position": [
              68.46859339486005,
              32.600001,
              -0.4489545940748269
            ]
          },
          {
            "physicsTick": 12136,
            "activeTimeMs": 202274.80000002476,
            "position": [
              68.46859339486005,
              32.600001,
              -0.4489545940748269
            ]
          },
          {
            "physicsTick": 12137,
            "activeTimeMs": 202293.10000002178,
            "position": [
              68.46859339486005,
              32.600001,
              -0.4489545940748269
            ]
          },
          {
            "physicsTick": 12139,
            "activeTimeMs": 202317.80000002476,
            "position": [
              68.46859339486005,
              32.600001,
              -0.4489545940748269
            ]
          },
          {
            "physicsTick": 12140,
            "activeTimeMs": 202341.00000001283,
            "position": [
              68.46859339486005,
              32.600001,
              -0.4489545940748269
            ]
          },
          {
            "physicsTick": 12141,
            "activeTimeMs": 202363.00000001283,
            "position": [
              68.46859339486005,
              32.600001,
              -0.4489545940748269
            ]
          },
          {
            "physicsTick": 12142,
            "activeTimeMs": 202381.00000001283,
            "position": [
              68.46859339486005,
              32.600001,
              -0.4489545940748269
            ]
          },
          {
            "physicsTick": 12144,
            "activeTimeMs": 202403.20000001582,
            "position": [
              68.46859339486005,
              32.600001,
              -0.4489545940748269
            ]
          },
          {
            "physicsTick": 12145,
            "activeTimeMs": 202421.20000001582,
            "position": [
              68.46859339486005,
              32.600001,
              -0.4489545940748269
            ]
          },
          {
            "physicsTick": 12146,
            "activeTimeMs": 202437.9000000188,
            "position": [
              68.46859339486005,
              32.600001,
              -0.4489545940748269
            ]
          },
          {
            "physicsTick": 12147,
            "activeTimeMs": 202458.60000002178,
            "position": [
              68.46859339486005,
              32.600001,
              -0.4489545940748269
            ]
          },
          {
            "physicsTick": 12148,
            "activeTimeMs": 202476.30000002476,
            "position": [
              68.46859339486005,
              32.600001,
              -0.4489545940748269
            ]
          },
          {
            "physicsTick": 12150,
            "activeTimeMs": 202501.30000002476,
            "position": [
              68.46859339486005,
              32.600001,
              -0.4489545940748269
            ]
          },
          {
            "physicsTick": 12151,
            "activeTimeMs": 202523.80000002476,
            "position": [
              68.46859339486005,
              32.600001,
              -0.4489545940748269
            ]
          },
          {
            "physicsTick": 12152,
            "activeTimeMs": 202547.70000001582,
            "position": [
              68.46859339486005,
              32.600001,
              -0.4489545940748269
            ]
          },
          {
            "physicsTick": 12154,
            "activeTimeMs": 202570.70000001582,
            "position": [
              68.46859339486005,
              32.600001,
              -0.4489545940748269
            ]
          },
          {
            "physicsTick": 12155,
            "activeTimeMs": 202589.10000002178,
            "position": [
              68.46859339486005,
              32.600001,
              -0.4489545940748269
            ]
          },
          {
            "physicsTick": 12156,
            "activeTimeMs": 202611.9000000188,
            "position": [
              68.46859339486005,
              32.600001,
              -0.4489545940748269
            ]
          },
          {
            "physicsTick": 12158,
            "activeTimeMs": 202634.60000002178,
            "position": [
              68.46859339486005,
              32.600001,
              -0.4489545940748269
            ]
          },
          {
            "physicsTick": 12159,
            "activeTimeMs": 202653.30000002476,
            "position": [
              68.46859339486005,
              32.600001,
              -0.4489545940748269
            ]
          },
          {
            "physicsTick": 12160,
            "activeTimeMs": 202677.50000001283,
            "position": [
              68.46859339486005,
              32.600001,
              -0.4489545940748269
            ]
          },
          {
            "physicsTick": 12161,
            "activeTimeMs": 202694.80000002476,
            "position": [
              68.46859339486005,
              32.600001,
              -0.4489545940748269
            ]
          },
          {
            "physicsTick": 12162,
            "activeTimeMs": 202715.60000002178,
            "position": [
              68.46859339486005,
              32.600001,
              -0.4489545940748269
            ]
          },
          {
            "physicsTick": 12164,
            "activeTimeMs": 202738.10000002178,
            "position": [
              68.46859339486005,
              32.600001,
              -0.4489545940748269
            ]
          },
          {
            "physicsTick": 12165,
            "activeTimeMs": 202763.80000002476,
            "position": [
              68.46859339486005,
              32.600001,
              -0.4489545940748269
            ]
          },
          {
            "physicsTick": 12166,
            "activeTimeMs": 202781.20000001582,
            "position": [
              68.46859339486005,
              32.600001,
              -0.4489545940748269
            ]
          },
          {
            "physicsTick": 12168,
            "activeTimeMs": 202804.9000000188,
            "position": [
              68.46859339486005,
              32.600001,
              -0.4489545940748269
            ]
          },
          {
            "physicsTick": 12169,
            "activeTimeMs": 202822.10000002178,
            "position": [
              68.46859339486005,
              32.600001,
              -0.4489545940748269
            ]
          },
          {
            "physicsTick": 12170,
            "activeTimeMs": 202844.00000001283,
            "position": [
              68.46859339486005,
              32.600001,
              -0.4489545940748269
            ]
          },
          {
            "physicsTick": 12172,
            "activeTimeMs": 202869.4000000188,
            "position": [
              68.46859339486005,
              32.600001,
              -0.4489545940748269
            ]
          },
          {
            "physicsTick": 12173,
            "activeTimeMs": 202891.00000001283,
            "position": [
              68.46859339486005,
              32.600001,
              -0.4489545940748269
            ]
          },
          {
            "physicsTick": 12174,
            "activeTimeMs": 202915.70000001582,
            "position": [
              68.46859339486005,
              32.600001,
              -0.4489545940748269
            ]
          },
          {
            "physicsTick": 12175,
            "activeTimeMs": 202932.60000002178,
            "position": [
              68.46859339486005,
              32.600001,
              -0.4489545940748269
            ]
          },
          {
            "physicsTick": 12177,
            "activeTimeMs": 202950.4000000188,
            "position": [
              68.46859339486005,
              32.600001,
              -0.4489545940748269
            ]
          },
          {
            "physicsTick": 12178,
            "activeTimeMs": 202970.60000002178,
            "position": [
              68.46859339486005,
              32.600001,
              -0.4489545940748269
            ]
          },
          {
            "physicsTick": 12179,
            "activeTimeMs": 202989.20000001582,
            "position": [
              68.46859339486005,
              32.600001,
              -0.4489545940748269
            ]
          },
          {
            "physicsTick": 12180,
            "activeTimeMs": 203012.70000001582,
            "position": [
              68.46859339486005,
              32.600001,
              -0.4489545940748269
            ]
          },
          {
            "physicsTick": 12182,
            "activeTimeMs": 203034.70000001582,
            "position": [
              68.46859339486005,
              32.600001,
              -0.4489545940748269
            ]
          },
          {
            "physicsTick": 12183,
            "activeTimeMs": 203058.80000002476,
            "position": [
              68.46859339486005,
              32.600001,
              -0.4489545940748269
            ]
          },
          {
            "physicsTick": 12184,
            "activeTimeMs": 203076.60000002178,
            "position": [
              68.46859339486005,
              32.600001,
              -0.4489545940748269
            ]
          },
          {
            "physicsTick": 12186,
            "activeTimeMs": 203100.30000002476,
            "position": [
              68.46859339486005,
              32.600001,
              -0.4489545940748269
            ]
          },
          {
            "physicsTick": 12187,
            "activeTimeMs": 203124.4000000188,
            "position": [
              68.46859339486005,
              32.600001,
              -0.4489545940748269
            ]
          },
          {
            "physicsTick": 12188,
            "activeTimeMs": 203147.10000002178,
            "position": [
              68.46859339486005,
              32.600001,
              -0.4489545940748269
            ]
          },
          {
            "physicsTick": 12190,
            "activeTimeMs": 203173.50000001283,
            "position": [
              68.46859339486005,
              32.600001,
              -0.4489545940748269
            ]
          },
          {
            "physicsTick": 12191,
            "activeTimeMs": 203195.9000000188,
            "position": [
              68.46859339486005,
              32.600001,
              -0.4489545940748269
            ]
          },
          {
            "physicsTick": 12193,
            "activeTimeMs": 203219.50000001283,
            "position": [
              68.46859339486005,
              32.600001,
              -0.4489545940748269
            ]
          },
          {
            "physicsTick": 12194,
            "activeTimeMs": 203236.50000001283,
            "position": [
              68.46859339486005,
              32.600001,
              -0.4489545940748269
            ]
          },
          {
            "physicsTick": 12195,
            "activeTimeMs": 203261.20000001582,
            "position": [
              68.46859339486005,
              32.600001,
              -0.4489545940748269
            ]
          },
          {
            "physicsTick": 12197,
            "activeTimeMs": 203285.00000001283,
            "position": [
              68.46859339486005,
              32.600001,
              -0.4489545940748269
            ]
          },
          {
            "physicsTick": 12198,
            "activeTimeMs": 203307.10000002178,
            "position": [
              68.46859339486005,
              32.600001,
              -0.4489545940748269
            ]
          },
          {
            "physicsTick": 12200,
            "activeTimeMs": 203334.20000001582,
            "position": [
              68.46859339486005,
              32.600001,
              -0.4489545940748269
            ]
          },
          {
            "physicsTick": 12201,
            "activeTimeMs": 203354.4000000188,
            "position": [
              68.46859339486005,
              32.600001,
              -0.4489545940748269
            ]
          },
          {
            "physicsTick": 12202,
            "activeTimeMs": 203378.80000002476,
            "position": [
              68.46859339486005,
              32.600001,
              -0.4489545940748269
            ]
          },
          {
            "physicsTick": 12203,
            "activeTimeMs": 203392.20000001582,
            "position": [
              68.46859339486005,
              32.600001,
              -0.4489545940748269
            ]
          },
          {
            "physicsTick": 12203,
            "activeTimeMs": 203392.20000001582,
            "position": [
              68.46859339486005,
              32.600001,
              -0.4489545940748269
            ]
          },
          {
            "physicsTick": 12203,
            "activeTimeMs": 203395.50000001283,
            "position": [
              68.46859339486005,
              32.600001,
              -0.4489545940748269
            ]
          },
          {
            "physicsTick": 12205,
            "activeTimeMs": 203420.10000002178,
            "position": [
              68.46859339486005,
              32.600001,
              -0.4489545940748269
            ]
          },
          {
            "physicsTick": 12206,
            "activeTimeMs": 203444.50000001283,
            "position": [
              68.46859339486005,
              32.600001,
              -0.4489545940748269
            ]
          },
          {
            "physicsTick": 12208,
            "activeTimeMs": 203468.4000000188,
            "position": [
              68.46859339486005,
              32.600001,
              -0.4489545940748269
            ]
          },
          {
            "physicsTick": 12209,
            "activeTimeMs": 203494.10000002178,
            "position": [
              68.46859339486005,
              32.600001,
              -0.4489545940748269
            ]
          },
          {
            "physicsTick": 12211,
            "activeTimeMs": 203517.4000000188,
            "position": [
              68.46859339486005,
              32.600001,
              -0.4489545940748269
            ]
          },
          {
            "physicsTick": 12212,
            "activeTimeMs": 203535.50000001283,
            "position": [
              68.46859339486005,
              32.600001,
              -0.4489545940748269
            ]
          },
          {
            "physicsTick": 12213,
            "activeTimeMs": 203555.9000000188,
            "position": [
              68.46859339486005,
              32.600001,
              -0.4489545940748269
            ]
          },
          {
            "physicsTick": 12214,
            "activeTimeMs": 203573.20000001582,
            "position": [
              68.46859339486005,
              32.600001,
              -0.4489545940748269
            ]
          },
          {
            "physicsTick": 12215,
            "activeTimeMs": 203597.70000001582,
            "position": [
              68.46859339486005,
              32.600001,
              -0.4489545940748269
            ]
          },
          {
            "physicsTick": 12217,
            "activeTimeMs": 203620.60000002178,
            "position": [
              68.46859339486005,
              32.600001,
              -0.4489545940748269
            ]
          },
          {
            "physicsTick": 12218,
            "activeTimeMs": 203641.70000001582,
            "position": [
              68.46859339486005,
              32.600001,
              -0.4489545940748269
            ]
          },
          {
            "physicsTick": 12219,
            "activeTimeMs": 203661.4000000188,
            "position": [
              68.46859339486005,
              32.600001,
              -0.4489545940748269
            ]
          },
          {
            "physicsTick": 12221,
            "activeTimeMs": 203685.50000001283,
            "position": [
              68.46859339486005,
              32.600001,
              -0.4489545940748269
            ]
          },
          {
            "physicsTick": 12222,
            "activeTimeMs": 203702.80000000985,
            "position": [
              68.46859339486005,
              32.600001,
              -0.4489545940748269
            ]
          },
          {
            "physicsTick": 12223,
            "activeTimeMs": 203725.70000001582,
            "position": [
              68.46859339486005,
              32.600001,
              -0.4489545940748269
            ]
          },
          {
            "physicsTick": 12224,
            "activeTimeMs": 203748.9000000188,
            "position": [
              68.46859339486005,
              32.600001,
              -0.4489545940748269
            ]
          },
          {
            "physicsTick": 12226,
            "activeTimeMs": 203774.60000002178,
            "position": [
              68.46859339486005,
              32.600001,
              -0.4489545940748269
            ]
          },
          {
            "physicsTick": 12227,
            "activeTimeMs": 203795.50000001283,
            "position": [
              68.46859339486005,
              32.600001,
              -0.4489545940748269
            ]
          },
          {
            "physicsTick": 12228,
            "activeTimeMs": 203812.9000000188,
            "position": [
              68.46859339486005,
              32.600001,
              -0.4489545940748269
            ]
          },
          {
            "physicsTick": 12229,
            "activeTimeMs": 203830.10000002178,
            "position": [
              68.46859339486005,
              32.600001,
              -0.4489545940748269
            ]
          },
          {
            "physicsTick": 12231,
            "activeTimeMs": 203854.70000001582,
            "position": [
              68.46859339486005,
              32.600001,
              -0.4489545940748269
            ]
          },
          {
            "physicsTick": 12232,
            "activeTimeMs": 203877.70000001582,
            "position": [
              68.46859339486005,
              32.600001,
              -0.4489545940748269
            ]
          },
          {
            "physicsTick": 12234,
            "activeTimeMs": 203902.10000002178,
            "position": [
              68.46859339486005,
              32.600001,
              -0.4489545940748269
            ]
          },
          {
            "physicsTick": 12235,
            "activeTimeMs": 203923.60000002178,
            "position": [
              68.46859339486005,
              32.600001,
              -0.4489545940748269
            ]
          },
          {
            "physicsTick": 12237,
            "activeTimeMs": 203950.70000001582,
            "position": [
              68.46859339486005,
              32.600001,
              -0.4489545940748269
            ]
          },
          {
            "physicsTick": 12238,
            "activeTimeMs": 203973.60000002178,
            "position": [
              68.46859339486005,
              32.600001,
              -0.4489545940748269
            ]
          },
          {
            "physicsTick": 12239,
            "activeTimeMs": 203997.30000000985,
            "position": [
              68.46859339486005,
              32.600001,
              -0.4489545940748269
            ]
          },
          {
            "physicsTick": 12241,
            "activeTimeMs": 204020.30000000985,
            "position": [
              68.46859339486005,
              32.600001,
              -0.4489545940748269
            ]
          },
          {
            "physicsTick": 12242,
            "activeTimeMs": 204039.10000002178,
            "position": [
              68.46859339486005,
              32.600001,
              -0.4489545940748269
            ]
          },
          {
            "physicsTick": 12243,
            "activeTimeMs": 204059.20000001582,
            "position": [
              68.46859339486005,
              32.600001,
              -0.4489545940748269
            ]
          },
          {
            "physicsTick": 12244,
            "activeTimeMs": 204076.20000001582,
            "position": [
              68.46859339486005,
              32.600001,
              -0.4489545940748269
            ]
          },
          {
            "physicsTick": 12246,
            "activeTimeMs": 204101.20000001582,
            "position": [
              68.46859339486005,
              32.600001,
              -0.4489545940748269
            ]
          },
          {
            "physicsTick": 12247,
            "activeTimeMs": 204125.50000001283,
            "position": [
              68.46859339486005,
              32.600001,
              -0.4489545940748269
            ]
          },
          {
            "physicsTick": 12248,
            "activeTimeMs": 204147.10000002178,
            "position": [
              68.46859339486005,
              32.600001,
              -0.4489545940748269
            ]
          },
          {
            "physicsTick": 12250,
            "activeTimeMs": 204174.30000000985,
            "position": [
              68.46859339486005,
              32.600001,
              -0.4489545940748269
            ]
          },
          {
            "physicsTick": 12251,
            "activeTimeMs": 204194.9000000188,
            "position": [
              68.46859339486005,
              32.600001,
              -0.4489545940748269
            ]
          },
          {
            "physicsTick": 12252,
            "activeTimeMs": 204211.80000000985,
            "position": [
              68.46859339486005,
              32.600001,
              -0.4489545940748269
            ]
          },
          {
            "physicsTick": 12253,
            "activeTimeMs": 204229.60000002178,
            "position": [
              68.46859339486005,
              32.600001,
              -0.4489545940748269
            ]
          },
          {
            "physicsTick": 12255,
            "activeTimeMs": 204254.10000002178,
            "position": [
              68.46859339486005,
              32.600001,
              -0.4489545940748269
            ]
          },
          {
            "physicsTick": 12256,
            "activeTimeMs": 204277.70000001582,
            "position": [
              68.46859339486005,
              32.600001,
              -0.4489545940748269
            ]
          },
          {
            "physicsTick": 12258,
            "activeTimeMs": 204300.80000000985,
            "position": [
              68.46859339486005,
              32.600001,
              -0.4489545940748269
            ]
          },
          {
            "physicsTick": 12259,
            "activeTimeMs": 204325.20000001582,
            "position": [
              68.46859339486005,
              32.600001,
              -0.4489545940748269
            ]
          },
          {
            "physicsTick": 12260,
            "activeTimeMs": 204348.50000001283,
            "position": [
              68.46859339486005,
              32.600001,
              -0.4489545940748269
            ]
          },
          {
            "physicsTick": 12262,
            "activeTimeMs": 204372.80000000985,
            "position": [
              68.46859339486005,
              32.600001,
              -0.4489545940748269
            ]
          },
          {
            "physicsTick": 12263,
            "activeTimeMs": 204389.60000002178,
            "position": [
              68.46859339486005,
              32.600001,
              -0.4489545940748269
            ]
          },
          {
            "physicsTick": 12264,
            "activeTimeMs": 204406.60000002178,
            "position": [
              68.46859339486005,
              32.600001,
              -0.4489545940748269
            ]
          },
          {
            "physicsTick": 12265,
            "activeTimeMs": 204428.20000001582,
            "position": [
              68.46859339486005,
              32.600001,
              -0.4489545940748269
            ]
          },
          {
            "physicsTick": 12266,
            "activeTimeMs": 204444.9000000188,
            "position": [
              68.46859339486005,
              32.600001,
              -0.4489545940748269
            ]
          },
          {
            "physicsTick": 12268,
            "activeTimeMs": 204469.60000002178,
            "position": [
              68.46859339486005,
              32.600001,
              -0.4489545940748269
            ]
          },
          {
            "physicsTick": 12269,
            "activeTimeMs": 204491.80000000985,
            "position": [
              68.46859339486005,
              32.600001,
              -0.4489545940748269
            ]
          },
          {
            "physicsTick": 12271,
            "activeTimeMs": 204517.50000001283,
            "position": [
              68.46859339486005,
              32.600001,
              -0.4489545940748269
            ]
          },
          {
            "physicsTick": 12272,
            "activeTimeMs": 204534.4000000188,
            "position": [
              68.46859339486005,
              32.600001,
              -0.4489545940748269
            ]
          },
          {
            "physicsTick": 12273,
            "activeTimeMs": 204555.00000001283,
            "position": [
              68.46859339486005,
              32.600001,
              -0.4489545940748269
            ]
          },
          {
            "physicsTick": 12274,
            "activeTimeMs": 204571.80000000985,
            "position": [
              68.46859339486005,
              32.600001,
              -0.4489545940748269
            ]
          },
          {
            "physicsTick": 12275,
            "activeTimeMs": 204588.9000000188,
            "position": [
              68.46859339486005,
              32.600001,
              -0.4489545940748269
            ]
          },
          {
            "physicsTick": 12276,
            "activeTimeMs": 204605.80000000985,
            "position": [
              68.46859339486005,
              32.600001,
              -0.4489545940748269
            ]
          },
          {
            "physicsTick": 12277,
            "activeTimeMs": 204629.50000001283,
            "position": [
              68.46859339486005,
              32.600001,
              -0.4489545940748269
            ]
          },
          {
            "physicsTick": 12279,
            "activeTimeMs": 204653.10000002178,
            "position": [
              68.46859339486005,
              32.600001,
              -0.4489545940748269
            ]
          },
          {
            "physicsTick": 12280,
            "activeTimeMs": 204677.4000000188,
            "position": [
              68.46859339486005,
              32.600001,
              -0.4489545940748269
            ]
          },
          {
            "physicsTick": 12281,
            "activeTimeMs": 204698.60000002178,
            "position": [
              68.46859339486005,
              32.600001,
              -0.4489545940748269
            ]
          },
          {
            "physicsTick": 12283,
            "activeTimeMs": 204722.10000002178,
            "position": [
              68.46859339486005,
              32.600001,
              -0.4489545940748269
            ]
          },
          {
            "physicsTick": 12284,
            "activeTimeMs": 204743.10000002178,
            "position": [
              68.46859339486005,
              32.600001,
              -0.4489545940748269
            ]
          },
          {
            "physicsTick": 12285,
            "activeTimeMs": 204764.4000000188,
            "position": [
              68.46859339486005,
              32.600001,
              -0.4489545940748269
            ]
          },
          {
            "physicsTick": 12286,
            "activeTimeMs": 204782.20000001582,
            "position": [
              68.46859339486005,
              32.600001,
              -0.4489545940748269
            ]
          },
          {
            "physicsTick": 12288,
            "activeTimeMs": 204805.80000000985,
            "position": [
              68.46859339486005,
              32.600001,
              -0.4489545940748269
            ]
          },
          {
            "physicsTick": 12289,
            "activeTimeMs": 204830.9000000188,
            "position": [
              68.46859339486005,
              32.600001,
              -0.4489545940748269
            ]
          },
          {
            "physicsTick": 12291,
            "activeTimeMs": 204851.80000000985,
            "position": [
              68.46859339486005,
              32.600001,
              -0.4489545940748269
            ]
          },
          {
            "physicsTick": 12292,
            "activeTimeMs": 204878.20000001582,
            "position": [
              68.46859339486005,
              32.600001,
              -0.4489545940748269
            ]
          },
          {
            "physicsTick": 12294,
            "activeTimeMs": 204902.30000000985,
            "position": [
              68.46859339486005,
              32.600001,
              -0.4489545940748269
            ]
          },
          {
            "physicsTick": 12295,
            "activeTimeMs": 204924.9000000188,
            "position": [
              68.46859339486005,
              32.600001,
              -0.4489545940748269
            ]
          },
          {
            "physicsTick": 12296,
            "activeTimeMs": 204942.30000000985,
            "position": [
              68.46859339486005,
              32.6,
              -0.4489545940748269
            ]
          },
          {
            "physicsTick": 12297,
            "activeTimeMs": 204963.80000000985,
            "position": [
              68.46859339486005,
              32.6,
              -0.4489545940748269
            ]
          },
          {
            "physicsTick": 12298,
            "activeTimeMs": 204980.9000000188,
            "position": [
              68.46859339486005,
              32.6,
              -0.4489545940748269
            ]
          },
          {
            "physicsTick": 12300,
            "activeTimeMs": 205004.60000002178,
            "position": [
              68.46859339486005,
              32.6,
              -0.4489545940748269
            ]
          },
          {
            "physicsTick": 12301,
            "activeTimeMs": 205026.60000002178,
            "position": [
              68.46859339486005,
              32.6,
              -0.4489545940748269
            ]
          },
          {
            "physicsTick": 12302,
            "activeTimeMs": 205044.10000002178,
            "position": [
              68.46859339486005,
              32.6,
              -0.4489545940748269
            ]
          },
          {
            "physicsTick": 12304,
            "activeTimeMs": 205069.60000002178,
            "position": [
              68.46859339486005,
              32.6,
              -0.4489545940748269
            ]
          },
          {
            "physicsTick": 12305,
            "activeTimeMs": 205093.60000002178,
            "position": [
              68.46859339486005,
              32.6,
              -0.4489545940748269
            ]
          },
          {
            "physicsTick": 12306,
            "activeTimeMs": 205116.20000001582,
            "position": [
              68.46859339486005,
              32.6,
              -0.4489545940748269
            ]
          },
          {
            "physicsTick": 12308,
            "activeTimeMs": 205138.9000000188,
            "position": [
              68.46859339486005,
              32.6,
              -0.4489545940748269
            ]
          },
          {
            "physicsTick": 12309,
            "activeTimeMs": 205165.60000002178,
            "position": [
              68.46859339486005,
              32.6,
              -0.4489545940748269
            ]
          },
          {
            "physicsTick": 12311,
            "activeTimeMs": 205188.70000001582,
            "position": [
              68.46859339486005,
              32.6,
              -0.4489545940748269
            ]
          },
          {
            "physicsTick": 12312,
            "activeTimeMs": 205206.10000002178,
            "position": [
              68.46859339486005,
              32.6,
              -0.4489545940748269
            ]
          },
          {
            "physicsTick": 12313,
            "activeTimeMs": 205230.30000000985,
            "position": [
              68.46859339486005,
              32.6,
              -0.4489545940748269
            ]
          },
          {
            "physicsTick": 12315,
            "activeTimeMs": 205250.80000000985,
            "position": [
              68.46859339486005,
              32.6,
              -0.4489545940748269
            ]
          },
          {
            "physicsTick": 12316,
            "activeTimeMs": 205278.4000000188,
            "position": [
              68.46859339486005,
              32.6,
              -0.4489545940748269
            ]
          },
          {
            "physicsTick": 12317,
            "activeTimeMs": 205299.10000002178,
            "position": [
              68.46859339486005,
              32.6,
              -0.4489545940748269
            ]
          },
          {
            "physicsTick": 12319,
            "activeTimeMs": 205317.30000000985,
            "position": [
              68.46859339486005,
              32.6,
              -0.4489545940748269
            ]
          },
          {
            "physicsTick": 12320,
            "activeTimeMs": 205341.20000001582,
            "position": [
              68.46859339486005,
              32.6,
              -0.4489545940748269
            ]
          },
          {
            "physicsTick": 12321,
            "activeTimeMs": 205364.60000002178,
            "position": [
              68.46859339486005,
              32.6,
              -0.4489545940748269
            ]
          },
          {
            "physicsTick": 12323,
            "activeTimeMs": 205387.20000001582,
            "position": [
              68.46859339486005,
              32.6,
              -0.4489545940748269
            ]
          },
          {
            "physicsTick": 12324,
            "activeTimeMs": 205413.10000002178,
            "position": [
              68.46859339486005,
              32.6,
              -0.4489545940748269
            ]
          },
          {
            "physicsTick": 12326,
            "activeTimeMs": 205434.9000000188,
            "position": [
              68.46859339486005,
              32.6,
              -0.4489545940748269
            ]
          },
          {
            "physicsTick": 12327,
            "activeTimeMs": 205452.20000001582,
            "position": [
              68.46859339486005,
              32.6,
              -0.4489545940748269
            ]
          },
          {
            "physicsTick": 12328,
            "activeTimeMs": 205474.60000002178,
            "position": [
              68.46859339486005,
              32.6,
              -0.4489545940748269
            ]
          },
          {
            "physicsTick": 12329,
            "activeTimeMs": 205493.30000000985,
            "position": [
              68.46859339486005,
              32.6,
              -0.4489545940748269
            ]
          },
          {
            "physicsTick": 12331,
            "activeTimeMs": 205517.80000000985,
            "position": [
              68.51026006152671,
              32.6,
              -0.4119641397215042
            ]
          },
          {
            "physicsTick": 12332,
            "activeTimeMs": 205540.30000000985,
            "position": [
              68.55192672819338,
              32.6,
              -0.3888625742570704
            ]
          },
          {
            "physicsTick": 12333,
            "activeTimeMs": 205564.50000001283,
            "position": [
              68.60748228374894,
              32.6,
              -0.36576100879263657
            ]
          },
          {
            "physicsTick": 12334,
            "activeTimeMs": 205582.9000000188,
            "position": [
              68.67692672819338,
              32.6,
              -0.34265944332820275
            ]
          },
          {
            "physicsTick": 12336,
            "activeTimeMs": 205602.80000000985,
            "position": [
              68.81963366808198,
              32.6,
              -0.2964563123993351
            ]
          },
          {
            "physicsTick": 12337,
            "activeTimeMs": 205630.20000001582,
            "position": [
              68.89098713802628,
              32.6,
              -0.2733547469349013
            ]
          },
          {
            "physicsTick": 12339,
            "activeTimeMs": 205652.60000002178,
            "position": [
              69.03369407791487,
              32.6,
              -0.22715161600603365
            ]
          },
          {
            "physicsTick": 12340,
            "activeTimeMs": 205669.50000001283,
            "position": [
              69.10504754785917,
              32.6,
              -0.2040500505415998
            ]
          },
          {
            "physicsTick": 12341,
            "activeTimeMs": 205693.4000000188,
            "position": [
              69.17640101780347,
              32.6,
              -0.18094848507716596
            ]
          },
          {
            "physicsTick": 12343,
            "activeTimeMs": 205718.30000000985,
            "position": [
              69.31910795769207,
              32.6,
              -0.13474535414829827
            ]
          },
          {
            "physicsTick": 12344,
            "activeTimeMs": 205740.80000000985,
            "position": [
              69.39046142763637,
              32.6,
              -0.11164378868386444
            ]
          },
          {
            "physicsTick": 12345,
            "activeTimeMs": 205763.80000000985,
            "position": [
              69.46181489758067,
              32.6,
              -0.08854222321943062
            ]
          },
          {
            "physicsTick": 12346,
            "activeTimeMs": 205780.9000000188,
            "position": [
              69.53316836752496,
              32.6,
              -0.06544065775499679
            ]
          },
          {
            "physicsTick": 12347,
            "activeTimeMs": 205798.50000001283,
            "position": [
              69.60452183746926,
              32.6,
              -0.04233909229056296
            ]
          },
          {
            "physicsTick": 12349,
            "activeTimeMs": 205818.70000001582,
            "position": [
              69.74722877735786,
              32.6,
              0.003864038638304708
            ]
          },
          {
            "physicsTick": 12350,
            "activeTimeMs": 205835.70000001582,
            "position": [
              69.81858224730216,
              32.6,
              0.02696560410273854
            ]
          },
          {
            "physicsTick": 12351,
            "activeTimeMs": 205858.9000000188,
            "position": [
              69.88993571724646,
              32.6,
              0.05006716956717237
            ]
          },
          {
            "physicsTick": 12352,
            "activeTimeMs": 205875.60000002178,
            "position": [
              69.96128918719076,
              32.6,
              0.0731687350316062
            ]
          },
          {
            "physicsTick": 12353,
            "activeTimeMs": 205892.70000001582,
            "position": [
              70.03264265713506,
              32.6,
              0.09627030049604003
            ]
          },
          {
            "physicsTick": 12354,
            "activeTimeMs": 205914.80000000985,
            "position": [
              70.10399612707936,
              32.6,
              0.11937186596047386
            ]
          },
          {
            "physicsTick": 12356,
            "activeTimeMs": 205933.50000001283,
            "position": [
              70.24670306696795,
              32.6,
              0.16557499688934155
            ]
          },
          {
            "physicsTick": 12357,
            "activeTimeMs": 205955.9000000188,
            "position": [
              70.31805653691225,
              32.6,
              0.1886765623537754
            ]
          },
          {
            "physicsTick": 12358,
            "activeTimeMs": 205974.4000000188,
            "position": [
              70.38941000685655,
              32.6,
              0.21177812781820923
            ]
          },
          {
            "physicsTick": 12359,
            "activeTimeMs": 205997.30000000985,
            "position": [
              70.46076347680085,
              32.6,
              0.23487969328264308
            ]
          },
          {
            "physicsTick": 12361,
            "activeTimeMs": 206019.60000002178,
            "position": [
              70.49249948474204,
              32.6,
              0.28108165915550287
            ]
          },
          {
            "physicsTick": 12362,
            "activeTimeMs": 206043.20000001582,
            "position": [
              70.49249948474204,
              32.6,
              0.30418236758481104
            ]
          },
          {
            "physicsTick": 12363,
            "activeTimeMs": 206060.30000000985,
            "position": [
              70.49249948474204,
              32.6,
              0.3272830760141192
            ]
          },
          {
            "physicsTick": 12365,
            "activeTimeMs": 206085.70000001582,
            "position": [
              70.49249948474204,
              32.6,
              0.37348449287273555
            ]
          },
          {
            "physicsTick": 12366,
            "activeTimeMs": 206106.9000000188,
            "position": [
              70.49249948474204,
              32.6,
              0.3965852013020437
            ]
          },
          {
            "physicsTick": 12367,
            "activeTimeMs": 206124.4000000188,
            "position": [
              70.49249948474204,
              32.6,
              0.4196859097313519
            ]
          },
          {
            "physicsTick": 12368,
            "activeTimeMs": 206149.30000000985,
            "position": [
              70.49249948474204,
              32.6,
              0.44278661816066006
            ]
          },
          {
            "physicsTick": 12370,
            "activeTimeMs": 206173.30000000985,
            "position": [
              70.49249948474204,
              32.6,
              0.4889880350192764
            ]
          },
          {
            "physicsTick": 12371,
            "activeTimeMs": 206196.70000001582,
            "position": [
              70.49249948474204,
              32.6,
              0.5120887434485846
            ]
          },
          {
            "physicsTick": 12373,
            "activeTimeMs": 206220.30000000985,
            "position": [
              70.49249948474204,
              32.6,
              0.5582901603072008
            ]
          },
          {
            "physicsTick": 12374,
            "activeTimeMs": 206245.30000000985,
            "position": [
              70.49249948474204,
              32.6,
              0.5813908687365089
            ]
          },
          {
            "physicsTick": 12376,
            "activeTimeMs": 206268.00000001283,
            "position": [
              70.49249948474204,
              32.6,
              0.6275922855951251
            ]
          },
          {
            "physicsTick": 12377,
            "activeTimeMs": 206285.4000000188,
            "position": [
              70.49249948474204,
              32.6,
              0.6506929940244333
            ]
          },
          {
            "physicsTick": 12378,
            "activeTimeMs": 206306.9000000188,
            "position": [
              70.49249948474204,
              32.6,
              0.6737937024537414
            ]
          },
          {
            "physicsTick": 12379,
            "activeTimeMs": 206325.30000000985,
            "position": [
              70.49249948474204,
              32.6,
              0.6968944108830495
            ]
          },
          {
            "physicsTick": 12380,
            "activeTimeMs": 206348.80000000985,
            "position": [
              70.49249948474204,
              32.6,
              0.7199951193123576
            ]
          },
          {
            "physicsTick": 12382,
            "activeTimeMs": 206374.60000002178,
            "position": [
              70.49249948474204,
              32.6,
              0.7661965361709738
            ]
          },
          {
            "physicsTick": 12383,
            "activeTimeMs": 206397.80000000985,
            "position": [
              70.49249948474204,
              32.6,
              0.7892972446002819
            ]
          },
          {
            "physicsTick": 12385,
            "activeTimeMs": 206419.4000000188,
            "position": [
              70.49249948474204,
              32.6,
              0.8354986614588982
            ]
          },
          {
            "physicsTick": 12386,
            "activeTimeMs": 206436.30000000985,
            "position": [
              70.49249948474204,
              32.6,
              0.8585993698882063
            ]
          },
          {
            "physicsTick": 12387,
            "activeTimeMs": 206454.10000002178,
            "position": [
              70.49249948474204,
              32.6,
              0.8817000783175144
            ]
          },
          {
            "physicsTick": 12388,
            "activeTimeMs": 206478.00000001283,
            "position": [
              70.49249948474204,
              32.6,
              0.9048007867468225
            ]
          },
          {
            "physicsTick": 12390,
            "activeTimeMs": 206500.9000000188,
            "position": [
              70.49249948474204,
              32.6,
              0.9510022036054387
            ]
          },
          {
            "physicsTick": 12391,
            "activeTimeMs": 206519.10000002178,
            "position": [
              70.49249948474204,
              32.6,
              0.9741029120347469
            ]
          },
          {
            "physicsTick": 12392,
            "activeTimeMs": 206539.4000000188,
            "position": [
              70.49249948474204,
              32.6,
              0.997203620464055
            ]
          },
          {
            "physicsTick": 12393,
            "activeTimeMs": 206566.4000000188,
            "position": [
              70.49249948474204,
              32.6,
              1.020304328893363
            ]
          },
          {
            "physicsTick": 12395,
            "activeTimeMs": 206587.50000001283,
            "position": [
              70.49249948474204,
              32.6,
              1.0665057457519795
            ]
          },
          {
            "physicsTick": 12396,
            "activeTimeMs": 206612.60000002178,
            "position": [
              70.49249948474204,
              32.6,
              1.0896064541812878
            ]
          },
          {
            "physicsTick": 12398,
            "activeTimeMs": 206635.9000000188,
            "position": [
              70.49249948474204,
              32.6,
              1.1358078710399042
            ]
          },
          {
            "physicsTick": 12399,
            "activeTimeMs": 206653.70000001582,
            "position": [
              70.49249948474204,
              32.6,
              1.1589085794692124
            ]
          },
          {
            "physicsTick": 12400,
            "activeTimeMs": 206676.20000001582,
            "position": [
              70.49249948474204,
              32.6,
              1.1820092878985207
            ]
          },
          {
            "physicsTick": 12402,
            "activeTimeMs": 206700.60000002178,
            "position": [
              70.49249948474204,
              32.6,
              1.2282107047571371
            ]
          },
          {
            "physicsTick": 12403,
            "activeTimeMs": 206718.20000001582,
            "position": [
              70.49249948474204,
              32.6,
              1.2513114131864453
            ]
          },
          {
            "physicsTick": 12404,
            "activeTimeMs": 206739.30000000985,
            "position": [
              70.49249948474204,
              32.6,
              1.2744121216157536
            ]
          },
          {
            "physicsTick": 12405,
            "activeTimeMs": 206757.60000002178,
            "position": [
              70.49249948474204,
              32.6,
              1.2975128300450618
            ]
          },
          {
            "physicsTick": 12406,
            "activeTimeMs": 206782.00000001283,
            "position": [
              70.49249948474204,
              32.6,
              1.32061353847437
            ]
          },
          {
            "physicsTick": 12407,
            "activeTimeMs": 206798.70000001582,
            "position": [
              70.50638837363093,
              32.6,
              1.3437151039388038
            ]
          },
          {
            "physicsTick": 12409,
            "activeTimeMs": 206818.4000000188,
            "position": [
              70.57583281807537,
              32.6,
              1.3899182348676713
            ]
          },
          {
            "physicsTick": 12410,
            "activeTimeMs": 206835.9000000188,
            "position": [
              70.63138837363093,
              32.6,
              1.413019800332105
            ]
          },
          {
            "physicsTick": 12411,
            "activeTimeMs": 206858.9000000188,
            "position": [
              70.70083281807537,
              32.6,
              1.4361213657965388
            ]
          },
          {
            "physicsTick": 12412,
            "activeTimeMs": 206877.50000001283,
            "position": [
              70.77218628801967,
              32.6,
              1.4592229312609726
            ]
          },
          {
            "physicsTick": 12414,
            "activeTimeMs": 206901.4000000188,
            "position": [
              70.91489322790827,
              32.6,
              1.50542606218984
            ]
          },
          {
            "physicsTick": 12415,
            "activeTimeMs": 206918.80000000985,
            "position": [
              70.98624669785256,
              32.6,
              1.5285276276542739
            ]
          },
          {
            "physicsTick": 12416,
            "activeTimeMs": 206939.20000001582,
            "position": [
              71.05760016779686,
              32.6,
              1.5516291931187076
            ]
          },
          {
            "physicsTick": 12417,
            "activeTimeMs": 206964.9000000188,
            "position": [
              71.12895363774116,
              32.6,
              1.5747307585831414
            ]
          },
          {
            "physicsTick": 12419,
            "activeTimeMs": 206987.4000000188,
            "position": [
              71.27166057762976,
              32.6,
              1.620933889512009
            ]
          },
          {
            "physicsTick": 12419,
            "activeTimeMs": 206995.30000000985,
            "position": [
              71.27166057762976,
              32.6,
              1.620933889512009
            ]
          }
        ],
        "generatorVersion": 11,
        "renderPipeline": {
          "drawUnit": "chunk-render-category",
          "batchMode": "category",
          "vertexLayout": "float16-uv-uint16-index",
          "shaderMode": "voxel-array-chunks",
          "backend": "webgl2"
        },
        "experiments": {
          "requested": {
            "renderer": "webgl2",
            "wasm": true,
            "simd": true
          },
          "kernels": [
            "w02",
            "w03",
            "w04",
            "w05",
            "w06"
          ],
          "renderer": {
            "requestedRenderer": "webgl2",
            "effectiveRenderer": "webgl2",
            "rendererStatus": "matched"
          },
          "workers": [
            {
              "epoch": "seedlands:classic-canonical-runtime-v11:1",
              "lane": "fluid",
              "index": 0,
              "status": "off",
              "requestedArtifact": "simd",
              "effectiveArtifact": "off",
              "selected": [],
              "reason": "no-selected-kernel"
            },
            {
              "epoch": "seedlands:classic-canonical-runtime-v11:1",
              "lane": "general",
              "index": 1,
              "status": "matched",
              "requestedArtifact": "simd",
              "effectiveArtifact": "simd",
              "selected": [
                "w02",
                "w03",
                "w04",
                "w05",
                "w06"
              ],
              "artifactSha256": "c1a763778c4eb4873772cf480c758f8b18cbc77beee80c933dda6b2fd19e4b2c"
            }
          ]
        },
        "serverRevision": 1,
        "voxelAtOrigin": 42,
        "serverPlayerPosition": [
          71.27166057762976,
          32.6,
          1.620933889512009
        ],
        "serverPlayerVelocity": [
          0,
          0,
          0
        ],
        "prediction": {
          "pendingFrames": 0,
          "lastResetReason": "authority-resync",
          "resetCounts": {
            "input-interrupted": 17,
            "collision-history-missing": 123,
            "authority-resync": 480,
            "movement-mode-changed": 4
          },
          "presentationOffset": {
            "x": 0,
            "y": 0,
            "z": 0
          }
        },
        "serverWorldTime": 20.169999999995426,
        "performance": {
          "scenarioId": "default",
          "frame": {
            "count": 1200,
            "p50Ms": 18.400000005960464,
            "p95Ms": 28.400000005960464,
            "p99Ms": 32.6000000089407,
            "maxMs": 145.90000000596046,
            "longFrameCount": 10,
            "lastLongFrameMs": 33.70000000298023
          },
          "chunkVisible": {
            "count": 113,
            "p50Ms": 1250,
            "p95Ms": 15637.5,
            "p99Ms": 16669.5,
            "maxMs": 16903.10000000894
          },
          "completedChunkTraces": 113,
          "traceEventCount": 1549,
          "maxMeshCommitsInFrame": 1,
          "maxMeshPartsInFrame": 2,
          "visibleAfterPostrender": true,
          "incidents": 32,
          "droppedEvents": 0,
          "uploadQueueDepth": 0,
          "estimatedMeshBytes": 7817740
        },
        "compute": {
          "workerCount": 2,
          "fluidWorkerCount": 1,
          "generalWorkerCount": 1,
          "running": 0,
          "queued": 0,
          "queuedBytes": 0,
          "cancellationRequests": 0,
          "staleResults": 0,
          "failedTasks": 0,
          "completedTasks": 263,
          "submittedTasks": 263,
          "submittedBytes": 103317504,
          "maxQueued": 1,
          "maxQueuedBytes": 0,
          "workerTaskDuration": {
            "fluid": {
              "count": 128,
              "capacity": 256,
              "samplesMs": [
                0.6000000089406967,
                0.5,
                0.29999999701976776,
                0.5999999940395355,
                0.29999999701976776,
                0.29999999701976776,
                0.10000000894069672,
                0.19999998807907104,
                0.20000000298023224,
                0.20000000298023224,
                0.10000000894069672,
                0.10000000894069672,
                0.10000000894069672,
                0,
                0.4000000059604645,
                0.4000000059604645,
                0.3999999910593033,
                0.3999999910593033,
                0.30000001192092896,
                0.5999999940395355,
                0.29999999701976776,
                0.7999999970197678,
                0.3999999910593033,
                0.29999999701976776,
                0.29999999701976776,
                0.20000000298023224,
                0.5,
                0.19999998807907104,
                0,
                0.10000000894069672,
                0,
                0,
                0,
                0,
                0.09999999403953552,
                0.29999999701976776,
                0.19999998807907104,
                0.4000000059604645,
                0.20000000298023224,
                0.10000000894069672,
                0.20000000298023224,
                0.10000000894069672,
                0.09999999403953552,
                0.20000000298023224,
                0.09999999403953552,
                0.09999999403953552,
                0.09999999403953552,
                0.20000000298023224,
                0,
                0.20000000298023224,
                0,
                0.10000000894069672,
                0.10000000894069672,
                0.09999999403953552,
                0.09999999403953552,
                0.09999999403953552,
                0.20000000298023224,
                0.20000000298023224,
                0.10000000894069672,
                0,
                0.09999999403953552,
                0.20000000298023224,
                0.10000000894069672,
                0.09999999403953552,
                0.09999999403953552,
                0,
                0.09999999403953552,
                0.20000000298023224,
                0.10000000894069672,
                0.10000000894069672,
                0.09999999403953552,
                0.09999999403953552,
                0.10000000894069672,
                0.09999999403953552,
                0.19999998807907104,
                0.09999999403953552,
                0.20000000298023224,
                0.09999999403953552,
                0.09999999403953552,
                0.09999999403953552,
                0.09999999403953552,
                0.20000000298023224,
                0.09999999403953552,
                0.09999999403953552,
                0.19999998807907104,
                0.09999999403953552,
                0.09999999403953552,
                0.09999999403953552,
                0.20000000298023224,
                0.09999999403953552,
                0.20000000298023224,
                0.09999999403953552,
                0.20000000298023224,
                0.20000000298023224,
                0.20000000298023224,
                0.20000000298023224,
                0.30000001192092896,
                0.19999998807907104,
                0.20000000298023224,
                0.29999999701976776,
                0.3999999910593033,
                0.29999999701976776,
                0.29999999701976776,
                0.20000000298023224,
                0.29999999701976776,
                0.20000000298023224,
                0.20000000298023224,
                0.29999999701976776,
                0.20000000298023224,
                0.20000000298023224,
                0.19999998807907104,
                0.20000000298023224,
                0.20000000298023224,
                0.20000000298023224,
                0.29999999701976776,
                0.20000000298023224,
                0.4000000059604645,
                0.20000000298023224,
                0.29999999701976776,
                0.30000001192092896,
                0.30000001192092896,
                0.19999998807907104,
                0.19999998807907104,
                0.10000000894069672,
                0.10000000894069672,
                0,
                0,
                0
              ]
            },
            "general": {
              "count": 135,
              "capacity": 256,
              "samplesMs": [
                1528.7000000029802,
                322.6000000089407,
                229.5,
                41.5,
                41.80000001192093,
                44,
                42.900000005960464,
                44.20000000298023,
                46.599999994039536,
                49.19999998807907,
                41.79999999701977,
                43.599999994039536,
                43,
                44,
                42.70000000298023,
                47.400000005960464,
                51.3999999910593,
                85.5,
                85.20000000298023,
                93.5,
                95,
                98,
                95.30000001192093,
                97.09999999403954,
                87.79999999701977,
                88.79999999701977,
                94.20000000298023,
                97.09999999403954,
                97.90000000596046,
                99.40000000596046,
                99.70000000298023,
                333.20000000298023,
                281.3999999910593,
                272.5,
                44.29999999701977,
                269.79999999701977,
                277.40000000596046,
                336.69999998807907,
                223,
                231.19999998807907,
                228.5,
                232.70000000298023,
                267.5,
                282.29999999701977,
                312.79999999701977,
                320.19999998807907,
                231.8999999910593,
                220.6000000089407,
                228,
                224.09999999403954,
                283.59999999403954,
                230.59999999403954,
                267.59999999403954,
                338.1000000089407,
                221.70000000298023,
                230,
                278.59999999403954,
                270.29999999701977,
                228.29999999701977,
                220.20000000298023,
                278.20000000298023,
                267.70000000298023,
                221.70000000298023,
                216.70000000298023,
                289.20000000298023,
                266.29999999701977,
                219.6000000089407,
                215.59999999403954,
                273.79999999701977,
                267.40000000596046,
                229.90000000596046,
                216.29999999701977,
                272,
                267.20000000298023,
                219.70000000298023,
                216.70000000298023,
                272.09999999403954,
                267.29999999701977,
                249,
                217.40000000596046,
                267.70000000298023,
                230.20000000298023,
                270.40000000596046,
                329.30000001192093,
                228.29999999701977,
                235.90000000596046,
                268.5,
                264.70000000298023,
                220.3999999910593,
                222.59999999403954,
                265.90000000596046,
                287.29999999701977,
                221.09999999403954,
                221.30000001192093,
                269,
                225.70000000298023,
                262.20000000298023,
                234.3999999910593,
                269,
                275.90000000596046,
                223.5,
                272.20000000298023,
                225.20000000298023,
                264.79999999701977,
                270.09999999403954,
                274.59999999403954,
                225.79999999701977,
                229.09999999403954,
                266.5,
                223,
                272.90000000596046,
                238.3999999910593,
                268.1000000089407,
                274.70000000298023,
                264.59999999403954,
                269.79999999701977,
                266.80000001192093,
                272,
                263,
                267.90000000596046,
                268.80000001192093,
                273.40000000596046,
                263.29999999701977,
                270.19999998807907,
                292.5,
                317.19999998807907,
                225.59999999403954,
                319,
                325.29999999701977,
                232.20000000298023,
                241.20000000298023,
                263.20000000298023,
                127.40000000596046,
                264.79999999701977,
                214.40000000596046
              ]
            }
          },
          "workerKernelStates": [
            {
              "epoch": "seedlands:classic-canonical-runtime-v11:1",
              "lane": "fluid",
              "index": 0,
              "status": "off",
              "requestedArtifact": "simd",
              "effectiveArtifact": "off",
              "selected": [],
              "reason": "no-selected-kernel"
            },
            {
              "epoch": "seedlands:classic-canonical-runtime-v11:1",
              "lane": "general",
              "index": 1,
              "status": "matched",
              "requestedArtifact": "simd",
              "effectiveArtifact": "simd",
              "selected": [
                "w02",
                "w03",
                "w04",
                "w05",
                "w06"
              ],
              "artifactSha256": "c1a763778c4eb4873772cf480c758f8b18cbc77beee80c933dda6b2fd19e4b2c"
            }
          ],
          "workerActivity": [
            {
              "lane": "fluid",
              "index": 0,
              "status": "idle",
              "taskId": null,
              "taskCategory": null,
              "taskAgeMs": null,
              "sampledAtMs": 91627.29999999702,
              "completedTasks": 128,
              "lastTaskDurationMs": 0,
              "kernel": null
            },
            {
              "lane": "general",
              "index": 1,
              "status": "idle",
              "taskId": null,
              "taskCategory": null,
              "taskAgeMs": null,
              "sampledAtMs": 97806.5,
              "completedTasks": 135,
              "lastTaskDurationMs": 214.40000000596046,
              "kernel": {
                "calls": 2220,
                "failures": 0,
                "memoryBytes": 18874368,
                "durationMs": 10.2000000923872,
                "failed": false
              }
            }
          ]
        },
        "fluidFeedback": {
          "count": 0,
          "pending": false,
          "pendingSample": null,
          "p50Ms": 0,
          "p95Ms": 0,
          "p99Ms": 0,
          "maxMs": 0,
          "samples": []
        },
        "waterTransitions": {
          "activeCount": 0,
          "active": [],
          "recent": [
            {
              "chunkKey": "2,0,0",
              "targetRevision": 5,
              "traceId": "trace-67",
              "geometry": {
                "mode": "surface-morph",
                "patchCount": 46,
                "retainedPatchCount": 0,
                "addedPatchCount": 46,
                "removedPatchCount": 0,
                "visibleWaterMeshCount": 1,
                "opacityCrossfade": false
              },
              "progress": 1,
              "frameCount": 9,
              "completed": true,
              "superseded": false,
              "progressSamples": [
                0,
                0.15777777772810725,
                0.30277777777777776,
                0.45055555552244186,
                0.5922222221891086,
                0.725,
                0.8744444443947739,
                1,
                1
              ]
            },
            {
              "chunkKey": "2,1,0",
              "targetRevision": 0,
              "traceId": "trace-75",
              "geometry": {
                "mode": "surface-morph",
                "patchCount": 54,
                "retainedPatchCount": 0,
                "addedPatchCount": 54,
                "removedPatchCount": 0,
                "visibleWaterMeshCount": 1,
                "opacityCrossfade": false
              },
              "progress": 1,
              "frameCount": 9,
              "completed": true,
              "superseded": false,
              "progressSamples": [
                0,
                0.14777777774466408,
                0.3055555555555556,
                0.44722222222222224,
                0.5872222221559948,
                0.7388888888888889,
                0.8783333333002197,
                1,
                1
              ]
            },
            {
              "chunkKey": "2,0,-1",
              "targetRevision": 11,
              "traceId": "trace-68",
              "geometry": {
                "mode": "surface-morph",
                "patchCount": 132,
                "retainedPatchCount": 0,
                "addedPatchCount": 132,
                "removedPatchCount": 0,
                "visibleWaterMeshCount": 1,
                "opacityCrossfade": false
              },
              "progress": 1,
              "frameCount": 9,
              "completed": true,
              "superseded": false,
              "progressSamples": [
                0,
                0.13777777776122094,
                0.28888888888888886,
                0.43333333333333335,
                0.5816666666832235,
                0.7177777777943346,
                0.8627777777612209,
                1,
                1
              ]
            },
            {
              "chunkKey": "2,1,-1",
              "targetRevision": 0,
              "traceId": "trace-69",
              "geometry": {
                "mode": "surface-morph",
                "patchCount": 24,
                "retainedPatchCount": 0,
                "addedPatchCount": 24,
                "removedPatchCount": 0,
                "visibleWaterMeshCount": 1,
                "opacityCrossfade": false
              },
              "progress": 1,
              "frameCount": 9,
              "completed": true,
              "superseded": false,
              "progressSamples": [
                0,
                0.15333333330021964,
                0.30833333333333335,
                0.4561111110779974,
                0.5972222222222222,
                0.7427777777115504,
                0.8949999999668863,
                1,
                1
              ]
            },
            {
              "chunkKey": "2,0,0",
              "targetRevision": 26,
              "traceId": "trace-77",
              "geometry": {
                "mode": "surface-morph",
                "patchCount": 819,
                "retainedPatchCount": 45,
                "addedPatchCount": 773,
                "removedPatchCount": 1,
                "visibleWaterMeshCount": 1,
                "opacityCrossfade": false
              },
              "progress": 1,
              "frameCount": 9,
              "completed": true,
              "superseded": false,
              "progressSamples": [
                0,
                0.14611111109455427,
                0.28499999998344316,
                0.4344444444610013,
                0.575,
                0.7311111110779974,
                0.8683333333167765,
                1,
                1
              ]
            },
            {
              "chunkKey": "1,0,0",
              "targetRevision": 36,
              "traceId": "trace-79",
              "geometry": {
                "mode": "surface-morph",
                "patchCount": 235,
                "retainedPatchCount": 0,
                "addedPatchCount": 235,
                "removedPatchCount": 0,
                "visibleWaterMeshCount": 1,
                "opacityCrossfade": false
              },
              "progress": 1,
              "frameCount": 10,
              "completed": true,
              "superseded": false,
              "progressSamples": [
                0,
                0.1433333333167765,
                0.27833333330021964,
                0.43777777776122095,
                0.5666666666666667,
                0.7050000000331137,
                0.8400000000165568,
                0.9699999999668864,
                1,
                1
              ]
            },
            {
              "chunkKey": "1,1,0",
              "targetRevision": 0,
              "traceId": "trace-72",
              "geometry": {
                "mode": "surface-morph",
                "patchCount": 9,
                "retainedPatchCount": 0,
                "addedPatchCount": 9,
                "removedPatchCount": 0,
                "visibleWaterMeshCount": 1,
                "opacityCrossfade": false
              },
              "progress": 1,
              "frameCount": 9,
              "completed": true,
              "superseded": false,
              "progressSamples": [
                0,
                0.15333333330021964,
                0.29000000001655685,
                0.43333333333333335,
                0.5822222222056653,
                0.7227777777446641,
                0.8783333333002197,
                1,
                1
              ]
            },
            {
              "chunkKey": "1,0,-1",
              "targetRevision": 8,
              "traceId": "trace-73",
              "geometry": {
                "mode": "surface-morph",
                "patchCount": 78,
                "retainedPatchCount": 0,
                "addedPatchCount": 78,
                "removedPatchCount": 0,
                "visibleWaterMeshCount": 1,
                "opacityCrossfade": false
              },
              "progress": 1,
              "frameCount": 9,
              "completed": true,
              "superseded": false,
              "progressSamples": [
                0,
                0.1638888888888889,
                0.30055555552244184,
                0.45333333330021963,
                0.5983333333498901,
                0.7449999999668863,
                0.8861111111111111,
                1,
                1
              ]
            },
            {
              "chunkKey": "2,0,-1",
              "targetRevision": 32,
              "traceId": "trace-76",
              "geometry": {
                "mode": "surface-morph",
                "patchCount": 577,
                "retainedPatchCount": 129,
                "addedPatchCount": 445,
                "removedPatchCount": 3,
                "visibleWaterMeshCount": 1,
                "opacityCrossfade": false
              },
              "progress": 1,
              "frameCount": 9,
              "completed": true,
              "superseded": false,
              "progressSamples": [
                0,
                0.15166666665010983,
                0.2905555555389987,
                0.43722222223877905,
                0.5788888889054458,
                0.727222222255336,
                0.8661111111442248,
                1,
                1
              ]
            },
            {
              "chunkKey": "2,0,0",
              "targetRevision": 37,
              "traceId": "trace-78",
              "geometry": {
                "mode": "surface-morph",
                "patchCount": 905,
                "retainedPatchCount": 661,
                "addedPatchCount": 87,
                "removedPatchCount": 157,
                "visibleWaterMeshCount": 1,
                "opacityCrossfade": false
              },
              "progress": 1,
              "frameCount": 9,
              "completed": true,
              "superseded": false,
              "progressSamples": [
                0,
                0.14722222222222223,
                0.2816666666832235,
                0.42999999995032945,
                0.5661111110614405,
                0.7049999999503295,
                0.8599999999834431,
                1,
                1
              ]
            },
            {
              "chunkKey": "1,0,0",
              "targetRevision": 42,
              "traceId": "trace-80",
              "geometry": {
                "mode": "surface-morph",
                "patchCount": 237,
                "retainedPatchCount": 199,
                "addedPatchCount": 2,
                "removedPatchCount": 36,
                "visibleWaterMeshCount": 1,
                "opacityCrossfade": false
              },
              "progress": 1,
              "frameCount": 9,
              "completed": true,
              "superseded": false,
              "progressSamples": [
                0,
                0.17388888887233203,
                0.31999999996688633,
                0.47166666669978036,
                0.6377777777612209,
                0.7922222221891085,
                0.9338888888557751,
                1,
                1
              ]
            },
            {
              "chunkKey": "2,1,0",
              "targetRevision": 0,
              "traceId": "trace-81",
              "geometry": {
                "mode": "surface-morph",
                "patchCount": 54,
                "retainedPatchCount": 0,
                "addedPatchCount": 0,
                "removedPatchCount": 54,
                "visibleWaterMeshCount": 1,
                "opacityCrossfade": false
              },
              "progress": 1,
              "frameCount": 10,
              "completed": true,
              "superseded": false,
              "progressSamples": [
                0,
                0.13944444441133075,
                0.27111111109455427,
                0.41222222215599486,
                0.5566666666004393,
                0.7011111110448838,
                0.8472222222222222,
                0.9894444444113307,
                1,
                1
              ]
            },
            {
              "chunkKey": "2,1,-1",
              "targetRevision": 0,
              "traceId": "trace-82",
              "geometry": {
                "mode": "surface-morph",
                "patchCount": 24,
                "retainedPatchCount": 0,
                "addedPatchCount": 0,
                "removedPatchCount": 24,
                "visibleWaterMeshCount": 1,
                "opacityCrossfade": false
              },
              "progress": 1,
              "frameCount": 9,
              "completed": true,
              "superseded": false,
              "progressSamples": [
                0,
                0.14444444444444443,
                0.29222222218910854,
                0.44388888883921834,
                0.5783333333002196,
                0.7361111111111112,
                0.8877777777612209,
                1,
                1
              ]
            },
            {
              "chunkKey": "2,0,-1",
              "targetRevision": 56,
              "traceId": "trace-83",
              "geometry": {
                "mode": "surface-morph",
                "patchCount": 578,
                "retainedPatchCount": 459,
                "addedPatchCount": 4,
                "removedPatchCount": 115,
                "visibleWaterMeshCount": 1,
                "opacityCrossfade": false
              },
              "progress": 1,
              "frameCount": 10,
              "completed": true,
              "superseded": false,
              "progressSamples": [
                0,
                0.1461111111773385,
                0.28055555555555556,
                0.4305555555555556,
                0.563333333366447,
                0.6988888889551162,
                0.8416666666666667,
                0.977222222255336,
                1,
                1
              ]
            },
            {
              "chunkKey": "1,1,0",
              "targetRevision": 0,
              "traceId": "trace-84",
              "geometry": {
                "mode": "surface-morph",
                "patchCount": 9,
                "retainedPatchCount": 0,
                "addedPatchCount": 0,
                "removedPatchCount": 9,
                "visibleWaterMeshCount": 1,
                "opacityCrossfade": false
              },
              "progress": 1,
              "frameCount": 9,
              "completed": true,
              "superseded": false,
              "progressSamples": [
                0,
                0.15111111112766795,
                0.29444444444444445,
                0.43333333333333335,
                0.585555555505885,
                0.7266666666501098,
                0.8666666666666667,
                1,
                1
              ]
            },
            {
              "chunkKey": "1,0,-1",
              "targetRevision": 8,
              "traceId": "trace-85",
              "geometry": {
                "mode": "surface-morph",
                "patchCount": 78,
                "retainedPatchCount": 76,
                "addedPatchCount": 0,
                "removedPatchCount": 2,
                "visibleWaterMeshCount": 1,
                "opacityCrossfade": false
              },
              "progress": 1,
              "frameCount": 9,
              "completed": true,
              "superseded": false,
              "progressSamples": [
                0,
                0.13833333336644701,
                0.3044444445106718,
                0.44388888892200257,
                0.5988888889551163,
                0.7355555555886693,
                0.8866666667163372,
                1,
                1
              ]
            },
            {
              "chunkKey": "2,0,0",
              "targetRevision": 76,
              "traceId": "trace-87",
              "geometry": {
                "mode": "surface-morph",
                "patchCount": 767,
                "retainedPatchCount": 563,
                "addedPatchCount": 19,
                "removedPatchCount": 185,
                "visibleWaterMeshCount": 1,
                "opacityCrossfade": false
              },
              "progress": 1,
              "frameCount": 9,
              "completed": true,
              "superseded": false,
              "progressSamples": [
                0,
                0.14388888883921835,
                0.30111111104488375,
                0.44388888883921834,
                0.5861111111111111,
                0.7261111110448837,
                0.8694444444444445,
                1,
                1
              ]
            },
            {
              "chunkKey": "1,0,0",
              "targetRevision": 77,
              "traceId": "trace-88",
              "geometry": {
                "mode": "surface-morph",
                "patchCount": 203,
                "retainedPatchCount": 176,
                "addedPatchCount": 2,
                "removedPatchCount": 25,
                "visibleWaterMeshCount": 1,
                "opacityCrossfade": false
              },
              "progress": 1,
              "frameCount": 9,
              "completed": true,
              "superseded": false,
              "progressSamples": [
                0,
                0.1455555555721124,
                0.3088888889385594,
                0.4561111111607816,
                0.6050000000331137,
                0.7494444444775581,
                0.889444444494115,
                1,
                1
              ]
            },
            {
              "chunkKey": "2,0,-1",
              "targetRevision": 86,
              "traceId": "trace-93",
              "geometry": {
                "mode": "surface-morph",
                "patchCount": 472,
                "retainedPatchCount": 380,
                "addedPatchCount": 9,
                "removedPatchCount": 83,
                "visibleWaterMeshCount": 1,
                "opacityCrossfade": false
              },
              "progress": 1,
              "frameCount": 10,
              "completed": true,
              "superseded": false,
              "progressSamples": [
                0,
                0.14388888892200258,
                0.2838888888557752,
                0.4316666666832235,
                0.5744444444775582,
                0.7166666666666667,
                0.8583333333333333,
                0.9905555555389987,
                1,
                1
              ]
            },
            {
              "chunkKey": "1,0,-1",
              "targetRevision": 13,
              "traceId": "trace-90",
              "geometry": {
                "mode": "surface-morph",
                "patchCount": 76,
                "retainedPatchCount": 57,
                "addedPatchCount": 0,
                "removedPatchCount": 19,
                "visibleWaterMeshCount": 1,
                "opacityCrossfade": false
              },
              "progress": 1,
              "frameCount": 10,
              "completed": true,
              "superseded": false,
              "progressSamples": [
                0,
                0.14222222218910854,
                0.2766666666501098,
                0.4222222222222222,
                0.5594444444610013,
                0.6955555555721123,
                0.8483333333498901,
                0.9977777777446641,
                1,
                1
              ]
            },
            {
              "chunkKey": "2,0,0",
              "targetRevision": 95,
              "traceId": "trace-91",
              "geometry": {
                "mode": "surface-morph",
                "patchCount": 603,
                "retainedPatchCount": 434,
                "addedPatchCount": 21,
                "removedPatchCount": 148,
                "visibleWaterMeshCount": 1,
                "opacityCrossfade": false
              },
              "progress": 1,
              "frameCount": 9,
              "completed": true,
              "superseded": false,
              "progressSamples": [
                0,
                0.14888888887233204,
                0.2905555555389987,
                0.4411111110614406,
                0.5949999999668864,
                0.7505555555224419,
                0.8966666666169961,
                1,
                1
              ]
            },
            {
              "chunkKey": "1,0,0",
              "targetRevision": 97,
              "traceId": "trace-92",
              "geometry": {
                "mode": "surface-morph",
                "patchCount": 184,
                "retainedPatchCount": 164,
                "addedPatchCount": 6,
                "removedPatchCount": 14,
                "visibleWaterMeshCount": 1,
                "opacityCrossfade": false
              },
              "progress": 1,
              "frameCount": 9,
              "completed": true,
              "superseded": false,
              "progressSamples": [
                0,
                0.1366666667163372,
                0.2833333333333333,
                0.4316666666832235,
                0.5800000000331137,
                0.7233333333498901,
                0.863333333366447,
                1,
                1
              ]
            },
            {
              "chunkKey": "2,0,-1",
              "targetRevision": 106,
              "traceId": "trace-98",
              "geometry": {
                "mode": "surface-morph",
                "patchCount": 396,
                "retainedPatchCount": 238,
                "addedPatchCount": 7,
                "removedPatchCount": 151,
                "visibleWaterMeshCount": 1,
                "opacityCrossfade": false
              },
              "progress": 1,
              "frameCount": 9,
              "completed": true,
              "superseded": false,
              "progressSamples": [
                0,
                0.15944444446100128,
                0.30722222220566536,
                0.4527777777777778,
                0.5922222222718928,
                0.7283333333830039,
                0.8705555555721124,
                1,
                1
              ]
            },
            {
              "chunkKey": "1,0,-1",
              "targetRevision": 20,
              "traceId": "trace-96",
              "geometry": {
                "mode": "surface-morph",
                "patchCount": 60,
                "retainedPatchCount": 22,
                "addedPatchCount": 3,
                "removedPatchCount": 35,
                "visibleWaterMeshCount": 1,
                "opacityCrossfade": false
              },
              "progress": 1,
              "frameCount": 10,
              "completed": true,
              "superseded": false,
              "progressSamples": [
                0,
                0.13499999998344314,
                0.26777777779433465,
                0.40999999998344316,
                0.5477777777446641,
                0.6777777777777778,
                0.8372222222387791,
                0.9872222222387791,
                1,
                1
              ]
            },
            {
              "chunkKey": "2,0,0",
              "targetRevision": 115,
              "traceId": "trace-101",
              "geometry": {
                "mode": "surface-morph",
                "patchCount": 499,
                "retainedPatchCount": 335,
                "addedPatchCount": 44,
                "removedPatchCount": 120,
                "visibleWaterMeshCount": 1,
                "opacityCrossfade": false
              },
              "progress": 1,
              "frameCount": 9,
              "completed": true,
              "superseded": false,
              "progressSamples": [
                0,
                0.1538888888226615,
                0.29666666661699614,
                0.4422222221891085,
                0.5805555555555556,
                0.7561111110779974,
                0.9,
                1,
                1
              ]
            },
            {
              "chunkKey": "1,0,0",
              "targetRevision": 111,
              "traceId": "trace-103",
              "geometry": {
                "mode": "surface-morph",
                "patchCount": 170,
                "retainedPatchCount": 0,
                "addedPatchCount": 0,
                "removedPatchCount": 170,
                "visibleWaterMeshCount": 1,
                "opacityCrossfade": false
              },
              "progress": 1,
              "frameCount": 9,
              "completed": true,
              "superseded": false,
              "progressSamples": [
                0,
                0.16722222218910854,
                0.3205555554893282,
                0.4522222221725517,
                0.5938888888392183,
                0.7344444443782171,
                0.8877777777612209,
                1,
                1
              ]
            },
            {
              "chunkKey": "2,0,-1",
              "targetRevision": 120,
              "traceId": "trace-99",
              "geometry": {
                "mode": "surface-morph",
                "patchCount": 245,
                "retainedPatchCount": 0,
                "addedPatchCount": 0,
                "removedPatchCount": 245,
                "visibleWaterMeshCount": 1,
                "opacityCrossfade": false
              },
              "progress": 1,
              "frameCount": 10,
              "completed": true,
              "superseded": false,
              "progressSamples": [
                0,
                0.12833333330021965,
                0.2811111110779974,
                0.41444444441133077,
                0.5661111110614405,
                0.6949999999668863,
                0.8466666666169961,
                0.9777777777777777,
                1,
                1
              ]
            },
            {
              "chunkKey": "1,0,-1",
              "targetRevision": 24,
              "traceId": "trace-100",
              "geometry": {
                "mode": "surface-morph",
                "patchCount": 25,
                "retainedPatchCount": 0,
                "addedPatchCount": 0,
                "removedPatchCount": 25,
                "visibleWaterMeshCount": 1,
                "opacityCrossfade": false
              },
              "progress": 1,
              "frameCount": 9,
              "completed": true,
              "superseded": false,
              "progressSamples": [
                0,
                0.14222222218910854,
                0.29555555548932816,
                0.4427777777115504,
                0.6016666666501098,
                0.7444444444444445,
                0.885555555505885,
                1,
                1
              ]
            },
            {
              "chunkKey": "2,0,0",
              "targetRevision": 123,
              "traceId": "trace-102",
              "geometry": {
                "mode": "surface-morph",
                "patchCount": 379,
                "retainedPatchCount": 0,
                "addedPatchCount": 0,
                "removedPatchCount": 379,
                "visibleWaterMeshCount": 1,
                "opacityCrossfade": false
              },
              "progress": 1,
              "frameCount": 9,
              "completed": true,
              "superseded": false,
              "progressSamples": [
                0,
                0.14611111109455427,
                0.28777777776122093,
                0.4538888888226615,
                0.5888888888888889,
                0.7227777777446641,
                0.861666666633553,
                1,
                1
              ]
            }
          ]
        },
        "ui": {
          "runtime": "svelte5",
          "shellPublishCount": 63,
          "hudPublishCount": 197,
          "interactionPublishCount": 334,
          "debugProjectionCount": 366,
          "debugPublishCount": 368,
          "staleUpdateCount": 0,
          "coalescedUpdateCount": 19211,
          "domCommitCount": 885,
          "projectionDurationMs": 825.1999997794628,
          "publishDurationMs": 18.000000074505806,
          "domCommitDurationMs": 1266.500000372529,
          "debugProjectionRate": 3.767296964428023,
          "totalPublishRate": 9.842580805414972
        },
        "gameplay": {
          "entityCount": 5,
          "worldItemCount": 0,
          "creatureCount": 4,
          "npcCount": 0,
          "nearbyVisitedBucketCount": 27,
          "nearbyCandidateCount": 2,
          "nearbyReturnedCount": 2,
          "inventoryOperationCount": 35,
          "gameplayEventCount": 3639,
          "snapshotBytes": 54140,
          "retainedActorCount": 4,
          "activeActorCount": 2,
          "behaviorEvaluationCount": 0,
          "navigationPlanCount": 0,
          "navigationExpandedNodeCount": 0,
          "pathRecomputeCount": 0,
          "actionCompletionCount": 12,
          "actionFailureCount": 0,
          "actionInterruptionCount": 0,
          "perceptionLineOfSightCheckCount": 0,
          "simulationTime": 206.9,
          "presentedEntityCount": 4
        },
        "breakingOverlay": null,
        "viewmodel": {
          "isolatedLayer": true
        },
        "visualEffects": {
          "activeLocalLights": 0,
          "shadowedLocalLights": 0,
          "localLightLimit": 0,
          "localShadowLimit": 0,
          "sunShadows": false,
          "sunShadowResolution": 0,
          "reflectionEnabled": false,
          "reflectionActive": false,
          "reflectionResolution": 0,
          "reflectionFrameInterval": 0,
          "reflectionRenderCount": 0,
          "waterPlaneY": null,
          "postProcessing": false,
          "shadowUpdateCount": 0,
          "shadowStableFrameCount": 5062,
          "blockLightReady": true,
          "blockLightSourceRevision": 142,
          "blockLightRebuildCount": 1305
        },
        "water": {
          "bodyFraction": 0,
          "wading": false,
          "swimming": false,
          "cameraSubmerged": false,
          "cameraDepth": null,
          "waterSurfaceY": null,
          "underwaterBlend": 0
        }
      },
      "logicEvidence": []
    },
    {
      "schemaVersion": 1,
      "status": "FAIL",
      "attempt": 0,
      "test": "非 Classic Playbook 从锁定 production artifact 启动并消费自定义 worldgen/voxel/presentation",
      "project": "chromium",
      "benchmark": false,
      "stages": {},
      "errors": [],
      "current": null,
      "logicEvidence": []
    }
  ]
}
